BUSINESS_NAME,dor_situs,dor_city,comp_city,nearest_seam_ft,risk_band,lon,lat
MCDONALDS,9501,LEBANON,Lebanon,5524.243269022584,NORMAL,-86.2959161750045,36.1877281222085
ECONO LODGE,9501,LEBANON,Lebanon,4939.484498752202,NORMAL,-86.2978412116986,36.1835816944016
TACO BELL,9501,LEBANON,Lebanon,5078.7141494748685,NORMAL,-86.29756435845,36.18402339900392
WAFFLE HOUSE,9501,LEBANON,Lebanon,5214.039645226194,NORMAL,-86.2975630805847,36.184403271245905
PIZZA HUT,9501,LEBANON,Lebanon,5234.912547894756,NORMAL,-86.2974649997091,36.18460381354902
HOLIDAY INN EXPRESS,9501,LEBANON,Lebanon,5009.746939666359,NORMAL,-86.3000506672277,36.183235367757426
DAYS INN,9501,LEBANON,Lebanon,5166.359816444948,NORMAL,-86.2991215108988,36.1839473119497
LOS COMPADRES,9501,LEBANON,Lebanon,5394.582162866615,NORMAL,-86.2986372776906,36.18470965399369
SHONEYS,9501,LEBANON,Lebanon,5509.827611079671,NORMAL,-86.2983546419075,36.1850931860238
EXXON TIGER MARKET,9501,LEBANON,Lebanon,5508.935906745312,NORMAL,-86.2979411208117,36.18543818077031
KENTUCKY FRIED CHICKEN,9501,LEBANON,Lebanon,5754.005067833243,NORMAL,-86.2971690978575,36.18750576510941
CHICK-FIL-A,9501,LEBANON,Lebanon,5800.956107606287,NORMAL,-86.2969550025458,36.1879186187523
SUBWAY,9501,LEBANON,Lebanon,5845.145006103046,NORMAL,-86.2966961680202,36.18834339626059
RAMADA INN,9501,LEBANON,Lebanon,5887.4912218420395,NORMAL,-86.2965670199798,36.18863016337691
HARDEES,9501,LEBANON,Lebanon,5706.621174589063,NORMAL,-86.2957245211252,36.18862459917431
ALL AMERICAN WINE & SPIRITS,9501,LEBANON,Lebanon,5425.841670737996,NORMAL,-86.2952652890481,36.18790082507181
MAPCO,9501,LEBANON,Lebanon,5386.049621925809,NORMAL,-86.2966258259307,36.18642235587819
WENDYS,9501,LEBANON,Lebanon,5377.710992601629,NORMAL,-86.2970235663344,36.18592943004771
EL MOLINO,9501,LEBANON,Lebanon,5336.221125455462,NORMAL,-86.2971457796209,36.185574311238
ARBYS,9501,LEBANON,Lebanon,5183.718793698689,NORMAL,-86.2969285686211,36.185068370529194
QUALITY INN,9501,LEBANON,Lebanon,5710.627823102031,NORMAL,-86.2949632680397,36.1893939627113
ALDI,9501,LEBANON,Lebanon,6282.090467819358,NORMAL,-86.2972548193798,36.1896170669434
ZAXBY'S,9501,LEBANON,Lebanon,6089.410933162713,NORMAL,-86.2960666592587,36.18994065797649
DUNKIN DONUTS,9501,LEBANON,Lebanon,6139.156875123387,NORMAL,-86.2958733395803,36.190352416614495
PANERA BREAD,9501,LEBANON,Lebanon,5813.133966934186,NORMAL,-86.294969605576,36.18983270085919
CRACKER BARREL,9501,LEBANON,Lebanon,5787.344758312438,NORMAL,-86.2944579588501,36.19020402990079
BEST WESTERN EXECUTIVE INN ,9501,LEBANON,Lebanon,6008.81385720994,NORMAL,-86.2946512836487,36.1909322708044
GONDOLA ,9501,LEBANON,Lebanon,6075.491337970896,NORMAL,-86.2942017770513,36.191562882797484
ASHLEY HOME STORE,9503,MT. JULIET,Mt. Juliet,1499.5980104629111,NORMAL,-86.5085994417746,36.17133042872549
TWO RIVERS FORD,9503,MT. JULIET,Mt. Juliet,641.9311791278026,WATCH,-86.5036634562868,36.171174668353004
NOBU HIBACHI,9503,MT. JULIET,Mt. Juliet,1563.2865182876808,NORMAL,-86.507404315735,36.16999636581932
TACO BELL,9503,MT. JULIET,Mt. Juliet,1781.2838910031464,NORMAL,-86.50852063064342,36.1701690792857
DISCOUNT TIRE,9503,MT. JULIET,Mt. Juliet,1625.7780860850871,NORMAL,-86.5079399892927,36.1702459233521
TARGET,9503,MT. JULIET,Mt. Juliet,2081.6403705106595,NORMAL,-86.508176056819,36.168624378224
DICK'S SPORTING GOODS,9503,MT. JULIET,Mt. Juliet,2260.6379261120937,NORMAL,-86.5078885955387,36.16782198864821
LOWE'S ,9501,LEBANON,Lebanon,6686.345228752259,NORMAL,-86.2973927227511,36.191221235666106
ASPEN DENTAL ,9501,LEBANON,Lebanon,6563.576893675157,NORMAL,-86.2944404450253,36.1932057435885
OFFICEMAX,9501,LEBANON,Lebanon,7197.009386149016,NORMAL,-86.2919758471927,36.1980089219142
PINNACLE,9501,LEBANON,Lebanon,7007.803344289725,NORMAL,-86.2917701881205,36.19888454030239
TENNESSEE QUICK CASH,9501,LEBANON,Lebanon,7183.619531518686,NORMAL,-86.2926900533444,36.1994164479463
RACE TRAC,9501,LEBANON,Lebanon,6898.839609006629,NORMAL,-86.2916782117842,36.199473740200105
WHITTS BARBECUE,9501,LEBANON,Lebanon,6828.23648565775,NORMAL,-86.2918065169538,36.20028273835141
DONUT PALACE,9501,LEBANON,Lebanon,6701.777091269084,NORMAL,-86.2913332998676,36.20024572808949
NEWMAN DENTAL ASSOCIATES,9501,LEBANON,Lebanon,6769.146678279774,NORMAL,-86.2918012877965,36.20076464721342
CHARLIE'S  TIRE STORE,9501,LEBANON,Lebanon,6885.499450351684,NORMAL,-86.2924103807669,36.20126678520899
BIG DADDY'S WORLD OF FLOOORING,9501,LEBANON,Lebanon,6744.199263570002,NORMAL,-86.2919042841727,36.20125084116821
VALVOLINE INSTANT OIL CHANGE,9501,LEBANON,Lebanon,6665.529368211255,NORMAL,-86.2917501847299,36.2015888624237
QUIK STOP DISCOUNT OUTLET,9501,LEBANON,Lebanon,6624.420759798268,NORMAL,-86.29212118402891,36.202627617204506
BLUEGRASS GLASS & MIRROR,9501,LEBANON,Lebanon,6409.3022683641775,NORMAL,-86.2919405227383,36.20406258346701
SHENANDOAH MILLS INC,9501,LEBANON,Lebanon,5988.051661550225,NORMAL,-86.29121348947642,36.2063811402172
WILSON COUNTY CIRCUIT COURT,9501,LEBANON,Lebanon,5741.718926334002,NORMAL,-86.2903186806423,36.206444338058105
LANNOM AND WILLIAMS,9501,LEBANON,Lebanon,5777.2748900659,NORMAL,-86.2910749220003,36.207536306817914
LAW OFFICES OF HUGH GREEN,9501,LEBANON,Lebanon,5573.824251107003,NORMAL,-86.2905748707084,36.20802481100359
MARKHAMS SHOES,9501,LEBANON,Lebanon,5561.1783062563045,NORMAL,-86.2905675147786,36.20810504393034
SEAT STUDIO,9501,LEBANON,Lebanon,5954.659513974072,NORMAL,-86.2917756963092,36.20764096490861
BURGER KING,9501,LEBANON,Lebanon,5667.476721780615,NORMAL,-86.2912749911992,36.20884797774149
FRANK'S AUTO REPAIR,9501,LEBANON,Lebanon,5430.8319154265355,NORMAL,-86.2906143143627,36.20931407340251
CORNER GARAGE,9501,LEBANON,Lebanon,5613.199052770408,NORMAL,-86.2912982939592,36.20942459392771
SHERWIN-WILLIAMS CO,9501,LEBANON,Lebanon,5549.272218024839,NORMAL,-86.29114904394972,36.209645759675915
LIBERTY STATE BANK,9501,LEBANON,Lebanon,5484.629395564393,NORMAL,-86.2910421367034,36.21001991030711
FIRST INSURANCE GROUP,9501,LEBANON,Lebanon,5312.301241569741,NORMAL,-86.2903919073616,36.2098707740488
HD AESTHETICS,9501,LEBANON,Lebanon,5377.459095780269,NORMAL,-86.2905821511911,36.20975490537778
BUCKEYE DRUG CENTER,9501,LEBANON,Lebanon,5045.17792710018,NORMAL,-86.2897486818914,36.2108588279639
UPTOWN MOTEL,9501,LEBANON,Lebanon,5368.017030217834,NORMAL,-86.2909561368389,36.21128073201122
BUDDYS HOME FURNISHING,9501,LEBANON,Lebanon,5013.559997547916,NORMAL,-86.28968784454601,36.211057980616594
HAVEN HOUSE THRIFT SHOP,9501,LEBANON,Lebanon,4992.733905260634,NORMAL,-86.2896515231087,36.21121384858639
AUTOZONE,9501,LEBANON,Lebanon,5001.234833668671,NORMAL,-86.2897135610199,36.21136765472101
BUDGET FURNITURE,9501,LEBANON,Lebanon,5322.535931921691,NORMAL,-86.2908655004949,36.2115995227173
JENNINGS LAW OFFICE,9501,LEBANON,Lebanon,5273.390882577534,NORMAL,-86.2907650268669,36.211931688776204
LIGHTHOUSE TATTOO,9501,LEBANON,Lebanon,5237.877059182396,NORMAL,-86.2906867113977,36.21214400410421
J&L BOOKKEEPING,9501,LEBANON,Lebanon,5229.059801362188,NORMAL,-86.2906776587351,36.21224322189321
DAVID'S PIZZA ,9501,LEBANON,Lebanon,5087.999208780672,NORMAL,-86.2901668658648,36.2121208371406
PLATINUM DANCE STUDIO,9501,LEBANON,Lebanon,5175.3879054712515,NORMAL,-86.290611343793,36.21262554025401
LAW OFFICE OF CHRIS REYNOLDS,9501,LEBANON,Lebanon,5054.054065257328,NORMAL,-86.2904320498773,36.2135477297868
BUDGET INN,9501,LEBANON,Lebanon,5169.886073875618,NORMAL,-86.2907954016559,36.213389286644095
WILSON COUNTY JUDICIAL CENTER,9501,LEBANON,Lebanon,4811.9448568674725,NORMAL,-86.2897368751549,36.21424834856558
POP'S SMOKE SHOP & CONVIENANCE STORE,9501,LEBANON,Lebanon,4679.873599033954,NORMAL,-86.2894462890304,36.21589913015398
CHUM'S CONVENIENCE STORES,9501,LEBANON,Lebanon,4882.2543349541575,NORMAL,-86.2901344200856,36.216099685721
CUMBERLAND AUTOMOTIVE REPAIR ,9501,LEBANON,Lebanon,4686.367335094265,NORMAL,-86.2894581840631,36.216611950776816
THE WESTERN LOOK,9501,LEBANON,Lebanon,4835.8776442158805,NORMAL,-86.2899532672776,36.216825263568104
LEBANON FIRST ASSEMBLY OF GOD,9501,LEBANON,Lebanon,4841.57696448746,NORMAL,-86.2899942843241,36.21794840150018
EDS HOMETOWN FIREWORKS AND CONCESSIONS,9501,LEBANON,Lebanon,4520.434252879205,NORMAL,-86.2889273619768,36.2182990969894
VINYL STORE AND GUTTER WORKS,9501,LEBANON,Lebanon,4866.086227525557,NORMAL,-86.2901117618617,36.218689702957825
LEBANON DISCOUNT TOBACCO,9501,LEBANON,Lebanon,4561.723100604375,NORMAL,-86.2890610372692,36.219450497350095
FOOD CONCEPTS,9501,LEBANON,Lebanon,4487.744956738678,NORMAL,-86.2890167295159,36.2200830710092
PLAZA 231,9501,LEBANON,Lebanon,4040.286061925511,NORMAL,-86.2906642402765,36.22156705198349
GERBER COLLISION AND GLASS,9501,LEBANON,Lebanon,4022.411577599209,NORMAL,-86.2896426585733,36.2214526651755
KIDS WORLD,9501,LEBANON,Lebanon,3778.9340594948844,NORMAL,-86.2907320399315,36.222320692322995
RELIABLE CARS LLC,9501,LEBANON,Lebanon,3796.647622384592,NORMAL,-86.29006395566431,36.22214489049531
FULL THROTTLE CUSTOMS,9501,LEBANON,Lebanon,2895.5565600308137,NORMAL,-86.2898464834888,36.22464199358049
MIKES FOODLAND,9501,LEBANON,Lebanon,3080.6946799132115,NORMAL,-86.2912584696431,36.2244707277159
SUBWAY,9501,LEBANON,Lebanon,2874.150076761844,NORMAL,-86.2906667438807,36.22489945764891
PEOPLES BBQ,9501,LEBANON,Lebanon,2551.7771768624584,NORMAL,-86.2898431369733,36.22561800707301
SOUTHLAND MOTEL,9501,LEBANON,Lebanon,2279.399099080348,NORMAL,-86.2898243513803,36.2263943882075
MINIT MART,9501,LEBANON,Lebanon,2301.580041530271,NORMAL,-86.2906255083879,36.22657368513021
WALMART,9501,LEBANON,Lebanon,5604.7331044618795,NORMAL,-86.2912298814895,36.19192368868211
DEMOS,9501,LEBANON,Lebanon,5116.62779800285,NORMAL,-86.2933298904327,36.188436711510505
ROXY ,9501,LEBANON,Lebanon,4764.920083543809,NORMAL,-86.2927427324748,36.187476693048616
TOTAL FAMILY PHYSICIANS ,9501,LEBANON,Lebanon,4410.235568281688,NORMAL,-86.2893030487801,36.18898056336991
CICI'S,9501,LEBANON,Lebanon,5416.297510491895,NORMAL,-86.2933720576751,36.18965748928439
LEGENDS SPORTS GRILL,9501,LEBANON,Lebanon,5330.7087891842575,NORMAL,-86.2931244812123,36.18952837264132
TENNESSEE DEPARTMENT OF HEALTH,9501,LEBANON,Lebanon,5164.703149415715,NORMAL,-86.2923736952029,36.1895073016588
RACEWAY,9501,LEBANON,Lebanon,1648.904836598613,NORMAL,-86.2710004133134,36.190887576781115
LEGENDS CAR WASH,9501,LEBANON,Lebanon,2463.9046520621937,NORMAL,-86.27427567212801,36.1937730916894
DOLLAR GENERAL STORE,9501,LEBANON,Lebanon,2686.7161214968232,NORMAL,-86.2750277890744,36.19382860937251
DANIELS MARKET,9501,LEBANON,Lebanon,2234.055767877365,NORMAL,-86.27348160903021,36.193837844303516
CHURCH OF JESUS CHRIST OF LATTER DAY SAINTS,9501,LEBANON,Lebanon,1691.8499069872591,NORMAL,-86.2716981075776,36.193327702484694
Peyton Manor,9501,LEBANON,Lebanon,219.1325933157794,HIGH,-86.26511857629201,36.19211534612049
FRIENDSHIP CHRISTIAN,9500,(Unincorporated),Unincorporated,6838.530817243775,NORMAL,-86.3414322107579,36.26922072203192
BARTONS CREEK BOAT RAMP,9500,(Unincorporated),Unincorporated,7425.190369194355,NORMAL,-86.3653475220616,36.2748551876802
CRACKER BARREL,9503,MT. JULIET,Mt. Juliet,2411.3776942918184,NORMAL,-86.5146280606874,36.169530310324106
WAFFLE HOUSE,9503,MT. JULIET,Mt. Juliet,2003.1613976636145,NORMAL,-86.5146372864373,36.16835253544691
BUFFALO WILD WINGS,9503,MT. JULIET,Mt. Juliet,1728.9362551063714,NORMAL,-86.5152751431396,36.167730539236096
QUALITY INN AND SUITES,9503,MT. JULIET,Mt. Juliet,2371.7697141834306,NORMAL,-86.5153835509483,36.1695700089397
SHERWIN WILLIAMS,9503,MT. JULIET,Mt. Juliet,2317.9328943228566,NORMAL,-86.5161772551331,36.1695165410183
GRAVES FITNESS CENTER,9503,MT. JULIET,Mt. Juliet,2177.9527311694183,NORMAL,-86.51857006415531,36.16934651860512
HAMPTON INN ,9503,MT. JULIET,Mt. Juliet,1812.9022849754483,NORMAL,-86.5158832611052,36.16808419585212
URGENT CARE,9503,MT. JULIET,Mt. Juliet,1509.9811346130975,NORMAL,-86.517223130921,36.167363091530994
VANDERBILT ORTHOPEDIC CLINIC,9503,MT. JULIET,Mt. Juliet,1431.612381001457,NORMAL,-86.5172429056082,36.167148395099794
THE HEART GROUP,9503,MT. JULIET,Mt. Juliet,1384.9004077651236,NORMAL,-86.5173197395001,36.167025022282914
TENNESSEE SPORTS MEDICINE ,9503,MT. JULIET,Mt. Juliet,1502.6625766583463,NORMAL,-86.5160471799933,36.167242219183116
STEAK N SHAKE,9503,MT. JULIET,Mt. Juliet,1098.3082566368575,NORMAL,-86.5153078677328,36.16588617339969
MATTRESS FIRM,9503,MT. JULIET,Mt. Juliet,1371.4599381086598,NORMAL,-86.5149135002976,36.16656507497161
T-MOBLIE ,9503,MT. JULIET,Mt. Juliet,1490.9893097600432,NORMAL,-86.5148073733659,36.16688792108091
WALGREEN'S ,9503,MT. JULIET,Mt. Juliet,767.9855663562615,WATCH,-86.5153575777032,36.164846289188084
KROGER GAS PUMP,9503,MT. JULIET,Mt. Juliet,1068.1395973272727,NORMAL,-86.5138176619263,36.164643965893795
CHIK-FIL-A,9503,MT. JULIET,Mt. Juliet,1243.0908083742054,NORMAL,-86.5139223424715,36.1655506106336
KROGER,9503,MT. JULIET,Mt. Juliet,1499.083790530805,NORMAL,-86.5122621418294,36.164756452736604
PANERA BREAD,9503,MT. JULIET,Mt. Juliet,1527.7953207482994,NORMAL,-86.5130922550424,36.16597478043091
REGAL ,9503,MT. JULIET,Mt. Juliet,2038.2150771265283,NORMAL,-86.5101345470373,36.16405839152241
BEST BUY,9503,MT. JULIET,Mt. Juliet,2409.22497069839,NORMAL,-86.5109572075056,36.1676699190096
BOOKS A MILLION,9503,MT. JULIET,Mt. Juliet,2557.1414958366413,NORMAL,-86.5096444913268,36.16695056029581
BELK,9503,MT. JULIET,Mt. Juliet,2264.690123412752,NORMAL,-86.5111994723636,36.16729499243471
THE OLIVE GARDEN ,9503,MT. JULIET,Mt. Juliet,1740.8721630085347,NORMAL,-86.5135319095643,36.16707524894663
WENDYS,9503,MT. JULIET,Mt. Juliet,1542.8673368230566,NORMAL,-86.5138865166722,36.1666120874572
FIRST HORIZON BANK,9503,MT. JULIET,Mt. Juliet,2490.65525485437,NORMAL,-86.5106468253521,36.16915920241011
RED LOBSTER,9503,MT. JULIET,Mt. Juliet,2102.0247819677434,NORMAL,-86.5127333560946,36.16783121399133
CHASE BANK,9503,MT. JULIET,Mt. Juliet,2366.7139178245316,NORMAL,-86.5119774931764,36.168277952208314
RED ROBIN,9503,MT. JULIET,Mt. Juliet,2205.485744564974,NORMAL,-86.509896382093,36.169668856835486
WILSON MANOR LIVING CENTER,9501,LEBANON,Lebanon,4441.497178930969,NORMAL,-86.3015091951231,36.2201121480763
CAPTAIN D'S,9501,LEBANON,Lebanon,7426.021313204301,NORMAL,-86.3190803760277,36.212807100851904
HARDEES,9501,LEBANON,Lebanon,7415.979466550373,NORMAL,-86.3185940580902,36.21269507266432
URBAN PHYSICAL THERAPY,9501,LEBANON,Lebanon,7649.258197492898,NORMAL,-86.3194439959462,36.212262469511685
TITLEMAX,9501,LEBANON,Lebanon,7666.781657373893,NORMAL,-86.31824001406,36.211873442966606
HALEY VETINARY PRACTICE,9501,LEBANON,Lebanon,7659.4281735607965,NORMAL,-86.3180091729298,36.2118358982152
DON SCOTT INSURANCE,9501,LEBANON,Lebanon,7621.105396909552,NORMAL,-86.3176255394927,36.211852169293515
LIBERTY STATE BANK,9501,LEBANON,Lebanon,7395.614375151046,NORMAL,-86.3178973468272,36.21256680923822
HURD PROPERTIES,9501,LEBANON,Lebanon,7679.443863511783,NORMAL,-86.31722413243182,36.2115932688769
HTK WEALTH MANAGEMENT,9501,LEBANON,Lebanon,7738.986608351318,NORMAL,-86.3169543427729,36.211365568543805
J. CLAYBORN'S BAKERY,9501,LEBANON,Lebanon,7474.047040045169,NORMAL,-86.3150355874555,36.211762513119396
CROOK AUTO ELECTRIC,9501,LEBANON,Lebanon,7612.112193683523,NORMAL,-86.3135097943316,36.21118617118039
TN ORTHOPEDICS,9501,LEBANON,Lebanon,7734.395898412756,NORMAL,-86.3150373402703,36.21103545802172
SELECT AUTOMOTIVE,9501,LEBANON,Lebanon,7547.227247017964,NORMAL,-86.31401517857941,36.211420989507594
"SAKE JAPANESE GRILL,",9501,LEBANON,Lebanon,7709.3968236980645,NORMAL,-86.3138815150942,36.21095587856371
"UNLIMITED INC,CARS",9501,LEBANON,Lebanon,7791.5051012613385,NORMAL,-86.3136149773049,36.2107001880078
ADVANCE SIGNS,9501,LEBANON,Lebanon,7619.378945151661,NORMAL,-86.3131458920042,36.211131763344405
DESIGNER CARPET INC,9501,LEBANON,Lebanon,7733.397618676453,NORMAL,-86.31419965179101,36.2109260558841
PRICE POINT FURNITURE,9501,LEBANON,Lebanon,7652.129929843925,NORMAL,-86.3120453427494,36.210963546148925
FAMILY GOLD STORE,9501,LEBANON,Lebanon,7867.9897780656065,NORMAL,-86.3122715550155,36.21038184492299
LEBANON TIRE,9501,LEBANON,Lebanon,7862.519781222092,NORMAL,-86.31204659529412,36.210384466801216
CEDARSTONE BANK,9501,LEBANON,Lebanon,7947.647491754689,NORMAL,-86.3116335448759,36.21013153500382
AMERICAN HOUSE LEBANON ASSISTED LIVING,9501,LEBANON,Lebanon,7648.817173612658,NORMAL,-86.3110111351658,36.21093433824811
SMILES BY SAMANTHA,9501,LEBANON,Lebanon,7735.092448308751,NORMAL,-86.3100556580698,36.21069166584162
BENSON ORTHODONTIST,9501,LEBANON,Lebanon,7797.245422166199,NORMAL,-86.3095465720841,36.21052939425801
REGIONS BANK,9501,LEBANON,Lebanon,7865.834862688194,NORMAL,-86.3090015578047,36.21035862730729
DEMPSEY VANTREASE FOLLIS,9501,LEBANON,Lebanon,8216.82371128084,NORMAL,-86.3097016170872,36.209373088449304
UNITED COUNTRY WALKER REALTY,9501,LEBANON,Lebanon,8192.970168420703,NORMAL,-86.310134683985,36.20943325287371
AGEE JOHNSON REALTY ,9501,LEBANON,Lebanon,8053.921461378215,NORMAL,-86.3104131560574,36.20981464714482
"HORNE, TERRY L CPA",9501,LEBANON,Lebanon,7959.678232694672,NORMAL,-86.31094775573311,36.21007893579131
O'REILLY AUTO PARTS,9501,LEBANON,Lebanon,7687.9877674279405,NORMAL,-86.320719790959,36.212565454453795
SOUTHERN BANK,9501,LEBANON,Lebanon,7399.874736691236,NORMAL,-86.3202483844888,36.213262563170005
WALGREEN ,9501,LEBANON,Lebanon,7439.833134318138,NORMAL,-86.3212160244592,36.21349762701381
CIRCLE K,9501,LEBANON,Lebanon,7401.1302662029375,NORMAL,-86.3228359521497,36.2143066148295
MAIN STREET LANDSCAPING CO,9501,LEBANON,Lebanon,7777.4340901537325,NORMAL,-86.3237594001889,36.21354625149188
DR DARRYL MOORE,9501,LEBANON,Lebanon,7765.273538560409,NORMAL,-86.3239924815446,36.21369823589641
PEKING ,9501,LEBANON,Lebanon,7783.65132300169,NORMAL,-86.3242755759943,36.21377982631179
RUBY TUESDAY,9501,LEBANON,Lebanon,7548.559322787971,NORMAL,-86.3241401141374,36.21447408466941
TRAVEL WORLD,9501,LEBANON,Lebanon,7790.509395492333,NORMAL,-86.3247582304384,36.214006367516994
LUCKY NAILS,9501,LEBANON,Lebanon,7780.074549479042,NORMAL,-86.3246599630461,36.2139888783251
ADVANCE AUTO PARTS,9501,LEBANON,Lebanon,7553.920714806174,NORMAL,-86.3246324655683,36.214704061052416
WEST MAIN SHELL,9501,LEBANON,Lebanon,7753.51063630433,NORMAL,-86.3252039647561,36.2141421609818
ABSOLUTE RENTAL & SUPPLY,9501,LEBANON,Lebanon,7275.112501933233,NORMAL,-86.3246679668894,36.2154693955355
RAY'S SAFETY LANE,9501,LEBANON,Lebanon,7667.652014991189,NORMAL,-86.3255550853973,36.21437489850349
C & D REALTY ,9501,LEBANON,Lebanon,7662.554491895651,NORMAL,-86.3258577874201,36.21438927153959
FATMOS,9501,LEBANON,Lebanon,7635.440390233602,NORMAL,-86.3261159409994,36.2144663376504
WRIGHT PRINTING,9501,LEBANON,Lebanon,7349.476700578402,NORMAL,-86.3266580948889,36.21526468363561
OLD HICKORY CREDIT UNION,9501,LEBANON,Lebanon,7252.277339516366,NORMAL,-86.3272073016715,36.2155548341691
BANK OF AMERICA ,9501,LEBANON,Lebanon,7015.697359280435,NORMAL,-86.3293750129997,36.21544555774851
KRYSTAL,9501,LEBANON,Lebanon,6967.723424278154,NORMAL,-86.3298915650923,36.21660588866769
MCDONALDS,9501,LEBANON,Lebanon,6558.1739361915925,NORMAL,-86.3316289660458,36.2163390312579
VERIZON WIRELESS,9501,LEBANON,Lebanon,6442.243888396778,NORMAL,-86.3322515180241,36.216592266421834
KROGER,9501,LEBANON,Lebanon,6562.402977373832,NORMAL,-86.33068213830931,36.214754153780305
WENDYS,9501,LEBANON,Lebanon,6583.469360126506,NORMAL,-86.33222227167741,36.21731164607663
NAPA AUTO PARTS,9501,LEBANON,Lebanon,6200.90864230011,NORMAL,-86.3334092600552,36.21686824997012
ARBYS,9501,LEBANON,Lebanon,6413.106344202123,NORMAL,-86.333190737368,36.21766443883741
TRACTOR SUPPLY ,9501,LEBANON,Lebanon,6454.110923572108,NORMAL,-86.3328266588203,36.2186487631517
CO-OP,9501,LEBANON,Lebanon,6965.247472702697,NORMAL,-86.3260418266876,36.216306579059506
STROUDS,9501,LEBANON,Lebanon,6231.723823121305,NORMAL,-86.3266222374188,36.21833661893251
PINNACLE BANK,9501,LEBANON,Lebanon,6189.2845594300015,NORMAL,-86.3274225390177,36.21849528863769
DOLLAR TREE,9501,LEBANON,Lebanon,5778.204233627306,NORMAL,-86.3357486970489,36.21755387546751
CENTERWELL SENIOR PRIMARY CARE,9501,LEBANON,Lebanon,5925.728903919824,NORMAL,-86.3349188179636,36.2173319528788
LEBANON ANIMAL HOSPITAL,9501,LEBANON,Lebanon,5476.140330265827,NORMAL,-86.3395662180844,36.21990732077811
FIRST TENNESSEE BANK,9501,LEBANON,Lebanon,5363.462348977553,NORMAL,-86.3399835885638,36.22017397577349
FIRST FREEDOM BANK,9501,LEBANON,Lebanon,5080.167076469659,NORMAL,-86.3412131764727,36.21917231949811
PURPLE GATE,9501,LEBANON,Lebanon,2031.6851970627522,NORMAL,-86.27240531730001,36.196339738421415
YELLOW GATE,9501,LEBANON,Lebanon,1719.4886643021655,NORMAL,-86.2712728580011,36.19645753991811
RESTROOM #5,9501,LEBANON,Lebanon,1813.1539745229404,NORMAL,-86.2715331452965,36.19664425429452
GREEN GATE,9501,LEBANON,Lebanon,1102.5364585820557,NORMAL,-86.26860172108,36.19699532383911
LEBANON PUBLIC SAFETY ,9501,LEBANON,Lebanon,920.9654905829426,WATCH,-86.2681440034779,36.196660600068576
MAIN FIRST-AID,9501,LEBANON,Lebanon,1266.7229032766281,NORMAL,-86.2680684835757,36.1979922872331
WEMA/SHERIFF COMMAND,9501,LEBANON,Lebanon,1190.9538137070715,NORMAL,-86.2680394417444,36.197755806119595
RESTROOM #6,9501,LEBANON,Lebanon,1389.1623776048748,NORMAL,-86.2685349773492,36.198136229780715
CARNIVAL COMMAND,9501,LEBANON,Lebanon,1157.3339612056475,NORMAL,-86.2675224479301,36.197989682418495
CAMPING AREA FOOD VENDORS,9501,LEBANON,Lebanon,1219.684845662517,NORMAL,-86.2675803486739,36.19840923079939
BUZZARD ROOST DAVID HALE ,9501,LEBANON,Lebanon,860.5322802830948,WATCH,-86.2663745812873,36.198190612791684
CAMPING FOR AG WORKERS,9501,LEBANON,Lebanon,972.6086558970344,WATCH,-86.2667279998794,36.19830428955451
VETERANS CORNER STAGE,9501,LEBANON,Lebanon,1790.8810477045893,NORMAL,-86.2703992266481,36.19820074355317
RESTROOM #4 & FIRST AID,9501,LEBANON,Lebanon,1768.9601268800218,NORMAL,-86.270492704438,36.19800595644911
LIONS CLUB,9501,LEBANON,Lebanon,1893.8149394221148,NORMAL,-86.2706962948348,36.1983526869087
TENT #2,9501,LEBANON,Lebanon,1965.9350807198714,NORMAL,-86.2707114187368,36.19864642703891
BLDG F PAGEANT PAVILION,9501,LEBANON,Lebanon,1959.2408657767485,NORMAL,-86.2710068609741,36.19832146901251
ROTARY CLUB,9501,LEBANON,Lebanon,2118.691290761933,NORMAL,-86.2714642607676,36.19855698621729
BLDG B TURNER EVANS,9501,LEBANON,Lebanon,2249.307113599427,NORMAL,-86.2719493305782,36.198624568876404
RESTROOM #1,9501,LEBANON,Lebanon,2419.49131255681,NORMAL,-86.2727256271671,36.19851217596828
FAIR OFFICE,9501,LEBANON,Lebanon,2366.8523586678066,NORMAL,-86.2726637446188,36.198311474404704
ORANGE GATE,9501,LEBANON,Lebanon,2338.9588086643944,NORMAL,-86.2727287609384,36.19805434014041
RABBITS & POULTRY BARN,9501,LEBANON,Lebanon,2201.7872393600805,NORMAL,-86.2720445342162,36.19826900072321
BLDG C YOUTH/EDUCATION ,9501,LEBANON,Lebanon,2329.6362031477033,NORMAL,-86.271974056965,36.1989716998468
BLDG D EAST/WEST EXHIBIT,9501,LEBANON,Lebanon,2279.1229055431613,NORMAL,-86.2718855488876,36.1992427808801
HANDICAP PARKING,9501,LEBANON,Lebanon,2553.2384260923723,NORMAL,-86.27327622985861,36.198472779074
TENT #3,9501,LEBANON,Lebanon,2418.1819376954622,NORMAL,-86.2724827707186,36.1990697492539
F11,9501,LEBANON,Lebanon,2735.6293380103493,NORMAL,-86.2739541755698,36.19850557992249
F15,9501,LEBANON,Lebanon,2690.8271221692885,NORMAL,-86.2740093562792,36.1981277458278
F16,9501,LEBANON,Lebanon,2575.865297397009,NORMAL,-86.2735847960876,36.1981197709766
F10,9501,LEBANON,Lebanon,2898.465469510637,NORMAL,-86.274523120959,36.19858310082281
F9,9501,LEBANON,Lebanon,2963.96804243391,NORMAL,-86.27498475783182,36.1986793388064
F20,9501,LEBANON,Lebanon,2412.715742411691,NORMAL,-86.2732728956303,36.1975807954983
F19,9501,LEBANON,Lebanon,2551.7561868651505,NORMAL,-86.2737578820117,36.197625479692
F18 ,9501,LEBANON,Lebanon,2723.344768101877,NORMAL,-86.2743792159713,36.19762406938779
F17 ,9501,LEBANON,Lebanon,2874.4664146579385,NORMAL,-86.2749205437363,36.19762665300809
RED GATE,9501,LEBANON,Lebanon,2475.3755862184844,NORMAL,-86.2726398288753,36.19896191245519
HANDICAP PARKING,9501,LEBANON,Lebanon,2392.0410843249306,NORMAL,-86.272914843418,36.19937143002967
F5,9501,LEBANON,Lebanon,2742.0417293859546,NORMAL,-86.274865554629,36.19941707974311
F6,9501,LEBANON,Lebanon,2633.2951991807286,NORMAL,-86.2742239534733,36.19934700296389
GATE #2 (MAIN),9501,LEBANON,Lebanon,2990.98742673519,NORMAL,-86.2755732070304,36.19902202061831
GATE #1,9501,LEBANON,Lebanon,2717.9872821388194,NORMAL,-86.2756302555792,36.2001998450748
F1,9501,LEBANON,Lebanon,2511.834959213767,NORMAL,-86.2748421921124,36.2003160982892
F2,9501,LEBANON,Lebanon,2371.1516260310054,NORMAL,-86.2742126399013,36.2003294520337
RESTROOM #2,9501,LEBANON,Lebanon,2103.3439840922306,NORMAL,-86.2724317908313,36.20006403258889
AG CENTER OFFICE,9501,LEBANON,Lebanon,2138.9993622850925,NORMAL,-86.2724343317293,36.1999471852808
MOTOR SPORTS ARENA,9501,LEBANON,Lebanon,1768.1520063455575,NORMAL,-86.2714835687833,36.20066468313381
SMALL CAMPGROUNDS,9501,LEBANON,Lebanon,1720.7658582700606,NORMAL,-86.2705472121382,36.2004354862835
GENTRY BLDG ,9501,LEBANON,Lebanon,1692.290375024862,NORMAL,-86.272327659972,36.20144013743901
RESTROOM,9501,LEBANON,Lebanon,1668.523419336536,NORMAL,-86.2723161693286,36.20152123666091
BALLPARK,9501,LEBANON,Lebanon,1745.1115429771498,NORMAL,-86.2729418030145,36.201755832361414
CHECKERED BOARD GATE,9501,LEBANON,Lebanon,1356.2267815012656,NORMAL,-86.2720832428439,36.2025971215856
WILSON COUNTY EXHIBITION CNTER ,9501,LEBANON,Lebanon,1533.3814324469752,NORMAL,-86.268778992979,36.20061678380988
SMALL ANIMALS ,9501,LEBANON,Lebanon,1506.1064897577405,NORMAL,-86.2681906180738,36.200627629816694
LARGE ANIMALS ,9501,LEBANON,Lebanon,1416.4807349051382,NORMAL,-86.2677197156705,36.20057621568951
CARINVAL CAMPING AREA,9501,LEBANON,Lebanon,719.6181468493758,WATCH,-86.2653924191934,36.200009449143
AG CENTER STORAGE,9501,LEBANON,Lebanon,301.5704880664548,WATCH,-86.2647268811954,36.197349781194795
SHERIFF STORAGE,9501,LEBANON,Lebanon,553.0118799782477,WATCH,-86.2655813271764,36.1973822419392
SHOOTING RANGE,9501,LEBANON,Lebanon,701.8644910343514,WATCH,-86.2660827830777,36.19742692072462
B52,9501,LEBANON,Lebanon,593.466307588836,WATCH,-86.2661414794726,36.1966828200916
CELL TOWER,9501,LEBANON,Lebanon,467.4938767263437,WATCH,-86.2664082928415,36.19623966342589
B60,9501,LEBANON,Lebanon,354.8573711153089,WATCH,-86.2649964242181,36.19631144451664
B61,9501,LEBANON,Lebanon,215.49021019549093,HIGH,-86.2651731476053,36.195670096370414
 ,9501,LEBANON,Lebanon,10.983860589339615,CRITICAL,-86.26539016372152,36.19511450206889
B62,9501,LEBANON,Lebanon,10.983860589339615,CRITICAL,-86.26539016372152,36.19511450206889
B53,9501,LEBANON,Lebanon,353.4416112789152,WATCH,-86.2662409873755,36.19595713978381
B55,9501,LEBANON,Lebanon,268.7746744830357,WATCH,-86.26664316536692,36.194825986384124
B56,9501,LEBANON,Lebanon,295.2424341668197,WATCH,-86.2667887808441,36.19438691205803
B68,9500,(Unincorporated),Unincorporated,51.944075502059555,HIGH,-86.2645606429781,36.19491641021649
B74,9500,(Unincorporated),Unincorporated,87.26102707453713,HIGH,-86.263813055123,36.194808358268396
B75,9500,(Unincorporated),Unincorporated,364.461437602339,WATCH,-86.2639928927148,36.19404014760839
B76,9500,(Unincorporated),Unincorporated,403.00431214984957,WATCH,-86.264079812683,36.1936393568648
 ,9501,LEBANON,Lebanon,689.2830988866781,WATCH,-86.2678409733079,36.19583914325711
B45,9501,LEBANON,Lebanon,660.1924370024103,WATCH,-86.2678518396845,36.1955720521517
B46,9501,LEBANON,Lebanon,649.0630985721425,WATCH,-86.2678974914735,36.19515227475879
B48,9501,LEBANON,Lebanon,658.3529824213452,WATCH,-86.2679785411602,36.19476103210392
B49,9501,LEBANON,Lebanon,657.8230688639206,WATCH,-86.26801287614741,36.1944748132359
B49,9501,LEBANON,Lebanon,649.0279574179626,WATCH,-86.2680292862155,36.194107558861724
B50,9501,LEBANON,Lebanon,646.364586322837,WATCH,-86.2680751146092,36.1937402400356
B54,9501,LEBANON,Lebanon,241.0412501418626,HIGH,-86.2664331956827,36.195374891094616
B78,9500,(Unincorporated),Unincorporated,308.68806163634093,WATCH,-86.2629851797804,36.194618447841705
B77,9500,(Unincorporated),Unincorporated,108.92622635537039,HIGH,-86.2642331331137,36.192825102602804
B59,9501,LEBANON,Lebanon,324.62521895811943,WATCH,-86.2670582274244,36.19320311400379
B58,9501,LEBANON,Lebanon,328.0174388952214,WATCH,-86.26699170617921,36.19371641194098
B57,9501,LEBANON,Lebanon,318.5575896810888,WATCH,-86.2669058809051,36.194088587214296
B51,9501,LEBANON,Lebanon,634.3514275329447,WATCH,-86.2681061863225,36.193266413284
 ,9501,LEBANON,Lebanon,650.4123733573067,WATCH,-86.2680337266021,36.194109743516215
PREFERRED PARKING,9501,LEBANON,Lebanon,751.7963646461748,WATCH,-86.2678337284408,36.19621429355661
B80,9500,(Unincorporated),Unincorporated,317.4679623827871,WATCH,-86.2628077502532,36.1951341783378
PARKING OFFICE,9501,LEBANON,Lebanon,2409.777342690803,NORMAL,-86.2737642158192,36.19610713720949
F30,9501,LEBANON,Lebanon,2300.5207492504546,NORMAL,-86.2733552467353,36.1962644886917
F25,9501,LEBANON,Lebanon,2329.8972784204016,NORMAL,-86.2733285954719,36.19672619384542
F24,9501,LEBANON,Lebanon,2448.0115890055217,NORMAL,-86.2737241821018,36.19678252621551
F23,9501,LEBANON,Lebanon,2630.434188479718,NORMAL,-86.2743550030358,36.19680398591651
F22,9501,LEBANON,Lebanon,2774.2311770359447,NORMAL,-86.2748539741478,36.196810481893
F28,9501,LEBANON,Lebanon,2667.4995435947344,NORMAL,-86.2746213757962,36.196246354985014
B30,9501,LEBANON,Lebanon,1530.0450393886485,NORMAL,-86.2707653700454,36.19596892012341
B38,9501,LEBANON,Lebanon,1163.2599011253658,NORMAL,-86.269503704858,36.1959145142924
B39,9501,LEBANON,Lebanon,1133.0184902368894,NORMAL,-86.2694930344151,36.195544459768506
B31,9501,LEBANON,Lebanon,1471.091633953807,NORMAL,-86.2706370843691,36.195618205862
B41 (1 OF 2),9501,LEBANON,Lebanon,1124.3113786342594,NORMAL,-86.26950247392742,36.195263541288206
B41,9501,LEBANON,Lebanon,1116.1097983638515,NORMAL,-86.2695063250008,36.1950117271787
B43,9501,LEBANON,Lebanon,1061.195051809064,NORMAL,-86.2694235093271,36.194187819306975
B35,9501,LEBANON,Lebanon,1271.5038296270352,NORMAL,-86.270143621595,36.194174764571386
B34,9501,LEBANON,Lebanon,1333.1275594155575,NORMAL,-86.2702728256611,36.1947963603638
B37,9501,LEBANON,Lebanon,1227.7404344873119,NORMAL,-86.2701264220113,36.19327059017161
BLDG G SCHOOL EXHIBITS,9501,LEBANON,Lebanon,1816.854711341445,NORMAL,-86.2702737155741,36.198429326524014
ENTERTAINMENT STAGE,9501,LEBANON,Lebanon,2279.1225984620273,NORMAL,-86.2717723984283,36.198956280432284
GENERAL STORE/ BACK PORCH STAGE,9501,LEBANON,Lebanon,1755.6269475876106,NORMAL,-86.2707636279395,36.197617617678894
FORBES CABIN,9501,LEBANON,Lebanon,1738.8394452080622,NORMAL,-86.2709272550206,36.197289139426985
KITCHEN,9501,LEBANON,Lebanon,1722.165392183459,NORMAL,-86.27080517098211,36.1973771639533
SMOKEHOUSE,9501,LEBANON,Lebanon,1686.8870511233088,NORMAL,-86.2707529632991,36.19725137834709
JAIL,9501,LEBANON,Lebanon,1671.5429887269433,NORMAL,-86.2707526507647,36.1971598125547
LAW OFFICE,9501,LEBANON,Lebanon,1643.641525482938,NORMAL,-86.27065844451032,36.19714094819711
PARTHENON PRESS,9501,LEBANON,Lebanon,1603.5647822328701,NORMAL,-86.2705078069978,36.197137469934205
BLACKSMITH SHOP/ BROOM FACTORY,9501,LEBANON,Lebanon,1543.289476573709,NORMAL,-86.2702677859126,36.197149453119806
DORIS BLAND PAVILLION,9501,LEBANON,Lebanon,1544.4542335468832,NORMAL,-86.2702022248791,36.19724879620679
PETTING STABLE,9501,LEBANON,Lebanon,1575.1361153137068,NORMAL,-86.2702121461928,36.1973975689857
TOWN HALL,9501,LEBANON,Lebanon,1617.1475015849862,NORMAL,-86.2702316108954,36.19758447152371
BARN MUSEUM,9501,LEBANON,Lebanon,1528.1093825194685,NORMAL,-86.269916029076,36.19752413397091
WORKING BLACKSMITH SHOP,9501,LEBANON,Lebanon,1461.6929820713958,NORMAL,-86.2696289246234,36.197532406191996
CIVIL WAR MUSEUM,9501,LEBANON,Lebanon,1369.1395405386395,NORMAL,-86.2692006577955,36.197556253162
SAWMILL,9501,LEBANON,Lebanon,1526.3167560172283,NORMAL,-86.2697190200292,36.1977267818266
SCHOOL,9501,LEBANON,Lebanon,1763.4391011155687,NORMAL,-86.27111500303862,36.1971322931584
DRUG STORE,9501,LEBANON,Lebanon,1698.3324254021431,NORMAL,-86.270921714404,36.197044976342305
DOCTOR'S OFFICE,9501,LEBANON,Lebanon,1661.4951651160538,NORMAL,-86.2707992400043,36.197018544750904
WILSON BANK & TRUST,9501,LEBANON,Lebanon,1626.413881830694,NORMAL,-86.2706721230042,36.19701119900779
POST OFFICE,9501,LEBANON,Lebanon,1598.3308564377685,NORMAL,-86.270573236311,36.196999974940994
WEAVING HOUSE,9501,LEBANON,Lebanon,1562.8412085813889,NORMAL,-86.2704507881101,36.19698117280309
MELROSE CHURCH,9501,LEBANON,Lebanon,1468.0473377076964,NORMAL,-86.2701070832887,36.196955235831815
CARTMELL CABIN,9501,LEBANON,Lebanon,1506.138444133049,NORMAL,-86.2700562808716,36.1972414928458
VETERANS BUILDING,9501,LEBANON,Lebanon,1706.1702451108738,NORMAL,-86.2702846109579,36.19794298624029
LUMBER OFFICE,9501,LEBANON,Lebanon,1622.5876186115995,NORMAL,-86.2700019130585,36.19786349793841
WHEELER SCHOOL,9501,LEBANON,Lebanon,1580.2537873378524,NORMAL,-86.2698089482903,36.197871560040205
BAYS BREAD,9501,LEBANON,Lebanon,1593.1919208614918,NORMAL,-86.2697246737468,36.19800528174801
MASTER GARDENERS,9501,LEBANON,Lebanon,1619.328613851991,NORMAL,-86.2696123908562,36.1982077401072
BARBER SHOP,9501,LEBANON,Lebanon,1577.3197164010844,NORMAL,-86.2694146796051,36.19820436647909
SN COOK HARDWARE,9501,LEBANON,Lebanon,1553.5324099904094,NORMAL,-86.2693110876456,36.19819429644739
AC WHARTON STORE,9501,LEBANON,Lebanon,1534.522149550576,NORMAL,-86.2691728076111,36.1982266527326
WCOR RADIO,9501,LEBANON,Lebanon,1502.108620553091,NORMAL,-86.2690972743007,36.198161961850104
ANTIQUE CAR MUSEUM,9501,LEBANON,Lebanon,1453.648120206303,NORMAL,-86.2689107207206,36.198117739249604
CLAY SERVICE STATION,9501,LEBANON,Lebanon,1375.1908130914328,NORMAL,-86.2687594857038,36.197938759765414
DEDMAN STORE/JOHNSON DAIRY,9501,LEBANON,Lebanon,1327.2425550319442,NORMAL,-86.2686790653765,36.19782066594522
TELEPHONE MUSEUM,9501,LEBANON,Lebanon,1375.2256756672762,NORMAL,-86.2695525218697,36.1972120963302
WOODCARVERS,9501,LEBANON,Lebanon,1356.3326143522434,NORMAL,-86.2695475170203,36.1971243568457
DOAKS CROSSROADS STORE,9501,LEBANON,Lebanon,1320.8681960396607,NORMAL,-86.2693172081997,36.1972240671163
STORAGE SHED,9501,LEBANON,Lebanon,1434.1749669730473,NORMAL,-86.2696753852656,36.197352986200585
TUCKERS GAP R&R,9501,LEBANON,Lebanon,1378.4020108067373,NORMAL,-86.26981029397551,36.1968834102576
JORDAN HOUSE/FAIR MUSEUM,9501,LEBANON,Lebanon,1672.2335846375158,NORMAL,-86.27093981242251,36.196831282368
FIDDLERS GROVE PAVILION,9501,LEBANON,Lebanon,1781.0127521403938,NORMAL,-86.2713165179603,36.19687240435473
GRISTMILL,9501,LEBANON,Lebanon,1539.191974151307,NORMAL,-86.2704736601848,36.19678654467193
RICE CABIN,9501,LEBANON,Lebanon,1556.4655481885131,NORMAL,-86.2706750863111,36.19649994987849
CENTURY FARM THOMPSON CABIN,9501,LEBANON,Lebanon,1679.1705026894087,NORMAL,-86.2710585350169,36.196632213099385
HAGAR GEORGE CABIN,9501,LEBANON,Lebanon,1541.9976837380284,NORMAL,-86.2694705427162,36.19802110978959
LIGON & BOBO FUNERAL HOME,9501,LEBANON,Lebanon,1529.9420073441936,NORMAL,-86.2693234587287,36.19809469040202
MCFARLAND HOSPITAL,9501,LEBANON,Lebanon,1497.4384102690713,NORMAL,-86.2692061419931,36.19806252284779
MIDWAY,9501,LEBANON,Lebanon,1818.9433555439816,NORMAL,-86.2695663696643,36.19920934287109
BELL HOUSE,9501,LEBANON,Lebanon,1509.6620064737433,NORMAL,-86.2702613814757,36.1969618418011
HEE HAW,9501,LEBANON,Lebanon,1366.654315305821,NORMAL,-86.2698993590172,36.196666219656215
COBBLER SHOP,9501,LEBANON,Lebanon,1445.6384235313292,NORMAL,-86.2702716198192,36.1965081996439
FIDDLERS GROVE,9501,LEBANON,Lebanon,1640.2074174032687,NORMAL,-86.2704752685639,36.19739129937461
MARTINS BBQ ,9503,MT. JULIET,Mt. Juliet,874.6958900874223,WATCH,-86.5154347687647,36.1652434265992
BLUE OASIS PET HOSPITAL,9503,MT. JULIET,Mt. Juliet,925.295687911564,WATCH,-86.5154387628095,36.1654055602844
BATTERIES PLUS ,9503,MT. JULIET,Mt. Juliet,957.4618573879806,WATCH,-86.5154217226527,36.1654986306484
TAZIKIS,9503,MT. JULIET,Mt. Juliet,992.4368081557419,WATCH,-86.515407685293,36.16560122704598
MCCLAIN CHRISTIAN,9500,(Unincorporated),Unincorporated,5282.494677435212,NORMAL,-86.2474353478171,36.233980535429396
PILOT,9501,LEBANON,Lebanon,3591.8835393914733,NORMAL,-86.2995360393055,36.179166729319
SHELL,9501,LEBANON,Lebanon,3848.6239763287545,NORMAL,-86.3008967905156,36.17935410826799
WHITE ROOM,9501,LEBANON,Lebanon,3327.7590056830845,NORMAL,-86.3005117717058,36.17784574820121
O'CHARLEYS ,9501,LEBANON,Lebanon,4285.445914827893,NORMAL,-86.3004674103871,36.18091943503519
KNIGHTS INN ,9501,LEBANON,Lebanon,4015.8212221854765,NORMAL,-86.29930214496851,36.18053775036062
CLEAN ENERGY,9501,LEBANON,Lebanon,3902.418936761176,NORMAL,-86.2979719691838,36.18060132318261
MIDDLE TENNESSEE OCCUPATIONAL,9501,LEBANON,Lebanon,3729.202056511615,NORMAL,-86.30135319741862,36.1787139129685
FETCHO'S PRECISION AUTO BODY ,9501,LEBANON,Lebanon,3049.93635541931,NORMAL,-86.3023573797084,36.17671792626201
UAW LOCAL,9501,LEBANON,Lebanon,2747.8149122194536,NORMAL,-86.3026001078493,36.17558227647691
CARTIME AUTO SALE & REPAIR,9501,LEBANON,Lebanon,2644.7555130629494,NORMAL,-86.3026808208943,36.17515285652101
SONIC,9501,LEBANON,Lebanon,2533.1422770627128,NORMAL,-86.3028464115954,36.1747690066634
GOLDEN BEAR LIQUORS,9501,LEBANON,Lebanon,2668.7331010885923,NORMAL,-86.3015978735342,36.174371529408496
UNITED AUTO WORKERS,9501,LEBANON,Lebanon,2219.6052291100655,NORMAL,-86.2992229941782,36.1747742280201
MIDDLE TENNESSEE ELECTRIC,9501,LEBANON,Lebanon,1843.502508607668,NORMAL,-86.2981102728838,36.174198967494
SIMPLY STORAGE,9501,LEBANON,Lebanon,2215.3030953585585,NORMAL,-86.3006570458873,36.17321403472461
THP/DRIVERS LICENSE,9501,LEBANON,Lebanon,1467.5961025207303,NORMAL,-86.2979452018254,36.172846862973806
RED DOT STORAGE,9501,LEBANON,Lebanon,1274.7626868563711,NORMAL,-86.2954542910741,36.17367453960088
LOCHINVAR,9501,LEBANON,Lebanon,678.5412304434229,WATCH,-86.2896692519428,36.17158534424891
DANNY HERMAN TRUCKING,9501,LEBANON,Lebanon,1455.4661342735774,NORMAL,-86.2853510033073,36.17460969124642
SCHOOL BUS SHOP,9501,LEBANON,Lebanon,1380.1127983819783,NORMAL,-86.2880382088466,36.173374793067296
PFG/LESTER ,9501,LEBANON,Lebanon,1648.9247658678264,NORMAL,-86.2868124751172,36.1753540196461
LIFEWAY,9501,LEBANON,Lebanon,1099.6521381956588,NORMAL,-86.2856908418462,36.177508488593304
WATER & WASTE AUTHORITY,9501,LEBANON,Lebanon,124.27358366984873,HIGH,-86.2817531220286,36.17815966081871
FAMOUS FOOTWEAR,9501,LEBANON,Lebanon,1518.1201509496059,NORMAL,-86.283980142386,36.18208320661929
WYTHE-WILL DISTRIBUTION,9501,LEBANON,Lebanon,318.3920088904149,WATCH,-86.2802130128273,36.180467663459915
PFG LESTER,9501,LEBANON,Lebanon,773.8119247936819,WATCH,-86.2754347314977,36.18305872768341
SPECIALTY BREADS,9501,LEBANON,Lebanon,569.6707445157901,WATCH,-86.2768297255446,36.1812556902369
CRACKER BARREL DISTR,9501,LEBANON,Lebanon,1180.1128499019942,NORMAL,-86.2809790649886,36.1828313429677
PROSPECT,9501,LEBANON,Lebanon,415.8156744068184,WATCH,-86.2703076456511,36.18316808205019
AMERICAN CORRUGATED ,9501,LEBANON,Lebanon,811.5573940768229,WATCH,-86.2698325653804,36.184278386787014
ROYAL CANIN,9501,LEBANON,Lebanon,1264.9301812089604,NORMAL,-86.2734380440113,36.185862042158504
NASHVILLE REFRIGERATED SERVICES,9501,LEBANON,Lebanon,655.4867914186153,WATCH,-86.2713926370722,36.18425676766499
UNCLE PETES,9501,LEBANON,Lebanon,963.6422194765063,WATCH,-86.2675472995774,36.185222025222
NEW MOON BBQ,9501,LEBANON,Lebanon,3219.2756385843404,NORMAL,-86.2762142597501,36.1974360982426
HOME DEPOT,9501,LEBANON,Lebanon,4666.035076829797,NORMAL,-86.3217330936126,36.186010212744605
SHELL,9501,LEBANON,Lebanon,3969.1405375347404,NORMAL,-86.3254090767566,36.187221243670905
CHILIS,9501,LEBANON,Lebanon,4113.617199556259,NORMAL,-86.3253407878538,36.1877841773475
WILSON COUNTY MOTORS,9501,LEBANON,Lebanon,4740.263947311172,NORMAL,-86.3244539767851,36.189557957828285
HARTMANN PLANTATION,9501,LEBANON,Lebanon,3418.1891930323386,NORMAL,-86.3379662484606,36.1922438667581
CIRCLE K,9501,LEBANON,Lebanon,4835.507720098466,NORMAL,-86.332380056921,36.19636267679701
FIRESTONE,9501,LEBANON,Lebanon,5118.2859895022875,NORMAL,-86.331598187277,36.195117239788985
FAIRVIEW CHURCH,9501,LEBANON,Lebanon,6007.792535197262,NORMAL,-86.3274694012511,36.195500495238996
COLLEGE HILLS CHURCH OF CHRIST,9501,LEBANON,Lebanon,7580.801843179827,NORMAL,-86.3221915398136,36.19807281766281
JOURNEY CHURCH,9501,LEBANON,Lebanon,7373.572355453428,NORMAL,-86.3208582594519,36.1966227592733
WINFREE BRYANT MIDDLE SCHOOL,9501,LEBANON,Lebanon,8074.181363231311,NORMAL,-86.3207474840514,36.200657675217286
NATIONAL GUARD,9501,LEBANON,Lebanon,7432.590528822169,NORMAL,-86.3173401506596,36.1942173864224
AAMCO TRANSMISSION,9501,LEBANON,Lebanon,5264.468229161266,NORMAL,-86.3405624875071,36.22031993786441
FIRESTONE ,9501,LEBANON,Lebanon,5176.321113471685,NORMAL,-86.3408534608968,36.220427183827205
ADVANCE CHIROPACTIC ,9501,LEBANON,Lebanon,5393.510798435562,NORMAL,-86.3393504905706,36.2190853208533
VANDERBILT HEALTH,9501,LEBANON,Lebanon,5162.171446579843,NORMAL,-86.3400722625343,36.21874647758053
GREENTREE POINT,9501,LEBANON,Lebanon,5090.4990169273815,NORMAL,-86.341695505717,36.220111383906605
TACO BELL,9501,LEBANON,Lebanon,4363.865561124714,NORMAL,-86.3444250748932,36.22088765984382
SNOW WHITE,9501,LEBANON,Lebanon,3581.243304841519,NORMAL,-86.3471773638942,36.2220014553837
PUBLIX,9501,LEBANON,Lebanon,3503.322832215978,NORMAL,-86.3453267109288,36.22332956984891
ASCEND FEDERAL CREDIT UNION,9501,LEBANON,Lebanon,3681.255228730088,NORMAL,-86.3459955613034,36.22228240437491
MAPLE HILL CHURCH OF CHRIST,9501,LEBANON,Lebanon,3222.314004346656,NORMAL,-86.3472995601855,36.22309202010441
SPORT CLIPS,9501,LEBANON,Lebanon,3633.803371696319,NORMAL,-86.3448907708283,36.22316443363142
FRESENIUS,9501,LEBANON,Lebanon,3742.490382760162,NORMAL,-86.3445187518041,36.2230359721057
NAILS SO HAPPY,9501,LEBANON,Lebanon,3365.8653905101455,NORMAL,-86.3457870039649,36.223506433699484
SPORTS VILLAGE,9501,LEBANON,Lebanon,2368.7484278467855,NORMAL,-86.3502042864423,36.2245107641209
CUMBERLAND ANIMAL HOSP,9501,LEBANON,Lebanon,1822.2042364417723,NORMAL,-86.35558457934,36.225952458890916
MILLER TANNER ASSOCIATES,9501,LEBANON,Lebanon,2167.536882575433,NORMAL,-86.3576217342165,36.22582340404521
BETHLEHEM UNITED METHODIST CHURCH,9501,LEBANON,Lebanon,2466.4894043980485,NORMAL,-86.3585378801256,36.225365723028716
FRANKLIN'S GROCERY,9501,LEBANON,Lebanon,2204.4475238037985,NORMAL,-86.3882270066432,36.23513390742799
BRIDGE FELLOWSHIP CHURCH,9501,LEBANON,Lebanon,877.4755535977299,WATCH,-86.4059402884438,36.23807587500929
SUPERIOR DRIVER SOURCE,9501,LEBANON,Lebanon,1922.5969698063986,NORMAL,-86.3943521025205,36.236580541482276
LEBANON FIRE #3,9501,LEBANON,Lebanon,2012.5792797276083,NORMAL,-86.3939646902193,36.2364261450716
WEST HAVEN BAPTIST CHURCH,9501,LEBANON,Lebanon,288.3536376043594,WATCH,-86.4196090263307,36.2337320904763
BURDINE SUPPLY,9500,(Unincorporated),Unincorporated,925.6667604645863,WATCH,-86.4399571903814,36.2331904237926
CENTENNIAL ROOFING,9500,(Unincorporated),Unincorporated,1152.5167753305939,NORMAL,-86.4416039656077,36.23335037698699
COOKS UNITED METHODIST,9500,(Unincorporated),Unincorporated,3798.7210144426326,NORMAL,-86.4557074974646,36.23650278652071
WEST ELEMENTARY,9500,(Unincorporated),Unincorporated,143.557579520586,HIGH,-86.4799420926298,36.2314014448338
MIDDLE TENN ELECTRIC,9500,(Unincorporated),Unincorporated,763.9640789141883,WATCH,-86.47744462162031,36.230350706405
WELDING TECHNIQUES & SERVICES IN,9503,MT. JULIET,Mt. Juliet,73.73821566467691,HIGH,-86.48292915969292,36.2316413458976
A-TEAM SERVICES INC,9503,MT. JULIET,Mt. Juliet,189.39575330297134,HIGH,-86.4844766909406,36.23289036110161
SILVER SPRINGS BAPTIST CHURCH,9503,MT. JULIET,Mt. Juliet,552.308696962468,WATCH,-86.4910388459109,36.23130867911001
JOY CHURCH,9503,MT. JULIET,Mt. Juliet,401.3294599945003,WATCH,-86.49274993337922,36.2338498130748
MINCHEYS LANDSCAPING ,9503,MT. JULIET,Mt. Juliet,152.63017637044743,HIGH,-86.4993990155264,36.23167621823659
PARRISH AND ASSOCIATES,9503,MT. JULIET,Mt. Juliet,559.5112488348412,WATCH,-86.5017476279018,36.23054575846739
GOLDEN BEAR GAS STATION,9503,MT. JULIET,Mt. Juliet,674.6892323037388,WATCH,-86.5022045203145,36.230562936287015
TRIGREEN EQUIPMENT,9503,MT. JULIET,Mt. Juliet,813.0302899637961,WATCH,-86.5040992627552,36.23064184127902
MT JULIET LITTLE LEAGUE,9503,MT. JULIET,Mt. Juliet,485.0207942434797,WATCH,-86.5071411848526,36.231627747671205
WEST WILSON UTILITY DISTRICT,9503,MT. JULIET,Mt. Juliet,1181.9401057700088,NORMAL,-86.5090961653081,36.23054076527469
CEDAR STONE BANK,9503,MT. JULIET,Mt. Juliet,1925.6432378829802,NORMAL,-86.5142238110488,36.22981608671081
REGIONS BANK,9503,MT. JULIET,Mt. Juliet,2153.1299617452455,NORMAL,-86.51431899603,36.229192717682324
WILSON CENTRAL HIGH SCHOOL,9501,LEBANON,Lebanon,493.29223035435126,WATCH,-86.3950228361109,36.1334681221191
LEVITON ,9501,LEBANON,Lebanon,492.12764721392136,WATCH,-86.4090715748476,36.12705733869019
PERMOBIL,9501,LEBANON,Lebanon,425.12595591752574,WATCH,-86.4075705580986,36.124615838126694
AMAZON,9501,LEBANON,Lebanon,448.81894056764736,WATCH,-86.4090206428334,36.1199094833237
PRIME SOURCE BUILDING PRODUCTS,9501,LEBANON,Lebanon,1219.8451113353326,NORMAL,-86.3967724791477,36.1381743010827
GXO,9501,LEBANON,Lebanon,352.0924574133834,WATCH,-86.3938232987989,36.13814148201838
VISTEON CORPORATION,9501,LEBANON,Lebanon,1463.5385296440766,NORMAL,-86.3987412388645,36.140575276018374
CARLEX GLASS AMERICA,9501,LEBANON,Lebanon,1332.019914983838,NORMAL,-86.3990623553247,36.14082602561789
BRIDGESTONE FIRESTONE,9501,LEBANON,Lebanon,1448.8411820922818,NORMAL,-86.3968346140772,36.1430767769547
GENESCO,9501,LEBANON,Lebanon,1036.3775003719832,NORMAL,-86.3953111620844,36.1649243809176
GLADEVILLE BAPTIST ,9500,(Unincorporated),Unincorporated,1233.2520988394747,NORMAL,-86.4161707411186,36.112376430980376
GLADEVILLE UNITED METHODIST CHURCH,9500,(Unincorporated),Unincorporated,2285.3317876107453,NORMAL,-86.4200660923983,36.11256042968858
GLADEVILLE ELEMENTARY SCHOOL,9500,(Unincorporated),Unincorporated,1971.9257882349061,NORMAL,-86.4187457179691,36.11204168835841
US POST OFFICE,9500,(Unincorporated),Unincorporated,2497.7558038822085,NORMAL,-86.4208176157074,36.11260582557021
DOLLAR GENERAL STORE,9500,(Unincorporated),Unincorporated,2723.434567714248,NORMAL,-86.4215208309669,36.11232103459759
GLADEVILLE SMOKE SHOP,9500,(Unincorporated),Unincorporated,2665.387618688535,NORMAL,-86.4213126618383,36.1123017314
WEMA,9500,(Unincorporated),Unincorporated,2080.155983591586,NORMAL,-86.4194035534665,36.11273475003209
WILSON BANK & TRUST,9500,(Unincorporated),Unincorporated,1720.407635562911,NORMAL,-86.4182557935477,36.11309642359961
COUNTRY HAVEN CAFE,9500,(Unincorporated),Unincorporated,1238.5260659786122,NORMAL,-86.416445091481,36.1127993696361
HEAD RUSH BARBER AND STYLE,9500,(Unincorporated),Unincorporated,1368.6971456168499,NORMAL,-86.4167300280707,36.11243878864091
GLADEVILLE MOTORS,9500,(Unincorporated),Unincorporated,1101.7036554659367,NORMAL,-86.4159505240682,36.1128172908114
R & C CONSTRUCTION CO,9500,(Unincorporated),Unincorporated,1039.0864636441283,NORMAL,-86.4157804270771,36.11293004913159
GLADEVILLE CHURCH OF CHRIST,9500,(Unincorporated),Unincorporated,692.8874384846046,WATCH,-86.414895499832,36.11392203366279
GLADESVILLE MISSIONARY BAPTIST C,9500,(Unincorporated),Unincorporated,1588.609772944269,NORMAL,-86.4171390315445,36.12119625590539
WILSON SPORTING GOODS,9500,(Unincorporated),Unincorporated,3031.7644644578595,NORMAL,-86.43767357529201,36.064642217175404
VIJON INC,9500,(Unincorporated),Unincorporated,2668.1687936324206,NORMAL,-86.4428687616867,36.06635543062811
BIG G EXPRESS,9500,(Unincorporated),Unincorporated,4063.5209771430345,NORMAL,-86.434841841098,36.066496254183505
ALDI INC,9500,(Unincorporated),Unincorporated,1494.4980127542276,NORMAL,-86.436335262108,36.058615879590896
DENSO,9500,(Unincorporated),Unincorporated,5525.582417281668,NORMAL,-86.4331833760269,36.07045115454813
DOLLAR GENERAL,9500,(Unincorporated),Unincorporated,2163.410918911402,NORMAL,-86.5194215657735,36.124859186753156
GEODIS,9500,(Unincorporated),Unincorporated,2320.299507438745,NORMAL,-86.4355262931237,36.06097637088592
PIZZA HUT,9503,MT. JULIET,Mt. Juliet,1413.6961825574474,NORMAL,-86.5129671107284,36.1607427334309
PRECISION EYE CARE,9503,MT. JULIET,Mt. Juliet,1442.275502731182,NORMAL,-86.5129386803886,36.16091959738571
PUBLIX,9503,MT. JULIET,Mt. Juliet,1411.6184588959402,NORMAL,-86.5128381122366,36.161206146759184
NAILS 1ST,9503,MT. JULIET,Mt. Juliet,1311.8986625582552,NORMAL,-86.5126659569193,36.162233198025596
MORI MORI,9503,MT. JULIET,Mt. Juliet,1316.6520210643348,NORMAL,-86.5125804444212,36.16247011056679
PRIDE CLEANERS,9503,MT. JULIET,Mt. Juliet,1477.5082391427704,NORMAL,-86.5120344119004,36.1624323676503
SOUTHEASTERN DENTAL,9503,MT. JULIET,Mt. Juliet,1502.102169234424,NORMAL,-86.5119474317889,36.16244227550421
FIRST FREEDOM BANK,9503,MT. JULIET,Mt. Juliet,1013.1882701554407,NORMAL,-86.5135666044543,36.1636297798818
JONATHAN'S GRILLE,9503,MT. JULIET,Mt. Juliet,1497.2056519182943,NORMAL,-86.5118848780152,36.16332120706823
HOLIDAY INN EXPRESS,9503,MT. JULIET,Mt. Juliet,747.3228552954234,WATCH,-86.5144275971127,36.16331392525141
REGIONS BANK,9503,MT. JULIET,Mt. Juliet,532.4871763144979,WATCH,-86.5153751746608,36.16388809350782
ZAXBY'S,9503,MT. JULIET,Mt. Juliet,785.6179568662939,WATCH,-86.5148866481511,36.15966185507621
SONIC DRIVE IN,9503,MT. JULIET,Mt. Juliet,988.2500456895752,WATCH,-86.5149647030271,36.160271018697
WILSON BANK & TRUST,9503,MT. JULIET,Mt. Juliet,1049.078144053028,NORMAL,-86.5147168259891,36.1606812689456
MCDONALDS,9503,MT. JULIET,Mt. Juliet,927.2727880199486,WATCH,-86.5146752776416,36.1613481731439
PETSMART,9503,MT. JULIET,Mt. Juliet,2629.9530265163376,NORMAL,-86.5081408956962,36.1642402081392
HAVERTY'S FURNITURE,9503,MT. JULIET,Mt. Juliet,2681.514540423435,NORMAL,-86.5080469218288,36.1646278576988
STAPLES,9503,MT. JULIET,Mt. Juliet,2718.9747514193587,NORMAL,-86.5080162814414,36.16498662580481
JCPENNEY,9503,MT. JULIET,Mt. Juliet,2799.820605214351,NORMAL,-86.5079448344018,36.16558593058952
ROSS,9503,MT. JULIET,Mt. Juliet,2727.8585439413528,NORMAL,-86.5078364760013,36.166299849604314
OLD NAVY,9503,MT. JULIET,Mt. Juliet,2617.514102020611,NORMAL,-86.5077490311449,36.16660544194561
RACK ROOM SHOES,9503,MT. JULIET,Mt. Juliet,2575.4648441245804,NORMAL,-86.5092997473493,36.1665762464127
CHICOS,9503,MT. JULIET,Mt. Juliet,2289.7963863612035,NORMAL,-86.5100225424496,36.166004483212824
TALBOTS,9503,MT. JULIET,Mt. Juliet,2212.883103233907,NORMAL,-86.5100894974942,36.165623622895794
SOMA INTIMATES,9503,MT. JULIET,Mt. Juliet,2177.021950344434,NORMAL,-86.5101128566731,36.16541463632001
FULIN'S ASIAN CUISINE,9503,MT. JULIET,Mt. Juliet,2097.7541111701107,NORMAL,-86.5102197239487,36.1650212077347
COMFORT SUITES,9501,LEBANON,Lebanon,4409.828150719986,NORMAL,-86.3008076951117,36.181163166369615
LA QUINTA INN & SUITES,9501,LEBANON,Lebanon,4365.151536106083,NORMAL,-86.3017594070011,36.18118242545061
TRAVEL INN,9501,LEBANON,Lebanon,4135.469335513486,NORMAL,-86.30118921538931,36.18013209475782
LEBANON AUTO SALES AND REPAIR,9501,LEBANON,Lebanon,3975.681638394568,NORMAL,-86.3026520015752,36.18038405893069
MIDDLE TENNESSEE ELECTRIC CORP,9501,LEBANON,Lebanon,4154.297384525863,NORMAL,-86.2964022145226,36.18161854189072
LOGAN'S,9501,LEBANON,Lebanon,4449.473307508631,NORMAL,-86.2953383433098,36.18325516765311
SONIC,9501,LEBANON,Lebanon,801.9588389339189,WATCH,-86.4108612889307,36.18823849362431
WOOD SPRINGS SUITES,9501,LEBANON,Lebanon,1485.1010449300027,NORMAL,-86.4116379390896,36.185177078874716
SLEEP INN AND SUITES,9501,LEBANON,Lebanon,1427.1300206714407,NORMAL,-86.41084316053322,36.186202279400106
NASHVILLE AUTO AUCTIONS,9501,LEBANON,Lebanon,1486.9068270818234,NORMAL,-86.4442353091532,36.184149297929416
GENESEE A & B,9501,LEBANON,Lebanon,833.9143249115572,WATCH,-86.4368035084947,36.1858990140082
HEARTLAND EXPRESS,9501,LEBANON,Lebanon,1420.6828035913666,NORMAL,-86.4359410346881,36.184397005150196
TRUCKER HEAVEN,9501,LEBANON,Lebanon,1131.4378436265868,NORMAL,-86.4354875464936,36.1853772601969
NCS,9501,LEBANON,Lebanon,1790.7480157696734,NORMAL,-86.4286359191383,36.18451162931641
CENTRAL FREIGHT LINES,9501,LEBANON,Lebanon,1291.2595820941651,NORMAL,-86.4225958688556,36.185059431279704
RITCHIE BROTHERS AUCTIONEERS,9501,LEBANON,Lebanon,330.24700147365064,WATCH,-86.425599756199,36.181117236661514
MENS WAREHOUSE,9503,MT. JULIET,Mt. Juliet,1851.1811830898228,NORMAL,-86.5120900333195,36.16639043614591
SEPHORA,9503,MT. JULIET,Mt. Juliet,2025.952596437255,NORMAL,-86.511262609729,36.1662908829611
LENSCRAFTERS,9503,MT. JULIET,Mt. Juliet,2188.8498723530056,NORMAL,-86.5118828266036,36.16756733691042
SALSARITA'S MT JULIET,9503,MT. JULIET,Mt. Juliet,2114.4144745788176,NORMAL,-86.5119401041352,36.16732863702979
"CORI""S DOG HOUSE",9503,MT. JULIET,Mt. Juliet,2147.155102027989,NORMAL,-86.5119143146289,36.167433667510004
ATT,9503,MT. JULIET,Mt. Juliet,1671.1810930493873,NORMAL,-86.51220887321341,36.165684529492395
SHELL,9503,MT. JULIET,Mt. Juliet,2667.190880054796,NORMAL,-86.5138790622789,36.17264962380239
MCDONALD'S/ BP STATION,9503,MT. JULIET,Mt. Juliet,2607.5879444362386,NORMAL,-86.5138293346414,36.17334034254161
7-ELEVEN,9503,MT. JULIET,Mt. Juliet,2204.2383998954333,NORMAL,-86.5124337203198,36.1732700331335
CHEDDARS,9503,MT. JULIET,Mt. Juliet,2554.006649981152,NORMAL,-86.51372626861692,36.174381675526895
FIRESTONE,9503,MT. JULIET,Mt. Juliet,2854.547970232382,NORMAL,-86.5147426730626,36.174118651379615
VISIONWORKS,9503,MT. JULIET,Mt. Juliet,2517.4722848405027,NORMAL,-86.5135257421026,36.17522611830842
PADDOCK PLACE DENTAL,9503,MT. JULIET,Mt. Juliet,2538.5723005639766,NORMAL,-86.5136142150552,36.17512167629489
PEPE WHOLESALE PIZZA,9501,LEBANON,Lebanon,1267.9134081183042,NORMAL,-86.41405916422671,36.187400860021704
RESA POWER NASHVILLE,9501,LEBANON,Lebanon,1372.3897581965082,NORMAL,-86.4168282800156,36.187047956557
SCHNEIDER,9501,LEBANON,Lebanon,1305.8522559652351,NORMAL,-86.4181993202922,36.18580420614101
TRACER ELECTRONICS,9501,LEBANON,Lebanon,1352.5646749809498,NORMAL,-86.4179163091171,36.1869587329134
MR IMPORT AND EXPORT,9501,LEBANON,Lebanon,1459.3625283729361,NORMAL,-86.433435388043,36.1855415934856
WEMA,9501,LEBANON,Lebanon,1737.8816436550703,NORMAL,-86.28692001933261,36.17430205779921
WILSON COUNTY TRANSPRTATION,9503,MT. JULIET,Mt. Juliet,586.3580086088296,WATCH,-86.5063041994352,36.18441899162248
WEST WILSON MIDDLE SCHOOL,9503,MT. JULIET,Mt. Juliet,1296.939503822066,NORMAL,-86.5099801079425,36.18408875750701
STONER CREEK ELEMENTARY,9503,MT. JULIET,Mt. Juliet,286.447079392186,WATCH,-86.5023438544633,36.1844298129624
MT JULIET CHRISTIAN ,9503,MT. JULIET,Mt. Juliet,1664.6448417149022,NORMAL,-86.5092178699331,36.181368809496405
FIRST BAPTIST CHURCH,9503,MT. JULIET,Mt. Juliet,1949.0703889234176,NORMAL,-86.5101615360192,36.18174635451909
LOWES,9503,MT. JULIET,Mt. Juliet,3182.335041737527,NORMAL,-86.5147084653341,36.17940926129549
WALMART,9503,MT. JULIET,Mt. Juliet,3561.769107400304,NORMAL,-86.5201340095455,36.17923339472392
ACADEMY SPORTS,9503,MT. JULIET,Mt. Juliet,4252.421372195784,NORMAL,-86.5204228179796,36.1757316117256
MT JULIET HIGH SCHOOL,9500,(Unincorporated),Unincorporated,142.33765430549326,HIGH,-86.4950635474044,36.21612252321771
SHELL,9503,MT. JULIET,Mt. Juliet,328.9118799768398,WATCH,-86.4909358919463,36.231953563687405
ENTERPRISE RENT-A-CAR,9503,MT. JULIET,Mt. Juliet,878.2048065299443,WATCH,-86.5086406735928,36.23128944485309
GERBER COLLISION & GLASS,9503,MT. JULIET,Mt. Juliet,942.8393838669108,WATCH,-86.5091117478364,36.23131416671751
HARDEES,9503,MT. JULIET,Mt. Juliet,1186.495623664845,NORMAL,-86.5106047324338,36.23134220227189
AUTOZONE,9503,MT. JULIET,Mt. Juliet,1223.2998871927957,NORMAL,-86.5110383809352,36.23140522775321
ACTION MARKETING & ASSOC,9503,MT. JULIET,Mt. Juliet,1421.9217638352422,NORMAL,-86.5123604182435,36.231304723801195
MT JULIET ANIMAL CLINIC,9503,MT. JULIET,Mt. Juliet,1393.3239268307502,NORMAL,-86.5120068864558,36.2312513789482
MCDONALDS,9503,MT. JULIET,Mt. Juliet,1377.0981299538093,NORMAL,-86.5143681102677,36.23132755995401
SUNTRUST,9503,MT. JULIET,Mt. Juliet,1487.5100687727054,NORMAL,-86.5158690141391,36.23127229998579
VALVOLINE,9503,MT. JULIET,Mt. Juliet,1643.491856764886,NORMAL,-86.5170533775407,36.231266262980185
FIRST BANK MORTGAGE,9503,MT. JULIET,Mt. Juliet,1427.625511193146,NORMAL,-86.5174077904968,36.2322263143013
BIKERS CHOICE,9503,MT. JULIET,Mt. Juliet,1861.3646663543911,NORMAL,-86.5182720118816,36.23125380643871
BURGER KING,9503,MT. JULIET,Mt. Juliet,2052.915721428636,NORMAL,-86.5192077061841,36.231255892361794
WILSON BANK & TRUST,9503,MT. JULIET,Mt. Juliet,3026.6410957251683,NORMAL,-86.5234507468855,36.23164278381001
O'REILLY AUTO PARTS,9503,MT. JULIET,Mt. Juliet,3189.9360666824655,NORMAL,-86.5239713675633,36.231486652218905
 ,9500,(Unincorporated),Unincorporated,504.34288782364104,WATCH,-86.5451845034321,36.22729782358841
COUNTRYSIDE ANIMAL HOSPITAL,9503,MT. JULIET,Mt. Juliet,2362.857935020355,NORMAL,-86.5318183406712,36.23138312097661
SOCCER FIELD,9501,LEBANON,Lebanon,9160.708207057602,NORMAL,-86.3015354177022,36.20372105421241
SOFTBALL FIELD,9501,LEBANON,Lebanon,9066.141340234914,NORMAL,-86.3010555161938,36.2034799833282
EDWARD LABRY HALL,9501,LEBANON,Lebanon,8845.019059508066,NORMAL,-86.3001666839009,36.2030901811491
DALLAS FLOYD RECREATION CENTER,9501,LEBANON,Lebanon,8611.260999231066,NORMAL,-86.2994178550514,36.203310462753294
W.P. BONE HALL,9501,LEBANON,Lebanon,8439.385016151864,NORMAL,-86.2987759704681,36.203179091580914
LEARNING COMMONS MARY WHITE HALL,9501,LEBANON,Lebanon,8231.352836225793,NORMAL,-86.29812251924942,36.203414388826786
JUSTIN POTTER HALL,9501,LEBANON,Lebanon,8124.3127130737485,NORMAL,-86.2979927907994,36.204250055835196
EDWARD POTTER HALL,9501,LEBANON,Lebanon,8073.534876952646,NORMAL,-86.2974438050925,36.20303349084921
MITCHELL STUDENT CENTER,9501,LEBANON,Lebanon,8287.657417103961,NORMAL,-86.2987082010212,36.20446527955251
JUNE AND BILL HEYDEL FINE ARTS CENTER,9501,LEBANON,Lebanon,8175.505401669224,NORMAL,-86.2986930729174,36.2052294137204
CATRON ALUMNI HOUSE,9501,LEBANON,Lebanon,8443.568781432057,NORMAL,-86.2997315795331,36.20535846586761
DORIS AND HARRY VISE LIBRARY,9501,LEBANON,Lebanon,8592.354352889262,NORMAL,-86.2999942023365,36.204782667213195
JENNINGS BATTING FACILITY,9501,LEBANON,Lebanon,8684.87134275721,NORMAL,-86.3005027835318,36.2051371733054
TOMMY GRAY TENNIS COURTS,9501,LEBANON,Lebanon,8786.01049422835,NORMAL,-86.3006398398186,36.2046580204234
BASEBALL PRESSBOX,9501,LEBANON,Lebanon,8848.709454606762,NORMAL,-86.3009583015895,36.2048432195346
STOCKTON HUNT STADIUM,9501,LEBANON,Lebanon,8883.502105731995,NORMAL,-86.3012455966828,36.20518873603339
DONNELL-KIRK SOCCER FIELDHOUSE,9501,LEBANON,Lebanon,9175.222238840908,NORMAL,-86.3018741290443,36.204280094051605
BASEBALL FIELDHOUSE,9501,LEBANON,Lebanon,8978.962155827561,NORMAL,-86.3014100551631,36.20479821797291
MEMORIAL HALL,9501,LEBANON,Lebanon,8680.014583918392,NORMAL,-86.2999005679051,36.203985515797086
RUDY HOUSE,9501,LEBANON,Lebanon,7957.596641528753,NORMAL,-86.2978382376798,36.20511992971958
PRE-K LEARNING CENTER,9501,LEBANON,Lebanon,7812.770846731592,NORMAL,-86.297433526901,36.20536637402918
WILSON COUNTY BAPTIST ASSOCIATION,9501,LEBANON,Lebanon,8076.430789880708,NORMAL,-86.2986643019232,36.20592350776429
CUMBERLAND ARTS ACADEMY,9501,LEBANON,Lebanon,7862.5499255365685,NORMAL,-86.2978149310667,36.20576651051141
"COMMONS 1""DORMS""",9501,LEBANON,Lebanon,7847.6726988741275,NORMAL,-86.2967579630189,36.2033522563037
"COMMONS 2 ""DORMS""",9501,LEBANON,Lebanon,8112.886726004886,NORMAL,-86.2971522453905,36.201895137992494
STARBUCKS WAREHOUSE,9501,LEBANON,Lebanon,715.5158819151713,WATCH,-86.39836141533722,36.12273925542979
ASSEMBLY HALL,9500,(Unincorporated),Unincorporated,24180.292224260316,NORMAL,-86.3233266710397,36.08432897058562
RANGER RESIDENCE,9500,(Unincorporated),Unincorporated,22530.092318473384,NORMAL,-86.3252314524136,36.08916966999771
SHELTER #1,9500,(Unincorporated),Unincorporated,23120.568632466937,NORMAL,-86.3245364418405,36.0874260930803
SHELTER #2,9500,(Unincorporated),Unincorporated,23178.789536095628,NORMAL,-86.32442164954,36.08724863678808
CABIN # 10 /RESIDENT HALL,9500,(Unincorporated),Unincorporated,23222.58718686579,NORMAL,-86.3235925881101,36.0870203250406
CABIN # 11 /RESIDENT HALL,9500,(Unincorporated),Unincorporated,23341.052960733352,NORMAL,-86.3228608638742,36.0866037965827
SHELTER #4,9500,(Unincorporated),Unincorporated,23452.5963996199,NORMAL,-86.324742660732,36.08652930332211
FOREST LODGE,9500,(Unincorporated),Unincorporated,23661.302506256943,NORMAL,-86.3242061710513,36.085878014021894
CABIN # 12 /RESIDENT HALL,9500,(Unincorporated),Unincorporated,23518.248599743118,NORMAL,-86.3224997726611,36.0860714663129
PARK RESIDENCE,9500,(Unincorporated),Unincorporated,23825.259371966702,NORMAL,-86.322338076828,36.08520282263498
PARK MAINTANCE,9500,(Unincorporated),Unincorporated,23437.03703523779,NORMAL,-86.3204748068621,36.08609291346071
CAMPGROUND #3 SHOWERS/RESTROOM,9500,(Unincorporated),Unincorporated,23851.862424907744,NORMAL,-86.3205241910105,36.084950885501115
PLAYGROUND,9500,(Unincorporated),Unincorporated,24096.1789909929,NORMAL,-86.3228256248173,36.08450526926521
NATURE CENTER,9500,(Unincorporated),Unincorporated,23882.542310195702,NORMAL,-86.3246795603508,36.085324000468724
SHELTER #7,9500,(Unincorporated),Unincorporated,24305.384034455394,NORMAL,-86.3235095779815,36.08400316144578
CAMPER CHECK IN/STORE,9500,(Unincorporated),Unincorporated,24538.911010288877,NORMAL,-86.3222608226638,36.083217670487386
ENTRANCE CAMPGROUND #2,9500,(Unincorporated),Unincorporated,24584.537282062865,NORMAL,-86.321191413594,36.08298628011419
ENTRANCE CAMPGROUND #3,9500,(Unincorporated),Unincorporated,24548.90169789223,NORMAL,-86.3213218912508,36.08309703581329
ENTRANCE CAMPGROUND #1,9500,(Unincorporated),Unincorporated,24606.165127151824,NORMAL,-86.3218712432752,36.082991873727515
CAMPGROUND #1 RESTROOM,9500,(Unincorporated),Unincorporated,24602.82230984387,NORMAL,-86.3230700689815,36.082697330013
RANGER RESIDENCE,9500,(Unincorporated),Unincorporated,24845.692881304843,NORMAL,-86.3211198894853,36.08200511351428
CAMPGROUND #2 SHOWERS/RESTROOM,9500,(Unincorporated),Unincorporated,24427.393307523955,NORMAL,-86.3198579383041,36.08330499812332
GROUP LODGE,9500,(Unincorporated),Unincorporated,23764.08790972916,NORMAL,-86.3238177101573,36.0799968943057
SHELTER #6,9500,(Unincorporated),Unincorporated,24047.81157108202,NORMAL,-86.3234042891083,36.0847057278324
SHELTER #5,9500,(Unincorporated),Unincorporated,23627.808116603297,NORMAL,-86.3232027443199,36.085847839768604
SPLASH PAD,9500,(Unincorporated),Unincorporated,25275.649828986414,NORMAL,-86.3173236680121,36.08079827369221
CABIN #1,9500,(Unincorporated),Unincorporated,25119.3005882951,NORMAL,-86.315550181352,36.081148822083
CABIN #2,9500,(Unincorporated),Unincorporated,25147.938676045604,NORMAL,-86.3153465922955,36.0810628387653
CABIN #3,9500,(Unincorporated),Unincorporated,25204.55240859478,NORMAL,-86.3147832557763,36.08088926638951
CABIN #8,9500,(Unincorporated),Unincorporated,25301.11336009281,NORMAL,-86.3144425974622,36.0806145107595
CABIN #7,9500,(Unincorporated),Unincorporated,25254.13387967463,NORMAL,-86.3142844616247,36.0807396671285
CABIN #6,9500,(Unincorporated),Unincorporated,25222.024208723586,NORMAL,-86.3139799133536,36.08082094086003
CABIN #5,9500,(Unincorporated),Unincorporated,25117.268727757564,NORMAL,-86.3139736138626,36.08110867426329
CABIN #4,9500,(Unincorporated),Unincorporated,25057.953572809703,NORMAL,-86.3142865948022,36.08127887914791
FRISBEE GOLF,9500,(Unincorporated),Unincorporated,25045.06593719916,NORMAL,-86.3169746379401,36.08141491239121
LIMESTONES SINK TRAIL,9500,(Unincorporated),Unincorporated,25138.17515871824,NORMAL,-86.3162228003514,36.078634601898095
SHELTER #9,9500,(Unincorporated),Unincorporated,24638.71531407757,NORMAL,-86.3169469223751,36.0771666166018
RESTROOMS,9500,(Unincorporated),Unincorporated,24531.18161577096,NORMAL,-86.317233702547,36.07698478185561
SHELTER #10,9500,(Unincorporated),Unincorporated,24536.894888425843,NORMAL,-86.31693305669282,36.07669655114681
HIDDEN SPRINGS TRAIL,9500,(Unincorporated),Unincorporated,24797.614987454108,NORMAL,-86.3159063931525,36.07678727055843
RANGERS RESIDENCE,9500,(Unincorporated),Unincorporated,23771.889258313753,NORMAL,-86.317497122087,36.07380280278651
CEDARS OFLEBANON STABLES,9500,(Unincorporated),Unincorporated,23361.695530964756,NORMAL,-86.3171400368361,36.0714255456064
HORSE TRAIL,9500,(Unincorporated),Unincorporated,23475.689220044496,NORMAL,-86.3167590899482,36.071527147483316
SHELTER #11,9500,(Unincorporated),Unincorporated,24503.88046728165,NORMAL,-86.3164477231901,36.07603164654051
CARETAKER,9500,(Unincorporated),Unincorporated,2136.3339982185853,NORMAL,-86.55062042497012,36.28152920920422
FIRE PIT,9500,(Unincorporated),Unincorporated,1286.469362566758,NORMAL,-86.553523656065,36.281269869847485
BASKETBALL COURT,9500,(Unincorporated),Unincorporated,1269.3669490946957,NORMAL,-86.5535618743561,36.28168173581201
STORAGE AND OLD CARETAKER HOUSE,9500,(Unincorporated),Unincorporated,856.808759545502,WATCH,-86.55497050338302,36.2818059470767
BUNK HOUSE,9500,(Unincorporated),Unincorporated,1002.6091256890172,NORMAL,-86.5545189940506,36.2820970204312
POOL HOUSE,9500,(Unincorporated),Unincorporated,1115.1584193205874,NORMAL,-86.5541943865898,36.28237549157329
PAVILION,9500,(Unincorporated),Unincorporated,1176.1697028713836,NORMAL,-86.5539662507295,36.28229870753691
SMALL POOL,9500,(Unincorporated),Unincorporated,1200.3009777717298,NORMAL,-86.5539265841559,36.282488885529595
MAIN POOL,9500,(Unincorporated),Unincorporated,1423.7193703121513,NORMAL,-86.5532523849699,36.282910881363286
MAIN POOL HOUSE,9500,(Unincorporated),Unincorporated,1372.542038078045,NORMAL,-86.5534120867127,36.28283718445919
PAVILION,9500,(Unincorporated),Unincorporated,1275.035309262404,NORMAL,-86.5537670099292,36.282917681292815
CHALET,9500,(Unincorporated),Unincorporated,1375.729618431062,NORMAL,-86.5533307810237,36.2825305292496
BASEBALL FIELD,9500,(Unincorporated),Unincorporated,1985.8753422094333,NORMAL,-86.5511505334255,36.28118914933521
FIREHOUSE SUBS,9503,MT. JULIET,Mt. Juliet,565.3596876027831,WATCH,-86.51595386297662,36.1615765622279
NTB,9503,MT. JULIET,Mt. Juliet,2222.4778842947826,NORMAL,-86.5123841250052,36.175770082260804
ALDI,9503,MT. JULIET,Mt. Juliet,2070.644484638695,NORMAL,-86.511754176097,36.17614236181591
ARBYS RESTAURANT,9503,MT. JULIET,Mt. Juliet,2249.4851793032344,NORMAL,-86.5126740586807,36.1747560700906
SUPER SPEED WASH,9503,MT. JULIET,Mt. Juliet,2322.1304393828364,NORMAL,-86.5122657643319,36.17744610595083
MT JULIET FAMILY WORSHIP,9503,MT. JULIET,Mt. Juliet,2229.633738891844,NORMAL,-86.5116962294673,36.1783408246003
BOB PARKS,9503,MT. JULIET,Mt. Juliet,2282.7142991077953,NORMAL,-86.5115855831252,36.17940132075571
PINNACLE FINANCIAL PARTNERS,9503,MT. JULIET,Mt. Juliet,2261.2313908948436,NORMAL,-86.5114951557693,36.1799452465254
LAFEVER ENTERPRISES INC,9503,MT. JULIET,Mt. Juliet,2592.4892968579948,NORMAL,-86.5125627937004,36.18111964395458
COMPREHENSIVE SLEEP,9503,MT. JULIET,Mt. Juliet,2150.3197970662136,NORMAL,-86.5122043844259,36.182590720835115
TENNESSEE IMPLANT ORAL SURGERY,9503,MT. JULIET,Mt. Juliet,1713.9606034063909,NORMAL,-86.5117700742831,36.18420786314781
PHARMACARE PRESCRIPTION ,9503,MT. JULIET,Mt. Juliet,1536.2467388012449,NORMAL,-86.51179576828731,36.1858882699858
ELIJAH BROWN DENTISTRY,9503,MT. JULIET,Mt. Juliet,1551.2308188680256,NORMAL,-86.5118806465324,36.186027288107404
BOND MEMORIAL CHAPEL,9503,MT. JULIET,Mt. Juliet,1464.6938997717427,NORMAL,-86.5116632869577,36.18662339440751
SMOOTHIE KING,9503,MT. JULIET,Mt. Juliet,653.6874300240839,WATCH,-86.5121499529121,36.1895902927171
EURO FIX,9503,MT. JULIET,Mt. Juliet,338.58007217015114,WATCH,-86.5122932301667,36.1905315842086
WILSON BANK & TRUST,9503,MT. JULIET,Mt. Juliet,940.237821179914,WATCH,-86.5160828285868,36.19231721269443
FAITH IS THE VICTORY CHURCH,9503,MT. JULIET,Mt. Juliet,285.35969380613153,WATCH,-86.5138767862049,36.192116565062406
MAIL AND PACKAGE CENTER,9503,MT. JULIET,Mt. Juliet,279.33376868072617,WATCH,-86.513871485646,36.192025020988396
DOLLAR GENERAL,9503,MT. JULIET,Mt. Juliet,1721.8781499954925,NORMAL,-86.514148359952,36.2303752098117
NATIONWIDE CARPETS,9503,MT. JULIET,Mt. Juliet,2707.0713519257215,NORMAL,-86.5136810196531,36.22767742908059
NOOK,9503,MT. JULIET,Mt. Juliet,3292.7386160140068,NORMAL,-86.5245288158724,36.23183251502441
PELICAN SNOBALLS,9503,MT. JULIET,Mt. Juliet,3321.113208522697,NORMAL,-86.5245393387838,36.23164361515462
SELLARS FUNERAL HOME,9503,MT. JULIET,Mt. Juliet,2335.246893122871,NORMAL,-86.5176327339329,36.20106828148301
ASCEND FEDERAL CREDIT ,9503,MT. JULIET,Mt. Juliet,3444.7427867820256,NORMAL,-86.515976499395,36.17812373625612
BARN,9500,(Unincorporated),Unincorporated,15759.365661408727,NORMAL,-86.10880600761782,36.04735686991
VETERAN'S MEMORIAL PLAZA,9501,LEBANON,Lebanon,4585.483137749465,NORMAL,-86.2864876378845,36.20731429499309
BAKER'S SCHOOL OF AERONAUTICS,9501,LEBANON,Lebanon,4425.488507846938,NORMAL,-86.3192185793955,36.18445242519867
FARM CREDIT SERVICES,9501,LEBANON,Lebanon,840.7928871506795,WATCH,-86.309121142367,36.1735114965818
HOME RUN MARKET,9500,(Unincorporated),Unincorporated,11519.42427842197,NORMAL,-86.4442012985366,36.2921929182279
GENESIS CAREER COLLEGE,9501,LEBANON,Lebanon,4942.033780338958,NORMAL,-86.3378588235421,36.21600929324039
LEBANON HIGH SCHOOL,9501,LEBANON,Lebanon,4706.859691749946,NORMAL,-86.3328543315323,36.205787386652
GOODWILL,9503,MT. JULIET,Mt. Juliet,628.1286795384224,WATCH,-86.516500602921,36.1648662876139
BUILDING 2,9501,LEBANON,Lebanon,5528.139881826942,NORMAL,-86.3341227646305,36.214043242284106
BUILDING 8,9501,LEBANON,Lebanon,5655.644379965275,NORMAL,-86.3336297284434,36.2140058567594
BUILDING 14,9501,LEBANON,Lebanon,5770.879921753566,NORMAL,-86.33315112966432,36.21390285473321
BUILDING 15,9501,LEBANON,Lebanon,5907.622406929897,NORMAL,-86.3326560958757,36.2139149493768
BUILDING 21,9501,LEBANON,Lebanon,5921.635456425536,NORMAL,-86.3324849858902,36.213669338705216
BUILDING 20,9501,LEBANON,Lebanon,5863.055097990664,NORMAL,-86.3325454083011,36.21334225429871
BUILDING 19,9501,LEBANON,Lebanon,5797.883036263621,NORMAL,-86.3326144411001,36.21296364149971
BUILDING 18,9501,LEBANON,Lebanon,5714.2115677245365,NORMAL,-86.3328705059523,36.21286001958309
BUILDING 17,9501,LEBANON,Lebanon,5761.738472418879,NORMAL,-86.3328292452409,36.21316010630508
BUILDING 16,9501,LEBANON,Lebanon,5816.239607273718,NORMAL,-86.3327906821117,36.21350680277238
BUILDING 12,9501,LEBANON,Lebanon,5636.256541372575,NORMAL,-86.3333208580897,36.2132451896124
BUILDING 13,9501,LEBANON,Lebanon,5700.384161831326,NORMAL,-86.3332409979441,36.21356731990482
BUILDING 10,9501,LEBANON,Lebanon,5559.331949269473,NORMAL,-86.3336140636842,36.213275855611585
BUILDING 9,9501,LEBANON,Lebanon,5627.985387676732,NORMAL,-86.33353254092461,36.21362231228591
BUILDING 11,9501,LEBANON,Lebanon,5534.778986100298,NORMAL,-86.3335277003005,36.212891232120306
BUILDING 5,9501,LEBANON,Lebanon,5351.765917407042,NORMAL,-86.334196917829,36.21291227343589
BUILDING 6,9501,LEBANON,Lebanon,5449.674682276339,NORMAL,-86.3339970441266,36.21324332146782
BUILDING 4,9501,LEBANON,Lebanon,5329.7131469099595,NORMAL,-86.3344705114824,36.21331640799231
BUILDING 3,9501,LEBANON,Lebanon,5403.973727211538,NORMAL,-86.3343944331588,36.213697188085
BUILDING 7,9501,LEBANON,Lebanon,5527.4993814501595,NORMAL,-86.3339229043494,36.21366558600391
ROLLINGWOOD APTS OFFICE,9501,LEBANON,Lebanon,5289.605117269261,NORMAL,-86.3347993168785,36.2136636363505
2563 Golden Bear Gateway,9503,MT. JULIET,Mt. Juliet,2942.806909689097,NORMAL,-86.491942529646,36.20313208810252
GLASS CREEK VILLAGE APARTMENTS,9503,MT. JULIET,Mt. Juliet,3976.837286311351,NORMAL,-86.5201619736688,36.17450874900243
CHRIST BORN AGAIN CHURCH,9500,(Unincorporated),Unincorporated,3920.470095815834,NORMAL,-86.0934992623264,36.141823115002815
MURPHY EXPRESS,9501,LEBANON,Lebanon,6600.074037699765,NORMAL,-86.2932349024571,36.19412245311621
LEBANON TRAIN STATION,9501,LEBANON,Lebanon,7041.656320734827,NORMAL,-86.2969670588479,36.21217297557537
SURGERY CENTER OF LEBANON,9501,LEBANON,Lebanon,4711.344986099888,NORMAL,-86.3441944432857,36.219435669388005
BANK TENNESSEE,9501,LEBANON,Lebanon,6160.854797088873,NORMAL,-86.3271918678759,36.20218133669868
THE LARKINS BUILDING,9501,LEBANON,Lebanon,7682.7356071019,NORMAL,-86.316426782586,36.21141786718451
PAVILION ASSISTED LIVING,9501,LEBANON,Lebanon,4342.650294871292,NORMAL,-86.3289436998476,36.223806914596196
HARTMANN COMMONS,9501,LEBANON,Lebanon,2541.105670987531,NORMAL,-86.3267527726708,36.18005668712972
KENWALL STEEL,9501,LEBANON,Lebanon,485.7709126851733,WATCH,-86.4283071544071,36.22466910053051
BUILDING #2  HAMILTON STATION CROSSINGS,9501,LEBANON,Lebanon,311.39973624462675,WATCH,-86.3647326683389,36.23357309473929
BUILDING #1  HAMILTON STATION CROSSINGS,9501,LEBANON,Lebanon,516.3399356134481,WATCH,-86.3654277001899,36.23356938645408
SOUTHEAST IMPRESSIONS,9501,LEBANON,Lebanon,7546.16694086249,NORMAL,-86.2942293374981,36.1999215475954
SPEEDWAY,9501,LEBANON,Lebanon,2480.515061360374,NORMAL,-86.302036201367,36.1733451490302
ASURION,9503,MT. JULIET,Mt. Juliet,578.8193566890296,WATCH,-86.5159800578818,36.161475852271096
GREAT CLIPS,9503,MT. JULIET,Mt. Juliet,571.7715794788239,WATCH,-86.5159696045588,36.16152450609512
HELEN NAILS,9503,MT. JULIET,Mt. Juliet,526.7461508988837,WATCH,-86.5159116512617,36.1618242955034
BLUE COAST BURRITO,9503,MT. JULIET,Mt. Juliet,513.2580269840291,WATCH,-86.5159088987584,36.16189583528469
TIRE DISCOUNTERS,9503,MT. JULIET,Mt. Juliet,1992.2081609047216,NORMAL,-86.509219783159,36.1699754845647
NATURAL NAILS TOO,9503,MT. JULIET,Mt. Juliet,1423.7210968844352,NORMAL,-86.5150391882574,36.16676999637339
PROVIDENCE MEDICAL PAVILION,9503,MT. JULIET,Mt. Juliet,1506.9509654962105,NORMAL,-86.5167702301849,36.167322722179776
CENTENNIAL PEDIATRICS,9503,MT. JULIET,Mt. Juliet,1423.4385773285346,NORMAL,-86.5159070328896,36.16699734412858
UNITY YOGA,9503,MT. JULIET,Mt. Juliet,2158.7663753846787,NORMAL,-86.5167241543137,36.16911678303011
SOUTHBEACH TANNING,9503,MT. JULIET,Mt. Juliet,2192.7039332206177,NORMAL,-86.5167087572672,36.1692092741567
ALTERATIONS,9503,MT. JULIET,Mt. Juliet,2222.0485172400763,NORMAL,-86.51668927656192,36.169288811939296
TA STAFFING,9503,MT. JULIET,Mt. Juliet,2445.158595768827,NORMAL,-86.5166439225928,36.1699008102244
THE AXE SHACK,9503,MT. JULIET,Mt. Juliet,2403.870884345157,NORMAL,-86.5170174417316,36.169813365704904
INSPIRE,9503,MT. JULIET,Mt. Juliet,2340.46199341585,NORMAL,-86.517421183466,36.1696704698154
MARGARITA HOUSE,9503,MT. JULIET,Mt. Juliet,2268.972730165981,NORMAL,-86.5174693333437,36.16947759011791
PORTER PAINTS,9503,MT. JULIET,Mt. Juliet,2209.1731257529636,NORMAL,-86.5175176955971,36.1693171401377
US BANK,9503,MT. JULIET,Mt. Juliet,2664.233697868304,NORMAL,-86.512865692758,36.179775662879486
VALVOLINE,9503,MT. JULIET,Mt. Juliet,2641.013660161755,NORMAL,-86.5129545092574,36.1789549961594
MURPHY EXPRESS,9503,MT. JULIET,Mt. Juliet,2605.922924560702,NORMAL,-86.51323094785221,36.17751965699021
LONGHORN,9503,MT. JULIET,Mt. Juliet,2589.2141432858352,NORMAL,-86.5134966377576,36.176353071887114
FAMILY CARE URGENT CARE,9503,MT. JULIET,Mt. Juliet,2600.057287082254,NORMAL,-86.5136423314772,36.1759604297754
BROOKSIDE LANDING,9503,MT. JULIET,Mt. Juliet,1312.2026364468961,NORMAL,-86.517165725906,36.1934488037614
TRUIST,9503,MT. JULIET,Mt. Juliet,1230.8327449473343,NORMAL,-86.5167585293426,36.1941640052033
AVENUE ANIMAL HOSPITAL,9503,MT. JULIET,Mt. Juliet,1375.2420972157663,NORMAL,-86.5172072950423,36.19441007683722
WHITTS BBQ,9503,MT. JULIET,Mt. Juliet,1538.2527425122594,NORMAL,-86.51769883482851,36.194718915431494
MT JULIET CHURCH OF CHRIST,9503,MT. JULIET,Mt. Juliet,2316.5871281098407,NORMAL,-86.519968605043,36.19702599173711
TOWN CENTER,9503,MT. JULIET,Mt. Juliet,1951.4485645310356,NORMAL,-86.5186013284821,36.1976126218625
YUMMY PHO BAC,9503,MT. JULIET,Mt. Juliet,2028.8634593522067,NORMAL,-86.518697536359,36.19813800766679
JETS PIZZA,9503,MT. JULIET,Mt. Juliet,2025.3229085593532,NORMAL,-86.5186423777462,36.198242415018704
KAT'S BAR AND GRILL,9503,MT. JULIET,Mt. Juliet,2045.396059668464,NORMAL,-86.5186705688849,36.198343978703576
CHILDRENS CLINIC EAST,9503,MT. JULIET,Mt. Juliet,1953.2302364841769,NORMAL,-86.5186336298015,36.1975132857617
FARM BUREAU,9503,MT. JULIET,Mt. Juliet,2056.449848508111,NORMAL,-86.5186475139964,36.19848104625311
LOCAL JOES CAFE,9503,MT. JULIET,Mt. Juliet,2073.6078504716,NORMAL,-86.5186619446002,36.1985796606834
MT JULIET CITY HALL,9503,MT. JULIET,Mt. Juliet,3112.7900453659445,NORMAL,-86.5178371214024,36.20364483144241
 ,9503,MT. JULIET,Mt. Juliet,3322.3927865896694,NORMAL,-86.5187666374827,36.203827313601316
US POST OFFICE,9503,MT. JULIET,Mt. Juliet,3396.254508502977,NORMAL,-86.5171737452922,36.20500324104809
ANIMAL CARE CENTER,9503,MT. JULIET,Mt. Juliet,3816.813988784102,NORMAL,-86.5158465737579,36.207358456319575
CEDAR CREEK POST ACUTE,9503,MT. JULIET,Mt. Juliet,3330.680537961939,NORMAL,-86.5187180365014,36.207714997058204
BLANKENSHIP CPA,9503,MT. JULIET,Mt. Juliet,3740.1097397426943,NORMAL,-86.5172863565949,36.20718413908821
DUNN COMMERCIAL GROUP,9503,MT. JULIET,Mt. Juliet,3555.461713238029,NORMAL,-86.5178736558099,36.20667089478611
GRACE UNITED METHODIST CHURCH,9503,MT. JULIET,Mt. Juliet,4354.230594673829,NORMAL,-86.5145028625347,36.210036001588016
MT JULIET FOOD MARKET,9503,MT. JULIET,Mt. Juliet,2524.6628487641633,NORMAL,-86.5191523752541,36.20042625848652
OAKLAND PLACE,9503,MT. JULIET,Mt. Juliet,2460.345855472384,NORMAL,-86.5191909379472,36.2000609705519
CRASH CHAMPIONS COLLISION REPAIR,9503,MT. JULIET,Mt. Juliet,2055.12978279743,NORMAL,-86.5161096227312,36.2010871364851
MT JULIET ANIMAL SHELTER,9503,MT. JULIET,Mt. Juliet,2125.6242810542435,NORMAL,-86.5155069442617,36.20160954136121
SHELTER INSURANCE,9503,MT. JULIET,Mt. Juliet,2931.4235432432265,NORMAL,-86.51876642489101,36.202449250461704
CITY OF MT JULIET FINANCE & SEWER ACCOUNTING,9503,MT. JULIET,Mt. Juliet,2941.577224634926,NORMAL,-86.5182012998503,36.202864203378404
DEACONESS HOME CARE,9503,MT. JULIET,Mt. Juliet,3327.855520580515,NORMAL,-86.51856447848232,36.203961919265105
ASHWOOD STATION,9503,MT. JULIET,Mt. Juliet,3442.6641473456716,NORMAL,-86.5182118003588,36.205155991992605
MT JULIET AME,9503,MT. JULIET,Mt. Juliet,3285.7050533783904,NORMAL,-86.518730904257,36.2057327444224
THE FRAME CORNER,9503,MT. JULIET,Mt. Juliet,3964.2484438888205,NORMAL,-86.5167659220361,36.21028477992002
CELEBRATION LUTHERAN CHURCH,9503,MT. JULIET,Mt. Juliet,4671.43867351907,NORMAL,-86.5150513366032,36.217757424785
COVENANT FELLOWSHIP CHURCH OF NAZARENE,9503,MT. JULIET,Mt. Juliet,3971.0976529162963,NORMAL,-86.5172725894646,36.2162367086871
FAULKNER LANDING,9503,MT. JULIET,Mt. Juliet,4475.042261999572,NORMAL,-86.5157165601706,36.2177290242316
FIT PHYSIQUES,9503,MT. JULIET,Mt. Juliet,4325.226972342252,NORMAL,-86.5162129439785,36.217603289559015
MERLE NORMAN,9503,MT. JULIET,Mt. Juliet,4437.655656249986,NORMAL,-86.5158406708818,36.2176998798424
DOUBLE IMAGE SALON,9503,MT. JULIET,Mt. Juliet,4442.67758682765,NORMAL,-86.5158312526551,36.217772028281
WORLD FINANCE,9503,MT. JULIET,Mt. Juliet,4444.939108288591,NORMAL,-86.51583024964981,36.2178349841784
MORTGAGE SOLUTIONS,9503,MT. JULIET,Mt. Juliet,4449.423959627395,NORMAL,-86.5158207122841,36.217888819926
CANDLE LAB,9503,MT. JULIET,Mt. Juliet,4451.395883524229,NORMAL,-86.5158181404652,36.2179277464517
BIG STAR CIGAR,9503,MT. JULIET,Mt. Juliet,4459.866049974633,NORMAL,-86.5157944411798,36.217975920705896
DUBE ORTHOPEDICS,9503,MT. JULIET,Mt. Juliet,4468.550451283423,NORMAL,-86.5158460184347,36.218739132595196
NATIONWIDE INSURANCE,9503,MT. JULIET,Mt. Juliet,2817.933844480793,NORMAL,-86.5137259429284,36.227370969627195
COURTNEYS ,9503,MT. JULIET,Mt. Juliet,2910.3847865549324,NORMAL,-86.5147626795837,36.22712734045751
SHILOH MUSIC,9503,MT. JULIET,Mt. Juliet,3003.4908272519824,NORMAL,-86.5148203678453,36.226874143346805
TIDWELL'S TOTS CHILD CARE,9503,MT. JULIET,Mt. Juliet,3003.7478250396643,NORMAL,-86.5133799934773,36.2268133136225
SHORT CAKE CAKERY,9503,MT. JULIET,Mt. Juliet,3058.9571014457297,NORMAL,-86.5134166066092,36.226649865471316
BENIKI NAIL SALON,9503,MT. JULIET,Mt. Juliet,3079.3313778503566,NORMAL,-86.513425619345,36.22658725784011
LIBERTY TAX,9503,MT. JULIET,Mt. Juliet,3362.061355701058,NORMAL,-86.5138617203158,36.225869662902305
GOURMET DONUTS,9503,MT. JULIET,Mt. Juliet,3335.1897167554553,NORMAL,-86.5138565643413,36.22594598903761
MT JULIET DISCOUNT TOBACCO,9503,MT. JULIET,Mt. Juliet,3386.7660134991934,NORMAL,-86.5138894977754,36.2257962912154
NEXT QUALITY HAIRCUTS,9503,MT. JULIET,Mt. Juliet,3426.537626260347,NORMAL,-86.513909325153,36.225658858208796
SUPERIOR,9501,LEBANON,Lebanon,2325.7010513405717,NORMAL,-86.323405516144,36.2293171523868
DOLLAR GENERAL,9503,MT. JULIET,Mt. Juliet,819.6224980046238,WATCH,-86.5111154514139,36.1886746521889
ALLSTATE INSURANCE,9503,MT. JULIET,Mt. Juliet,301.6353124784425,WATCH,-86.5108121944094,36.1902320952398
HOUSTONS MEATS,9503,MT. JULIET,Mt. Juliet,3682.109093165833,NORMAL,-86.5148926462886,36.225009878010816
CRESTVIEW COMMONS,9503,MT. JULIET,Mt. Juliet,4473.600469130095,NORMAL,-86.5142462197882,36.22219201784521
MT JULIET AUTO SPA,9503,MT. JULIET,Mt. Juliet,4634.759759131015,NORMAL,-86.5140018512546,36.221539504832
CITY OF MT JULIET POLICE DEPT,9503,MT. JULIET,Mt. Juliet,4316.262336228033,NORMAL,-86.5127649337733,36.22197155209701
PRECISION POOLS,9503,MT. JULIET,Mt. Juliet,3587.6593824406964,NORMAL,-86.5139525530326,36.225084957915314
SONIC,9503,MT. JULIET,Mt. Juliet,4732.163198710935,NORMAL,-86.514521174778,36.221488269881306
MOSS'S FLOWER SHOP,9503,MT. JULIET,Mt. Juliet,4713.052488808755,NORMAL,-86.5154176182858,36.221844353065016
MT JULIET SALON,9503,MT. JULIET,Mt. Juliet,4721.190882622199,NORMAL,-86.5154190329879,36.2216877576603
BILLY GOATS COFFEE,9503,MT. JULIET,Mt. Juliet,4733.58515154351,NORMAL,-86.5153939444009,36.221594772139
Sutton Properties,9503,MT. JULIET,Mt. Juliet,4775.248415163062,NORMAL,-86.5151961070274,36.2210447950834
TENTHIRTYFIVE,9503,MT. JULIET,Mt. Juliet,4664.034548050992,NORMAL,-86.5153616977284,36.220110776075195
NUTRITION OUTLET,9503,MT. JULIET,Mt. Juliet,4638.687469162579,NORMAL,-86.515444422801,36.22008852294622
SASSY DAISY BOUTIQUE,9503,MT. JULIET,Mt. Juliet,4608.791073458238,NORMAL,-86.5155417071405,36.2200606379562
DOCTORS DIET PROGRAM,9503,MT. JULIET,Mt. Juliet,4581.72852268827,NORMAL,-86.5156290975464,36.2200316505526
ANDERSON INSURANCE,9503,MT. JULIET,Mt. Juliet,4554.316652697121,NORMAL,-86.5157168069708,36.2199976832763
SIGNARAMA,9503,MT. JULIET,Mt. Juliet,4539.118831683822,NORMAL,-86.5157673697246,36.21998935981819
INVIGORATE HEALTH,9503,MT. JULIET,Mt. Juliet,4527.754185470785,NORMAL,-86.5158003907445,36.21995666152902
CANDIED RIB COMPANY,9503,MT. JULIET,Mt. Juliet,4598.575184924016,NORMAL,-86.5155306059047,36.2197952838455
DRAGONFLY CONSIGNMENT,9503,MT. JULIET,Mt. Juliet,4589.920651662362,NORMAL,-86.5155407337499,36.2196693374596
BARBER SHOP,9503,MT. JULIET,Mt. Juliet,4594.943001830241,NORMAL,-86.5155311736452,36.219719739529104
LEE COMPANY,9503,MT. JULIET,Mt. Juliet,4546.530244780715,NORMAL,-86.5156480171632,36.219364962576414
FRANKLIN FAMILY EYE CARE,9503,MT. JULIET,Mt. Juliet,4462.100267998744,NORMAL,-86.5158218839918,36.21830561314962
WEST WILSON FAMILY PRACTICE CENTER,9503,MT. JULIET,Mt. Juliet,4459.762509143053,NORMAL,-86.5159087790378,36.21904826102297
BUILDING 1,9503,MT. JULIET,Mt. Juliet,3581.171148011827,NORMAL,-86.5199146065682,36.1733846359835
BUILDING 2,9503,MT. JULIET,Mt. Juliet,3409.0207914983944,NORMAL,-86.5200138220583,36.17291832653621
GARAGE,9503,MT. JULIET,Mt. Juliet,2253.200252496531,NORMAL,-86.5218961613552,36.16992145850381
GARAGE,9503,MT. JULIET,Mt. Juliet,2554.1446932628423,NORMAL,-86.5197237569966,36.1705164819039
GARAGE,9503,MT. JULIET,Mt. Juliet,2778.8215696129637,NORMAL,-86.5190093187244,36.171060641522914
GARAGE,9503,MT. JULIET,Mt. Juliet,2983.94843921957,NORMAL,-86.52139738600701,36.17189231341451
CLUBHOUSE,9503,MT. JULIET,Mt. Juliet,3865.631000969441,NORMAL,-86.5205387282743,36.1742419551953
POOL,9503,MT. JULIET,Mt. Juliet,3784.753964878713,NORMAL,-86.5205725750168,36.174021474955886
CEMETERY,9500,(Unincorporated),Unincorporated,2218.1045413022475,NORMAL,-86.5135897848159,36.14177414743871
BUILDING 17 - 1700's,9503,MT. JULIET,Mt. Juliet,3090.4287782566903,NORMAL,-86.5037645558599,36.1630860411553
BUILDING 18 - 1800's,9503,MT. JULIET,Mt. Juliet,3005.8419315481433,NORMAL,-86.5039613914116,36.16271735493969
BUILDING 16 - 1600's,9503,MT. JULIET,Mt. Juliet,2888.2941336043245,NORMAL,-86.5032650328946,36.1626776232932
CLUBHOUSE,9503,MT. JULIET,Mt. Juliet,2906.0105499955016,NORMAL,-86.5039063942958,36.162419797918496
POOL,9503,MT. JULIET,Mt. Juliet,2950.650055662857,NORMAL,-86.5041563819732,36.162431530976704
BUILDING 19 - 1900's,9503,MT. JULIET,Mt. Juliet,3044.6380664411367,NORMAL,-86.5045599278254,36.16251675693259
BUILDING 20 - 2000's,9503,MT. JULIET,Mt. Juliet,2849.4854737285823,NORMAL,-86.5040607803246,36.1621470630763
BUILDING 21 - 2100's,9503,MT. JULIET,Mt. Juliet,2713.41437398526,NORMAL,-86.5042394889754,36.16157156388499
BUILDING 22 - 2200's,9503,MT. JULIET,Mt. Juliet,2841.0735034277873,NORMAL,-86.5047372323051,36.1616934804304
DEERFIELD APARTMENTS FAWN CREEK CROSSING,9503,MT. JULIET,Mt. Juliet,2815.4350881587175,NORMAL,-86.5026440732387,36.16271327438971
BUILDING 23 - 2300's,9503,MT. JULIET,Mt. Juliet,2661.3788120837967,NORMAL,-86.5047384878338,36.1610283230766
DEERFIELD APARTMENTS,9503,MT. JULIET,Mt. Juliet,3230.094051587245,NORMAL,-86.5055252667635,36.16255244370421
CLUBHOUSE,9503,MT. JULIET,Mt. Juliet,3179.924218009706,NORMAL,-86.505551407723,36.162353556493606
PLAYGROUND,9503,MT. JULIET,Mt. Juliet,2633.3371427003012,NORMAL,-86.5053806009319,36.16035592425351
CARWASH,9503,MT. JULIET,Mt. Juliet,2612.1649271058354,NORMAL,-86.5054226787098,36.160221735214215
DOG PARK,9503,MT. JULIET,Mt. Juliet,2667.0076377447285,NORMAL,-86.5053449247455,36.1605334061289
BUILDING #3 GASTON PARK DR,9501,LEBANON,Lebanon,691.8776896997427,WATCH,-86.3659616019695,36.23316965646691
BUILDING #4 GASTON PARK DR,9501,LEBANON,Lebanon,613.9760055962726,WATCH,-86.3656906307025,36.23317350879752
BUILDING #5 GASTON PARK DR,9501,LEBANON,Lebanon,536.0274709745192,WATCH,-86.3654150082266,36.23317104795691
BUILDING #6 HAMILTON STATION BLVD,9501,LEBANON,Lebanon,345.7453752966821,WATCH,-86.364742772527,36.23320651338002
BUILDING #7 HAMILTON STATION BLVD,9501,LEBANON,Lebanon,283.8904411790449,WATCH,-86.3645053886555,36.233205122822014
BUILDING #12 HAMILTON STATION CROSSINGS,9501,LEBANON,Lebanon,495.9444609030094,WATCH,-86.3647158857264,36.232531377837404
BUILDING #11 GASTON PARK DR,9501,LEBANON,Lebanon,642.3476367153403,WATCH,-86.3654142005763,36.2325381608205
BUILDING #10 GASTON PARK DR,9501,LEBANON,Lebanon,707.2038314639623,WATCH,-86.3656852208224,36.2325408140323
BUILDING #9 GASTON PARK DR,9501,LEBANON,Lebanon,776.4301319485196,WATCH,-86.3659626554216,36.2325439906456
OFFICE,9501,LEBANON,Lebanon,409.73813618881735,WATCH,-86.3647110723487,36.23285084772429
BUILDING #18 HAMILTON STATION CROSSINGS,9501,LEBANON,Lebanon,590.0541693561902,WATCH,-86.3647003062133,36.23220991108028
BUILDING #19 HAMILTON STATION CROSSINGS,9501,LEBANON,Lebanon,649.536205453435,WATCH,-86.3646989589528,36.23202220785619
BUILDING # 17 BRONSON POINTE,9501,LEBANON,Lebanon,854.2397066427056,WATCH,-86.3653840706496,36.2317069645589
BUILDING #20 HAMILTON STATION CROSSINGS,9501,LEBANON,Lebanon,712.8853445421028,WATCH,-86.3647005997946,36.231828743048794
BUILDING # 16 BRONSON POINTE,9501,LEBANON,Lebanon,896.9769224607232,WATCH,-86.3656214229081,36.23170801551171
BUILDING # 15 BRONSON POINTE,9501,LEBANON,Lebanon,969.4996177965036,WATCH,-86.3659801432296,36.2317023446806
BUILDING # 14 BRONSON POINTE,9501,LEBANON,Lebanon,1017.7084705671115,NORMAL,-86.3662122148448,36.231706023137505
BUILDING # 21 BRONSON POINTE,9501,LEBANON,Lebanon,1120.557693078105,NORMAL,-86.3664297493166,36.23148095082772
BUILDING # 22 BRONSON POINTE,9501,LEBANON,Lebanon,1067.1833049398017,NORMAL,-86.3661808091054,36.231486225377516
BUILDING # 23 BRONSON POINTE,9501,LEBANON,Lebanon,1007.0396947636909,NORMAL,-86.3658625600633,36.2314772626294
BUILDING # 24 BRONSON POINTE,9501,LEBANON,Lebanon,963.1566937669373,WATCH,-86.3656203881323,36.23147637454201
BUILDING # 25 BRONSON POINTE,9501,LEBANON,Lebanon,921.4117910603774,WATCH,-86.36538786161051,36.2314848674403
BUILDING #26 HAMILTON STATION CROSSINGS,9501,LEBANON,Lebanon,861.379515977751,WATCH,-86.3646968571625,36.2313855635958
BUILDING #29 HAMILTON STATION CROSSINGS,9501,LEBANON,Lebanon,1096.1763201596657,NORMAL,-86.3654490466789,36.230955859339716
BUILDING #30 HAMILTON STATION CROSSINGS,9501,LEBANON,Lebanon,1156.6654941723882,NORMAL,-86.3654548039122,36.230770644484
BUILDING #28 HAMILTON STATION CROSSINGS,9501,LEBANON,Lebanon,1017.7259124819183,NORMAL,-86.3646946028933,36.230931490026414
BUILDING #27 HAMILTON STATION CROSSINGS,9501,LEBANON,Lebanon,941.6816396757818,WATCH,-86.3646878426792,36.23114910348411
BUILDING #8 HAMILTON STATION BLVD,9501,LEBANON,Lebanon,219.3559419498513,HIGH,-86.36423568587,36.2332047259725
BUILDING #13 HAMILTON STATION CROSSINGS,9501,LEBANON,Lebanon,445.7069939060486,WATCH,-86.3644070294401,36.232530702139904
BUILDING #31 HAMILTON STATION CROSSINGS,9501,LEBANON,Lebanon,1438.1410192062806,NORMAL,-86.3662119436581,36.2302279962047
BUILDING #32 HAMILTON STATION CROSSINGS,9501,LEBANON,Lebanon,1395.4763636038979,NORMAL,-86.3659504071345,36.230240904952815
BUILDING #33 HAMILTON STATION CROSSINGS,9501,LEBANON,Lebanon,1365.0855532565574,NORMAL,-86.3657190981113,36.23023763285431
LEBANON DENTAL CARE,9501,LEBANON,Lebanon,3836.0805678441093,NORMAL,-86.3454064115388,36.222102676217794
LEBANON MARKET,9503,MT. JULIET,Mt. Juliet,367.10852682243416,WATCH,-86.5745303446923,36.21831965098791
APPLE COLLISION CENTER,9503,MT. JULIET,Mt. Juliet,323.63697403936095,WATCH,-86.5756044502328,36.218092678659794
A&B AUTOMOTIVE,9503,MT. JULIET,Mt. Juliet,365.8090355918342,WATCH,-86.5753308315843,36.21816532837721
ENVIROMENTAL EQUIPMENT SOLUTIONS,9501,LEBANON,Lebanon,2762.310232357961,NORMAL,-86.2912839662659,36.1783309765398
CVS,9501,LEBANON,Lebanon,7727.951709361799,NORMAL,-86.321447285241,36.21271079899489
 ,9501,LEBANON,Lebanon,1133.9802676804961,NORMAL,-86.3316759362504,36.234099574567814
COOKSEYS MARKET,9500,(Unincorporated),Unincorporated,18971.98426467574,NORMAL,-86.1853578082198,36.23540941452601
BUILDERS FIRSTSOURCE,9501,LEBANON,Lebanon,571.0225044540722,WATCH,-86.4255319398902,36.22714022251671
LEGENDS CARWASH,9503,MT. JULIET,Mt. Juliet,1020.1029855520375,NORMAL,-86.49972958755191,36.170505127555515
WEMA Station,9500,(Unincorporated),Unincorporated,72.50473778738848,HIGH,-86.2885411485309,36.24279763960121
OPMT VISION CENTER,9501,LEBANON,Lebanon,3794.94509813981,NORMAL,-86.3455629992434,36.222149474506004
Wood-Tex Products,9500,(Unincorporated),Unincorporated,858.1165936521057,WATCH,-86.4393851676171,36.233102747491316
 ,9503,MT. JULIET,Mt. Juliet,2686.3808160037165,NORMAL,-86.5306884542103,36.2314755605679
PAPA MURPHYS,9501,LEBANON,Lebanon,6945.173543474759,NORMAL,-86.3294346140164,36.2150610976216
CHINA WOK,9501,LEBANON,Lebanon,6437.027246704274,NORMAL,-86.3312024826427,36.214865127950326
T-MOBILE,9501,LEBANON,Lebanon,6369.165469071218,NORMAL,-86.3315768397176,36.215087563361614
PETCO,9501,LEBANON,Lebanon,6430.57886158446,NORMAL,-86.3315493483215,36.215437950020494
SUN TAN CITY,9501,LEBANON,Lebanon,6371.394998425455,NORMAL,-86.3316149202065,36.21516923942361
DISCOUNT LIQUOR AND WINE,9501,LEBANON,Lebanon,6373.466129582334,NORMAL,-86.3316478916285,36.2152400435046
EXPRESS OIL CHANGE,9501,LEBANON,Lebanon,7096.654571449571,NORMAL,-86.3286353491787,36.216092110271816
GIFTS ON MAIN,9501,LEBANON,Lebanon,7228.19047157177,NORMAL,-86.3273640475209,36.215629536191216
COIFFURE'S BY DON,9501,LEBANON,Lebanon,7165.964476949765,NORMAL,-86.3275832143173,36.2158141227901
THOMAS KITCHEN & BATH INC,9501,LEBANON,Lebanon,7459.83596846126,NORMAL,-86.3274363129414,36.21479180626741
LITTLE CAESARS PIZZA,9501,LEBANON,Lebanon,7461.774849664774,NORMAL,-86.3273936717317,36.2147115228456
SCRUB HUB,9501,LEBANON,Lebanon,7526.350500342401,NORMAL,-86.3271960448455,36.21479047022099
SERVPRO,9501,LEBANON,Lebanon,7539.326474773012,NORMAL,-86.3270916697533,36.214759390931704
JABBOK ALTERATIONS,9501,LEBANON,Lebanon,7564.465352760088,NORMAL,-86.326693519618,36.214674796461985
UTOPIAN SALON,9501,LEBANON,Lebanon,7567.818569695911,NORMAL,-86.3267866732363,36.2146687368943
ONCE NEW CONSIGNMENT ,9501,LEBANON,Lebanon,7552.083393786332,NORMAL,-86.3268316558499,36.21471362907089
ONCE NEW CONSIGNMENT ,9501,LEBANON,Lebanon,7590.549264679494,NORMAL,-86.326531933151,36.21459827443672
LEBANON PAWN,9501,LEBANON,Lebanon,7411.147719674383,NORMAL,-86.32577593685352,36.215079497263424
GG'S JEWELRY,9501,LEBANON,Lebanon,7402.834026769115,NORMAL,-86.325831580787,36.21510258004471
MO'CARA,9501,LEBANON,Lebanon,7386.995979704349,NORMAL,-86.3259769090156,36.21514720177039
VALVOLINE,9501,LEBANON,Lebanon,7475.289227012441,NORMAL,-86.3255011571601,36.214903554088515
HYUNDAI,9501,LEBANON,Lebanon,7753.234967325883,NORMAL,-86.3232249965391,36.2133733420141
BURGER KING,9501,LEBANON,Lebanon,7498.140476299118,NORMAL,-86.3224152598569,36.213811894499706
DOMINO'S,9501,LEBANON,Lebanon,7694.547773708099,NORMAL,-86.3152600107531,36.2111805379688
WRIGHT FARMS,9500,(Unincorporated),Unincorporated,1934.4238640255992,NORMAL,-86.4965142613358,36.14881336649371
SPEEDWAY,9501,LEBANON,Lebanon,5004.80469807092,NORMAL,-86.2905209212061,36.215305053323604
CES-CITY ELECTRIC SUPPLY,9501,LEBANON,Lebanon,5417.379197042822,NORMAL,-86.2909762049619,36.21062027258274
KIA OF LEBANON,9501,LEBANON,Lebanon,7892.371479066489,NORMAL,-86.3229822336876,36.2094261593068
GIBBS PHARMACY,9501,LEBANON,Lebanon,5740.3623950305255,NORMAL,-86.3301662594835,36.22009338082779
VANDERBILT SURGERY CENTER,9501,LEBANON,Lebanon,5916.330373046173,NORMAL,-86.3266943697564,36.21920681231911
LEBANON SURGERY CENTER,9501,LEBANON,Lebanon,6203.856714251181,NORMAL,-86.3281330086343,36.21851318220891
LEBANON MEDICAL CENTER,9501,LEBANON,Lebanon,6124.042399608796,NORMAL,-86.3289697026515,36.21882907902831
UNIVERSITY PLACE,9501,LEBANON,Lebanon,6050.403218179381,NORMAL,-86.3297352588725,36.21914729929261
LEBANON BARBER SHOP,9501,LEBANON,Lebanon,5905.913450725773,NORMAL,-86.3227244795095,36.21918815910409
HOLLISTER,9503,MT. JULIET,Mt. Juliet,3534.574731354193,NORMAL,-86.4652846906644,36.17918290027469
LIFESTYLE COMMUNITIES,9503,MT. JULIET,Mt. Juliet,2524.5677402337146,NORMAL,-86.508402447267,36.16327943888251
WATKINS APARTMENTS,9501,LEBANON,Lebanon,259.52441344157535,WATCH,-86.2716933332388,36.21114441070121
SUGGS CREEK GENERAL STORE,9500,(Unincorporated),Unincorporated,8880.26299696254,NORMAL,-86.4952393344739,36.1188992533544
DIALYSIS CLINIC,9503,MT. JULIET,Mt. Juliet,1588.1880711180224,NORMAL,-86.5174222974623,36.197309388406
FARMERS MARKET,9501,LEBANON,Lebanon,6360.386901745731,NORMAL,-86.2924437443093,36.2060933554508
FAKES & HOOKER,9501,LEBANON,Lebanon,6580.988422141705,NORMAL,-86.293040514645,36.20570138851691
ADAMS WHOLESALE,9501,LEBANON,Lebanon,6471.556658142472,NORMAL,-86.2926663937605,36.205765844559814
CARQUEST AUTO PARTS,9501,LEBANON,Lebanon,6625.8575010674485,NORMAL,-86.293098812597,36.2053916999722
KLEAN WAY CLEANERS,9501,LEBANON,Lebanon,6793.810525468361,NORMAL,-86.2933819745554,36.204329124324595
TOMMYS CAR CARE,9501,LEBANON,Lebanon,6617.103012737506,NORMAL,-86.2928313547264,36.20454365875618
LA HISPANA GROCERIES,9501,LEBANON,Lebanon,6800.517002097076,NORMAL,-86.2933306955996,36.204099758423
JOHNSON MONUMENT,9501,LEBANON,Lebanon,6690.423690827925,NORMAL,-86.2929148773985,36.204015352332505
ANTIQUES ON MAPLE,9501,LEBANON,Lebanon,6834.205501419252,NORMAL,-86.2933388579668,36.2037798992889
ATTIC INSULATORS,9501,LEBANON,Lebanon,6750.31518259712,NORMAL,-86.2930182186123,36.2037123452155
DWIGHT BARBER SHOP,9501,LEBANON,Lebanon,6793.772377138446,NORMAL,-86.293064372223,36.20342523668651
KODI KLIP,9501,LEBANON,Lebanon,6720.135356771967,NORMAL,-86.2924457765772,36.202580778401604
STEVE MULL PLUMBING,9501,LEBANON,Lebanon,6892.661412873841,NORMAL,-86.2933821642739,36.203338707069996
GT TOWING,9501,LEBANON,Lebanon,6980.214078994729,NORMAL,-86.29330111083021,36.20239591441799
SOUTH MAPLE THIRFT,9501,LEBANON,Lebanon,6844.536629175316,NORMAL,-86.29298639629431,36.20278959091771
B C & M CLIMATE CONTROL,9501,LEBANON,Lebanon,7102.071512101266,NORMAL,-86.2935921115374,36.2020701234951
CUMBERLAND UNIVERSITY ESPORTS,9501,LEBANON,Lebanon,8159.731150416812,NORMAL,-86.2965488169765,36.20024183342339
PHOENIX PLAZA,9501,LEBANON,Lebanon,7724.007334968924,NORMAL,-86.2949618051946,36.20015845384678
MAPLE MANOR,9501,LEBANON,Lebanon,8282.627883283194,NORMAL,-86.2964665345782,36.1989794467807
WILSON COUNTY MEMORIAL PARK,9501,LEBANON,Lebanon,7866.11530144934,NORMAL,-86.3010749956752,36.19267416305299
CEDAR GROVE CEMETERY,9501,LEBANON,Lebanon,7898.9621190351645,NORMAL,-86.2997954696077,36.19406767038429
WILSON COUNTY FUNERAL HOME AND MEMORIAL PARK,9501,LEBANON,Lebanon,8174.708443925807,NORMAL,-86.2990594576242,36.19577695312191
CEDAR GROVE CEMETERY,9501,LEBANON,Lebanon,8050.463507226597,NORMAL,-86.2983735314744,36.19583237645359
LEBANON MONUMENT CO,9501,LEBANON,Lebanon,8145.637940732036,NORMAL,-86.2980693471194,36.19640669580259
ZIPS,9501,LEBANON,Lebanon,6527.675175443498,NORMAL,-86.3036716185451,36.18852685953201
STASH HOUSE VAPE AND SMOKE,9503,MT. JULIET,Mt. Juliet,2287.087149227,NORMAL,-86.5123100833918,36.176847842955695
MR BEST CLEANERS,9503,MT. JULIET,Mt. Juliet,891.5527811585532,WATCH,-86.5109461184711,36.18840928113332
MIXED GRILL GYROS,9503,MT. JULIET,Mt. Juliet,358.89333146271457,WATCH,-86.5108142639275,36.19001045188671
SEMS STORAGE,9501,LEBANON,Lebanon,90.03926829038767,HIGH,-86.4308063080714,36.230677346223686
SQUARE DEAL,9501,LEBANON,Lebanon,4307.008892358668,NORMAL,-86.28559253079712,36.207652214956994
STEED BROTHERS,9501,LEBANON,Lebanon,4369.946425766163,NORMAL,-86.28588365508712,36.20771558762389
SPARKLE CLEANERS,9501,LEBANON,Lebanon,4214.144965802307,NORMAL,-86.2852678244147,36.20762821201641
MT JULIET HELP CENTER,9503,MT. JULIET,Mt. Juliet,4696.433286719501,NORMAL,-86.51487756616122,36.21692261432309
CLUB HOUSE,9503,MT. JULIET,Mt. Juliet,569.8219577329435,WATCH,-86.5755318686477,36.21281549578921
 ,9503,MT. JULIET,Mt. Juliet,618.4640002366278,WATCH,-86.5747945476084,36.212769806577
HOBBY LOBBY,9503,MT. JULIET,Mt. Juliet,898.3024543287755,WATCH,-86.5055017758196,36.171046982870195
TYREE ACCESS BOAT DOCK ,9500,(Unincorporated),Unincorporated,7236.108324114593,NORMAL,-86.4641946366869,36.30334536916883
RIVERVIEW ACCESS ,9500,(Unincorporated),Unincorporated,5317.835245902628,NORMAL,-86.4746401870858,36.3038281179262
WHIZ KIDS,9501,LEBANON,Lebanon,5533.51835709163,NORMAL,-86.2952817532137,36.218050711705594
CALLIS VENTURES,9501,LEBANON,Lebanon,6810.313864101998,NORMAL,-86.2956399782874,36.210006110429
LEBANON GIRLS SOFTBALL ASSOCIATION,9501,LEBANON,Lebanon,4691.583656892519,NORMAL,-86.2817597403317,36.19458318814131
FIELD #4 VETERANS FIELD,9501,LEBANON,Lebanon,4892.436381585426,NORMAL,-86.2821601849258,36.196668046692615
FIELD #5 BABE RUTH ..LIONS CLUB,9501,LEBANON,Lebanon,5384.951629880556,NORMAL,-86.2843079299872,36.1974321608567
FIELD #6 LEBANON YOUTH BASEBALL..ROTARY DIXIE YOUTH,9501,LEBANON,Lebanon,5621.56445336991,NORMAL,-86.2850964525507,36.197193375559515
FIELD #7 LEBANON YOUTH BASEBALL ROTARY DIXIE YOUTH,9501,LEBANON,Lebanon,5970.4410713185325,NORMAL,-86.28596395558492,36.19653662890649
FIELD #8 LEBANON YOUTH BASEBALL ROTARY DIXIE YOUTH,9501,LEBANON,Lebanon,6078.489382584035,NORMAL,-86.2863019099368,36.19588113177651
FIELD #9 LEBANON YOUTH BASEBALL ROTARY DIXIE YOUTH,9501,LEBANON,Lebanon,5871.291769762972,NORMAL,-86.2856343633281,36.1955942800391
FIELD #2,9501,LEBANON,Lebanon,4792.444179931112,NORMAL,-86.2820993403537,36.19461472885968
FIELD # 1,9501,LEBANON,Lebanon,4573.90288639252,NORMAL,-86.2813693822676,36.1945067443658
FIELD #3,9501,LEBANON,Lebanon,4697.591000698708,NORMAL,-86.28173548740212,36.1948778771504
HAROLD DEAN GREER RECREATION CENTER,9501,LEBANON,Lebanon,5145.247041761568,NORMAL,-86.2830425698354,36.19651632842919
LEBANON YOUTH BASEBALL KIWANIS,9501,LEBANON,Lebanon,5853.518702906564,NORMAL,-86.287128604708,36.198487573577594
FIELD #11 LEBANON YOUTH BASEBALL KIWANIS,9501,LEBANON,Lebanon,5787.681064161716,NORMAL,-86.2870695934456,36.1987652730124
FIELD #10 LEBANON YOUTH BASEBALL KIWANIS,9501,LEBANON,Lebanon,5923.510396187931,NORMAL,-86.2871899211351,36.1981965158914
IMMANUEL BAPTIST,9501,LEBANON,Lebanon,9604.739069680114,NORMAL,-86.3084501135458,36.205599207436194
SECOND GYM,9501,LEBANON,Lebanon,9424.43531158335,NORMAL,-86.3088718936007,36.20607732321831
GYM,9501,LEBANON,Lebanon,9580.889193498855,NORMAL,-86.3093672801641,36.2056319616526
MOTHERS DAY OUT,9501,LEBANON,Lebanon,9616.014240314424,NORMAL,-86.3090543551741,36.205544249020605
YOUTH BUILDING,9501,LEBANON,Lebanon,9782.891840170789,NORMAL,-86.3083747832796,36.2051125760495
SHUTES BRANCH MOUNTAIN BIKE,9500,(Unincorporated),Unincorporated,3471.9167169966404,NORMAL,-86.56779582127251,36.24664257773681
STARBUCKS,9501,LEBANON,Lebanon,6643.235868951196,NORMAL,-86.2944038955676,36.193519550865105
HAMPTON INN,9501,LEBANON,Lebanon,4040.8433386614124,NORMAL,-86.3212622666142,36.183630815105104
OUTBACK,9501,LEBANON,Lebanon,4124.141107714373,NORMAL,-86.3225433557129,36.18401607912872
AMERICAN JEWELRY CO,9503,MT. JULIET,Mt. Juliet,1652.312037558975,NORMAL,-86.5129266833536,36.1663328308831
VERIZON,9501,LEBANON,Lebanon,5618.000512556686,NORMAL,-86.2959452583762,36.18808498127011
BOOT BARN,9501,LEBANON,Lebanon,4195.047682897544,NORMAL,-86.2943780683831,36.183226390528716
ANYTIME FITNESS,9501,LEBANON,Lebanon,1776.5928515155533,NORMAL,-86.299085111945,36.17300891368529
MAYEKAWA MYCOM,9501,LEBANON,Lebanon,1866.773983720112,NORMAL,-86.2916110758092,36.1751742427372
TCT STAINLESS STEEL,9501,LEBANON,Lebanon,445.4481617125651,WATCH,-86.2789620825221,36.181039897655005
CHEROKEE STEEL INC,9501,LEBANON,Lebanon,925.147877713746,WATCH,-86.2779994530307,36.18231832214718
PFG LESTER & RYDER TRUCK LEASING,9501,LEBANON,Lebanon,1431.5539946278282,NORMAL,-86.2779690390394,36.1837119144771
METOKOTE,9501,LEBANON,Lebanon,1200.2970538832249,NORMAL,-86.2756035531236,36.18490102128982
SOUTH HALL,9501,LEBANON,Lebanon,8416.244179001898,NORMAL,-86.29854156518,36.202719546476
C.U. LAWLER HOUSE,9501,LEBANON,Lebanon,8414.984709965018,NORMAL,-86.2984236250081,36.2024016468842
SGA HOUSE,9501,LEBANON,Lebanon,7979.4943188778425,NORMAL,-86.2969575585955,36.202604417079215
SOFTBALL FIELDHOUSE,9501,LEBANON,Lebanon,8974.002010545712,NORMAL,-86.3007431094767,36.20352134261638
C.U. DIRECTOR OF RESIDENCE,9501,LEBANON,Lebanon,7584.835553490826,NORMAL,-86.2964951786107,36.205182983063814
C. U. PRESIDENT RESIDENCE,9501,LEBANON,Lebanon,9520.880115914066,NORMAL,-86.304236388649,36.2060038429546
CUMBERLAND SKIN DERMATOLOGY,9501,LEBANON,Lebanon,4143.281392645199,NORMAL,-86.3196344892295,36.18371897019169
MARISTONE,9503,MT. JULIET,Mt. Juliet,2260.732006522564,NORMAL,-86.5041808248812,36.16674672309581
SHUTES BRANCH,9500,(Unincorporated),Unincorporated,2688.893544661759,NORMAL,-86.5702638654255,36.247742227396316
PRIMEROSE SCHOOL,9503,MT. JULIET,Mt. Juliet,1312.7625343219086,NORMAL,-86.4998507721382,36.169682057465
PROVIDENCE ANIMAL HOSPITAL,9503,MT. JULIET,Mt. Juliet,1288.8543306671165,NORMAL,-86.4991752141843,36.16981838888769
BUILDING 11,9501,LEBANON,Lebanon,6116.81948774883,NORMAL,-86.2873285557032,36.1953776026009
BUILDING 1,9501,LEBANON,Lebanon,6077.972319576108,NORMAL,-86.2876049178211,36.19516758365331
BUILDING 2,9501,LEBANON,Lebanon,6139.259390782393,NORMAL,-86.2879496315392,36.19522875906011
BUILDING 4,9501,LEBANON,Lebanon,6186.483407964688,NORMAL,-86.2882045739972,36.19527751064913
BUILDING 6,9501,LEBANON,Lebanon,6241.256321952928,NORMAL,-86.2884836822089,36.19533812642951
BUILDING 9,9501,LEBANON,Lebanon,6290.240625316009,NORMAL,-86.2887348117852,36.195389986264495
BUILDING 10,9501,LEBANON,Lebanon,6238.931990684714,NORMAL,-86.2888250146184,36.19519733838101
BUILDING 8 ,9501,LEBANON,Lebanon,6191.686000783996,NORMAL,-86.288563921134,36.19515623447732
BUILDING 7 ,9501,LEBANON,Lebanon,6145.843250438239,NORMAL,-86.2883228158342,36.195109834376595
BUILDING 5,9501,LEBANON,Lebanon,6101.594388679853,NORMAL,-86.2880787821754,36.19506773337381
BUILDING 3,9501,LEBANON,Lebanon,6058.544345137551,NORMAL,-86.2878121352387,36.19503570213292
EXPRESS PULL N SAVE,9501,LEBANON,Lebanon,5636.656575145527,NORMAL,-86.2862855161018,36.19429412279481
HARRIS SCRAP METAL,9501,LEBANON,Lebanon,5704.124386038347,NORMAL,-86.2867093697148,36.194357975501184
BROOKS HOUSE,9501,LEBANON,Lebanon,3355.7510988336758,NORMAL,-86.2832605671158,36.2096620157218
WILSON COUNTY CIVIC CENTER,9501,LEBANON,Lebanon,3939.0293014603362,NORMAL,-86.2849271950121,36.20877689597453
ORGAIN READY MIX,9501,LEBANON,Lebanon,2830.346308899496,NORMAL,-86.2913415308912,36.179247781201006
A1 FUNCYCLES,9501,LEBANON,Lebanon,102.30031215341542,HIGH,-86.4210448522529,36.1900097399287
TRINITY RECYCLING,9501,LEBANON,Lebanon,45.27007318499628,CRITICAL,-86.4225409350836,36.190054588088415
STONEBRIDGE,9501,LEBANON,Lebanon,533.3223910091433,WATCH,-86.3821216501982,36.185422002210295
DUNLAP RV CENTER,9501,LEBANON,Lebanon,502.8048076290006,WATCH,-86.3920783304868,36.18413088896361
AQUA SPORT MARINE,9501,LEBANON,Lebanon,2068.7576181023046,NORMAL,-86.3998044707467,36.185669810348294
MACHELLE'S TOTAL LOOK,9501,LEBANON,Lebanon,7219.08081255823,NORMAL,-86.2968070588515,36.209069804782295
ADELITA'S HOMEMADE ICE CREAM ,9501,LEBANON,Lebanon,7229.587127640077,NORMAL,-86.296819997924,36.208989295500686
STATE FARM,9501,LEBANON,Lebanon,7242.214147804181,NORMAL,-86.2968358281766,36.208895068638206
ATT STORE,9501,LEBANON,Lebanon,6667.434749659317,NORMAL,-86.29432082063292,36.193663021352016
MATTRESS,9501,LEBANON,Lebanon,6693.874552439055,NORMAL,-86.2942636530254,36.1937957399593
SEATS STUDIO,9501,LEBANON,Lebanon,1700.7476029876211,NORMAL,-86.2701298571552,36.198076443293886
ELZIE D PATTON ELEMENTARY,9503,MT. JULIET,Mt. Juliet,4334.160544767157,NORMAL,-86.5099680776835,36.218704141285606
MT JULIET MIDDLE SCHOOL,9503,MT. JULIET,Mt. Juliet,4984.522398025644,NORMAL,-86.5142941280253,36.220277474893706
HARBOR OF LOVE CHAPEL,9501,LEBANON,Lebanon,3443.7739620671573,NORMAL,-86.2852313766811,36.2167469898697
TENNESSEE COLLEGE OF APPLIED TECHNOLOGY,9501,LEBANON,Lebanon,4646.940233804641,NORMAL,-86.2838961120166,36.20058707741841
FINCHUM WELDING,9500,(Unincorporated),Unincorporated,30.946667418197986,CRITICAL,-86.5221891359588,36.265049292677496
A+STORAGE,9503,MT. JULIET,Mt. Juliet,791.8866903205417,WATCH,-86.4910442218708,36.17203703077038
GRACE BAPTIST CHURCH,9503,MT. JULIET,Mt. Juliet,1236.0196580430604,NORMAL,-86.4902689225111,36.17088719829711
SUBWAY,9500,(Unincorporated),Unincorporated,2648.7702842588983,NORMAL,-86.4212404033621,36.11225625108181
NISSAN,9500,(Unincorporated),Unincorporated,7551.154688385925,NORMAL,-86.4247750004027,36.0723910614149
FLOWERS BAKING,9501,LEBANON,Lebanon,695.9789773772633,WATCH,-86.4110296504742,36.18885116670871
VERIZON CELL TOWER,9501,LEBANON,Lebanon,187.95684928482314,HIGH,-86.403935141403,36.13557221180161
THE PAVILION THS,9501,LEBANON,Lebanon,4307.418399043018,NORMAL,-86.3272350489892,36.223673461947705
COOKS PEST CONTROL,9501,LEBANON,Lebanon,1212.53554032628,NORMAL,-86.3088476080562,36.174530303845195
WESTGATE APARTMENTS,9501,LEBANON,Lebanon,1326.191545795806,NORMAL,-86.323827641731,36.23211312292661
WESTGATE APARTMENTS,9501,LEBANON,Lebanon,1175.8336982512874,NORMAL,-86.3248196096487,36.23228119024861
WILLOW TREE,9501,LEBANON,Lebanon,493.9519872307684,WATCH,-86.3244532215042,36.23450253039619
PEDIATRIC DENTISTRY,9501,LEBANON,Lebanon,2468.3392136012026,NORMAL,-86.3264595519565,36.179824068684105
TENNESSEE ONCOLOGY,9501,LEBANON,Lebanon,2439.173953019884,NORMAL,-86.3269427789133,36.17979355887302
CHILDRENS CLINIC EAST,9501,LEBANON,Lebanon,2440.094566604462,NORMAL,-86.3271183466908,36.1798108395219
TOTTS LANDING,9501,LEBANON,Lebanon,8895.445623781336,NORMAL,-86.3001647026527,36.2025372510435
CITY OF LEBANON NATURAL GAS,9501,LEBANON,Lebanon,1663.0855609000587,NORMAL,-86.2940509840851,36.1749396831356
PROVIDENCE UNITED METHODIST,9503,MT. JULIET,Mt. Juliet,1946.5310992899315,NORMAL,-86.4734783517666,36.1671926368263
COURTYARD BY MARRIOTT,9503,MT. JULIET,Mt. Juliet,326.1645979877921,WATCH,-86.5179160445927,36.16414781010601
R&M PRINTING,9500,(Unincorporated),Unincorporated,3725.624091832986,NORMAL,-86.4541065630309,36.23573468338371
KINSLOW VET,9501,LEBANON,Lebanon,1693.3384946862495,NORMAL,-86.3007486669872,36.171058957569116
FARM BUREAU,9501,LEBANON,Lebanon,1278.444193472944,NORMAL,-86.3006595881069,36.16990315169562
JYI,9501,LEBANON,Lebanon,138.1436254329667,HIGH,-86.3100631051379,36.16755013686218
GUN SHOP,9503,MT. JULIET,Mt. Juliet,3415.9345765607964,NORMAL,-86.51381986323611,36.22562927534619
PANDA EXPRESS,9503,MT. JULIET,Mt. Juliet,2630.9171872409515,NORMAL,-86.5130018808265,36.17865793223841
STARBUCKS,9503,MT. JULIET,Mt. Juliet,789.9045185657711,WATCH,-86.5143393849179,36.1627183211704
SUPERCUTS,9503,MT. JULIET,Mt. Juliet,792.5749901666668,WATCH,-86.51434474038122,36.162666790801794
MOE'S,9503,MT. JULIET,Mt. Juliet,806.0099581985179,WATCH,-86.514374504821,36.16245419069998
CEDAR CREEK MARINA,9503,MT. JULIET,Mt. Juliet,54.74319685670519,HIGH,-86.511437169237,36.273788858891834
CEADR CREEK ACCESS/CAMPGROUNDS,9500,(Unincorporated),Unincorporated,422.9805184267629,WATCH,-86.5112565437508,36.277743114563194
CATO WAREHOUSE,9501,LEBANON,Lebanon,466.5848299633866,WATCH,-86.2686600162019,36.18300964859082
KHS AMERICA,9503,MT. JULIET,Mt. Juliet,2462.2301370196815,NORMAL,-86.47089795626111,36.17941842056789
BENTLEY'S,9503,MT. JULIET,Mt. Juliet,2685.328241173914,NORMAL,-86.521483219336,36.2307653868554
TDS,9503,MT. JULIET,Mt. Juliet,2564.7268092362724,NORMAL,-86.5208727074849,36.23066535561211
STARBUCKS,9503,MT. JULIET,Mt. Juliet,1402.1400373775386,NORMAL,-86.5150699824491,36.23133102122101
CROSSROADS SALON,9500,(Unincorporated),Unincorporated,19480.674034265838,NORMAL,-86.1744853751523,36.198830179247395
LITTLE PAWS,9503,MT. JULIET,Mt. Juliet,172.03937678740084,HIGH,-86.5661249062613,36.21988556764121
HDP MOTORCYCLE,9503,MT. JULIET,Mt. Juliet,148.31383284499455,HIGH,-86.5656863047027,36.21991776292271
AUTO SALES,9503,MT. JULIET,Mt. Juliet,118.1993815218323,HIGH,-86.5654487670816,36.2198856824857
WATERTOWN HIGH SCHOOL,9500,(Unincorporated),Watertown,472.1649308006235,WATCH,-86.1261766751452,36.09642222514469
DOLLY'S GROOMERS AND DOGWASH,9503,MT. JULIET,Mt. Juliet,2300.324767148628,NORMAL,-86.51210050761841,36.1777687128589
MT JULIET CHURCH OF GOD,9503,MT. JULIET,Mt. Juliet,2393.4135562555125,NORMAL,-86.5122492764243,36.17839760642189
PROVIDENCE DENTAL CARE,9503,MT. JULIET,Mt. Juliet,2575.820463679514,NORMAL,-86.5125740548566,36.18119599952732
FAMILY CARE,9503,MT. JULIET,Mt. Juliet,2266.7502757777274,NORMAL,-86.5123353911167,36.18222523489592
PULMONARY PRACTICE,9503,MT. JULIET,Mt. Juliet,2177.8074044395967,NORMAL,-86.5122490298256,36.18251651725652
MT JULIET EN,9503,MT. JULIET,Mt. Juliet,1812.1550532224505,NORMAL,-86.5119557940262,36.18392077526151
PRIORITY PEST,9503,MT. JULIET,Mt. Juliet,1653.910094375903,NORMAL,-86.5118445949793,36.184739627022786
ORTHODINTIST DR SHANE,9503,MT. JULIET,Mt. Juliet,1534.6105393542198,NORMAL,-86.5116026796833,36.1851765491749
THE VALLEY CENTER MALL,9503,MT. JULIET,Mt. Juliet,515.905199934964,WATCH,-86.5115499993275,36.190053664484324
ROBINSON CROSSING,9503,MT. JULIET,Mt. Juliet,498.75604629802564,WATCH,-86.5143545324678,36.1903613888457
LASATERS - SUITE 100,9503,MT. JULIET,Mt. Juliet,461.8220609585318,WATCH,-86.5143904510843,36.190578133483406
SMITH CHIROPRACTIC - SUITE 104,9503,MT. JULIET,Mt. Juliet,462.8664366986703,WATCH,-86.5141918734921,36.190360655029
RAINBOW PLACE,9503,MT. JULIET,Mt. Juliet,385.580365747637,WATCH,-86.5142563607096,36.1918962749967
JONES FAMILY PARK,9503,MT. JULIET,Mt. Juliet,736.3261632159043,WATCH,-86.515359328145,36.192473626733424
A.O.S.,9503,MT. JULIET,Mt. Juliet,1981.5923333756405,NORMAL,-86.5187178708174,36.19756778088969
MT JULIET SENIOR CENTER,9503,MT. JULIET,Mt. Juliet,2381.5669555076215,NORMAL,-86.519912095701,36.19822853686579
KW KELLER WILLIAMS,9503,MT. JULIET,Mt. Juliet,1940.4142413767493,NORMAL,-86.5184178523052,36.198049086096205
TREEHOUSE LEARNING ACADEMY,9503,MT. JULIET,Mt. Juliet,2470.206297334473,NORMAL,-86.5195985108146,36.19953705692061
MT JULIET TRAIN STATION,9503,MT. JULIET,Mt. Juliet,1789.884130911342,NORMAL,-86.5170015070686,36.1993925404504
CHARLIE DANIELS PARK,9503,MT. JULIET,Mt. Juliet,3518.2746222677188,NORMAL,-86.5090720431085,36.2231053334755
Aspen Roofing,9503,MT. JULIET,Mt. Juliet,4764.706970263611,NORMAL,-86.5152136143025,36.220975180792216
C&S INSURNACE,9503,MT. JULIET,Mt. Juliet,4709.562868629173,NORMAL,-86.5153076570968,36.220593254402104
CPA'S,9503,MT. JULIET,Mt. Juliet,4685.367222686421,NORMAL,-86.5153924451937,36.22059861549538
TOWN SQUARE,9503,MT. JULIET,Mt. Juliet,4679.62062176962,NORMAL,-86.515266500862,36.2198752080205
MT JULIET BEER,9503,MT. JULIET,Mt. Juliet,1360.5720467124145,NORMAL,-86.5117370722307,36.23124687061819
CMS TELECOM SERVICES,9503,MT. JULIET,Mt. Juliet,1167.4399819262017,NORMAL,-86.5116162388655,36.23178762040832
KFC,9503,MT. JULIET,Mt. Juliet,1076.7209358734037,NORMAL,-86.5099765339655,36.231353512375506
SIX1FIVE SPORTS TRAINING,9503,MT. JULIET,Mt. Juliet,658.8047486988233,WATCH,-86.5093353152419,36.23240617125321
PRIDE CLEANERS,9503,MT. JULIET,Mt. Juliet,1681.581129020851,NORMAL,-86.514674004868,36.2305076530561
DOMINOS,9503,MT. JULIET,Mt. Juliet,1781.285470557557,NORMAL,-86.51632718035,36.230550195848096
CARQUEST,9503,MT. JULIET,Mt. Juliet,1766.6304548329438,NORMAL,-86.5160585193793,36.2305131918506
PINNACLE ,9503,MT. JULIET,Mt. Juliet,1813.6984132244088,NORMAL,-86.5167513361482,36.23060179570429
BENSON ORTHO,9503,MT. JULIET,Mt. Juliet,1923.0599738240182,NORMAL,-86.5174763711159,36.23057580050531
GOODYEAR,9503,MT. JULIET,Mt. Juliet,2041.7465697866812,NORMAL,-86.5180124975548,36.23046667540951
DOLLAR TREE,9503,MT. JULIET,Mt. Juliet,2138.6644792184866,NORMAL,-86.5187478715934,36.23058179256731
CRACKER BARREL HANGER,9501,LEBANON,Lebanon,5873.443125928864,NORMAL,-86.3145519770492,36.18791386164709
LIFE FLIGHT,9501,LEBANON,Lebanon,6274.582086025272,NORMAL,-86.3137614176487,36.1889372043037
SUNTRUST,9501,LEBANON,Lebanon,6928.295790592105,NORMAL,-86.2954878831526,36.208164010191105
FESSENDEN HOUSE,9501,LEBANON,Lebanon,6775.705385542247,NORMAL,-86.2949322218203,36.20812416411899
WILSON COUNTY MUSEUM,9501,LEBANON,Lebanon,6781.45922886029,NORMAL,-86.2949415297384,36.20809514508221
THE COTTAGE ON MAIN,9501,LEBANON,Lebanon,6678.596500593626,NORMAL,-86.2945476937078,36.2080228540184
LaGuardo Baptist,9500,(Unincorporated),Unincorporated,10655.337121186214,NORMAL,-86.4476352742389,36.30036763478969
PARK OFFICE,9500,(Unincorporated),Unincorporated,21639.369286271187,NORMAL,-86.3309622968639,36.091560019351824
WONDER PORCELAIN GROUP,9501,LEBANON,Lebanon,915.5823102670058,WATCH,-86.4272393883228,36.22073973476021
REMAR,9501,LEBANON,Lebanon,195.4595663118922,HIGH,-86.4133956815994,36.1902976660738
JACKSON HILLS,9503,MT. JULIET,Mt. Juliet,699.6991357812603,WATCH,-86.4936416517136,36.21272532762693
FAIRFIELD INN,9501,LEBANON,Lebanon,3740.3429102595805,NORMAL,-86.3247562066298,36.18523052495791
EDWARD JONES,9503,MT. JULIET,Mt. Juliet,1250.7157003425593,NORMAL,-86.5151305353284,36.231768242094915
HELIPAD IF U RECEIVE A CALL PAGE OUT WATERTOWN,9502,WATERTOWN,Watertown,260.5126379769669,WATCH,-86.1385639062198,36.09495499470401
AAA STORAGE,9501,LEBANON,Lebanon,4143.681611692621,NORMAL,-86.2951665223688,36.181715925817805
BECKWITH CROSSING,9500,(Unincorporated),Unincorporated,8.81160268161285,CRITICAL,-86.4610662403124,36.15816856621384
HOME2SUITES,9503,MT. JULIET,Mt. Juliet,1568.366257009112,NORMAL,-86.5040087541813,36.16864365414861
THE MERIDIAN AT PROVIDENCE,9503,MT. JULIET,Mt. Juliet,1869.2516117719292,NORMAL,-86.5047591685008,36.167896153699594
BUILDING 1,9503,MT. JULIET,Mt. Juliet,1920.8483643858333,NORMAL,-86.5038812913447,36.16766593068019
BUILDING 10,9503,MT. JULIET,Mt. Juliet,1966.4212028729432,NORMAL,-86.5049231423202,36.16765084554682
POOL,9503,MT. JULIET,Mt. Juliet,1886.264599226099,NORMAL,-86.50508740543502,36.16790745307793
BUILDING 9,9503,MT. JULIET,Mt. Juliet,2121.119518816597,NORMAL,-86.5055767238191,36.167346939128
 ,9503,MT. JULIET,Mt. Juliet,2084.254219814373,NORMAL,-86.5061760884291,36.167622981517106
BUILDING 5,9503,MT. JULIET,Mt. Juliet,1955.5546480245375,NORMAL,-86.5062618075404,36.1680367454896
MAIL,9503,MT. JULIET,Mt. Juliet,2006.0217053065483,NORMAL,-86.5043340658671,36.16746230519072
MAINTENANCE,9503,MT. JULIET,Mt. Juliet,1789.9362739431851,NORMAL,-86.5062831409003,36.16854913846593
PLAYGROUND,9503,MT. JULIET,Mt. Juliet,1995.0056748834177,NORMAL,-86.5056040741499,36.1677161936917
CLUBHOUSE,9503,MT. JULIET,Mt. Juliet,683.8411445415267,WATCH,-86.5196839606296,36.16532721637731
GROUND UP RECYCLING,9501,LEBANON,Lebanon,859.6532316822094,WATCH,-86.3184699296399,36.23605866928771
HORACE LURTON HALL,9501,LEBANON,Lebanon,8165.965717495232,NORMAL,-86.2972355365833,36.20164137754182
HOWELL JACKSON HALL,9501,LEBANON,Lebanon,7857.938492304523,NORMAL,-86.29674337869,36.2032026122803
AUTO UNION,9501,LEBANON,Lebanon,5323.60631335254,NORMAL,-86.3391331734264,36.2186757325233
HAEMONETICS,9500,(Unincorporated),Unincorporated,2763.3019710646377,NORMAL,-86.4329032768186,36.0608663320761
ZIPS,9501,LEBANON,Lebanon,2627.107759407391,NORMAL,-86.2910796692397,36.225758651708105
CASTLE HEIGHTS BARBER SHOP,9501,LEBANON,Lebanon,2594.980815941857,NORMAL,-86.290931503959,36.22580288412001
INTERSTATE BATTERIES,9501,LEBANON,Lebanon,320.03720980223306,WATCH,-86.4293514238152,36.235294711830306
PAPA JOHNS,9503,MT. JULIET,Mt. Juliet,802.6038652696636,WATCH,-86.514356424549,36.162528864521505
CEDAR CREEK COMMONS,9503,MT. JULIET,Mt. Juliet,4302.613561814456,NORMAL,-86.5092199196802,36.22087592093181
WILSON BANK & TRUST,9501,LEBANON,Lebanon,6516.506561449508,NORMAL,-86.290425153007,36.199766074465
STAYBRIDGE,9503,MT. JULIET,Mt. Juliet,1683.4247092711396,NORMAL,-86.506590661426,36.16902677605371
TRITIUM WAREHOUSE,9501,LEBANON,Lebanon,2469.4816388578115,NORMAL,-86.3293173789048,36.22926146533558
TAKE 5 CARWASH,9501,LEBANON,Lebanon,6423.728115935695,NORMAL,-86.2923789490305,36.19403341017259
Smile Solutions,9501,LEBANON,Lebanon,6480.272522977383,NORMAL,-86.3261517603529,36.20304609743971
THE CHURCH OF JOEL,9501,LEBANON,Lebanon,3047.872258697245,NORMAL,-86.3026348808552,36.17697532856521
PROVIDENCE STATION,9503,MT. JULIET,Mt. Juliet,331.7384775763957,WATCH,-86.5172159492275,36.16411369329442
CULVER'S,9503,MT. JULIET,Mt. Juliet,2861.3023884568756,NORMAL,-86.5146301261049,36.17561796071092
DAIRY QUEEN,9501,LEBANON,Lebanon,5638.578438291523,NORMAL,-86.3369583343547,36.21813070598192
BIOLIFE,9503,MT. JULIET,Mt. Juliet,3767.5820296636225,NORMAL,-86.520816591613,36.177379327210105
ROCKY WILLIAMS DODGE,9503,MT. JULIET,Mt. Juliet,3525.7800989405673,NORMAL,-86.5232846033106,36.1763134848723
6302 Water Meter,9503,MT. JULIET,Mt. Juliet,8.44073243828757,CRITICAL,-86.4599402376296,36.158150189092
WEMA STATION 11,9500,(Unincorporated),Unincorporated,22567.63184562096,NORMAL,-86.2417326645769,36.029372996104506
MACC AUTO SALES AND REPAIR,9500,(Unincorporated),Unincorporated,15412.693963012143,NORMAL,-86.32853532313,36.1100000452875
LEBANON WINE & SPIRITS,9501,LEBANON,Lebanon,7869.391199517631,NORMAL,-86.3215677811372,36.2123276765006
MINUTE MART,9500,(Unincorporated),Unincorporated,4913.827330779155,NORMAL,-86.4344026585857,36.069092578975074
DAIRY QUEEN,9503,MT. JULIET,Mt. Juliet,571.6224075095494,WATCH,-86.5149860316326,36.191226663285306
MY PLACE HOTEL,9501,LEBANON,Lebanon,4684.36719450442,NORMAL,-86.2960957242301,36.18347243997091
Meter 16A Wheeler St,9501,LEBANON,Lebanon,2798.1194028869318,NORMAL,-86.2787423596155,36.203600255056394
Meter 43A Wheeler St ,9501,LEBANON,Lebanon,2824.541862709566,NORMAL,-86.2791863681117,36.204363479014404
Meter 80A Upton Hts,9501,LEBANON,Lebanon,4061.2002616673453,NORMAL,-86.2872911595646,36.21714740874659
Meter 1527A Inman Ct,9501,LEBANON,Lebanon,2332.5089967906056,NORMAL,-86.2790951392307,36.2095539986821
Meter 1506A Inman Ct,9501,LEBANON,Lebanon,2200.9725001071183,NORMAL,-86.2789706501229,36.21001073118821
Train Station,9501,LEBANON,Lebanon,197.10009908777405,HIGH,-86.3684907290446,36.234082996087615
LEASING OFFICE,9503,MT. JULIET,Mt. Juliet,2626.360906748246,NORMAL,-86.5080891623585,36.16256542623799
LEBANON BEST SERVICES (PLANNED),9501,LEBANON,Lebanon,2032.7134749825143,NORMAL,-86.2726737841315,36.19171946105691
EDS AUTO REPAIR AND TOWING,9501,LEBANON,Lebanon,5208.592549407227,NORMAL,-86.3382661826552,36.217540315088904
OFFICE,9501,LEBANON,Lebanon,2037.5298627463192,NORMAL,-86.328413643835,36.178782740897404
BLDG 7,9501,LEBANON,Lebanon,1846.8959470944653,NORMAL,-86.3299381500997,36.17830096044237
GARAGE-A,9501,LEBANON,Lebanon,1773.160844694712,NORMAL,-86.3302357967673,36.17858199931981
GARAGE-B,9501,LEBANON,Lebanon,1402.0032482711952,NORMAL,-86.3299974570848,36.17707323554321
GARAGE-C,9501,LEBANON,Lebanon,1288.602694532761,NORMAL,-86.3304230623524,36.176723689571
GARAGE-D,9501,LEBANON,Lebanon,1300.437076257057,NORMAL,-86.3312694562868,36.176775737282
GARAGE-E,9501,LEBANON,Lebanon,1317.4558585389445,NORMAL,-86.33192429339002,36.177228909293085
GARAGE-F,9501,LEBANON,Lebanon,1258.7701861381406,NORMAL,-86.3320835500172,36.17785918259041
BLDG 40,9501,LEBANON,Lebanon,1190.6788033029527,NORMAL,-86.3322617382169,36.178268833368
ST THOMAS EMERGENCY CARE,9503,MT. JULIET,Mt. Juliet,1260.573580112003,NORMAL,-86.5036692040789,36.16947406525771
DOLLAR GENERAL STORE,9501,LEBANON,Lebanon,1644.5335206540985,NORMAL,-86.2896485616721,36.2281979924178
MUSKET CORPORATION,9501,LEBANON,Lebanon,3726.7180087416205,NORMAL,-86.2786016699734,36.192755660572004
BP STATION,9503,MT. JULIET,Mt. Juliet,111.15881118682275,HIGH,-86.5218920046101,36.262356399431205
CIRCLE K,9500,(Unincorporated),Unincorporated,3815.6618743229533,NORMAL,-86.558384187321,36.255545135933005
 ,9500,(Unincorporated),Unincorporated,3125.705906322578,NORMAL,-86.56036102933501,36.2565660949476
AFFORDABLE VETERINARY CARE,9503,MT. JULIET,Mt. Juliet,1804.1206090273715,NORMAL,-86.5151909709319,36.23022568831849
SPRINGDALE ELEMENTARY SCHOOL,9500,(Unincorporated),Unincorporated,297.16142809425503,WATCH,-86.5511494313965,36.16915656286211
CANDLEWOOD SUITES,9501,LEBANON,Lebanon,2984.4790785407554,NORMAL,-86.3277194146741,36.18520436831421
134,9500,(Unincorporated),Unincorporated,337.1814181522602,WATCH,-86.3078298009594,36.15334273805951
135,9500,(Unincorporated),Unincorporated,304.8941571844226,WATCH,-86.3077231356923,36.15332214441009
136,9500,(Unincorporated),Unincorporated,280.2771742802486,WATCH,-86.3076422082535,36.1533044672847
137,9500,(Unincorporated),Unincorporated,249.4170969832553,HIGH,-86.3075428469166,36.1532719322477
138,9500,(Unincorporated),Unincorporated,216.4169389561334,HIGH,-86.30743974137812,36.15322152320589
139,9500,(Unincorporated),Unincorporated,187.6967432731737,HIGH,-86.3073405187363,36.153224757276085
140,9500,(Unincorporated),Unincorporated,132.93418546752724,HIGH,-86.3071710950606,36.15313278640499
127,9500,(Unincorporated),Unincorporated,357.1830309163009,WATCH,-86.3079067030862,36.15361128135629
128,9500,(Unincorporated),Unincorporated,308.6737437424384,WATCH,-86.3077160163536,36.153571706374805
129,9500,(Unincorporated),Unincorporated,268.3771865209971,WATCH,-86.3075559028139,36.15353014703839
130,9500,(Unincorporated),Unincorporated,222.93958798338753,HIGH,-86.3074075649557,36.15349237157401
131,9500,(Unincorporated),Unincorporated,181.8399077504793,HIGH,-86.3072710470588,36.153469827562105
132,9500,(Unincorporated),Unincorporated,122.70290937167273,HIGH,-86.3070825881076,36.153397817208095
133,9500,(Unincorporated),Unincorporated,58.77148387098183,HIGH,-86.3068822802675,36.153302944095124
119 ,9500,(Unincorporated),Unincorporated,362.5149595406974,WATCH,-86.3079735428582,36.1538629194261
120,9500,(Unincorporated),Unincorporated,316.2213066840705,WATCH,-86.3078158762633,36.15384615292431
121,9500,(Unincorporated),Unincorporated,267.43021984284064,WATCH,-86.307643948458,36.1537912700527
122,9500,(Unincorporated),Unincorporated,239.1728697814876,HIGH,-86.3075451092803,36.1537800761372
123,9500,(Unincorporated),Unincorporated,203.32019400992456,HIGH,-86.3074132664953,36.15374988950721
124 ,9500,(Unincorporated),Unincorporated,151.9103810870748,HIGH,-86.3071918833097,36.15367987023409
125,9500,(Unincorporated),Unincorporated,119.71858116797867,HIGH,-86.3070601577975,36.153680205478
126,9500,(Unincorporated),Unincorporated,97.01021756764506,HIGH,-86.3069516819658,36.15360989842139
111,9500,(Unincorporated),Unincorporated,294.9204755480193,WATCH,-86.3077341834582,36.154010419001516
112,9500,(Unincorporated),Unincorporated,269.8498529846753,WATCH,-86.307649480714,36.154004912045
113,9500,(Unincorporated),Unincorporated,235.20769700255815,HIGH,-86.3075318533051,36.154001395977794
114,9500,(Unincorporated),Unincorporated,188.4936628075152,HIGH,-86.3073787883151,36.1539579105052
115,9500,(Unincorporated),Unincorporated,146.56943168596712,HIGH,-86.3072421440897,36.153902937186686
116,9500,(Unincorporated),Unincorporated,105.52902546306827,HIGH,-86.3071032655469,36.1538784910546
117,9500,(Unincorporated),Unincorporated,65.04062685199312,HIGH,-86.306959646106,36.15384451891711
118,9500,(Unincorporated),Unincorporated,40.96341156146042,CRITICAL,-86.3068749730931,36.1538466413049
118 A,9500,(Unincorporated),Unincorporated,44.0353725272778,CRITICAL,-86.3067566982552,36.1536752543179
 7,9500,(Unincorporated),Unincorporated,356.54771317044236,WATCH,-86.3079137827784,36.154223616966284
8,9500,(Unincorporated),Unincorporated,298.90360787410077,WATCH,-86.3077185087964,36.15421457715161
9 ,9500,(Unincorporated),Unincorporated,240.7759726647408,HIGH,-86.3075300635604,36.154146381550106
10 ,9500,(Unincorporated),Unincorporated,198.1682345614668,HIGH,-86.3073888182276,36.15411812679681
 11,9500,(Unincorporated),Unincorporated,148.33561908315494,HIGH,-86.3072240206889,36.15408230187741
12,9500,(Unincorporated),Unincorporated,95.00364651634703,HIGH,-86.3070497475501,36.154029331173206
14,9500,(Unincorporated),Unincorporated,42.49505402576311,CRITICAL,-86.3068755484022,36.153995436738825
16 ,9500,(Unincorporated),Unincorporated,358.8840852606443,WATCH,-86.3078979605273,36.15438962208919
17 ,9500,(Unincorporated),Unincorporated,332.02281108182547,WATCH,-86.3078085162499,36.15437458943762
18 ,9500,(Unincorporated),Unincorporated,300.0359018268787,WATCH,-86.3077048686579,36.1543367012463
19 ,9500,(Unincorporated),Unincorporated,272.4025857148715,WATCH,-86.3076130644612,36.154319765624706
20 ,9500,(Unincorporated),Unincorporated,241.9287099797679,HIGH,-86.3075118435621,36.1543009477904
21 ,9500,(Unincorporated),Unincorporated,209.13947656701234,HIGH,-86.3074035449157,36.154276424076905
22 ,9500,(Unincorporated),Unincorporated,178.4699288479551,HIGH,-86.30730001581821,36.1542690568884
23,9500,(Unincorporated),Unincorporated,145.71134232023672,HIGH,-86.3071940097187,36.15422926632289
 24,9500,(Unincorporated),Unincorporated,114.1361036726109,HIGH,-86.3070903995132,36.154200915412304
25,9500,(Unincorporated),Unincorporated,85.53555495646344,HIGH,-86.3069939283878,36.15419353090191
15,9500,(Unincorporated),Unincorporated,390.5505634766795,WATCH,-86.3080005645458,36.15442716850131
 39,9500,(Unincorporated),Unincorporated,66.57949815241079,HIGH,-86.3069036041805,36.15437273400139
 38,9500,(Unincorporated),Unincorporated,93.95554355636013,HIGH,-86.3069976760469,36.1543677253233
37,9500,(Unincorporated),Unincorporated,116.12139788368381,HIGH,-86.3070712393495,36.1543818454664
36 ,9500,(Unincorporated),Unincorporated,144.42342501308013,HIGH,-86.3071653931623,36.154398297858094
35,9500,(Unincorporated),Unincorporated,170.98281107799184,HIGH,-86.3072522349159,36.15442430669672
34,9500,(Unincorporated),Unincorporated,197.14952283305982,HIGH,-86.3073404719975,36.15443123611271
33 ,9500,(Unincorporated),Unincorporated,221.45069253843505,HIGH,-86.3074199522489,36.1544548788773
32 ,9500,(Unincorporated),Unincorporated,249.23230973833265,HIGH,-86.3075097669856,36.15448922641101
31,9500,(Unincorporated),Unincorporated,269.1402734876218,WATCH,-86.3075759699987,36.15450098030049
30 ,9500,(Unincorporated),Unincorporated,292.8564241600206,WATCH,-86.3076539673886,36.1545210505399
 29,9500,(Unincorporated),Unincorporated,324.4712844940571,WATCH,-86.3077613028883,36.15452435300511
28 ,9500,(Unincorporated),Unincorporated,346.0517939923997,WATCH,-86.3078333823507,36.1545349003175
 27,9500,(Unincorporated),Unincorporated,371.8904015797805,WATCH,-86.3079201586031,36.15454421683612
26 ,9500,(Unincorporated),Unincorporated,398.10207458059176,WATCH,-86.3080041054168,36.15458215512451
INNOVATIVE TRADE SERVICES,9502,WATERTOWN,Watertown,75.72197437995831,HIGH,-86.1608608689123,36.100303733959485
THE GARDENS MEMORY CARE,9503,MT. JULIET,Mt. Juliet,4479.761090539571,NORMAL,-86.5117730957023,36.22108501931041
PROVIDENCE PLACE ASSISTED LIVING,9503,MT. JULIET,Mt. Juliet,4376.6831911554,NORMAL,-86.5106471419558,36.22103613237869
DOLLAR GENERAL,9501,LEBANON,Lebanon,3228.9456526364916,NORMAL,-86.3020287277339,36.177167142139496
49 ,9500,(Unincorporated),Unincorporated,58.851825143531684,HIGH,-86.3068529213708,36.1545425020121
48,9500,(Unincorporated),Unincorporated,86.12480883140111,HIGH,-86.3069424025457,36.154567074081505
47,9500,(Unincorporated),Unincorporated,116.43402413114809,HIGH,-86.3070436088908,36.15458207744879
46,9500,(Unincorporated),Unincorporated,146.18763851788452,HIGH,-86.3071401849566,36.15461616922263
45,9500,(Unincorporated),Unincorporated,176.08485745278668,HIGH,-86.30724135336871,36.15462163461779
44,9500,(Unincorporated),Unincorporated,204.18154698010443,HIGH,-86.3073309097327,36.154665282914486
43,9500,(Unincorporated),Unincorporated,236.88875647121125,HIGH,-86.307439202608,36.15468789876571
42,9500,(Unincorporated),Unincorporated,264.5529674092249,WATCH,-86.3075333006836,36.15468956604628
41,9500,(Unincorporated),Unincorporated,292.92727508276334,WATCH,-86.3076251718319,36.1547236694217
40,9500,(Unincorporated),Unincorporated,319.6136852448295,WATCH,-86.3077077297954,36.15478259610231
58 ,9500,(Unincorporated),Unincorporated,71.2846820600612,HIGH,-86.3068540350365,36.154830553208775
57,9500,(Unincorporated),Unincorporated,94.56465303142912,HIGH,-86.3069339975675,36.15482653487881
56,9500,(Unincorporated),Unincorporated,125.64554560886485,HIGH,-86.3070375631443,36.154843440191314
55,9500,(Unincorporated),Unincorporated,152.4248347719883,HIGH,-86.3071270015358,36.154856566388816
54,9500,(Unincorporated),Unincorporated,186.64471307006926,HIGH,-86.3072377199795,36.15489825205118
53,9500,(Unincorporated),Unincorporated,217.56127094724357,HIGH,-86.30734127205301,36.15491134215701
52,9500,(Unincorporated),Unincorporated,245.60625767530507,HIGH,-86.3074331138209,36.1549378157907
51,9500,(Unincorporated),Unincorporated,275.03018648100954,WATCH,-86.3075296598083,36.1549642764655
50,9500,(Unincorporated),Unincorporated,303.1370795703382,WATCH,-86.307626088672,36.154960215714716
67 ,9500,(Unincorporated),Unincorporated,54.725400948438406,HIGH,-86.3067723834675,36.1550062643221
66,9500,(Unincorporated),Unincorporated,76.03981743281122,HIGH,-86.3068407179635,36.15503661314042
65,9500,(Unincorporated),Unincorporated,107.1207100260679,HIGH,-86.3069442837946,36.155053518532085
64,9500,(Unincorporated),Unincorporated,135.49501766794734,HIGH,-86.307036155111,36.15508762235261
63,9500,(Unincorporated),Unincorporated,163.65328781198244,HIGH,-86.3071302979473,36.15510073657819
62,9500,(Unincorporated),Unincorporated,201.1050697066915,HIGH,-86.3072550502396,36.155121402762
61 ,9500,(Unincorporated),Unincorporated,228.326676334551,HIGH,-86.3073468183491,36.1551287999437
80,9500,(Unincorporated),Unincorporated,64.0579639213086,HIGH,-86.3067715018587,36.155234468717104
79 ,9500,(Unincorporated),Unincorporated,90.25681730367646,HIGH,-86.3068583110208,36.15525213236749
78 ,9500,(Unincorporated),Unincorporated,105.53357868361448,HIGH,-86.3069126475289,36.15523649453859
76 ,9500,(Unincorporated),Unincorporated,166.71802317225814,HIGH,-86.3071128218792,36.15529559919891
75 ,9500,(Unincorporated),Unincorporated,194.04260489924818,HIGH,-86.3072068902111,36.155289398020415
74 ,9500,(Unincorporated),Unincorporated,229.87703591409766,HIGH,-86.3073260569945,36.1553105560103
73 ,9500,(Unincorporated),Unincorporated,256.8735523888599,WATCH,-86.307418664299,36.15530674308801
71 ,9500,(Unincorporated),Unincorporated,275.30147558297074,WATCH,-86.30769955611422,36.1553286800731
69,9500,(Unincorporated),Unincorporated,303.51610602819153,WATCH,-86.30791692469361,36.15527208878901
93 ,9500,(Unincorporated),Unincorporated,61.5689475810404,HIGH,-86.3067354893393,36.155426516932394
77 ,9500,(Unincorporated),Unincorporated,136.1449211663404,HIGH,-86.3070141674774,36.15525650446289
68 ,9500,(Unincorporated),Unincorporated,258.66301508245425,WATCH,-86.308036199184,36.155408002535516
59 ,9500,(Unincorporated),Unincorporated,299.46331028274227,WATCH,-86.3080738771205,36.155298819371694
72,9500,(Unincorporated),Unincorporated,275.0380796077234,WATCH,-86.3075683236654,36.15531643589769
70,9500,(Unincorporated),Unincorporated,276.9827243049375,WATCH,-86.3078283319781,36.15533675759681
92,9500,(Unincorporated),Unincorporated,90.49630328480625,HIGH,-86.3068302305777,36.155453757824006
91,9500,(Unincorporated),Unincorporated,136.83472179639227,HIGH,-86.306988991073,36.155448584668605
90,9500,(Unincorporated),Unincorporated,161.7461308758262,HIGH,-86.3070771178264,36.1554264231956
94,9500,(Unincorporated),Unincorporated,144.95514360938066,HIGH,-86.3069965902577,36.15558877779121
89,9500,(Unincorporated),Unincorporated,175.84542410420596,HIGH,-86.3072317020494,36.15555765692211
88,9500,(Unincorporated),Unincorporated,194.45220747707918,HIGH,-86.3072973916795,36.1555126598247
87,9500,(Unincorporated),Unincorporated,202.1630488366842,HIGH,-86.3073667289718,36.155498175944196
86,9500,(Unincorporated),Unincorporated,192.13052252495575,HIGH,-86.3074503757555,36.155534208334984
85,9500,(Unincorporated),Unincorporated,182.05486804529818,HIGH,-86.3075234336389,36.15556931323029
84,9500,(Unincorporated),Unincorporated,190.28362677702995,HIGH,-86.3076351231352,36.155557582724704
83,9500,(Unincorporated),Unincorporated,191.57879112690176,HIGH,-86.3077551228883,36.15556586114539
82,9500,(Unincorporated),Unincorporated,189.03974992194154,HIGH,-86.3078363358767,36.155580915733495
98,9500,(Unincorporated),Unincorporated,168.18344731682856,HIGH,-86.3079335547692,36.155648242327786
95,9500,(Unincorporated),Unincorporated,212.34984448765485,HIGH,-86.3082467213238,36.1555569765244
96,9500,(Unincorporated),Unincorporated,188.66150790092883,HIGH,-86.3081834392907,36.155616274391186
97,9500,(Unincorporated),Unincorporated,159.20145682003096,HIGH,-86.3081131595525,36.15569085271329
SHOP,9500,(Unincorporated),Unincorporated,90.87431294111384,HIGH,-86.307245554581,36.15579416932881
102,9500,(Unincorporated),Unincorporated,90.10300002548601,HIGH,-86.30739381539,36.15581096053499
103,9500,(Unincorporated),Unincorporated,99.58198585921792,HIGH,-86.3075584391827,36.15580100319832
104,9500,(Unincorporated),Unincorporated,96.82780748376908,HIGH,-86.3076337723836,36.155816072005805
106,9500,(Unincorporated),Unincorporated,104.24068537842582,HIGH,-86.3078360701772,36.1558155561475
107,9500,(Unincorporated),Unincorporated,35.24785198310845,CRITICAL,-86.3078721093348,36.156010044396105
108,9500,(Unincorporated),Unincorporated,33.52839727268994,CRITICAL,-86.307994495777,36.15602690087082
109,9500,(Unincorporated),Unincorporated,21.731394523534153,CRITICAL,-86.3081240491429,36.1560723535225
110,9500,(Unincorporated),Unincorporated,27.849477421805997,CRITICAL,-86.3082157602768,36.15606448846952
105,9500,(Unincorporated),Unincorporated,100.01707079787356,HIGH,-86.3077208075328,36.1558158501082
1,9500,(Unincorporated),Unincorporated,249.84590183797658,HIGH,-86.3090469693993,36.15446757202281
2,9500,(Unincorporated),Unincorporated,223.8635192100165,HIGH,-86.30910844070911,36.15454753549872
3,9500,(Unincorporated),Unincorporated,257.32399957684976,WATCH,-86.3089815007059,36.154568845227715
4,9500,(Unincorporated),Unincorporated,270.90722527512236,WATCH,-86.3088948529931,36.1546682646654
5,9500,(Unincorporated),Unincorporated,297.6864844855015,WATCH,-86.3089078751112,36.154387807235416
STORED TRAILERS,9500,(Unincorporated),Unincorporated,7.7949546522412945,CRITICAL,-86.3065084477215,36.15573118364661
STORED TRAILERS,9500,(Unincorporated),Unincorporated,17.37984993352232,CRITICAL,-86.30682246813991,36.1559557263288
GRAPHIC PACKAGING,9501,LEBANON,Lebanon,2434.8102170669463,NORMAL,-86.3313997126572,36.23041743997371
149 WATER METER,9503,MT. JULIET,Mt. Juliet,2831.4043075869013,NORMAL,-86.5234067474892,36.199457924185
BLUSH BOOT CAMP,9503,MT. JULIET,Mt. Juliet,2212.192367733861,NORMAL,-86.5097779217601,36.16493241035502
TRANSCANADA/CPG,9500,(Unincorporated),Unincorporated,86.91885949726509,HIGH,-86.5025622160545,36.178890208892604
TRANSCANADA/CPG,9500,(Unincorporated),Unincorporated,1538.6730875702976,NORMAL,-86.3562971627821,36.305251349357015
TRANSCANADA/CPG,9500,(Unincorporated),Unincorporated,6941.611706570391,NORMAL,-86.3776092730528,36.29332655197181
TRANSCANADA/CPG,9500,(Unincorporated),Unincorporated,118.39481290234144,HIGH,-86.4351726388825,36.24785811764541
ROCK BOTTOM STABLES,9500,(Unincorporated),Unincorporated,5164.345304162796,NORMAL,-86.4516250661218,36.268882966193495
TAKE 5 CAR WASH,9501,LEBANON,Lebanon,3816.081411726744,NORMAL,-86.3465412119083,36.22155501841281
SIMPLY STORAGE ,9501,LEBANON,Lebanon,2128.7060456921513,NORMAL,-86.302034652847,36.17237004402921
WALTONS GROVE,9503,MT. JULIET,Mt. Juliet,47.010641680738686,CRITICAL,-86.4610745136056,36.15370771181103
BLDG #1,9501,LEBANON,Lebanon,6331.711537008532,NORMAL,-86.2950322051964,36.21544261496182
BLDG #2,9501,LEBANON,Lebanon,6332.956829911368,NORMAL,-86.2961043758345,36.2155359443319
BLDG #3,9501,LEBANON,Lebanon,6416.374183308425,NORMAL,-86.2961374050811,36.2152914545794
BLDG #4,9501,LEBANON,Lebanon,6342.871610949365,NORMAL,-86.2950555838845,36.215185499385704
CLUB HOUSE & GYM,9501,LEBANON,Lebanon,6539.264953844991,NORMAL,-86.2956576931834,36.21445750294121
SOUTHERN BANK OF TENNESSEE,9503,MT. JULIET,Mt. Juliet,2271.8092743343072,NORMAL,-86.5113950292726,36.1809183565035
1,9500,(Unincorporated),Unincorporated,10.09679591580202,CRITICAL,-86.3695915124802,36.1835361154775
2,9500,(Unincorporated),Unincorporated,71.44847769980605,HIGH,-86.369544739267,36.18336669709009
4,9500,(Unincorporated),Unincorporated,152.85837535429246,HIGH,-86.3694778048521,36.18314180130792
 ,9500,(Unincorporated),Unincorporated,152.85837535429246,HIGH,-86.3694778048521,36.18314180130792
3,9500,(Unincorporated),Unincorporated,120.4113642288976,HIGH,-86.3695017526344,36.183231387231004
5,9500,(Unincorporated),Unincorporated,186.5670085062499,HIGH,-86.3694373662217,36.1830484508845
 ,9500,(Unincorporated),Unincorporated,186.5670085062499,HIGH,-86.3694373662217,36.1830484508845
6,9500,(Unincorporated),Unincorporated,218.41018011685352,HIGH,-86.3694251925351,36.18296073684573
7,9500,(Unincorporated),Unincorporated,243.14830454463925,HIGH,-86.3693919298965,36.18289216393799
8,9500,(Unincorporated),Unincorporated,279.1929095908825,WATCH,-86.3693844087982,36.182792989873114
 ,9500,(Unincorporated),Unincorporated,279.1929095908825,WATCH,-86.3693844087982,36.182792989873114
9,9500,(Unincorporated),Unincorporated,318.1407918701703,WATCH,-86.3693933230356,36.18268613559551
10,9500,(Unincorporated),Unincorporated,358.44145492406057,WATCH,-86.3693975148017,36.18257547900139
13,9500,(Unincorporated),Unincorporated,82.14388219991173,HIGH,-86.3686149825106,36.18330944923281
14,9500,(Unincorporated),Unincorporated,106.77088009797433,HIGH,-86.3686123155185,36.18324173620869
15,9500,(Unincorporated),Unincorporated,133.2689556146722,HIGH,-86.3686103595479,36.1831688947445
16,9500,(Unincorporated),Unincorporated,175.07791051413798,HIGH,-86.3686017351853,36.183053866646404
17,9500,(Unincorporated),Unincorporated,226.0503657993389,HIGH,-86.3686439111141,36.18291455986721
18,9500,(Unincorporated),Unincorporated,259.30161118609044,WATCH,-86.3686340718343,36.1828230236595
19,9500,(Unincorporated),Unincorporated,288.73417580404373,WATCH,-86.3686701731283,36.182742792943
 ,9500,(Unincorporated),Unincorporated,288.73417580404373,WATCH,-86.3686701731283,36.182742792943
11,9500,(Unincorporated),Unincorporated,411.97674219365166,WATCH,-86.3694676002967,36.182429648930004
12,9500,(Unincorporated),Unincorporated,449.41072747928354,WATCH,-86.369539191301,36.1823280868551
TE1,9500,(Unincorporated),Unincorporated,433.7392654346921,WATCH,-86.3698179505796,36.18237618332981
29,9500,(Unincorporated),Unincorporated,509.0340763682664,WATCH,-86.3701473662276,36.18217957431262
28,9500,(Unincorporated),Unincorporated,511.46804414165126,WATCH,-86.3699914078431,36.18216574516982
27,9500,(Unincorporated),Unincorporated,510.9242623035632,WATCH,-86.3698642710577,36.18216494241211
26,9500,(Unincorporated),Unincorporated,514.2962977816908,WATCH,-86.3697385550349,36.18215340587269
25,9500,(Unincorporated),Unincorporated,512.5567995868005,WATCH,-86.3696063671302,36.18215579699722
24,9500,(Unincorporated),Unincorporated,516.3542641679326,WATCH,-86.3694795005669,36.18214307046529
23,9500,(Unincorporated),Unincorporated,519.5661182966186,WATCH,-86.3693454526738,36.1821318230812
22,9500,(Unincorporated),Unincorporated,516.5017348870566,WATCH,-86.3691849951443,36.18213416865011
21,9500,(Unincorporated),Unincorporated,513.3894127546071,WATCH,-86.36902893706342,36.182133983386095
20,9500,(Unincorporated),Unincorporated,511.39744248247007,WATCH,-86.36890561301371,36.18213595010051
39,9500,(Unincorporated),Unincorporated,584.021841784011,WATCH,-86.37016149604061,36.181973718654
37,9500,(Unincorporated),Unincorporated,580.1229380123457,WATCH,-86.3698859295466,36.181975199573806
31,9500,(Unincorporated),Unincorporated,577.4791091013997,WATCH,-86.3690767834748,36.181959510610305
30,9500,(Unincorporated),Unincorporated,571.3022759593098,WATCH,-86.3689767757458,36.1819732763819
49,9500,(Unincorporated),Unincorporated,643.404032737833,WATCH,-86.3701438474784,36.181808746172905
48,9500,(Unincorporated),Unincorporated,645.2778092383714,WATCH,-86.3700166674007,36.181798538338505
45,9500,(Unincorporated),Unincorporated,644.6269478733617,WATCH,-86.3695997835117,36.181792794710596
43,9500,(Unincorporated),Unincorporated,648.5084316311455,WATCH,-86.3693145609641,36.18177697569271
51,9500,(Unincorporated),Unincorporated,710.5977784306949,WATCH,-86.369071206251,36.181593183224386
50,9500,(Unincorporated),Unincorporated,704.6187387251067,WATCH,-86.3689356343304,36.1816056526498
53,9500,(Unincorporated),Unincorporated,719.6027533878754,WATCH,-86.3694973698948,36.181584936412996
 ,9500,(Unincorporated),Unincorporated,748.3283265895207,WATCH,-86.3693958109052,36.181504173200906
 ,9500,(Unincorporated),Unincorporated,748.3283265895207,WATCH,-86.3693958109052,36.181504173200906
54,9500,(Unincorporated),Unincorporated,748.3283265895207,WATCH,-86.3693958109052,36.181504173200906
55,9500,(Unincorporated),Unincorporated,771.4258932952853,WATCH,-86.3693267804322,36.181439461566406
56,9500,(Unincorporated),Unincorporated,797.1165456761867,WATCH,-86.3692602561521,36.18136574421519
57,9500,(Unincorporated),Unincorporated,844.4527526684062,WATCH,-86.3692137175401,36.1812322177943
58,9500,(Unincorporated),Unincorporated,879.7987032066883,WATCH,-86.3691755059421,36.18113244898393
59,9500,(Unincorporated),Unincorporated,907.5031697555447,WATCH,-86.3691228489541,36.18105365479931
60,9500,(Unincorporated),Unincorporated,948.2216927029185,WATCH,-86.3690929089973,36.18094061329322
61,9500,(Unincorporated),Unincorporated,991.9939164260577,WATCH,-86.3690431894595,36.18081883611159
62,9500,(Unincorporated),Unincorporated,1024.7235996682668,NORMAL,-86.3690098907442,36.180727900625406
63,9500,(Unincorporated),Unincorporated,1059.5005480223413,NORMAL,-86.3689434200105,36.18063060279711
64,9500,(Unincorporated),Unincorporated,1087.3882280757732,NORMAL,-86.368918485226,36.1805534199258
82,9500,(Unincorporated),Unincorporated,1501.1186133879783,NORMAL,-86.368756449959,36.17941313737419
99,9500,(Unincorporated),Unincorporated,1261.9899868571983,NORMAL,-86.3683558113967,36.180061847156416
97,9500,(Unincorporated),Unincorporated,1353.580583868121,NORMAL,-86.3684324519236,36.1798123194459
100,9500,(Unincorporated),Unincorporated,1228.247354787124,NORMAL,-86.36832097947142,36.18015358284449
101,9500,(Unincorporated),Unincorporated,1186.113398773451,NORMAL,-86.3683034578117,36.180268888196316
92,9500,(Unincorporated),Unincorporated,1568.776341841587,NORMAL,-86.3686275643859,36.17922495752371
79,9500,(Unincorporated),Unincorporated,1559.1121049487688,NORMAL,-86.3689343236576,36.179257478162384
P1,9500,(Unincorporated),Unincorporated,1170.895842517555,NORMAL,-86.3688865637383,36.1803232408102
P3,9500,(Unincorporated),Unincorporated,1234.9983834958493,NORMAL,-86.3688130204851,36.1801454717685
P2,9500,(Unincorporated),Unincorporated,1201.1721764926183,NORMAL,-86.3688533935926,36.18023931294471
81,9500,(Unincorporated),Unincorporated,2394.7721210782825,NORMAL,-86.5026072057764,36.28088209753742
82,9500,(Unincorporated),Unincorporated,2381.4260301666764,NORMAL,-86.5026157588425,36.2808377101017
83,9500,(Unincorporated),Unincorporated,2369.211687454145,NORMAL,-86.5026101317506,36.28078622862392
 ,9500,(Unincorporated),Unincorporated,2369.211687454145,NORMAL,-86.5026101317506,36.28078622862392
84,9500,(Unincorporated),Unincorporated,2350.8294726322647,NORMAL,-86.50261678226362,36.28072039008421
85,9500,(Unincorporated),Unincorporated,2337.4663699587536,NORMAL,-86.50262198320411,36.2806725757162
86,9500,(Unincorporated),Unincorporated,2323.4525352098385,NORMAL,-86.5026251859374,36.2806203419491
87,9500,(Unincorporated),Unincorporated,2308.334611202257,NORMAL,-86.5026269378728,36.28056224815492
88,9500,(Unincorporated),Unincorporated,2296.5061521242687,NORMAL,-86.5026248629031,36.28051361328512
89,9500,(Unincorporated),Unincorporated,2286.1057568186225,NORMAL,-86.5026281518438,36.280474971398704
90,9500,(Unincorporated),Unincorporated,2275.798686450081,NORMAL,-86.502627888669,36.2804334819989
91,9500,(Unincorporated),Unincorporated,2185.870631011766,NORMAL,-86.5030377561007,36.28042033143201
92,9500,(Unincorporated),Unincorporated,2208.4789533122134,NORMAL,-86.5029264177654,36.28041793335159
93,9500,(Unincorporated),Unincorporated,2192.508277942278,NORMAL,-86.5030396950893,36.2804475069459
94,9500,(Unincorporated),Unincorporated,2220.55753433903,NORMAL,-86.5029160610628,36.28045660555541
95,9500,(Unincorporated),Unincorporated,2202.890530326057,NORMAL,-86.5030452781342,36.28049183468688
96,9500,(Unincorporated),Unincorporated,2232.3079952500475,NORMAL,-86.5029003665292,36.28048957630029
97,9500,(Unincorporated),Unincorporated,2214.040600548668,NORMAL,-86.5030419973741,36.28053190859429
98,9500,(Unincorporated),Unincorporated,2239.2721659209406,NORMAL,-86.5029094199033,36.2805238752208
99,9500,(Unincorporated),Unincorporated,2225.5922905989473,NORMAL,-86.5030369512931,36.280571988946505
100,9500,(Unincorporated),Unincorporated,2251.453739876938,NORMAL,-86.50291149505371,36.28057251098679
101,9500,(Unincorporated),Unincorporated,2235.7076719431384,NORMAL,-86.5030354210071,36.28060919328429
102,9500,(Unincorporated),Unincorporated,2260.0027390994933,NORMAL,-86.5029170326379,36.28060968591601
104,9500,(Unincorporated),Unincorporated,2270.437734611033,NORMAL,-86.5029172857687,36.280649744213704
106,9500,(Unincorporated),Unincorporated,2278.681380157798,NORMAL,-86.5029192621496,36.28068264143501
108,9500,(Unincorporated),Unincorporated,2288.0711880073536,NORMAL,-86.5029194891571,36.28071840821782
103,9500,(Unincorporated),Unincorporated,2246.3124324010423,NORMAL,-86.503041002948,36.28065352102793
105,9500,(Unincorporated),Unincorporated,2254.2601795344676,NORMAL,-86.5030411936809,36.280683565197805
107,9500,(Unincorporated),Unincorporated,2264.0608398660825,NORMAL,-86.5030361021754,36.2807164918311
80,9500,(Unincorporated),Unincorporated,2404.607269090976,NORMAL,-86.5026950123515,36.28098688164972
79,9500,(Unincorporated),Unincorporated,2397.9606058908234,NORMAL,-86.502746343385,36.2810004983257
78,9500,(Unincorporated),Unincorporated,2390.047313795051,NORMAL,-86.502800600338,36.28101124142721
77,9500,(Unincorporated),Unincorporated,2381.726592168041,NORMAL,-86.5028684569836,36.28103003442481
74,9500,(Unincorporated),Unincorporated,2338.560572388431,NORMAL,-86.5032460928908,36.281135288304206
 ,9500,(Unincorporated),Unincorporated,2338.560572388431,NORMAL,-86.5032460928908,36.281135288304206
 ,9500,(Unincorporated),Unincorporated,2338.560572388431,NORMAL,-86.5032460928908,36.281135288304206
75,9500,(Unincorporated),Unincorporated,2346.8058271721516,NORMAL,-86.5031682009128,36.28111272151642
76,9500,(Unincorporated),Unincorporated,2362.997019366503,NORMAL,-86.5030289564053,36.28107562636049
73,9500,(Unincorporated),Unincorporated,2332.2858103296144,NORMAL,-86.5033114578226,36.28115588035401
72,9500,(Unincorporated),Unincorporated,2325.3973693920007,NORMAL,-86.5033775441333,36.281174203690725
71,9500,(Unincorporated),Unincorporated,2319.022310231549,NORMAL,-86.5034424547704,36.28119300953599
70,9500,(Unincorporated),Unincorporated,2310.699717491562,NORMAL,-86.503526833253,36.281216503521314
69,9500,(Unincorporated),Unincorporated,2303.448730838854,NORMAL,-86.5036085688379,36.28124115211061
68,9500,(Unincorporated),Unincorporated,2297.088649087296,NORMAL,-86.5036722852825,36.28125733934892
61A,9500,(Unincorporated),Unincorporated,2268.206677583413,NORMAL,-86.5040254571606,36.281358876954606
61,9500,(Unincorporated),Unincorporated,2272.003854548762,NORMAL,-86.5039758901981,36.28134477671951
62,9500,(Unincorporated),Unincorporated,2276.581559107703,NORMAL,-86.5039183578367,36.281328563860406
63,9500,(Unincorporated),Unincorporated,2280.5546917335782,NORMAL,-86.5038741095444,36.28131730279228
64,9500,(Unincorporated),Unincorporated,2284.5634766357243,NORMAL,-86.5038263147388,36.281303910679405
65,9500,(Unincorporated),Unincorporated,2288.5716352029503,NORMAL,-86.5037802909338,36.281291225836114
66,9500,(Unincorporated),Unincorporated,2291.959145004082,NORMAL,-86.5037395721331,36.28127923533899
67,9500,(Unincorporated),Unincorporated,2294.2810541136723,NORMAL,-86.5037041503375,36.2812665062831
Section E,9500,(Unincorporated),Unincorporated,2349.1007307335135,NORMAL,-86.5026696046906,36.280756121102804
Section F,9500,(Unincorporated),Unincorporated,2229.6348269234686,NORMAL,-86.5030869745149,36.28062562160682
Section D,9500,(Unincorporated),Unincorporated,2319.2074681803524,NORMAL,-86.5032014958103,36.2810364701574
Section C,9500,(Unincorporated),Unincorporated,2124.3433911497364,NORMAL,-86.5044551067604,36.281112317077195
50,9500,(Unincorporated),Unincorporated,2082.0790596375064,NORMAL,-86.5047599969271,36.281124158869694
60,9500,(Unincorporated),Unincorporated,2207.70619115533,NORMAL,-86.5042485311934,36.281277708925
59,9500,(Unincorporated),Unincorporated,2196.2306173478237,NORMAL,-86.5042917273011,36.28126250713981
51,9500,(Unincorporated),Unincorporated,2094.425756065036,NORMAL,-86.5047070782501,36.2811386876515
58,9500,(Unincorporated),Unincorporated,2183.5440847746936,NORMAL,-86.5043413968912,36.2812465618573
52,9500,(Unincorporated),Unincorporated,2107.1347773022994,NORMAL,-86.504657118792,36.281155586888
53,9500,(Unincorporated),Unincorporated,2118.4686959026594,NORMAL,-86.5046041784044,36.28116653786109
54,9500,(Unincorporated),Unincorporated,2132.7666676467757,NORMAL,-86.5045468646747,36.28118466097139
55,9500,(Unincorporated),Unincorporated,2147.719363699343,NORMAL,-86.50448808592101,36.2812039824863
57,9500,(Unincorporated),Unincorporated,2172.7371796638317,NORMAL,-86.50438401476931,36.28123303061461
56,9500,(Unincorporated),Unincorporated,2160.9379219909465,NORMAL,-86.50443370213601,36.28121970867881
Section B,9500,(Unincorporated),Unincorporated,1938.094040301652,NORMAL,-86.5049330002845,36.28074830864231
49,9500,(Unincorporated),Unincorporated,2027.1781989348653,NORMAL,-86.5048969937106,36.281013614107
48,9500,(Unincorporated),Unincorporated,2010.3277720778037,NORMAL,-86.5049108318464,36.28096682069531
40,9500,(Unincorporated),Unincorporated,1857.440222260661,NORMAL,-86.5050471549224,36.2805456270623
41,9500,(Unincorporated),Unincorporated,1882.356222159105,NORMAL,-86.50502875732951,36.28061628410041
47,9500,(Unincorporated),Unincorporated,1992.368174858399,NORMAL,-86.5049281928996,36.28091810467664
46,9500,(Unincorporated),Unincorporated,1971.53684998686,NORMAL,-86.5049466757385,36.280860799821504
42,9500,(Unincorporated),Unincorporated,1904.0696056508118,NORMAL,-86.5050079304171,36.280675506654994
45,9500,(Unincorporated),Unincorporated,1955.8760189996885,NORMAL,-86.5049629005579,36.280818764801
44,9500,(Unincorporated),Unincorporated,1940.695958197355,NORMAL,-86.5049779527038,36.280777688170495
43,9500,(Unincorporated),Unincorporated,1924.5494444114947,NORMAL,-86.5049894404762,36.28073185805902
Section A,9500,(Unincorporated),Unincorporated,1765.8004129854135,NORMAL,-86.5050499941381,36.280251846272414
39,9500,(Unincorporated),Unincorporated,1825.8671616724866,NORMAL,-86.5050742784998,36.280457764361216
30,9500,(Unincorporated),Unincorporated,1651.9862413279775,NORMAL,-86.5052816393352,36.280000505797304
38,9500,(Unincorporated),Unincorporated,1806.1531252601476,NORMAL,-86.505095144822,36.28040474113849
31,9500,(Unincorporated),Unincorporated,1677.6412535779314,NORMAL,-86.5052449429375,36.2800650407617
37,9500,(Unincorporated),Unincorporated,1785.907293168731,NORMAL,-86.5051195450747,36.2803517040446
32,9500,(Unincorporated),Unincorporated,1697.9423671794323,NORMAL,-86.5052311822899,36.28012375708219
36,9500,(Unincorporated),Unincorporated,1768.2625982818283,NORMAL,-86.5051386814009,36.2803044108075
35,9500,(Unincorporated),Unincorporated,1750.796706460872,NORMAL,-86.5051595932455,36.2802585412885
34,9500,(Unincorporated),Unincorporated,1735.0471457103513,NORMAL,-86.5051752218313,36.28021555522871
33,9500,(Unincorporated),Unincorporated,1722.2343155053914,NORMAL,-86.5051891387109,36.28018116046921
Section G,9500,(Unincorporated),Unincorporated,2014.2327059880708,NORMAL,-86.5040566239389,36.2805191444826
1C,9500,(Unincorporated),Unincorporated,2181.981400414729,NORMAL,-86.5033949752681,36.28067450946501
1B,9500,(Unincorporated),Unincorporated,2164.256597967594,NORMAL,-86.5034626034063,36.28065753625451
2,9500,(Unincorporated),Unincorporated,2153.276774769812,NORMAL,-86.5035126374428,36.28065255857302
29,9500,(Unincorporated),Unincorporated,1917.0907546003946,NORMAL,-86.5046043585224,36.2805120907674
28,9500,(Unincorporated),Unincorporated,1933.0816541701774,NORMAL,-86.504521945371,36.280519587789016
26,9500,(Unincorporated),Unincorporated,1954.3974575197658,NORMAL,-86.5044219068273,36.28053431221531
4,9500,(Unincorporated),Unincorporated,2131.918616330027,NORMAL,-86.5036068011462,36.2806402440134
6,9500,(Unincorporated),Unincorporated,2109.863880050155,NORMAL,-86.5037083398395,36.28062980653599
8,9500,(Unincorporated),Unincorporated,2089.7004337885596,NORMAL,-86.503797198945,36.28061703628483
24,9500,(Unincorporated),Unincorporated,1979.7206205651642,NORMAL,-86.5043042147276,36.2805514948487
22,9500,(Unincorporated),Unincorporated,1997.0008129939683,NORMAL,-86.5042218155675,36.280561376242524
20,9500,(Unincorporated),Unincorporated,2018.6088981345952,NORMAL,-86.5041276835084,36.28057846042141
10,9500,(Unincorporated),Unincorporated,2076.7783650123574,NORMAL,-86.5038572369256,36.28061058652361
12,9500,(Unincorporated),Unincorporated,2066.735534696001,NORMAL,-86.503901664949,36.280603963885596
14,9500,(Unincorporated),Unincorporated,2055.737605333637,NORMAL,-86.5039552374389,36.2805996868402
16,9500,(Unincorporated),Unincorporated,2042.2952561171664,NORMAL,-86.5040173291957,36.2805920361188
18,9500,(Unincorporated),Unincorporated,2031.4611717581558,NORMAL,-86.5040688338081,36.28058657442659
27,9500,(Unincorporated),Unincorporated,1993.4341692607404,NORMAL,-86.5045504119562,36.28073502704662
25,9500,(Unincorporated),Unincorporated,2010.3136801180156,NORMAL,-86.5044703872036,36.28074776007979
23,9500,(Unincorporated),Unincorporated,2028.9324082210098,NORMAL,-86.50437739202232,36.28075864019541
 ,9500,(Unincorporated),Unincorporated,2046.1370584828608,NORMAL,-86.5042855463096,36.28076474617271
 ,9500,(Unincorporated),Unincorporated,2046.1370584828608,NORMAL,-86.5042855463096,36.28076474617271
 ,9500,(Unincorporated),Unincorporated,2046.1370584828608,NORMAL,-86.5042855463096,36.28076474617271
21,9500,(Unincorporated),Unincorporated,2046.1370584828608,NORMAL,-86.5042855463096,36.28076474617271
19,9500,(Unincorporated),Unincorporated,2067.997181972269,NORMAL,-86.5041843347466,36.280780428787274
17,9500,(Unincorporated),Unincorporated,2083.0490533182037,NORMAL,-86.5041137159893,36.2807902618687
15,9500,(Unincorporated),Unincorporated,2093.28499320832,NORMAL,-86.5040583621809,36.2807923996992
13,9500,(Unincorporated),Unincorporated,2106.931952359809,NORMAL,-86.5039936215886,36.2808003003092
11,9500,(Unincorporated),Unincorporated,2121.5739548933416,NORMAL,-86.5039253530739,36.2808091690859
7,9500,(Unincorporated),Unincorporated,2140.882172650414,NORMAL,-86.5038344176191,36.28081980137191
5,9500,(Unincorporated),Unincorporated,2158.0973715031882,NORMAL,-86.5037599910634,36.280832987345605
3,9500,(Unincorporated),Unincorporated,2178.347583794228,NORMAL,-86.5036699586374,36.28084647802751
1,9500,(Unincorporated),Unincorporated,2200.7231717764917,NORMAL,-86.50357109825661,36.28086119683648
1A,9500,(Unincorporated),Unincorporated,2217.5030021209095,NORMAL,-86.5034957666353,36.280871048288816
Guest Dock,9500,(Unincorporated),Unincorporated,1715.7272878473598,NORMAL,-86.5048724827115,36.279989260403305
Pavilion,9500,(Unincorporated),Unincorporated,1730.6161527325155,NORMAL,-86.50422807023561,36.27961281569821
Pool,9500,(Unincorporated),Unincorporated,1854.8186838551694,NORMAL,-86.5038759367102,36.2798121972165
Club House,9500,(Unincorporated),Unincorporated,1950.4987722589497,NORMAL,-86.5034372153532,36.2798259475688
Church,9500,(Unincorporated),Unincorporated,1632.4298605285449,NORMAL,-86.5040477875179,36.2790689422543
Tennis Court,9500,(Unincorporated),Unincorporated,2288.743964704558,NORMAL,-86.5020088497249,36.279887379277895
Trailer Storage,9500,(Unincorporated),Unincorporated,2644.384936731252,NORMAL,-86.5000223773388,36.279037067630206
1,9500,(Unincorporated),Unincorporated,2472.2685259826,NORMAL,-86.5036132629103,36.28181018518643
2,9500,(Unincorporated),Unincorporated,2497.593018862119,NORMAL,-86.5035428704509,36.28185578379921
3,9500,(Unincorporated),Unincorporated,2526.6361809261125,NORMAL,-86.5034459570376,36.28189910819741
4,9500,(Unincorporated),Unincorporated,2554.2271096299505,NORMAL,-86.5033667439346,36.28194712807747
5,9500,(Unincorporated),Unincorporated,2594.0257823394354,NORMAL,-86.5032198105549,36.2819978135824
7,9500,(Unincorporated),Unincorporated,2674.7467383486032,NORMAL,-86.5030589695161,36.28217731983172
8,9500,(Unincorporated),Unincorporated,2679.729489149084,NORMAL,-86.5031181884023,36.2822271479787
9,9500,(Unincorporated),Unincorporated,2694.2806128533693,NORMAL,-86.5031776042006,36.28230797281758
10,9500,(Unincorporated),Unincorporated,2697.2341315376734,NORMAL,-86.503292915421,36.2823790272731
11,9500,(Unincorporated),Unincorporated,2691.6531170708267,NORMAL,-86.5033873527619,36.28240963247138
13,9500,(Unincorporated),Unincorporated,2617.952112106639,NORMAL,-86.5036186529533,36.282287656485
12,9500,(Unincorporated),Unincorporated,2677.8788658941903,NORMAL,-86.5034854574276,36.2824145888555
6,9500,(Unincorporated),Unincorporated,2667.734512537802,NORMAL,-86.5030138917338,36.28212802941861
RV Lot,9500,(Unincorporated),Unincorporated,2587.4482397687757,NORMAL,-86.5034457592846,36.28209976348281
Dry Storage,9500,(Unincorporated),Unincorporated,2533.064068048509,NORMAL,-86.50394454098901,36.282173512099305
Fuel Docks,9500,(Unincorporated),Unincorporated,2576.300816356904,NORMAL,-86.5043870627936,36.28250033856601
The Boathouse at Benders Ferry,9500,(Unincorporated),Unincorporated,3031.5810513216247,NORMAL,-86.501097660378,36.2821335505889
9,9500,(Unincorporated),Unincorporated,2128.8190789472487,NORMAL,-86.5038881092609,36.2808113079405
Martha Gallatin Access Area,9500,(Unincorporated),Unincorporated,1156.223643101956,NORMAL,-86.4387655833494,36.33569439812031
Explorer Island,9500,(Unincorporated),Unincorporated,781.6965009490149,WATCH,-86.4744688149423,36.3191718727353
CAMP STAHLMAN,9500,(Unincorporated),Unincorporated,3709.0712949754375,NORMAL,-86.467088228538,36.313070158919786
Staff Site,9500,(Unincorporated),Unincorporated,3436.2636936103477,NORMAL,-86.4687062781299,36.3131640453832
Dining Hall,9500,(Unincorporated),Unincorporated,2841.850003866781,NORMAL,-86.468911314597,36.31495159644012
Cooks Cabins,9500,(Unincorporated),Unincorporated,3012.707490431114,NORMAL,-86.4679741081917,36.314905152901524
OA Lodge,9500,(Unincorporated),Unincorporated,3168.485505141828,NORMAL,-86.4670023070809,36.31498759720979
Rifle,9500,(Unincorporated),Unincorporated,3440.3507122732194,NORMAL,-86.4670773958807,36.31398106470261
Archery,9500,(Unincorporated),Unincorporated,3394.693436920094,NORMAL,-86.4677125547894,36.31377116158011
Pump House,9500,(Unincorporated),Unincorporated,2156.483946163989,NORMAL,-86.4696487153082,36.316828880831395
CRIPPLE CRAB,9500,(Unincorporated),Unincorporated,4119.458129678214,NORMAL,-86.4623881129584,36.31469296396347
RANGERS HOUSE,9500,(Unincorporated),Unincorporated,4479.230767910218,NORMAL,-86.4624730884761,36.313351380182006
Ampitheatre,9500,(Unincorporated),Unincorporated,3462.3209309561266,NORMAL,-86.464617555902,36.315541035514606
Shower House 3,9500,(Unincorporated),Unincorporated,2393.4381277902226,NORMAL,-86.4700730653985,36.315822778912306
Camp Office,9500,(Unincorporated),Unincorporated,2841.331741263015,NORMAL,-86.4703691877062,36.31433670461521
Trading Post,9500,(Unincorporated),Unincorporated,2628.324066984064,NORMAL,-86.4712669571491,36.31468849399301
Shower House 1,9500,(Unincorporated),Unincorporated,2906.901504920413,NORMAL,-86.4711121456085,36.3139236853102
Site 1,9500,(Unincorporated),Unincorporated,2943.472502852249,NORMAL,-86.4707467718188,36.31391795438011
Shower House 2,9500,(Unincorporated),Unincorporated,2389.875667035818,NORMAL,-86.4733586501972,36.314656480110116
Site 17,9500,(Unincorporated),Unincorporated,2943.1467096690785,NORMAL,-86.4714262702507,36.313734087969905
Site 4,9500,(Unincorporated),Unincorporated,2713.802443516191,NORMAL,-86.472377254382,36.31411665978601
Site 5,9500,(Unincorporated),Unincorporated,2546.3164681089747,NORMAL,-86.4730648213388,36.3142975759119
Site 10,9500,(Unincorporated),Unincorporated,2223.308249006732,NORMAL,-86.474122385523,36.3147631728396
Site 9,9500,(Unincorporated),Unincorporated,2163.1574174746556,NORMAL,-86.4738506095607,36.31513621418299
Site 6,9500,(Unincorporated),Unincorporated,2275.9163496763344,NORMAL,-86.4733080401436,36.315062036091796
Site 3,9500,(Unincorporated),Unincorporated,2410.5496745200307,NORMAL,-86.4728178506521,36.31487796609161
Site 2,9500,(Unincorporated),Unincorporated,2710.017703404325,NORMAL,-86.4718038616898,36.314307271403216
Site 7,9500,(Unincorporated),Unincorporated,2268.818263288054,NORMAL,-86.4720614974205,36.3155151874915
Site 8,9500,(Unincorporated),Unincorporated,2125.2225884672744,NORMAL,-86.4734167134894,36.31549796751401
Site 13,9500,(Unincorporated),Unincorporated,2495.4871973064837,NORMAL,-86.4706987429726,36.31525582446329
Site 12,9500,(Unincorporated),Unincorporated,2735.424630468005,NORMAL,-86.4706151140935,36.314569424812184
Site 11,9500,(Unincorporated),Unincorporated,2652.2906028381717,NORMAL,-86.4699727725375,36.31505835284289
Parking,9500,(Unincorporated),Unincorporated,3178.5476410281176,NORMAL,-86.4699339448807,36.3134799905794
Site 16,9500,(Unincorporated),Unincorporated,2328.308130515216,NORMAL,-86.4699376786733,36.316095729597095
Site 14,9500,(Unincorporated),Unincorporated,2215.198100497935,NORMAL,-86.4703863949522,36.31624182155252
Site 15,9500,(Unincorporated),Unincorporated,2259.378193454782,NORMAL,-86.4698508882035,36.3163655109962
Pfeffer Boat Harbor,9500,(Unincorporated),Unincorporated,3752.6394676876325,NORMAL,-86.4691046533278,36.312051579817314
Gazebo,9500,(Unincorporated),Unincorporated,2006.6582576888343,NORMAL,-86.4696017471929,36.31738895501691
Don Stanford Chapel,9500,(Unincorporated),Unincorporated,1239.932568374561,NORMAL,-86.4598384881964,36.32667338660622
Site 16,9500,(Unincorporated),Unincorporated,1642.5039637463062,NORMAL,-86.4595352055415,36.3254441622864
Site 15,9500,(Unincorporated),Unincorporated,1460.3425661271465,NORMAL,-86.4599792598988,36.32579656527979
Site 12,9500,(Unincorporated),Unincorporated,1027.3588452392814,NORMAL,-86.4610581284224,36.32661866956889
Dining Hall/ Trading Post,9500,(Unincorporated),Unincorporated,711.2271091291733,WATCH,-86.4623151316536,36.326907158559315
Shower House,9500,(Unincorporated),Unincorporated,755.3491472959389,WATCH,-86.4610108970923,36.327616742620094
Site 13,9500,(Unincorporated),Unincorporated,803.5943162459006,WATCH,-86.4598812161091,36.328195695580504
Site 18,9500,(Unincorporated),Unincorporated,700.4861680567768,WATCH,-86.4604865797729,36.32816000977729
Site 10,9500,(Unincorporated),Unincorporated,561.3177682244683,WATCH,-86.4616063907975,36.32791073885941
Site 11,9500,(Unincorporated),Unincorporated,765.5430035207503,WATCH,-86.4613504637658,36.3273549465291
Site 9,9500,(Unincorporated),Unincorporated,436.0902919237834,WATCH,-86.4621989994414,36.32796212637829
Site 8,9500,(Unincorporated),Unincorporated,434.56401111367194,WATCH,-86.462595311111,36.3277042825413
Site 17,9500,(Unincorporated),Unincorporated,434.33544957450914,WATCH,-86.4633819978981,36.327182057335605
Shower House 1,9500,(Unincorporated),Unincorporated,913.1876314309147,WATCH,-86.4620731940912,36.32635012180079
Site 19,9500,(Unincorporated),Unincorporated,888.1086232297145,WATCH,-86.4625844535276,36.32609780011731
Shower House 2,9500,(Unincorporated),Unincorporated,537.3398544823918,WATCH,-86.4640593560545,36.32635920865529
Site 7,9500,(Unincorporated),Unincorporated,411.12777006210234,WATCH,-86.4640414396631,36.32682186121329
Site 6,9500,(Unincorporated),Unincorporated,356.53044764174393,WATCH,-86.4648614976453,36.326465813396894
Site 5,9500,(Unincorporated),Unincorporated,629.4737309827751,WATCH,-86.4642129999404,36.32592703311311
Site 2,9500,(Unincorporated),Unincorporated,670.8519256101779,WATCH,-86.4635135638376,36.326249232739706
Site 4,9500,(Unincorporated),Unincorporated,541.400240601898,WATCH,-86.4649192770134,36.3257669467046
Site 3,9500,(Unincorporated),Unincorporated,826.3301880891821,WATCH,-86.4639711486968,36.325386690888706
Duck Head,9500,(Unincorporated),Unincorporated,1501.0835332938289,NORMAL,-86.457524379854,36.327282448150626
Activity Yard,9500,(Unincorporated),Unincorporated,1670.5170661236143,NORMAL,-86.4578988574424,36.3264315705642
Rifle Range,9500,(Unincorporated),Unincorporated,1179.6504080273648,NORMAL,-86.4613433909196,36.32588794028511
Site 14,9500,(Unincorporated),Unincorporated,1093.8634017397148,NORMAL,-86.4618771957603,36.325838213683795
Archery Range,9500,(Unincorporated),Unincorporated,1489.2660438643318,NORMAL,-86.4610581474084,36.3249769745495
Camp Office,9500,(Unincorporated),Unincorporated,954.9479300648949,WATCH,-86.4628340260133,36.32569148904701
Staff Site,9500,(Unincorporated),Unincorporated,1296.982229735867,NORMAL,-86.4620857851768,36.3249730526579
Dodgeball,9500,(Unincorporated),Unincorporated,1674.862338647662,NORMAL,-86.4615386102547,36.32399155570881
CAMP CRAIG,9500,(Unincorporated),Unincorporated,745.8953282949915,WATCH,-86.462286882335,36.32680271560011
Campground,9500,(Unincorporated),Unincorporated,4115.3703673458185,NORMAL,-86.461095496981,36.315576116432496
Boxwell Pool,9500,(Unincorporated),Unincorporated,3183.9079592873386,NORMAL,-86.45930973577461,36.32010145862431
Frisbee Golf Course,9500,(Unincorporated),Unincorporated,3414.642603791294,NORMAL,-86.4615208975635,36.317792040048815
Mckinney Pond,9500,(Unincorporated),Unincorporated,4293.521320627253,NORMAL,-86.4587908452111,36.3164885919135
NRA Light Rifle Program,9500,(Unincorporated),Unincorporated,2633.202791496354,NORMAL,-86.4629626249594,36.31961326190321
Zipline,9500,(Unincorporated),Unincorporated,3865.10760365481,NORMAL,-86.4619685215676,36.315883002085485
Woodbadge Program Shed,9500,(Unincorporated),Unincorporated,3920.9289020926917,NORMAL,-86.456966167133,36.3190447236649
Woodbadge Chapel,9500,(Unincorporated),Unincorporated,4457.231572534625,NORMAL,-86.4575480363647,36.31673913729261
High Adventure Center,9500,(Unincorporated),Unincorporated,3253.2075139362037,NORMAL,-86.4578075860431,36.32086326471791
COPE,9500,(Unincorporated),Unincorporated,3468.983672115676,NORMAL,-86.4576681342673,36.3201866074405
Shotgun Range,9500,(Unincorporated),Unincorporated,3425.149808820339,NORMAL,-86.4566652035408,36.32101541999341
CAMP LIGHT,9500,(Unincorporated),Unincorporated,3302.863700930201,NORMAL,-86.4599799950058,36.31922643902621
Trading Post,9500,(Unincorporated),Unincorporated,2245.606312061458,NORMAL,-86.4657691592642,36.319111287083196
Dining Hall,9500,(Unincorporated),Unincorporated,1944.0985093530605,NORMAL,-86.4665238657253,36.319680647468424
Shower House,9500,(Unincorporated),Unincorporated,1672.4046140947455,NORMAL,-86.4672691522793,36.32014989251022
Site 9,9500,(Unincorporated),Unincorporated,1821.6675594215994,NORMAL,-86.4666320866056,36.320045052428185
Site 8,9500,(Unincorporated),Unincorporated,1774.3636118739616,NORMAL,-86.4671525537139,36.31986420874791
Shower House,9500,(Unincorporated),Unincorporated,2015.9068583225821,NORMAL,-86.4656154781908,36.32003466312781
Site 12,9500,(Unincorporated),Unincorporated,1925.117409264458,NORMAL,-86.4659079339604,36.32016229807861
Site 11,9500,(Unincorporated),Unincorporated,1824.4039052052308,NORMAL,-86.4662534267931,36.320289726954194
Site 13,9500,(Unincorporated),Unincorporated,1931.9276482983548,NORMAL,-86.4652826504537,36.3205581402873
Site 10,9500,(Unincorporated),Unincorporated,1713.3778179786186,NORMAL,-86.4660972652723,36.3207910645796
Site 7,9500,(Unincorporated),Unincorporated,1529.7576209831182,NORMAL,-86.4678708622463,36.320254866927506
Site 6,9500,(Unincorporated),Unincorporated,1592.5096395791368,NORMAL,-86.468028027124,36.3199252035422
Site 4,9500,(Unincorporated),Unincorporated,1677.1627496927913,NORMAL,-86.4682287510548,36.319488071371
Site 5,9500,(Unincorporated),Unincorporated,1834.7680212100042,NORMAL,-86.4682430462713,36.31891574561409
Shower House,9500,(Unincorporated),Unincorporated,2160.7391981381593,NORMAL,-86.4669507494371,36.3186203012837
Activity Yard,9500,(Unincorporated),Unincorporated,2061.1795508770574,NORMAL,-86.4676219782153,36.318524713553394
Site 3,9500,(Unincorporated),Unincorporated,2009.2603846079692,NORMAL,-86.4668394658121,36.31923592058542
Conservation Yard,9500,(Unincorporated),Unincorporated,2631.6955582661353,NORMAL,-86.4645196374022,36.31857243700982
Site 2,9500,(Unincorporated),Unincorporated,2301.3746537341176,NORMAL,-86.4663490952302,36.31852247588098
Site 1,9500,(Unincorporated),Unincorporated,2402.752266905348,NORMAL,-86.4662677314218,36.318215193832906
Site 16,9500,(Unincorporated),Unincorporated,2795.038967509175,NORMAL,-86.4656167976711,36.317251996859206
Site 17,9500,(Unincorporated),Unincorporated,3018.9185275698133,NORMAL,-86.46438829748192,36.3172781802751
Camp Office,9500,(Unincorporated),Unincorporated,2609.672100385287,NORMAL,-86.4640270320019,36.3189820699591
Site 15,9500,(Unincorporated),Unincorporated,2262.6979880377203,NORMAL,-86.4650996455767,36.31950014594071
Site 14,9500,(Unincorporated),Unincorporated,2360.9202962890286,NORMAL,-86.4642963609168,36.31968921982742
Archery,9500,(Unincorporated),Unincorporated,2789.5656517054776,NORMAL,-86.4629050778292,36.3190936704975
CAMP PARNELL,9500,(Unincorporated),Unincorporated,3349.48431337434,NORMAL,-86.4628787655375,36.31711228693659
Fehrmann Training Center,9500,(Unincorporated),Unincorporated,4010.076200919489,NORMAL,-86.4522869485395,36.3218449719569
FERGUSON BATH KITCHEN & LIGHTING GALLERY,9503,MT. JULIET,Mt. Juliet,2367.163428335965,NORMAL,-86.5096881796692,36.16593230478181
LIZARD THICKET,9503,MT. JULIET,Mt. Juliet,2154.26348816012,NORMAL,-86.5101122257983,36.165240067224715
J JILL,9503,MT. JULIET,Mt. Juliet,2348.7610640975417,NORMAL,-86.5099626851789,36.16626122991499
KAY JEWELERS,9503,MT. JULIET,Mt. Juliet,2204.290819719904,NORMAL,-86.510349229315,36.16600587725139
AMERICAN EAGLE,9503,MT. JULIET,Mt. Juliet,2237.771301312198,NORMAL,-86.5098042770182,36.1652241346125
SUN TAN CITY,9503,MT. JULIET,Mt. Juliet,1637.8310924984983,NORMAL,-86.51222743505521,36.165536984128096
STATE FARM,9503,MT. JULIET,Mt. Juliet,1613.5436615515566,NORMAL,-86.51224290847321,36.16542842023371
VERIZON WIRELESS,9503,MT. JULIET,Mt. Juliet,2545.453140649755,NORMAL,-86.5103426109987,36.168634891557986
T.J. MAXX,9503,MT. JULIET,Mt. Juliet,2367.521122675954,NORMAL,-86.5077874119875,36.16741713932751
HOME GOODS,9503,MT. JULIET,Mt. Juliet,2461.5035410860214,NORMAL,-86.5077058290766,36.167076489251535
CHRISTIAN LIFE CHAPEL,9501,LEBANON,Lebanon,6118.492096076243,NORMAL,-86.2982426907349,36.188020086600716
ANYCARE 24,9501,LEBANON,Lebanon,5938.410146066718,NORMAL,-86.2964740144188,36.1889133961465
COOKOUT RESTAURANT,9501,LEBANON,Lebanon,5690.2426786836395,NORMAL,-86.2951735400483,36.1890848718634
FRIENDSHIP BAPTIST CHURCH,9501,LEBANON,Lebanon,7167.965125126222,NORMAL,-86.2999172432349,36.190873562159304
MAGGIE MOOS,9501,LEBANON,Lebanon,5307.856100818952,NORMAL,-86.2929348386876,36.18960115011091
YUMMY THAI,9501,LEBANON,Lebanon,5091.884703764685,NORMAL,-86.2924554444238,36.18914829801294
XIAOS HIBATCHI & SUSHI,9501,LEBANON,Lebanon,5628.34534462761,NORMAL,-86.2934544470046,36.1904330157019
BEALLES,9501,LEBANON,Lebanon,5284.387962140085,NORMAL,-86.2915135951778,36.19061178807709
GAMESTOP,9501,LEBANON,Lebanon,5417.80284612511,NORMAL,-86.2914478546644,36.191134158489795
EXPO NAILS,9501,LEBANON,Lebanon,5381.2895167618935,NORMAL,-86.2914679209208,36.1909910384816
DOLLAR TREE,9501,LEBANON,Lebanon,5494.808244712285,NORMAL,-86.2929005662059,36.19036330163681
PETSENSE,9501,LEBANON,Lebanon,5407.555447617884,NORMAL,-86.2925233052088,36.19032606325199
SALLY BEAUTY,9501,LEBANON,Lebanon,5320.150284484261,NORMAL,-86.2921111211315,36.190311084962794
CATO,9501,LEBANON,Lebanon,5345.407601942834,NORMAL,-86.2922244100254,36.19032034861863
HIBBETT SPORTS,9501,LEBANON,Lebanon,5451.7091184880055,NORMAL,-86.2927181045972,36.19034228295861
OHB OF LEBANON,9501,LEBANON,Lebanon,6973.5545244934565,NORMAL,-86.2922473215544,36.19594098752922
ESH'S UTILITY BUILDINGS,9501,LEBANON,Lebanon,7351.670253014788,NORMAL,-86.2927297073245,36.1983100382876
TRUSTY'S AUTOMOTIVE,9501,LEBANON,Lebanon,7037.332219211306,NORMAL,-86.2911208314354,36.197612877777296
FLAMEGAS COMPANY,9501,LEBANON,Lebanon,7015.320700054867,NORMAL,-86.29075007582941,36.19679110965912
REIGN CHRISTIAN FELLOWSHIP CHURCH,9501,LEBANON,Lebanon,6642.5510683234115,NORMAL,-86.2896561008466,36.19609984159071
BIG LENNY'S MINI STORAGE,9501,LEBANON,Lebanon,6336.470486999342,NORMAL,-86.2911493997985,36.20278076969582
ANTIQUES ON 231,9501,LEBANON,Lebanon,6783.104318868913,NORMAL,-86.2923220545683,36.2018510916748
LEBANON ANTIQUE MALL,9501,LEBANON,Lebanon,6324.37020744642,NORMAL,-86.2915098306298,36.20371727572659
AMERICAN AUTO BODY,9501,LEBANON,Lebanon,6249.087885219069,NORMAL,-86.2912112132915,36.20364073786179
CEDARCROFT,9501,LEBANON,Lebanon,5947.832244583028,NORMAL,-86.2905282959212,36.2046739273187
L,9500,(Unincorporated),Unincorporated,32.86650154774712,CRITICAL,-86.2887319381293,36.24198990427371
R,9500,(Unincorporated),Unincorporated,32.74586963652576,CRITICAL,-86.288745372458,36.2417991125428
TUCKERS CROSSROADS SCHOOL,9500,(Unincorporated),Unincorporated,19290.049977193743,NORMAL,-86.174527908887,36.1998006039663
BATH HOUSE,9500,(Unincorporated),Unincorporated,320.22140172291387,WATCH,-86.5117666659779,36.27718291334153
LOT 10,9500,(Unincorporated),Unincorporated,193.20376775088886,HIGH,-86.5107320957256,36.27718025439329
LOT 9,9500,(Unincorporated),Unincorporated,216.84747938697438,HIGH,-86.5108756029828,36.277239737932916
LOT 8,9500,(Unincorporated),Unincorporated,267.8916288553773,WATCH,-86.5110124303069,36.27735933775449
LOT 7,9500,(Unincorporated),Unincorporated,322.5445596631168,WATCH,-86.5110293099111,36.27751091985821
LOT 6,9500,(Unincorporated),Unincorporated,370.6872603122619,WATCH,-86.5110001770759,36.27765125094409
LOT 5,9500,(Unincorporated),Unincorporated,392.9816396794325,WATCH,-86.5108116145633,36.27772930630359
LOT 4,9500,(Unincorporated),Unincorporated,390.7967620646634,WATCH,-86.5106613707153,36.277721357002584
LOT 3,9500,(Unincorporated),Unincorporated,365.81771247177295,WATCH,-86.5105602502914,36.277658832791616
LOT 2,9500,(Unincorporated),Unincorporated,325.14384934679117,WATCH,-86.5104782809453,36.27755187748352
LOT 1,9500,(Unincorporated),Unincorporated,271.3358385360706,WATCH,-86.51043846885611,36.277406114027706
LOT 11,9500,(Unincorporated),Unincorporated,313.10498858276867,WATCH,-86.5101860464944,36.27753689652712
LOT 12,9500,(Unincorporated),Unincorporated,280.4450266677456,WATCH,-86.5100818476961,36.277453402612714
LOT 13,9500,(Unincorporated),Unincorporated,253.49788164088798,WATCH,-86.5099530217486,36.277387179928105
LOT 14,9500,(Unincorporated),Unincorporated,265.98008219156003,WATCH,-86.5096753281582,36.277435086882214
LOT 15,9500,(Unincorporated),Unincorporated,299.43308030801944,WATCH,-86.5095675031121,36.277520429588215
LOT 16,9500,(Unincorporated),Unincorporated,353.1715234439535,WATCH,-86.5095095193975,36.27766278982169
LOT 17,9500,(Unincorporated),Unincorporated,402.34566049226595,WATCH,-86.5096459283642,36.277809099799896
LOT 18,9500,(Unincorporated),Unincorporated,442.0813314571187,WATCH,-86.5097479376807,36.27791835668661
LOT 19,9500,(Unincorporated),Unincorporated,446.0604739704115,WATCH,-86.5099564344317,36.277917477209314
LOT 20,9500,(Unincorporated),Unincorporated,420.3405219106685,WATCH,-86.5100996348309,36.2778377076514
LOT 21,9500,(Unincorporated),Unincorporated,531.7166779774791,WATCH,-86.5106373782107,36.27811108447311
LOT 22,9500,(Unincorporated),Unincorporated,577.8213846322983,WATCH,-86.5107453889503,36.2782374825729
LOT 23,9500,(Unincorporated),Unincorporated,600.3168418922055,WATCH,-86.51090008234992,36.27829596440842
LOT 24,9500,(Unincorporated),Unincorporated,606.9107477535495,WATCH,-86.5110744447825,36.278299042162224
LOT 25,9500,(Unincorporated),Unincorporated,581.0830837838624,WATCH,-86.51122108015312,36.2782039963364
LOT 26,9500,(Unincorporated),Unincorporated,539.1360174224466,WATCH,-86.5112767787644,36.278073090502595
LOT 27,9500,(Unincorporated),Unincorporated,491.6219305275185,WATCH,-86.5112841317244,36.27793475938889
LOT 28,9500,(Unincorporated),Unincorporated,445.23107405294496,WATCH,-86.5111480159389,36.277834232185825
LOT 29,9500,(Unincorporated),Unincorporated,421.00848422771816,WATCH,-86.5109463461416,36.277797886844404
LOT 30,9500,(Unincorporated),Unincorporated,654.2122152272034,WATCH,-86.5100425503484,36.278485576049015
LOT 32,9500,(Unincorporated),Unincorporated,697.0651332442027,WATCH,-86.5101539962855,36.27859670064682
LOT 33,9500,(Unincorporated),Unincorporated,722.2325708571558,WATCH,-86.510313407554,36.27865611680999
LOT 34,9500,(Unincorporated),Unincorporated,718.0109610139493,WATCH,-86.5104746530871,36.27863445183932
LOT 35,9500,(Unincorporated),Unincorporated,681.925096669978,WATCH,-86.5106023629647,36.278527087670525
LOT 36,9500,(Unincorporated),Unincorporated,626.711783870626,WATCH,-86.5106437737131,36.27837239792539
LOT 37,9500,(Unincorporated),Unincorporated,586.9547855709201,WATCH,-86.5105971451682,36.27826576925371
LOT 38,9500,(Unincorporated),Unincorporated,544.0284554992244,WATCH,-86.510498649654,36.278153636862385
LOT 39,9500,(Unincorporated),Unincorporated,538.1539321464278,WATCH,-86.5102854151749,36.278150722393704
LOT 39,9500,(Unincorporated),Unincorporated,540.3634900338719,WATCH,-86.5097664580163,36.27818796438517
LOT 40,9500,(Unincorporated),Unincorporated,497.3086594594321,WATCH,-86.5096213919949,36.27806935141661
LOT 41,9500,(Unincorporated),Unincorporated,489.14964044420407,WATCH,-86.5094135092191,36.278028499264295
LOT 42,9500,(Unincorporated),Unincorporated,516.8347380215213,WATCH,-86.5092371079473,36.278074548006025
LOT 43,9500,(Unincorporated),Unincorporated,603.1965299961432,WATCH,-86.5091207216113,36.2782944114659
LOT 44,9500,(Unincorporated),Unincorporated,652.5442343816128,WATCH,-86.509136373832,36.27843860711031
LOT 45,9500,(Unincorporated),Unincorporated,695.6621803671032,WATCH,-86.5092668829753,36.27858351119279
LOT 46,9500,(Unincorporated),Unincorporated,705.5937061567607,WATCH,-86.5094276874967,36.27863052361699
LOT 47,9500,(Unincorporated),Unincorporated,702.1006662105846,WATCH,-86.5096147032574,36.278632119907414
LOT 48,9500,(Unincorporated),Unincorporated,666.6851925946559,WATCH,-86.5097775240005,36.27853486089621
BATH HOUSE,9500,(Unincorporated),Unincorporated,853.3235885753257,WATCH,-86.5095991147823,36.27904732524559
LOT 49,9500,(Unincorporated),Unincorporated,883.1555447933698,WATCH,-86.5101048955343,36.279112434791585
LOT 50,9500,(Unincorporated),Unincorporated,968.0658674207275,WATCH,-86.5102653672596,36.27933637659759
LOT 51,9500,(Unincorporated),Unincorporated,769.4790308505771,WATCH,-86.5104773330079,36.27877607953
LOT 52,9500,(Unincorporated),Unincorporated,867.1458394276503,WATCH,-86.5107829067568,36.2790323141533
LOT 54,9500,(Unincorporated),Unincorporated,885.0128643289606,WATCH,-86.5110429067742,36.2790712745471
LOT 53,9500,(Unincorporated),Unincorporated,752.280614913674,WATCH,-86.510931040657,36.27871264320349
LOT 56 A,9500,(Unincorporated),Unincorporated,873.3013838621206,WATCH,-86.5114258177904,36.2789895362273
LOT 56 B,9500,(Unincorporated),Unincorporated,795.4034714299023,WATCH,-86.5117842521797,36.27867469698871
LOT 58,9500,(Unincorporated),Unincorporated,773.107554817686,WATCH,-86.5120816726503,36.2784888775001
LOT 55,9500,(Unincorporated),Unincorporated,731.1620776597955,WATCH,-86.5114743909991,36.278575859198305
LOT 57,9500,(Unincorporated),Unincorporated,658.7610019128166,WATCH,-86.5117586862184,36.278272779233106
LOT 59,9500,(Unincorporated),Unincorporated,526.6032671444373,WATCH,-86.5118123911323,36.27783332866921
PICNIC SHELTER,9500,(Unincorporated),Unincorporated,91.34232387634052,HIGH,-86.5097905977633,36.276950548844304
SAND BEACH,9500,(Unincorporated),Unincorporated,203.91890009742775,HIGH,-86.50896072218171,36.2770427491569
DAY USE BATH HOUSE,9500,(Unincorporated),Unincorporated,333.4719180695975,WATCH,-86.5088569772384,36.277396568497096
PLAYGROUND,9500,(Unincorporated),Unincorporated,68.68820718043264,HIGH,-86.508754380436,36.2765533663843
THE LOFT,9501,LEBANON,Lebanon,5877.919743215714,NORMAL,-86.291736087724,36.2081535833677
WATERTOWN MIDDLE SCHOOL,9502,WATERTOWN,Watertown,1407.8083147889292,NORMAL,-86.1411682360822,36.099887280272306
WATERTOWN ELEMENTARY SCHOOL,9502,WATERTOWN,Watertown,516.8059456668213,WATCH,-86.1472472998514,36.0981333054523
ROUND LICK BAPTIST CHURCH,9502,WATERTOWN,Watertown,762.0007809922942,WATCH,-86.1456951788223,36.0989399861824
HUNTER FUNERAL HOME,9502,WATERTOWN,Watertown,1044.8673204137497,NORMAL,-86.1355736927023,36.09946447512571
STARDUST DRIVE IN THEATRE,9502,WATERTOWN,Watertown,221.3663518313787,HIGH,-86.1597450494572,36.1020966657772
MT ZION MISSIONARY BAPTIST CHURCH,9502,WATERTOWN,Watertown,193.5547768827978,HIGH,-86.1574775655008,36.0970240678349
FIRST BAPTIST CHURCH,9502,WATERTOWN,Watertown,1316.0748834946871,NORMAL,-86.1355221105899,36.1002305787055
WILSON BANK & TRUST ATM,9502,WATERTOWN,Watertown,919.0262441562342,WATCH,-86.134127829448,36.09933434351921
WILSON BANK & TRUST,9502,WATERTOWN,Watertown,1075.0644539052516,NORMAL,-86.1339361750045,36.09981147271979
DEPOT JUNCTION CAFE,9502,WATERTOWN,Watertown,964.6434045094359,WATCH,-86.133846060399,36.099517077247896
CASA AMIGOS,9502,WATERTOWN,Watertown,1060.0926148013393,NORMAL,-86.1332531488394,36.09988972753371
POST OFFICE,9502,WATERTOWN,Watertown,534.8886298539304,WATCH,-86.1296256862788,36.099822143985485
THREE FORKS MARKET,9502,WATERTOWN,Watertown,216.89387901851777,HIGH,-86.1329045632423,36.09759039405349
WATERTOWN COMMUNITY CENTER,9502,WATERTOWN,Watertown,676.1651675664552,WATCH,-86.1392394222671,36.096937978173294
WATERTOWN COMMUNITY PARK,9502,WATERTOWN,Watertown,368.9669133958583,WATCH,-86.1376379335005,36.09650343781269
WATERTOWN POLICE DEPT.,9502,WATERTOWN,Watertown,527.7133430901799,WATCH,-86.1398169604335,36.09670624376851
WATERTOWN VOLUNTEER FIRE DEPT,9502,WATERTOWN,Watertown,403.2898797356319,WATCH,-86.13984218468012,36.096347573548194
SUBWAY,9502,WATERTOWN,Watertown,519.9666002449138,WATCH,-86.1417487242619,36.0964846071332
ZIPS,9501,LEBANON,Lebanon,5818.922805349354,NORMAL,-86.3371452298155,36.21901642593921
MARKET BASKET,9501,LEBANON,Lebanon,5960.799700313497,NORMAL,-86.3361774122114,36.218750865486214
SMYRNA READY MIX,9501,LEBANON,Lebanon,348.2259710320171,WATCH,-86.4160087327873,36.1899693407408
EXXON SPEED TRACK,9501,LEBANON,Lebanon,309.909047501263,WATCH,-86.29016536350402,36.238017764145084
CHARTER METER,9500,(Unincorporated),Unincorporated,2640.1610011405305,NORMAL,-86.2704663158444,36.294350401021916
AT&T,9503,MT. JULIET,Mt. Juliet,2860.0673426145927,NORMAL,-86.52261554828021,36.17166838447319
BP,9500,(Unincorporated),Unincorporated,2300.751177183621,NORMAL,-86.5187575615311,36.125582684632704
EXPO CENTER,9501,LEBANON,Lebanon,2638.7820867768514,NORMAL,-86.2735717610137,36.19891514568549
WEMA SIREN,9501,LEBANON,Lebanon,4370.143260428313,NORMAL,-86.3409311507034,36.22283576743191
TRAFFIC LIGHT,9501,LEBANON,Lebanon,1527.324750877096,NORMAL,-86.2753956207733,36.20666328855601
LEBANON SQUARE APTS,9501,LEBANON,Lebanon,7321.595064940285,NORMAL,-86.2973946089596,36.209964444300006
WILSON COUNTY PUBLIC LIBRARY,9501,LEBANON,Lebanon,7985.248159881755,NORMAL,-86.2992508996877,36.208307386907805
THE CEDARS PREP ACADEMY,9501,LEBANON,Lebanon,8380.548908534884,NORMAL,-86.3004074986662,36.20759869748579
SONIC DRIVE IN,9501,LEBANON,Lebanon,8490.368711357212,NORMAL,-86.3038820590453,36.208856606864906
ADVANCE CASH,9501,LEBANON,Lebanon,8508.695941681397,NORMAL,-86.3019888015968,36.2088971242973
JOHN GREER JR- STATE FARM AGENT,9501,LEBANON,Lebanon,8361.874986070405,NORMAL,-86.3020638857712,36.2092975359224
WILSON COUNTY CHIROPRACTIC,9501,LEBANON,Lebanon,8235.981462871765,NORMAL,-86.3042259948096,36.2095400983767
FIRST UNITED METHODIST CHURCH,9501,LEBANON,Lebanon,8236.12465969269,NORMAL,-86.3004090425297,36.20936246915747
DIX'S PLAZA MOTOR LODGE,9501,LEBANON,Lebanon,7524.826933124785,NORMAL,-86.2978656553623,36.209051627752494
FRIENDS IN STITCHES,9501,LEBANON,Lebanon,7066.88763130825,NORMAL,-86.29643192588722,36.20962624757969
FIRST TENNESSEE BANK,9501,LEBANON,Lebanon,6911.277216923564,NORMAL,-86.2956654886265,36.208851965919905
LIGON & BOBO FUNERAL HOME,9501,LEBANON,Lebanon,6743.407936161334,NORMAL,-86.2949833039394,36.20857583785961
TOPPER'S MUSIC,9501,LEBANON,Lebanon,7115.502859829804,NORMAL,-86.2964639090076,36.2091301894889
SALON SAVY,9501,LEBANON,Lebanon,7149.151551429514,NORMAL,-86.2964773369901,36.20878678551931
FIRST PRESBYTERIAN CHURCH,9501,LEBANON,Lebanon,7229.051778695887,NORMAL,-86.2965485506053,36.20815948248732
WILSON BANK & TRUST,9501,LEBANON,Lebanon,8027.187669288493,NORMAL,-86.3065743863996,36.2100146397943
LEBANON HEALTH AND REHAB,9501,LEBANON,Lebanon,7118.21108811009,NORMAL,-86.309982140161,36.2123871218281
CITY OF LEBANON,9501,LEBANON,Lebanon,6904.183128476617,NORMAL,-86.3069711451219,36.2130872761828
HEARTHSIDE,9501,LEBANON,Lebanon,6670.994256535101,NORMAL,-86.3046199709953,36.21382766134349
PFG,9501,LEBANON,Lebanon,6612.467848171713,NORMAL,-86.3023699473735,36.214096804529206
PRO BOWL WEST,9501,LEBANON,Lebanon,6280.177102724131,NORMAL,-86.3011112903818,36.21507163924332
NEW LEASH ON LIFE,9501,LEBANON,Lebanon,6031.071422409066,NORMAL,-86.300874112483,36.21576850893511
ACADEMY BANK,9501,LEBANON,Lebanon,5915.296192889531,NORMAL,-86.3012725037159,36.21606796499371
MCATEER ANIMAL HOSPITAL ,9501,LEBANON,Lebanon,6604.166091378529,NORMAL,-86.2996513471057,36.2142607201995
STATE BEAUTY SUPPLY,9501,LEBANON,Lebanon,6034.0855602818165,NORMAL,-86.3029703139043,36.2156595422125
SILVER & SASS,9501,LEBANON,Lebanon,5964.058740690673,NORMAL,-86.3028033508657,36.21586025981859
LOOKERS SALON AND SPA,9501,LEBANON,Lebanon,5952.281255914484,NORMAL,-86.3032271351955,36.2158723122008
HOUNDSTOOTH GROOMING & COUTURE,9501,LEBANON,Lebanon,5933.414193042064,NORMAL,-86.3033200094931,36.21591976859368
LEBANON CHEMICAL,9501,LEBANON,Lebanon,5881.76962531566,NORMAL,-86.3038751375289,36.2160352142938
MEADOWS HOMES,9501,LEBANON,Lebanon,5643.515088787263,NORMAL,-86.3048676692891,36.21664314907572
DON FOX PARK,9501,LEBANON,Lebanon,5239.894462659244,NORMAL,-86.305814910138,36.21771140171949
WAS FORMALLY TRW,9501,LEBANON,Lebanon,4827.507884092643,NORMAL,-86.31742115425,36.21998132001601
BAY'S SOUTHERN BREAD,9501,LEBANON,Lebanon,4385.954542069415,NORMAL,-86.3192092592189,36.222265739797805
STEVES AND SONS,9501,LEBANON,Lebanon,3764.466785098769,NORMAL,-86.3185630198552,36.22402721550779
Compassionate Hands,9501,LEBANON,Lebanon,5133.672063108478,NORMAL,-86.2897858910954,36.209934004807096
NASHVILLE DISPLAY,9501,LEBANON,Lebanon,3574.2884540745035,NORMAL,-86.3197746974086,36.22577257478592
FORTUNE PLASTICS,9501,LEBANON,Lebanon,3374.014969566097,NORMAL,-86.3206806060485,36.22709596098571
LEBANON WASTE WATER PLANT,9501,LEBANON,Lebanon,2392.4870554445406,NORMAL,-86.31759802590021,36.2289974048783
GUARDIAN BUILDING PRODUCTS,9501,LEBANON,Lebanon,2348.1672540621057,NORMAL,-86.3192038514506,36.231644742954195
LO- JAC,9501,LEBANON,Lebanon,1818.5396196662416,NORMAL,-86.3216291290189,36.23166215464831
PARKER HANNIFIN MANUFACTURING,9501,LEBANON,Lebanon,6679.3635702936945,NORMAL,-86.3236741066227,36.21710640649551
WILSON COUNTY MOTORS,9501,LEBANON,Lebanon,6352.836764364313,NORMAL,-86.3341971303161,36.218508456481295
WILSON BANK & TRUST,9501,LEBANON,Lebanon,6303.331310495322,NORMAL,-86.3339496188158,36.21883321078969
WEST SIDE STORAGE,9501,LEBANON,Lebanon,5793.601612085428,NORMAL,-86.336926186433,36.219471372794416
DISCOUNT APPLIANCE DEPOT,9501,LEBANON,Lebanon,7259.433862252777,NORMAL,-86.321097731086,36.2140014895036
BENTLEY'S HEATING & AIR,9501,LEBANON,Lebanon,7013.243838035704,NORMAL,-86.3294683218367,36.21642009404229
JPS BAR AND GRILL,9501,LEBANON,Lebanon,7151.222330920961,NORMAL,-86.328209942979,36.21401336945038
WEST END MANOR APTS,9501,LEBANON,Lebanon,7025.426863371773,NORMAL,-86.3207469566632,36.2145780437695
TENNESSEE VETINARY OFFICE,9501,LEBANON,Lebanon,7160.182155780309,NORMAL,-86.3197551455363,36.2138080906857
CALIBER COLLISION,9501,LEBANON,Lebanon,5562.16648034771,NORMAL,-86.3376717684839,36.21844382046411
LIVE HYDRATION SPA,9501,LEBANON,Lebanon,5978.933375912818,NORMAL,-86.3360489970555,36.2187090893286
ENTERPRISE RENT A CAR,9501,LEBANON,Lebanon,5975.742026116061,NORMAL,-86.3340597715881,36.21977452723971
CEDAR CREEK SPORTS CENTER,9503,MT. JULIET,Mt. Juliet,684.6569993729022,WATCH,-86.5051149971234,36.23060234185552
HEALTH LODGE,9500,(Unincorporated),Unincorporated,3860.4242794451293,NORMAL,-86.4624291936468,36.3155901790179
COLES FERRY BOAT RAMP,9500,(Unincorporated),Unincorporated,301.3517987630988,WATCH,-86.4028650159384,36.30512254389429
BLOWED OUT BRIDGE,9500,(Unincorporated),Unincorporated,4142.197820963438,NORMAL,-86.234480113259,36.305472165647004
CEDAR CREEK YACHT CLUB,9500,(Unincorporated),Unincorporated,2776.6302328460883,NORMAL,-86.5010846275419,36.281099359103706
DAVIS CORNER ACCESS,9500,(Unincorporated),Unincorporated,9238.193991450777,NORMAL,-86.4476440279041,36.280746598780205
HUNTERS POINT BOAT DOCK,9500,(Unincorporated),Unincorporated,268.44120065953916,WATCH,-86.26523693884931,36.29930324664638
LAGUARDO ACCESS,9500,(Unincorporated),Unincorporated,12041.507427787663,NORMAL,-86.4442360493675,36.290127224974306
LONE BRANCH,9500,(Unincorporated),Unincorporated,3392.1658230567236,NORMAL,-86.5017067187692,36.28381630399869
MISTY COVE,9500,(Unincorporated),Unincorporated,2252.1992799261106,NORMAL,-86.2895551758929,36.3196838272923
VIVRETTEE CREEK,9500,(Unincorporated),Unincorporated,276.76709528445286,WATCH,-86.5441423431474,36.14081045053988
CRIPPLE CHILDREN RAMP,9500,(Unincorporated),Unincorporated,5377.753249775623,NORMAL,-86.4744384832305,36.30374408178939
HOMETOWN RESPIRATORY,9501,LEBANON,Lebanon,6202.438754907228,NORMAL,-86.30210847146002,36.21523766860238
Basement Apartment,9500,(Unincorporated),Unincorporated,645.4596723819975,WATCH,-86.5430340457042,36.2345743642505
LEBANON AIRPORT TERMINAL,9501,LEBANON,Lebanon,5749.780144235843,NORMAL,-86.3195051721408,36.18890126975942
Meter,9503,MT. JULIET,Mt. Juliet,1023.7578438099757,NORMAL,-86.5028957431582,36.170167141448005
Stor Place,9503,MT. JULIET,Mt. Juliet,2961.271463206088,NORMAL,-86.5164165045022,36.1713078651257
Comcast Box,9500,(Unincorporated),Unincorporated,6342.2372230056635,NORMAL,-86.4340265141202,36.11380796247862
Charter Meter,9501,LEBANON,Lebanon,2442.5571997933694,NORMAL,-86.2929019099235,36.17702182231531
BOJANGLES,9501,LEBANON,Lebanon,3926.2709035592375,NORMAL,-86.3267788717866,36.188281342356106
MIDTOWN HEALTHCARE,9503,MT. JULIET,Mt. Juliet,1579.4257997607083,NORMAL,-86.5119181202199,36.1857536022975
MEDLINE OFFICE,9500,(Unincorporated),Unincorporated,427.4550778501748,WATCH,-86.4807400887128,36.186888897388805
VUMC OFFICE,9500,(Unincorporated),Unincorporated,459.8090036092991,WATCH,-86.479994006079,36.18682390571739
KROGER SIGN,9503,MT. JULIET,Mt. Juliet,1606.7600107196326,NORMAL,-86.5149417351053,36.23074179068689
ETHAN PAGE PARK,9503,MT. JULIET,Mt. Juliet,358.5945244704064,WATCH,-86.507723310852,36.199933505697814
STATESVILLE UNITED METHODIST CHURCH,9500,(Unincorporated),Unincorporated,19116.09499077355,NORMAL,-86.1242589351254,36.0191973751656
STATESVILLE UMC FELLOWSHIP HALL,9500,(Unincorporated),Unincorporated,19054.778360836543,NORMAL,-86.1240213853114,36.0191180041456
BRIAR PATCH EARLY LEARNING CENTER,9501,LEBANON,Lebanon,1133.2745867808985,NORMAL,-86.3816279565523,36.23189111831021
JECDB,9501,LEBANON,Lebanon,5725.3834822755725,NORMAL,-86.3194873541093,36.188750703555
WEST SIDE PARK,9501,LEBANON,Lebanon,489.0387777687426,WATCH,-86.3706016776987,36.233771641634014
O'REILLLY AUTO PARTS,9501,LEBANON,Lebanon,2443.150756534526,NORMAL,-86.2742444876886,36.193384229131894
CEMETERY,9500,(Unincorporated),Unincorporated,217.76868920406238,HIGH,-86.27025288904241,36.20978391080058
HOITES BBQ,9501,LEBANON,Lebanon,717.2078353362061,WATCH,-86.4078117367952,36.18711910261271
Open Space,9503,MT. JULIET,Mt. Juliet,345.7626556156927,WATCH,-86.4666406778974,36.1607417880095
FUTURE J K'S SUPPER CLUB,9501,LEBANON,Lebanon,5016.099069714393,NORMAL,-86.2926454700097,36.188667468268505
SOUTHSIDE ELEMENTARY,9501,LEBANON,Lebanon,1155.7830742977624,NORMAL,-86.3060770058771,36.16995512291619
COPART,9501,LEBANON,Lebanon,94.52069126113442,HIGH,-86.2952280043754,36.16601903029402
WILSON COUNTY BOARD OF EDUCATION,9501,LEBANON,Lebanon,277.82484217652467,WATCH,-86.3058920477362,36.1675076649762
ADULT LEARNING CENTER,9501,LEBANON,Lebanon,335.8200800509656,WATCH,-86.3083659398656,36.1679152781545
SEVENTH DAY ADVENTIST CHURCH,9501,LEBANON,Lebanon,87.9323516328775,HIGH,-86.3114985660883,36.168074152772206
TIMBERLINE CAMPGROUND,9501,LEBANON,Lebanon,1577.7466631417424,NORMAL,-86.3050422723686,36.171607847267616
JERRY YOUNG CONSTRUCTION,9501,LEBANON,Lebanon,1396.2758022044059,NORMAL,-86.3017316971834,36.17031659141511
US POST OFFICE,9501,LEBANON,Lebanon,1579.1154366330977,NORMAL,-86.3023043695941,36.170876122231
THOMPSON ELECTRIC,9501,LEBANON,Lebanon,710.6377462632072,WATCH,-86.2996070348234,36.168218118612
WEATHERLY ESTATES,9501,LEBANON,Lebanon,4866.885606878032,NORMAL,-86.3058668766919,36.184299027566986
MID CUMBERLAND HEAD START,9501,LEBANON,Lebanon,5246.806178768648,NORMAL,-86.2960707898398,36.18638368705432
MEADOWS OF LEBANON APTS,9501,LEBANON,Lebanon,4381.794211681494,NORMAL,-86.2824516111664,36.20004628533329
LEBANON CITY WATER DEPT.,9501,LEBANON,Lebanon,5304.201363927615,NORMAL,-86.2854270938424,36.19912124637819
LEBANON ANIMAL CONTROL,9501,LEBANON,Lebanon,5485.222295918437,NORMAL,-86.2861848901789,36.19918502753892
THE ROCK TABERNACLE,9501,LEBANON,Lebanon,5996.837408480292,NORMAL,-86.286171169122,36.19538174007841
CHARTER BOX,9500,(Unincorporated),Unincorporated,1572.2571286662794,NORMAL,-86.1247807301718,36.2508354310715
BARRY TATUM ACADEMY,9501,LEBANON,Lebanon,5167.840378754896,NORMAL,-86.2864414355377,36.201673168218306
ELECTRIC METER,9503,MT. JULIET,Mt. Juliet,2401.439648567521,NORMAL,-86.4927681132383,36.207913424825506
TEMPORARY FIREWORKS STAND,9503,MT. JULIET,Mt. Juliet,80.63423951308587,HIGH,-86.4604096443019,36.16620148484671
METER,9503,MT. JULIET,Mt. Juliet,845.2367891678952,WATCH,-86.5389153099589,36.22556839201012
METER,9503,MT. JULIET,Mt. Juliet,784.2579030332298,WATCH,-86.5376482088491,36.22567895827391
METER,9503,MT. JULIET,Mt. Juliet,744.4637332463728,WATCH,-86.5375263313678,36.225630140746205
METER,9503,MT. JULIET,Mt. Juliet,618.6895603811249,WATCH,-86.5372178953299,36.22537928946739
TUSCAN GARDENS,9503,MT. JULIET,Mt. Juliet,1264.5416727430415,NORMAL,-86.4948600641616,36.221131591547625
STONEHOLLOW SUBD,9503,MT. JULIET,Mt. Juliet,299.4036740086991,WATCH,-86.4943155104885,36.218486910222694
PROPOSED BUILDING,9501,LEBANON,Lebanon,5465.730526334206,NORMAL,-86.3197827983719,36.18774289231299
PLANTATION SOUTH SUBD,9500,(Unincorporated),Unincorporated,1716.2865585983616,NORMAL,-86.3640560523993,36.2476356015806
AT HOME,9503,MT. JULIET,Mt. Juliet,4017.8617287080287,NORMAL,-86.5186683815019,36.174868126572086
Sign ,9503,MT. JULIET,Mt. Juliet,2638.9909620509197,NORMAL,-86.5036390834196,36.2115128930806
Wilson Road Boat Storage,9500,(Unincorporated),Unincorporated,2241.436736018248,NORMAL,-86.4377084629928,36.3327945182425
WYNFIELD SUBD.,9503,MT. JULIET,Mt. Juliet,33.2023785331635,CRITICAL,-86.5048977306141,36.150210106714816
DOLLAR GENERAL,9500,(Unincorporated),Unincorporated,1459.5983371882758,NORMAL,-86.3626450266597,36.0192841458086
IHOP,9503,MT. JULIET,Mt. Juliet,3791.078663967891,NORMAL,-86.5172605234375,36.177830987434106
Lot 19,9500,(Unincorporated),Unincorporated,4914.471730376759,NORMAL,-86.5690946104204,36.2406331844869
Lot 18,9500,(Unincorporated),Unincorporated,4849.962920498454,NORMAL,-86.5690705880169,36.24087473086173
Lot 17,9500,(Unincorporated),Unincorporated,4786.792357956307,NORMAL,-86.569039206272,36.24111631187749
 ,9503,MT. JULIET,Mt. Juliet,1017.0788330273043,NORMAL,-86.53111806056542,36.22662695409041
 ,9503,MT. JULIET,Mt. Juliet,1017.0788330273043,NORMAL,-86.53111806056542,36.22662695409041
 ,9503,MT. JULIET,Mt. Juliet,1016.1471832507659,NORMAL,-86.53113698477401,36.2266271331389
CONNECT CHURCH,9500,(Unincorporated),Unincorporated,934.5016455394383,WATCH,-86.410535987194,36.132924302818104
Comcast Box,9501,LEBANON,Lebanon,1540.6185279093768,NORMAL,-86.3990915889661,36.13677644988199
METER,9501,LEBANON,Lebanon,5916.238387788781,NORMAL,-86.3330720524618,36.2147427467691
CUMBERLAND UNIV ART,9501,LEBANON,Lebanon,7820.658356756857,NORMAL,-86.29523447487752,36.1999793400266
CUMBERLAND UNIV TRACK & FIELD,9501,LEBANON,Lebanon,7839.221920983309,NORMAL,-86.2952757278259,36.199917718976124
CUMBERLAND UNIV WEIGHTROOM & STRENGTHENING,9501,LEBANON,Lebanon,7854.951120965416,NORMAL,-86.2953099492065,36.1998639828987
CUMBERLAND UNIVERSITY RENTAL HOUSE,9501,LEBANON,Lebanon,9355.636138736783,NORMAL,-86.30181891192352,36.202663952895996
SENT SOFTWARE,9503,MT. JULIET,Mt. Juliet,3682.3988887721143,NORMAL,-86.5174829547292,36.207191881118405
MEDICAL OFFICE BUILDING,9503,MT. JULIET,Mt. Juliet,1174.2821615202395,NORMAL,-86.5048581209498,36.1698910389231
CUMBERLAND CORNER PROJECT,9501,LEBANON,Lebanon,8470.62376058434,NORMAL,-86.2982313497793,36.20141468302032
CUMBERLAND CORNER PROJECT,9501,LEBANON,Lebanon,8405.673847831727,NORMAL,-86.2979876508497,36.201389531847106
CUMBERLAND CORNER PROJECT,9501,LEBANON,Lebanon,8423.175197124601,NORMAL,-86.2979853207107,36.2012393123977
CUMBERLAND CORNER PROJECT,9501,LEBANON,Lebanon,8470.922905166473,NORMAL,-86.298072867124,36.20104881118011
CUMBERLAND CORNER PROJECT,9501,LEBANON,Lebanon,8569.11457374156,NORMAL,-86.2982835051257,36.2007321032181
CUMBERLAND CORNER PROJECT,9501,LEBANON,Lebanon,8772.510469836912,NORMAL,-86.2989395202926,36.20055879545159
CUMBERLAND CORNER PROJECT,9501,LEBANON,Lebanon,8701.809929995834,NORMAL,-86.2990556944394,36.201407398151
CUMBERLAND CORNER PROJECT,9501,LEBANON,Lebanon,8778.259117561247,NORMAL,-86.2993120908397,36.20136670294821
CUMBERLAND CORNER PROJECT,9501,LEBANON,Lebanon,8844.416753501833,NORMAL,-86.2992909803821,36.2007620394774
BLDG 1,9501,LEBANON,Lebanon,2030.8080505953842,NORMAL,-86.3290427025999,36.17879998460899
BLDG 2,9501,LEBANON,Lebanon,1954.5276737716256,NORMAL,-86.3291565558121,36.1785936502121
BLDG 9,9501,LEBANON,Lebanon,1775.1511128942084,NORMAL,-86.32913686102232,36.17810010332931
BLDG 10,9501,LEBANON,Lebanon,1746.8065745429105,NORMAL,-86.3288806035158,36.1780106666906
BLDG 5,9501,LEBANON,Lebanon,1915.2916250441115,NORMAL,-86.3297392605856,36.1786750418378
BLDG 6,9501,LEBANON,Lebanon,1852.3956897593066,NORMAL,-86.3299425555883,36.17875889942741
BLDG 8,9501,LEBANON,Lebanon,1803.7416224028154,NORMAL,-86.3301597565005,36.1783677179174
BLDG 11,9501,LEBANON,Lebanon,1735.4877864149337,NORMAL,-86.3296252828211,36.17800148149791
BLDG 12,9501,LEBANON,Lebanon,1677.3258186297348,NORMAL,-86.3297216765666,36.17784097731438
BLDG 3,9501,LEBANON,Lebanon,1883.1545660820827,NORMAL,-86.3294028330843,36.178404123083915
BLDG 4,9501,LEBANON,Lebanon,1829.3293252559026,NORMAL,-86.3294798747454,36.178257978242605
BARK PARK,9501,LEBANON,Lebanon,1698.509158967817,NORMAL,-86.3302812202252,36.1778709235723
BLDG 13,9501,LEBANON,Lebanon,1591.7764054271786,NORMAL,-86.3296783486779,36.17760645623239
BLDG 14,9501,LEBANON,Lebanon,1511.6519298631456,NORMAL,-86.3297039031067,36.1773860551327
BLDG 15,9501,LEBANON,Lebanon,1427.3840402570318,NORMAL,-86.3297241163068,36.177154221919004
BLDG 16,9501,LEBANON,Lebanon,1531.1180243517515,NORMAL,-86.3304151311862,36.1773969865296
BLDG 17,9501,LEBANON,Lebanon,1493.5706141822047,NORMAL,-86.3306034297276,36.17727056736432
BLDG 18,9501,LEBANON,Lebanon,1458.997826521614,NORMAL,-86.3308146561706,36.17714122362191
BLDG 20,9501,LEBANON,Lebanon,1376.7693013682438,NORMAL,-86.3304662665774,36.17696333705442
BLDG 19,9501,LEBANON,Lebanon,1412.313220239989,NORMAL,-86.3302796980601,36.17708116694659
BLDG 21,9501,LEBANON,Lebanon,1178.5324068832053,NORMAL,-86.3297515659639,36.176469783668296
BLDG 22,9501,LEBANON,Lebanon,1187.611176027441,NORMAL,-86.3300004394437,36.17648197962039
BLDG 23,9501,LEBANON,Lebanon,1199.239359434389,NORMAL,-86.3302422602489,36.176495625528005
BLDG 24,9501,LEBANON,Lebanon,1238.2445444847876,NORMAL,-86.3307859071114,36.17652418264841
BLDG 25,9501,LEBANON,Lebanon,1250.8833925264175,NORMAL,-86.331063039644,36.1765420218624
BLDG 26,9501,LEBANON,Lebanon,1222.9151933546975,NORMAL,-86.3313225314939,36.1765613400343
BLDG 27,9501,LEBANON,Lebanon,1240.2466168862707,NORMAL,-86.3315348200754,36.17668666171801
BLDG 28,9501,LEBANON,Lebanon,1227.878009997445,NORMAL,-86.3317325600663,36.17670901003958
BLDG 29,9501,LEBANON,Lebanon,1182.756916482038,NORMAL,-86.331959905265,36.1766368488961
BLDG 30,9501,LEBANON,Lebanon,1219.3964365403062,NORMAL,-86.3322076073983,36.1767906855674
BLDG 31,9501,LEBANON,Lebanon,1194.0356683792327,NORMAL,-86.3323711699893,36.17707924139541
BLDG 32,9501,LEBANON,Lebanon,1168.4395480791254,NORMAL,-86.3324232385554,36.17729227620031
BLDG 33,9501,LEBANON,Lebanon,1394.612099939928,NORMAL,-86.3316674996252,36.17718705122462
BLDG 34,9501,LEBANON,Lebanon,1371.617708003024,NORMAL,-86.3317194587076,36.17737433361031
BLDG 35,9501,LEBANON,Lebanon,1149.2708196983824,NORMAL,-86.3324563099006,36.1776040836221
BLDG 36,9501,LEBANON,Lebanon,1131.6463090863722,NORMAL,-86.3325173590179,36.177854292416406
BLDG 37,9501,LEBANON,Lebanon,1106.42600019631,NORMAL,-86.33257474116891,36.178071605095596
BLDG 42,9501,LEBANON,Lebanon,1282.5229175398463,NORMAL,-86.3319507862291,36.1782535935525
BLDG 43,9501,LEBANON,Lebanon,1300.8420023670865,NORMAL,-86.33191636541291,36.1780405100784
BLDG 44,9501,LEBANON,Lebanon,1326.3006653123648,NORMAL,-86.3318555394529,36.17784323757648
BLDG 45,9501,LEBANON,Lebanon,1515.0790900251482,NORMAL,-86.3311618370788,36.17822714602492
BLDG 46,9501,LEBANON,Lebanon,1602.0031962404253,NORMAL,-86.3308636592745,36.178242270881505
BLDG 38,9501,LEBANON,Lebanon,1102.8089042317845,NORMAL,-86.33256657181012,36.17822757682223
BLDG 39,9501,LEBANON,Lebanon,1155.284563189758,NORMAL,-86.3323831852557,36.178262419249016
BLDG 41,9501,LEBANON,Lebanon,1246.5942657805015,NORMAL,-86.33206573283002,36.17831050631361
VOLLEYBALL COURT,9501,LEBANON,Lebanon,1871.6458207178555,NORMAL,-86.3284642170845,36.1783288647074
POOL,9501,LEBANON,Lebanon,1921.702273199778,NORMAL,-86.3286330701734,36.178477200269725
PAVILION,9501,LEBANON,Lebanon,1931.2361051672547,NORMAL,-86.3283589853095,36.178486530452986
KANSHA HIBACHI & SUSHI,9501,LEBANON,Lebanon,7927.538176507764,NORMAL,-86.3216396458491,36.212178620235115
SMOOTHIE KING,9501,LEBANON,Lebanon,7665.606965714985,NORMAL,-86.319702589387,36.2122941232975
VALLEY GROWERS,9501,LEBANON,Lebanon,7635.197163772989,NORMAL,-86.3191085186679,36.212203775856494
V & R AUTO,9501,LEBANON,Lebanon,7632.034556252535,NORMAL,-86.31877861808701,36.212118804599505
PAWNMAX,9501,LEBANON,Lebanon,7490.324828428691,NORMAL,-86.3148248448327,36.2116856557192
RANDYS HAIR,9501,LEBANON,Lebanon,7733.1842077191695,NORMAL,-86.3158467658508,36.21116888487082
EL MAR MUSIC AND MARKET,9501,LEBANON,Lebanon,7725.755415879365,NORMAL,-86.3161106803626,36.2112368683746
PRO SHINE AUTO DETAILING,9501,LEBANON,Lebanon,7822.85470009196,NORMAL,-86.3125133591003,36.210521336976804
SHOWTYME XTREME,9501,LEBANON,Lebanon,7980.251718082853,NORMAL,-86.3131838966819,36.210138076927
CREATIVE GRAPHICS,9501,LEBANON,Lebanon,7902.131185452474,NORMAL,-86.3130940919108,36.210346239795896
WEMA,9501,LEBANON,Lebanon,8495.691378389274,NORMAL,-86.3136244891922,36.20875295767372
AMERICAN HOUSE LEBANON ASSISTED LIVING,9501,LEBANON,Lebanon,7453.84615377436,NORMAL,-86.3101909557961,36.21146332782261
RX MED,9501,LEBANON,Lebanon,7123.647374122052,NORMAL,-86.3085733769808,36.212418893990815
MITCHELL HOUSE,9501,LEBANON,Lebanon,7566.294978078182,NORMAL,-86.30828621051721,36.21121306141169
"SANDRA GIBBS, ATTORNEY",9501,LEBANON,Lebanon,7045.08845072887,NORMAL,-86.3062145334714,36.21273031601181
HARTSVILLE PKE TOWNHOMES,9501,LEBANON,Lebanon,3294.494224226749,NORMAL,-86.2846385217164,36.21480182246691
Lighting Meter,9503,MT. JULIET,Mt. Juliet,3581.134930867552,NORMAL,-86.5165236113769,36.177859078641504
VILLAGES OF HUNTERS POINT,9501,LEBANON,Lebanon,655.8097491443169,WATCH,-86.2896437067104,36.23169485815849
NORENE GENERAL STORE,9500,(Unincorporated),Unincorporated,27940.133884846528,NORMAL,-86.2426654795605,36.05728068021021
POST OFFICE,9500,(Unincorporated),Unincorporated,27853.595483237215,NORMAL,-86.2420630492013,36.056957584804806
FALL CREEK CHURCH,9500,(Unincorporated),Unincorporated,28234.577955354962,NORMAL,-86.2397236020409,36.052367355111
NORENE COMMUNITY CENTER,9500,(Unincorporated),Unincorporated,28883.12214603194,NORMAL,-86.23938585778902,36.04908038330121
CHERRY VALLEY FAMILY CARE,9500,(Unincorporated),Unincorporated,91.71633703505263,HIGH,-86.1622794232824,36.09797424306579
DOWELL CHAPEL UNITED METHODIST CHURCH,9500,(Unincorporated),Unincorporated,45.95123231087593,CRITICAL,-86.1629361164476,36.09940410618599
WATERTOWN CUMBERLAND PRESBYTERIAN CHURCH,9502,WATERTOWN,Watertown,1224.8856038863728,NORMAL,-86.1400754725453,36.09868931426712
FIRST PRESBYTERIAN CHURCH,9502,WATERTOWN,Watertown,1374.618420419707,NORMAL,-86.1389318881086,36.0993564118515
JESUS IS THE ANSWER CHURCH,9502,WATERTOWN,Watertown,1075.4395655523629,NORMAL,-86.1381175772906,36.0987869562159
WATERTOWN DRUGS,9502,WATERTOWN,Watertown,1041.842290723369,NORMAL,-86.133664475935,36.099774152116815
TECHNICAL PLATING,9502,WATERTOWN,Watertown,1364.9497802095434,NORMAL,-86.1340575590606,36.1008435874717
Comcast Meter,9503,MT. JULIET,Mt. Juliet,101.04636154754402,HIGH,-86.4958221171272,36.2166274508537
WATER AUTHORITY (NO STRUCTURE),9500,(Unincorporated),Unincorporated,794.5002796481375,WATCH,-86.211639537455,36.34157891959361
INDEPENDENCE ESTATES,9500,(Unincorporated),Unincorporated,5613.165636199297,NORMAL,-86.2642775357037,36.28399359801072
CLAY ESTATES,9500,(Unincorporated),Unincorporated,6298.630901780974,NORMAL,-86.3325308391318,36.26950722118561
KARLEE ESTATES,9500,(Unincorporated),Unincorporated,8583.2017037214,NORMAL,-86.3292311459859,36.27572534416189
FRIENDSHIP ACRES,9500,(Unincorporated),Unincorporated,8567.564591513566,NORMAL,-86.3297504462378,36.27571222981932
POINTE BARTON SUBD,9500,(Unincorporated),Unincorporated,7552.709265206841,NORMAL,-86.3730589947373,36.27616273825542
WATERMILL SUBD,9500,(Unincorporated),Unincorporated,8400.236226663046,NORMAL,-86.3798692048142,36.2791725964477
AUTUMN CREEK SUBD,9500,(Unincorporated),Unincorporated,8643.43477567946,NORMAL,-86.4218856547046,36.27702134061121
COLONIAL ESTATES,9500,(Unincorporated),Unincorporated,8963.394919508683,NORMAL,-86.4246210809044,36.277569186369696
HERITAGE HIGHLANDS SUBD,9500,(Unincorporated),Unincorporated,8008.589533464592,NORMAL,-86.4248185776416,36.29054604354497
EXCALIBUR ESTATES,9500,(Unincorporated),Unincorporated,4740.523551618453,NORMAL,-86.4287242799307,36.306351812877985
CHESTNUT GLEN SUBD,9500,(Unincorporated),Unincorporated,6988.17680812628,NORMAL,-86.4397481396611,36.31137920465548
HERITAGE VALLEY SUBD,9500,(Unincorporated),Unincorporated,5648.995728486355,NORMAL,-86.4290646663513,36.302688324143205
LAKESHORE ACRES,9500,(Unincorporated),Unincorporated,12113.652143636735,NORMAL,-86.4464695942043,36.291816641470604
BALLENTRACE SUBD,9500,(Unincorporated),Unincorporated,8181.589028588646,NORMAL,-86.3321306887832,36.2941200212275
PEBBLE POINT ESTATES,9500,(Unincorporated),Unincorporated,7125.779896591778,NORMAL,-86.3309735082237,36.29810175253591
FIVE OAKS SUBD,9501,LEBANON,Lebanon,1657.5186515649327,NORMAL,-86.385929961054,36.23403307986501
RIVER OAKS SUBD,9501,LEBANON,Lebanon,1306.99374419116,NORMAL,-86.3865782264096,36.232977053226904
SOUTHFORK SUBD,9501,LEBANON,Lebanon,1445.0157653453016,NORMAL,-86.3787225714576,36.2297272087957
City of Mt Juliet Soccer Field,9503,MT. JULIET,Mt. Juliet,400.7492776006806,WATCH,-86.4954976694154,36.218556412018295
WRESTLING BUILDING,9501,LEBANON,Lebanon,8209.524194095948,NORMAL,-86.297109920517,36.20100905519489
SIGNAGE FOR PAVILION,9501,LEBANON,Lebanon,4120.918860958481,NORMAL,-86.3252255121662,36.2241230422071
GA HOUSE,9501,LEBANON,Lebanon,9027.143903309798,NORMAL,-86.3006527912809,36.202614674994614
CUMBERLAN UNIVERSITY BAND ROOM,9501,LEBANON,Lebanon,7777.338866995003,NORMAL,-86.2949185242446,36.199594270397576
Address Strictly For Internet Service,9500,(Unincorporated),Unincorporated,3430.286178797678,NORMAL,-86.3983902417026,36.26241814135571
BODY KNEADS FITNESS STE 104,9501,LEBANON,Lebanon,1339.640199214488,NORMAL,-86.3669563530572,36.23105633458359
BODY KNEADS COFFEE STE 103,9501,LEBANON,Lebanon,1334.4739853835167,NORMAL,-86.3670983478208,36.231061801703994
BODY KNEADS SPA STE 201,9501,LEBANON,Lebanon,1355.2247568103144,NORMAL,-86.3670980747365,36.231002817905214
Golds Gym,9503,MT. JULIET,Mt. Juliet,3975.8710142945324,NORMAL,-86.5220299319048,36.174973615696196
WEMA TRAINING CENTER 115  OAK ST ,9501,LEBANON,Lebanon,8534.65851671492,NORMAL,-86.3131428243666,36.20860398264742
WATERTOWN STORAGE #2,9500,(Unincorporated),Unincorporated,1906.4516700224117,NORMAL,-86.1157432309717,36.0973805571708
NICHOLS VALE SUBD,9503,MT. JULIET,Mt. Juliet,1082.496913389315,NORMAL,-86.536721226618,36.22728019046131
Abandoned Property Once Was 2261 Philadelphia Rd,9500,(Unincorporated),Unincorporated,2825.2590643322537,NORMAL,-86.2448495357261,36.29812271277259
FIELD 1,9503,MT. JULIET,Mt. Juliet,545.8903129819524,WATCH,-86.5075273592538,36.2318597036328
FIELD 2,9503,MT. JULIET,Mt. Juliet,333.8026192167752,WATCH,-86.5067105740377,36.23185419048712
FIELD 3,9503,MT. JULIET,Mt. Juliet,205.25404799347348,HIGH,-86.5066894308535,36.232575597694904
FIELD 4,9503,MT. JULIET,Mt. Juliet,331.76546450482755,WATCH,-86.507730756171,36.232598051583
MT JULIET BREAKFAT ROTARY CLUB,9503,MT. JULIET,Mt. Juliet,419.8307340874727,WATCH,-86.5071869902698,36.232138334436605
PARK OFFICE,9503,MT. JULIET,Mt. Juliet,404.2113989732764,WATCH,-86.5071873906531,36.2322009262905
CALABRIA PIZZERIA,9503,MT. JULIET,Mt. Juliet,896.6769516589719,WATCH,-86.5112041128069,36.1884749966456
CHECK INTO CASH,9501,LEBANON,Lebanon,5574.769312910653,NORMAL,-86.2932193122926,36.19041634359131
LENDMARK,9501,LEBANON,Lebanon,5380.3797451901955,NORMAL,-86.29239040407542,36.19032559569601
MATTRESS KING,9501,LEBANON,Lebanon,5259.003916030648,NORMAL,-86.29176411161832,36.19034053835781
LIQUOR WORLD,9501,LEBANON,Lebanon,5251.665880700507,NORMAL,-86.2916422569676,36.1904016384215
FANTASTIC SAMS,9501,LEBANON,Lebanon,5401.491381080168,NORMAL,-86.2914540987646,36.191072146338875
OAKVALE SUBD,9500,(Unincorporated),Unincorporated,11253.90909722422,NORMAL,-86.46853293814281,36.1159474677542
ST PHILOPATER ,9503,MT. JULIET,Mt. Juliet,4833.816773483321,NORMAL,-86.5118151307013,36.217731738589414
LATTER DAY SAINTS,9503,MT. JULIET,Mt. Juliet,4362.62277449261,NORMAL,-86.5102252468194,36.217604931605806
COMMUNITY CHRISTIAN ,9503,MT. JULIET,Mt. Juliet,5214.553324046908,NORMAL,-86.5130988625714,36.21784074914181
JEHOVAHS WITNESSES,9503,MT. JULIET,Mt. Juliet,4161.501236429328,NORMAL,-86.5095705405608,36.217383549232416
Shed,9501,LEBANON,Lebanon,1429.011521487075,NORMAL,-86.2748227288157,36.206033737140096
Dayton Frieght Lines,9501,LEBANON,Lebanon,2815.439298015876,NORMAL,-86.312159349403,36.179318765200314
Future Development,9501,LEBANON,Lebanon,1963.424143456723,NORMAL,-86.3133499581411,36.17693113922571
Future Development,9501,LEBANON,Lebanon,1860.3114268582226,NORMAL,-86.3116196617768,36.17670670191048
Verizon,9503,MT. JULIET,Mt. Juliet,2875.3693443427737,NORMAL,-86.5226428941329,36.171712141713996
CAINSVILLE COURT APTS,9501,LEBANON,Lebanon,6135.186431979352,NORMAL,-86.2871717978103,36.19548352570971
TRI STAR MT JULIET EMERGENCY ROOM,9503,MT. JULIET,Mt. Juliet,1929.0843858240564,NORMAL,-86.4580804968455,36.17522884858841
HERRINGTON SUBD,9503,MT. JULIET,Mt. Juliet,51.572702168513786,HIGH,-86.5080548625815,36.15062963358101
SILVER SPRINGS SUBD.,9503,MT. JULIET,Mt. Juliet,46.010745697015636,CRITICAL,-86.4903107948147,36.2362138807525
CHURCH OF GOD WORSHIP AND MINISTRY,9501,LEBANON,Lebanon,1276.412608763415,NORMAL,-86.2763979427616,36.221600319606694
HILLCREST BAPTIST CHURCH,9501,LEBANON,Lebanon,2726.111868626303,NORMAL,-86.2828160814239,36.2157720225794
SUNRISE DINER,9501,LEBANON,Lebanon,2974.5397058183885,NORMAL,-86.2828553555531,36.21193286146501
CASHSAVERS,9501,LEBANON,Lebanon,3720.1205242954816,NORMAL,-86.2853612950092,36.211640823874895
WILSON COUNTY SHERIFF'S DEPT,9501,LEBANON,Lebanon,4910.780184868766,NORMAL,-86.2898184718902,36.21307045731711
WILSON COUNTY JAIL,9501,LEBANON,Lebanon,4768.18431244818,NORMAL,-86.2893927494577,36.213329006313906
WILSON COUNTY GENERAL SESSIONS COURT,9501,LEBANON,Lebanon,4689.565009415722,NORMAL,-86.28899090939811,36.212874526142315
DEPARTMENT OF CHILDREN SERVICES,9501,LEBANON,Lebanon,4014.7726007572014,NORMAL,-86.2866264720787,36.212838908775716
H&R BLOCK,9501,LEBANON,Lebanon,4101.0665650814335,NORMAL,-86.2868416111943,36.21244352199229
PICKETT RUCKER UNITED METHODIST CHURCH,9501,LEBANON,Lebanon,1818.6024550372538,NORMAL,-86.2772140103779,36.208473369998124
TOBACCO SHOPPE,9501,LEBANON,Lebanon,1363.4517306425316,NORMAL,-86.2756773178206,36.2085856215561
JC HELLUM FUNERAL HOME,9501,LEBANON,Lebanon,1362.3398361283787,NORMAL,-86.2751902216105,36.2072742931296
CEDARS OF LEBANON BAPTIST CHURCH,9501,LEBANON,Lebanon,1759.2541621979112,NORMAL,-86.2761902275281,36.206489887893994
IMPACT PHYSICAL THERAPY,9500,(Unincorporated),Unincorporated,100.42976258369475,HIGH,-86.1624292982856,36.097994734156224
FRANKLIN'S WINE ND SPIRITS,9501,LEBANON,Lebanon,2239.828949382308,NORMAL,-86.3883359299844,36.23520351802102
BLACKBERRY TRACE SUBD,9500,(Unincorporated),Unincorporated,5114.216762262982,NORMAL,-86.3952543687769,36.292333884754605
SPENCE CREEK,9501,LEBANON,Lebanon,1077.8845362264801,NORMAL,-86.4398010585031,36.251082173982994
GEORGETOWN ESTATES,9501,LEBANON,Lebanon,446.2901762742239,WATCH,-86.4044431047565,36.1881545996272
WEMA Station 6,9500,(Unincorporated),Unincorporated,3654.941357498499,NORMAL,-86.4399980563282,36.26477345032589
Trailer,9501,LEBANON,Lebanon,1350.6748190434053,NORMAL,-86.40200890724502,36.17793178727101
 PHEASANT RUN APTS,9501,LEBANON,Lebanon,1112.3323687134427,NORMAL,-86.3259433783395,36.23238998686212
1886 AUTOMOTIVE,9501,LEBANON,Lebanon,3346.130850004752,NORMAL,-86.276523149056,36.19782115547469
TACO BELL (NEW),9503,MT. JULIET,Mt. Juliet,996.2899078496557,WATCH,-86.5095660538449,36.23138142913828
1ST FLOOR- APTS 201-228,9501,LEBANON,Lebanon,2672.312096725417,NORMAL,-86.3842650114914,36.23676377328472
2ND FLOOR- APTS 109-118,9501,LEBANON,Lebanon,2723.979366831642,NORMAL,-86.3841585056537,36.23689478308251
3RD FLOOR- APTS 119-128,9501,LEBANON,Lebanon,2712.3411809517897,NORMAL,-86.3840839691495,36.23706288938871
BLDG A-2,9501,LEBANON,Lebanon,2641.6220715379704,NORMAL,-86.3838178273605,36.2368081159306
2ND FLOOR- APTS 709-718,9501,LEBANON,Lebanon,2433.7024517842588,NORMAL,-86.3850881752115,36.23616920558819
1ST FLOOR- APTS 701-708,9501,LEBANON,Lebanon,2453.268505489193,NORMAL,-86.3852637123965,36.2362287362971
3RD FLOOR- APTS 719-728,9501,LEBANON,Lebanon,2411.905929240683,NORMAL,-86.384930473181,36.23610141750671
1ST FLOOR- APTS 101-108,9501,LEBANON,Lebanon,2369.963560449083,NORMAL,-86.384681666253,36.23596818366321
2ND FLOOR- APT 110-118,9501,LEBANON,Lebanon,2434.7497328317395,NORMAL,-86.38458536169252,36.23613874429821
3RD FLOOR- APTS 119-128,9501,LEBANON,Lebanon,2493.7829094281956,NORMAL,-86.3845101805017,36.2362949305947
BLDG A-1,9501,LEBANON,Lebanon,2404.1075466313882,NORMAL,-86.3842350903024,36.236015387346605
1ST FLOOR 601-604,9501,LEBANON,Lebanon,2473.954425125501,NORMAL,-86.38501650217842,36.23627674525831
2ND FLOOR- 605-610,9501,LEBANON,Lebanon,2492.661854262219,NORMAL,-86.3851462874987,36.23633355963712
3RD FLOOR- 611-616,9501,LEBANON,Lebanon,2505.7476205594153,NORMAL,-86.3852748114987,36.23637320947382
BLDG B-4,9501,LEBANON,Lebanon,2575.865335385804,NORMAL,-86.385016685826,36.236557162274295
1ST FLOOR- APTS 501-504,9501,LEBANON,Lebanon,2784.840509250631,NORMAL,-86.3847106304983,36.237115039466815
2ND FLOOR- APTS 505-510,9501,LEBANON,Lebanon,2774.9681997896014,NORMAL,-86.3845938971905,36.23707916640421
3RD FLOOR - APTS 511-516,9501,LEBANON,Lebanon,2756.512752962608,NORMAL,-86.384419325243,36.2370129562542
BLDG B-5,9501,LEBANON,Lebanon,2687.320619842935,NORMAL,-86.3847222811688,36.23684698392771
3RD FLOOR- APTS 411-416,9501,LEBANON,Lebanon,2837.647491543691,NORMAL,-86.3846760041965,36.23725821990049
2ND FLOOR- APTS 405-410,9501,LEBANON,Lebanon,2823.498338089922,NORMAL,-86.3845321218835,36.23720812620751
1ST FLOOR- APTS 401-404,9501,LEBANON,Lebanon,2792.2256843344694,NORMAL,-86.3843611048708,36.23714667396571
BLDG B-6,9501,LEBANON,Lebanon,2793.9471255428284,NORMAL,-86.3843777105165,36.2374146395417
3RD FLOOR- APTS 311-316,9501,LEBANON,Lebanon,2698.37262706402,NORMAL,-86.3840497812066,36.23728691843709
2ND FLOOR- APTS 305-310,9501,LEBANON,Lebanon,2659.371816496201,NORMAL,-86.3839153322699,36.23723965632611
1ST FLOOR- APTS 301-304,9501,LEBANON,Lebanon,2617.125147023922,NORMAL,-86.3837690826634,36.23718670784541
 ,9501,LEBANON,Lebanon,2616.046169863974,NORMAL,-86.3837751028732,36.23745756852421
BLDG A-3,9501,LEBANON,Lebanon,2332.7125310194597,NORMAL,-86.3852694743042,36.235897568264214
BLDG B-8,9501,LEBANON,Lebanon,2466.8880854513945,NORMAL,-86.3859087799582,36.2362613900394
HOLLAND RIDGE,9501,LEBANON,Lebanon,1522.7926330621988,NORMAL,-86.3975493460846,36.186910730864405
TIMBER RIDGE SUBD,9501,LEBANON,Lebanon,1819.705836160649,NORMAL,-86.3427654194172,36.20445143039049
CLOCK TOWER PARK,9503,MT. JULIET,Mt. Juliet,2234.369144139147,NORMAL,-86.5186249606835,36.1996227383038
AMENITY CENTER,9503,MT. JULIET,Mt. Juliet,749.8478654097095,WATCH,-86.5076681360354,36.15360770809919
 Shop Springs Creamery,9500,(Unincorporated),Unincorporated,15919.011661640801,NORMAL,-86.2242822318504,36.13747779382952
PUMPING STATION,9500,(Unincorporated),Unincorporated,5763.571782785671,NORMAL,-86.4240434452118,36.101275060997395
CEVA  BW1,9503,MT. JULIET,Mt. Juliet,2548.002279041856,NORMAL,-86.4669327282722,36.184288232950315
CEVA    BW2,9503,MT. JULIET,Mt. Juliet,2290.8582404736744,NORMAL,-86.4683917398688,36.182551395667915
CEVA #2   BW3,9503,MT. JULIET,Mt. Juliet,2140.5604866875256,NORMAL,-86.4702256399788,36.181028615047886
Under Armour,9503,MT. JULIET,Mt. Juliet,1388.7281175648206,NORMAL,-86.47618074453,36.17837250919971
LEBANON FIRE STATION #2,9501,LEBANON,Lebanon,3284.9746767522865,NORMAL,-86.32490380531752,36.22643489466471
LEBANON FIRE STATION #1,9501,LEBANON,Lebanon,5172.283943061444,NORMAL,-86.2884031563421,36.20678832559923
CROSS COUNTRY HOUSE,9501,LEBANON,Lebanon,7704.065031888281,NORMAL,-86.2952125118813,36.200896031829814
ACADEMY AT MT. JULIET DAYCARE,9503,MT. JULIET,Mt. Juliet,115.7047195800844,HIGH,-86.4951499515131,36.21452980112462
BLDG 1,9501,LEBANON,Lebanon,3397.2962150640124,NORMAL,-86.3442698215833,36.2246317940485
BLDG 2,9501,LEBANON,Lebanon,3569.7007366789935,NORMAL,-86.3437493841107,36.22439959331302
BLDG 4,9501,LEBANON,Lebanon,3567.8398943577376,NORMAL,-86.3438651693185,36.22429315366439
BLDG 3,9501,LEBANON,Lebanon,3774.0764076416767,NORMAL,-86.3432400706554,36.2240171351587
LEASING OFFICE,9501,LEBANON,Lebanon,3236.202409998811,NORMAL,-86.3446098380684,36.22499446225362
MAPLE CROSSING APTS,9501,LEBANON,Lebanon,2953.225029003895,NORMAL,-86.3454737482939,36.22536636315339
DOLLAR GENERAL,9500,(Unincorporated),Unincorporated,19468.62027192609,NORMAL,-86.1740266561239,36.19836460958351
KELSEY GLEN SUBD,9503,MT. JULIET,Mt. Juliet,280.99233456091497,WATCH,-86.5390965497936,36.19522596866321
CUMBERLAND SKIN,9501,LEBANON,Lebanon,4119.6616180401215,NORMAL,-86.31986097297101,36.1836807903885
"VANHOOSECO PRECAST, LLC",9500,(Unincorporated),Unincorporated,4865.435591442638,NORMAL,-86.3178734413192,36.1376824934259
BLUEWATER,9500,(Unincorporated),Unincorporated,6780.142847852721,NORMAL,-86.3198154432699,36.1326518818418
Clubhouse,9501,LEBANON,Lebanon,1160.9500280579991,NORMAL,-86.39762316732521,36.18007274581869
Maintenance Building,9501,LEBANON,Lebanon,1248.2265385201026,NORMAL,-86.3974024115264,36.180422807665295
Trash Compactor,9501,LEBANON,Lebanon,1235.4306325492335,NORMAL,-86.3971572991386,36.180461528765214
POOL,9501,LEBANON,Lebanon,1075.8750826975113,NORMAL,-86.3974624407721,36.17987729231113
DIRECT FLIGHT SOLUTIONS,9501,LEBANON,Lebanon,5601.842111321447,NORMAL,-86.3196059907583,36.18824971667091
Nuebel Monument Funeral Home,9501,LEBANON,Lebanon,74.9583791060698,HIGH,-86.2656923470677,36.20500095378359
Sellar's Funeral Home,9501,LEBANON,Lebanon,6488.372677573285,NORMAL,-86.2953708163801,36.21364596275941
GEODIS,9500,(Unincorporated),Unincorporated,1932.5349906740732,NORMAL,-86.438119326527,36.06121018661201
BUILDING 2,9501,LEBANON,Lebanon,5188.927584876847,NORMAL,-86.3363272005607,36.2213678404278
BUILDING 1,9501,LEBANON,Lebanon,5012.6598528952945,NORMAL,-86.3360560546753,36.22196663093968
WOOD FALLS APARTMENTS,9501,LEBANON,Lebanon,5112.032010626763,NORMAL,-86.33620999655362,36.2216271239887
ROBINSON PARK,9503,MT. JULIET,Mt. Juliet,734.0650642628702,WATCH,-86.5154082716805,36.19059234761011
Comcast Meter,9500,(Unincorporated),Unincorporated,73.77794548393545,HIGH,-86.5238817350671,36.2553822736121
THIS IS IN WILSON COUNTY,9500,(Unincorporated),Unincorporated,399.6273527383135,WATCH,-86.0968106458335,36.185230233445516
HARMONY AT MT JULIET,9503,MT. JULIET,Mt. Juliet,1297.3445810997034,NORMAL,-86.5021486226555,36.1694866555363
SHOP,9503,MT. JULIET,Mt. Juliet,942.3451701536749,WATCH,-86.5333400982568,36.174339924028615
Abandoned House,9500,(Unincorporated),Unincorporated,4186.149674481992,NORMAL,-86.431025435694,36.31459325698801
MAILBOX PAVILION,9501,LEBANON,Lebanon,1796.8714365987432,NORMAL,-86.34223485188362,36.20331468522232
HARBOR FREIGHT,9501,LEBANON,Lebanon,6454.3669389890565,NORMAL,-86.3322909976063,36.218512523446314
AARON'S,9501,LEBANON,Lebanon,6472.5333229526705,NORMAL,-86.3320524455715,36.218404187173384
DOLLAR GENERAL MARKET,9501,LEBANON,Lebanon,6476.049126897781,NORMAL,-86.3316728668946,36.2183095201544
LE BELLA HAIR SALON,9501,LEBANON,Lebanon,6518.476838053655,NORMAL,-86.3314396214789,36.218140229454505
LE BELLA NAIL AND SPA,9501,LEBANON,Lebanon,6524.085229091274,NORMAL,-86.3313777052317,36.218111785216614
HONEY BAKED HAM ,9501,LEBANON,Lebanon,6756.694288356438,NORMAL,-86.3298960809929,36.217196060365914
JENNY BEAUTY SUPPLY,9501,LEBANON,Lebanon,6699.036597052016,NORMAL,-86.3298905541382,36.21735638854302
HANGRY JOES HOT CHICKEN,9501,LEBANON,Lebanon,6663.433295012749,NORMAL,-86.3298791905998,36.21745418440301
SPRINT,9503,MT. JULIET,Mt. Juliet,1395.9679569232505,NORMAL,-86.4766339143574,36.174832056907306
DOLLAR GENERAL,9503,MT. JULIET,Mt. Juliet,564.910829818507,WATCH,-86.4877529184342,36.23065203766728
SHADY ACRES ,9500,(Unincorporated),Unincorporated,294.52482549798293,WATCH,-86.3085595358272,36.155313310770104
JERRY YOUNG TRAILER PARK,9500,(Unincorporated),Unincorporated,9992.680170227646,NORMAL,-86.3244495505276,36.12464713144511
TRAFFIC LIGHT,9503,MT. JULIET,Mt. Juliet,821.8959941492216,WATCH,-86.496351402623,36.21272134812019
VANDERBILT WILSON CO HOSPITAL,9501,LEBANON,Lebanon,5078.0796666256465,NORMAL,-86.3274185422966,36.22156047404951
URGENT CARE,9502,WATERTOWN,Watertown,343.1638438532635,WATCH,-86.1322314423155,36.09795696688481
Cumberland Trucking,9501,LEBANON,Lebanon,206.63497169854125,HIGH,-86.4270445820474,36.179913950100286
Meter,9503,MT. JULIET,Mt. Juliet,2377.05259187777,NORMAL,-86.518647145283,36.200301627222295
Gladevile Middle School,9500,(Unincorporated),Unincorporated,4799.2439078447305,NORMAL,-86.42880199561512,36.11433526990171
CAPSTONE AT MT JULIET,9503,MT. JULIET,Mt. Juliet,4481.3906200684005,NORMAL,-86.515357795806,36.21455687542561
BUILDING 9,9503,MT. JULIET,Mt. Juliet,813.4793808517693,WATCH,-86.5216782443884,36.16590625623611
BUILDING 8,9503,MT. JULIET,Mt. Juliet,758.7450297111402,WATCH,-86.5212656666713,36.165709081749
BUILDING 7,9503,MT. JULIET,Mt. Juliet,525.0121427371813,WATCH,-86.5211769302032,36.165051351771105
BUILDING 14,9503,MT. JULIET,Mt. Juliet,700.1729578480858,WATCH,-86.5205530027176,36.165468214428
BUILDING 1,9503,MT. JULIET,Mt. Juliet,518.9652908272204,WATCH,-86.5189349438488,36.16478763683649
BUILDING 2,9503,MT. JULIET,Mt. Juliet,378.310304038858,WATCH,-86.519297703474,36.1644376709354
BUILDING 3,9503,MT. JULIET,Mt. Juliet,234.2007339963388,HIGH,-86.5198347057913,36.1640973206638
BUILDING 4,9503,MT. JULIET,Mt. Juliet,173.6388438528283,HIGH,-86.5202773267156,36.16397818468712
BUILDING 5,9503,MT. JULIET,Mt. Juliet,149.27994470251102,HIGH,-86.5208341145987,36.163971984437715
BUILDING 6,9503,MT. JULIET,Mt. Juliet,363.2368214877876,WATCH,-86.5211936064667,36.16460471318851
BUILDING 12,9503,MT. JULIET,Mt. Juliet,387.74269272423993,WATCH,-86.5205567102844,36.16460249952851
BUILDING 13,9503,MT. JULIET,Mt. Juliet,534.3452801260302,WATCH,-86.52050305046231,36.1650030028269
BUILDING 10,9503,MT. JULIET,Mt. Juliet,528.6665599192621,WATCH,-86.5198219259199,36.1649122358989
BUILDING 11,9503,MT. JULIET,Mt. Juliet,436.3835258900663,WATCH,-86.5200361376507,36.164680002825406
HIGHLAND HEIGHTS CHURCH OF CHRIST,9501,LEBANON,Lebanon,4851.423994131223,NORMAL,-86.2994517199808,36.219125730303695
COLES FERRY TOWNHOMES,9501,LEBANON,Lebanon,4483.858661144058,NORMAL,-86.2990891660473,36.22019438485789
BLUEBIRD RD TOWNHOMES,9500,(Unincorporated),Lebanon,66.21913094536566,HIGH,-86.264570465449,36.2051131268791
ACADEMY PLACE,9501,LEBANON,Lebanon,6042.506944226273,NORMAL,-86.307138933662,36.21545041736472
CREEKSIDE VILLAGE,9501,LEBANON,Lebanon,4371.60440861015,NORMAL,-86.2997619163397,36.2204216198299
No Structure at This Location,9500,(Unincorporated),Unincorporated,25978.816339925317,NORMAL,-86.29699883464,36.060603661114506
WOODBRIDGE GLEN,9501,LEBANON,Lebanon,1124.1281742122233,NORMAL,-86.3993274554088,36.16923443981472
SPARTA GREEK GRILL,9502,WATERTOWN,Watertown,245.7104730015343,HIGH,-86.1246689374667,36.0988823304467
 ,9502,WATERTOWN,Watertown,213.81443621481245,HIGH,-86.1245596252857,36.098877673954
204 FITNESS,9502,WATERTOWN,Watertown,1276.9257083196696,NORMAL,-86.1338557447887,36.1004010234591
WATERTOWN-WILSON COUNTY LIBRARY,9502,WATERTOWN,Watertown,1279.4004591673513,NORMAL,-86.133974905407,36.1003830859134
ARTISIAN INSURANCE,9502,WATERTOWN,Watertown,1280.8759289716525,NORMAL,-86.1341612422782,36.1003482236436
VISIONARY DESIGN GROUP,9502,WATERTOWN,Watertown,1257.3909213632612,NORMAL,-86.1342176732954,36.100269767757716
PUBLIC SQUARE VINTAGE MARKET,9502,WATERTOWN,Watertown,1236.318584682106,NORMAL,-86.1342039873448,36.1002128506144
DAINTY DARLIN,9502,WATERTOWN,Watertown,1220.6819011947402,NORMAL,-86.1341884912663,36.10017173451011
BARRETT'S BARBER SHOP,9502,WATERTOWN,Watertown,1208.106820209806,NORMAL,-86.1341803535357,36.10013776258829
PIONEER BUILDING,9502,WATERTOWN,Watertown,1149.76337535212,NORMAL,-86.1341727303398,36.099973831599996
ACTION RESTORATION (103-109 W MAIN ST),9502,WATERTOWN,Watertown,1141.6520563074719,NORMAL,-86.1346004677798,36.0998842603199
TERRY JACKSON DENTISTRY,9502,WATERTOWN,Watertown,1162.6036789111874,NORMAL,-86.1349835547534,36.0998841007052
FLOWER SHOP,9502,WATERTOWN,Watertown,1046.7079479670797,NORMAL,-86.1337261113539,36.0997750418211
KLEEN O MATIC LAUNDRY MAT,9502,WATERTOWN,Watertown,1045.9104647085092,NORMAL,-86.1334681322328,36.099821713492496
WATERTOWN ARCHIVES,9502,WATERTOWN,Watertown,1063.37502592557,NORMAL,-86.1334007490793,36.0998806067599
HARDWARE OF WATERTOWN,9502,WATERTOWN,Watertown,1131.7270448387956,NORMAL,-86.1329718858511,36.10019203915011
JIM'S ANTIQUES,9502,WATERTOWN,Watertown,1007.1853940834388,NORMAL,-86.1325894916306,36.100033290171
HIGHT'S AUTO & DESIEL REPAIR,9502,WATERTOWN,Watertown,399.2689805534124,WATCH,-86.1358102682955,36.09758956478471
MOSES ANIMAL CLINIC,9502,WATERTOWN,Watertown,448.2335733920495,WATCH,-86.14138251591162,36.09637274667332
LIQUOR & WINE,9502,WATERTOWN,Watertown,523.2533098571809,WATCH,-86.1418269453645,36.09647094673
MARLYNA'S HAIR SALON,9502,WATERTOWN,Watertown,524.9772313658243,WATCH,-86.1419115572401,36.09646655449729
LA COCINA MEXICAN RESTAURANT,9502,WATERTOWN,Watertown,525.0364234916651,WATCH,-86.1420032181772,36.09646072360889
WATERTOWN DISCOUNT TOBACCO & BEER,9502,WATERTOWN,Watertown,527.7092633752172,WATCH,-86.14213013578852,36.09645342080561
PENECOSTALS OF WATERTOWN,9502,WATERTOWN,Watertown,538.655969552837,WATCH,-86.1425617049672,36.09650713642759
TOY HUNT,9502,WATERTOWN,Watertown,490.0420824852123,WATCH,-86.1554453053926,36.097382335428996
JERRY DEAN ELECTRICAL,9502,WATERTOWN,Watertown,746.1981334754468,WATCH,-86.1581224603155,36.10091995697051
WEATHER TITE,9502,WATERTOWN,Watertown,349.82906008755816,WATCH,-86.1575043639906,36.1022471883327
THE NURSERY,9500,(Unincorporated),Unincorporated,1942.1293108202024,NORMAL,-86.2553441329013,36.16951442976901
PALLET CO,9500,(Unincorporated),Unincorporated,3339.9193529020467,NORMAL,-86.2522143754112,36.166075345756916
JONES & STONE DRILLING,9500,(Unincorporated),Unincorporated,2904.4282715952704,NORMAL,-86.2532532953782,36.167255904235105
PUMP STATION,9501,LEBANON,Lebanon,458.23737812448616,WATCH,-86.39051950879181,36.2458463019321
Units 1-5,9501,LEBANON,Lebanon,9238.084789637232,NORMAL,-86.3030135221722,36.20641349345679
TENNESSEE CHEESECAKE,9501,LEBANON,Lebanon,1558.6803790321176,NORMAL,-86.3264983311344,36.23120897156271
KHS AMERICA,9501,LEBANON,Lebanon,1555.2659001799102,NORMAL,-86.3270815981088,36.2313147120258
MAY TRUCK SHOP,9501,LEBANON,Lebanon,1427.671394074476,NORMAL,-86.3271747335263,36.231690946412805
MCLE TRUCK SHOP,9501,LEBANON,Lebanon,1369.3633908553552,NORMAL,-86.3282705915875,36.2322049101696
CEDAR CITY CROSSFIT,9501,LEBANON,Lebanon,1695.1294557744882,NORMAL,-86.3271062738694,36.23092580451707
MAY TRUCKING OFFICE,9501,LEBANON,Lebanon,1698.4755063504176,NORMAL,-86.3274891447753,36.2309879568179
MASSAGE THERAPIST,9501,LEBANON,Lebanon,1734.7956285343287,NORMAL,-86.3279984959495,36.23101013479489
FERRATEX,9501,LEBANON,Lebanon,2273.755900649661,NORMAL,-86.3293401931249,36.2298591526472
NOVAMET,9501,LEBANON,Lebanon,1961.1707478523788,NORMAL,-86.3291862884656,36.23075790585921
TRITIUM,9501,LEBANON,Lebanon,1671.314413059666,NORMAL,-86.3287329447019,36.23146444864761
GATE 2,9501,LEBANON,Lebanon,2937.896683488135,NORMAL,-86.324636615393,36.22741038532619
GATE 1,9501,LEBANON,Lebanon,1241.9543692000586,NORMAL,-86.3259387887116,36.2320328233638
GATE 3,9501,LEBANON,Lebanon,1578.5540403263255,NORMAL,-86.3296956132894,36.232337382510586
HOUSE REMOVED,9501,LEBANON,Lebanon,817.1849896607499,WATCH,-86.2904907260015,36.23145018036292
VINEYARD GROVE,9501,LEBANON,Lebanon,731.8050313467857,WATCH,-86.2912659379636,36.2321636650902
ABANDONED CHURCH,9500,(Unincorporated),Unincorporated,7232.6534264407155,NORMAL,-86.104378284264,36.1395837938909
BUILDING 2,9503,MT. JULIET,Mt. Juliet,1749.2371608527749,NORMAL,-86.5036364739069,36.16813079525579
BUILDING 3,9503,MT. JULIET,Mt. Juliet,1775.7124897782562,NORMAL,-86.5042592508111,36.16809219991592
BUILDING 4,9503,MT. JULIET,Mt. Juliet,1776.800467712425,NORMAL,-86.5049191808997,36.16818381292481
COLONIAL VILLAGE,9501,LEBANON,Lebanon,4310.736317344803,NORMAL,-86.3367318650323,36.210046879638696
COLONIAL VILLAGE,9501,LEBANON,Lebanon,6654.793327077118,NORMAL,-86.3294983960236,36.2127693561047
HICKORY RIDGE,9501,LEBANON,Lebanon,3927.7605724609966,NORMAL,-86.3360164656233,36.20648162647742
BROOKSIDE FARMS SUBD,9501,LEBANON,Lebanon,484.7311203051366,WATCH,-86.3994242417957,36.2425097826109
OR,9500,(Unincorporated),Unincorporated,2110.690577016245,NORMAL,-86.4196494307395,36.1611102182184
OR,9500,(Unincorporated),Unincorporated,2091.3573361850645,NORMAL,-86.4189150313625,36.1606230998036
OR,9500,(Unincorporated),Unincorporated,2079.5259979234343,NORMAL,-86.4184174165198,36.160359544013396
OR,9500,(Unincorporated),Unincorporated,1366.9873898883307,NORMAL,-86.4156976478918,36.160410671445284
OR,9500,(Unincorporated),Unincorporated,1621.034372287822,NORMAL,-86.4159233568197,36.1592921311139
PHYSICANS WAY MEDICAL BUILDING,9501,LEBANON,Lebanon,1804.6395314660151,NORMAL,-86.3265153380783,36.17799133453252
BROOKSIDE CONDOMINIUMS,9501,LEBANON,Lebanon,4709.018390453593,NORMAL,-86.293740933309,36.186339303591
CEDARWOOD APTS,9501,LEBANON,Lebanon,4985.030940706616,NORMAL,-86.2956796049425,36.18560490316838
CROSSWINDS CONDOMINIUMS,9501,LEBANON,Lebanon,9385.002169113079,NORMAL,-86.3127319655663,36.198079460912496
CUMBERLAND HILL ,9501,LEBANON,Lebanon,4394.907326421149,NORMAL,-86.2905536544109,36.2205488066998
FRANKLIN TERRACE,9501,LEBANON,Lebanon,6238.493088731237,NORMAL,-86.3066799801,36.188312982274205
TUCKERS GAP MEADOWS,9500,(Unincorporated),Unincorporated,47.33255303415679,CRITICAL,-86.3771891936004,36.18535731383953
HIGHLAND COURT TOWNHOMES,9501,LEBANON,Lebanon,3427.7222110601438,NORMAL,-86.28443599553971,36.2120006366267
HUNTERS CREEK,9501,LEBANON,Lebanon,1926.079155301866,NORMAL,-86.2909284379925,36.22786493350579
LEEVILLE PIKE APTS,9501,LEBANON,Lebanon,8458.408063949628,NORMAL,-86.2975741288622,36.200102245613806
NORTHWOOD APTS,9501,LEBANON,Lebanon,4241.6830462246535,NORMAL,-86.2915243929225,36.221179573120494
REVERE AT BARTON'S RUN,9501,LEBANON,Lebanon,2192.432031898319,NORMAL,-86.3285955844855,36.1803943165269
SADDLEBROOK SENIOR APTS,9501,LEBANON,Lebanon,4695.9951230158695,NORMAL,-86.335268180327,36.2231947071563
SUMMERFIELD APTS,9501,LEBANON,Lebanon,2804.5796986274695,NORMAL,-86.3458753065517,36.225613780724224
THE FALLS AT 109,9501,LEBANON,Lebanon,496.47425655245115,WATCH,-86.4003468387729,36.170832467035616
POINTE AT FIVE OAKS,9501,LEBANON,Lebanon,2631.856517983418,NORMAL,-86.38509474039502,36.236714429489204
THE RIDGE OF LEBANON,9501,LEBANON,Lebanon,6297.812200711571,NORMAL,-86.2948387276264,36.21448418349568
THE VENUE AT 109,9501,LEBANON,Lebanon,1425.0328260644333,NORMAL,-86.3989379080226,36.1802141024148
DOLLAR STORE,9503,MT. JULIET,Mt. Juliet,2451.5974050744717,NORMAL,-86.5290813320585,36.234548827596704
AMENITY CENTER,9501,LEBANON,Lebanon,1152.9538834294526,NORMAL,-86.2928259409639,36.23193952988581
LEBANON FIRE ADMIN BUILDING,9501,LEBANON,Lebanon,5377.406062783041,NORMAL,-86.2967457696119,36.218115823522304
SENIOR CITIZEN CENTER,9501,LEBANON,Lebanon,5257.9875245249295,NORMAL,-86.2978631124,36.2182247392797
JIMMY FLOYD CENTER,9501,LEBANON,Lebanon,5586.952053076942,NORMAL,-86.298119909953,36.2172583782725
STAFFMARK,9501,LEBANON,Lebanon,7225.211726990168,NORMAL,-86.327700275846,36.215658539886896
HANGOUT SPOT,9501,LEBANON,Lebanon,7159.3888574229195,NORMAL,-86.3281399080069,36.2158731897301
WILSON COUNTY 911,9501,LEBANON,Lebanon,5493.412723925062,NORMAL,-86.3393423029651,36.219886775640106
COMCAST METER,9500,(Unincorporated),Unincorporated,883.8353662351359,WATCH,-86.4153544899378,36.11321151860508
FARMINGTON WOODS ,9501,LEBANON,Lebanon,18.337478871303574,CRITICAL,-86.3325013106428,36.24585017355621
"A-DOWNSTAIRS B-UPSTAIRS, ENTRANCE IN BACK C- CAMPER",9500,(Unincorporated),Unincorporated,9586.169365169784,NORMAL,-86.46387633858,36.100960333441506
THE DOCTORS OFFICE,9501,LEBANON,Lebanon,6033.241489852655,NORMAL,-86.330041256352,36.21924768721231
SNOW HILL CABINETRY,9500,(Unincorporated),Unincorporated,2235.3369881066715,NORMAL,-86.132842142103,36.0881722882115
CHURCH OF JOEL 1319 HARTSVILLE PK,9500,(Unincorporated),Unincorporated,216.32627947279468,HIGH,-86.2703552899289,36.224581314506935
PHOENIX PLACE TOWNHOMES,9501,LEBANON,Lebanon,6443.8483396536985,NORMAL,-86.3057578830114,36.1887403680178
KNOXVILLE AVE TOWNHOMES - PROPOSED,9501,LEBANON,Lebanon,5544.345887927781,NORMAL,-86.2876883975638,36.20142405926361
CROSSROADS COMMUNITY CHURCH,9501,LEBANON,Lebanon,6172.771347521341,NORMAL,-86.2938933987496,36.2119679711792
LAUNCHPOINT CHURCH,9501,LEBANON,Lebanon,6848.919687833565,NORMAL,-86.2983575030037,36.21370978887621
LOVE'S WAY COMMUNITY CHURCH,9501,LEBANON,Lebanon,5877.926944897603,NORMAL,-86.2934960963795,36.21670355646271
WESTLAND CHURCH,9501,LEBANON,Lebanon,8090.032396982287,NORMAL,-86.3164835457421,36.21027940767639
FIRST BAPTIST CHURCH,9501,LEBANON,Lebanon,4830.029222466945,NORMAL,-86.2877995205411,36.2079673586523
ST FRANCIS CABRINI CATHOLIC CHURCH,9501,LEBANON,Lebanon,9693.683797993319,NORMAL,-86.3034039726744,36.2035472380689
EPISCOPAL CHURCH OF EPIPHANY,9501,LEBANON,Lebanon,7002.116901312612,NORMAL,-86.3250244113325,36.20649675682352
COVENANT LIFE CHURCH,9501,LEBANON,Lebanon,7455.571233977135,NORMAL,-86.3147375485401,36.2117700368544
TEMPLE BAPTIST CHURCH,9501,LEBANON,Lebanon,5160.070503276084,NORMAL,-86.2910649936977,36.216614815890296
FIRST CHURCH OF THE NAZARENE,9501,LEBANON,Lebanon,4127.266986467981,NORMAL,-86.2906883706372,36.22132615808021
LEBANON CHURCH OF GOD,9501,LEBANON,Lebanon,3140.8024200419313,NORMAL,-86.2809475118173,36.2057409183267
SECOND BAPTIST CHURCH,9501,LEBANON,Lebanon,8791.256206535023,NORMAL,-86.299270117491,36.19791051171139
FAMILY BAPTIST CHURCH,9501,LEBANON,Lebanon,6335.880152042758,NORMAL,-86.3046413182415,36.18821142790641
CUMBERLAND PRESBYTERIAN CHURCH,9501,LEBANON,Lebanon,10072.22679158488,NORMAL,-86.3095548512424,36.199214697655094
NEW CHRISTIAN LIFE CHURCH,9501,LEBANON,Lebanon,1293.0340576300782,NORMAL,-86.2746077220977,36.20687308577502
MT ZION BAPTIST CHURCH,9501,LEBANON,Lebanon,4002.4455803089486,NORMAL,-86.2859701516378,36.21042382306349
CROSS STYLE CHURCH,9501,LEBANON,Lebanon,5082.015388405125,NORMAL,-86.3395874829545,36.21811365762601
EMERGE CHURCH,9501,LEBANON,Lebanon,8584.716759812689,NORMAL,-86.3174429443319,36.2090688733716
FAITH LUTHERAN CHURCH,9501,LEBANON,Lebanon,4654.587692393554,NORMAL,-86.3425009557155,36.22113539792719
MARKET STREET CHURCH OF CHRIST,9501,LEBANON,Lebanon,3244.9220444081234,NORMAL,-86.2819576107332,36.20765292488021
GRACE BIBLE CHURCH,9501,LEBANON,Lebanon,5565.957742861419,NORMAL,-86.307048041442,36.186489596158104
LIFE CHURCH,9501,LEBANON,Lebanon,72.19991082544068,HIGH,-86.4300816305919,36.23470772328121
GENERATIONS OF GRACE CHURCH,9501,LEBANON,Lebanon,4668.753451339718,NORMAL,-86.3409503626026,36.22201123484539
SANCTUARY CHURCH,9501,LEBANON,Lebanon,5112.900184964168,NORMAL,-86.3107458870847,36.18562369182471
THE ORIGINAL CHURCH OF GOD,9501,LEBANON,Lebanon,8199.458768837865,NORMAL,-86.2966777721425,36.1975206352537
NEW LIFE MINISTRIES,9501,LEBANON,Lebanon,3243.559396866455,NORMAL,-86.2846117834618,36.2188894616529
HICKORY RIDGE CHURCH OF CHRIST,9501,LEBANON,Lebanon,3233.2320082711176,NORMAL,-86.3380406711921,36.2054805026072
NEW RIVERS INTERNATIONAL,9501,LEBANON,Lebanon,9149.78374905726,NORMAL,-86.3171013298609,36.2032226688162
IGLESIA WESLEYANA BENICIENDO CHURCH,9501,LEBANON,Lebanon,3948.8562095133802,NORMAL,-86.2869557889225,36.219729246535906
GARDEN OF PRAYER TABERNACLE,9501,LEBANON,Lebanon,279.6294050603749,WATCH,-86.2710552765509,36.2069768633403
HUNTERS POINT CELEBRATION CENTER,9501,LEBANON,Lebanon,636.170857499039,WATCH,-86.2909682901557,36.2425322306016
POTTERS HOUSE MINISTRIES,9501,LEBANON,Lebanon,3735.8038574146885,NORMAL,-86.2862806356323,36.21875764184189
HISTORIC CHURCH,9501,LEBANON,Lebanon,4965.25859997051,NORMAL,-86.28887158558231,36.2091079067293
LET GOD ARISE WORSHIP CENTER,9501,LEBANON,Lebanon,118.37770046881415,HIGH,-86.2712063649548,36.2111784759647
PEYTON ROAD CHURCH OF CHRIST,9501,LEBANON,Lebanon,188.06435611064612,HIGH,-86.2646421165299,36.19148146699861
GENERATION CHANGERS CHURCH,9500,(Unincorporated),Unincorporated,362.87078949536055,WATCH,-86.3919355965648,36.134997642250184
JUST BOX IT STORAGE,9501,LEBANON,Lebanon,2737.6671830620426,NORMAL,-86.2775529289152,36.20224279884372
AMAZON,9503,MT. JULIET,Mt. Juliet,574.87336212383,WATCH,-86.4799127904241,36.1900634219366
O'REILLY DISTRIBUTION CENTER,9501,LEBANON,Lebanon,610.7640271893318,WATCH,-86.40656574060121,36.12712767667119
O'REILLY STORE FRONT PULIC SALES,9501,LEBANON,Lebanon,668.489384553144,WATCH,-86.4058482310804,36.12836113246452
DEER PARK CONDOS,9501,LEBANON,Lebanon,6414.963885234147,NORMAL,-86.30921853009251,36.18911430239762
CALLER USES 200 UNION RD,9500,(Unincorporated),Unincorporated,11816.481020349289,NORMAL,-86.2249534477231,36.2792908938236
CASH CITY,9501,LEBANON,Lebanon,6406.8016394366,NORMAL,-86.29360283834,36.208083037555895
METRO PCS,9501,LEBANON,Lebanon,6478.322817197543,NORMAL,-86.2938075261881,36.20795953841249
JUDY'S FASHIONS,9501,LEBANON,Lebanon,6611.488233902264,NORMAL,-86.2943076784,36.2080203632847
BELLADONNA SALON,9501,LEBANON,Lebanon,6586.118480389719,NORMAL,-86.29420603637192,36.2079925690556
SCOOPZ,9501,LEBANON,Lebanon,6569.332123767563,NORMAL,-86.294142001636,36.20798235274071
REGIONAL FINANCE,9501,LEBANON,Lebanon,6532.47116830039,NORMAL,-86.2940062346254,36.207972144324124
SUSHI MAX,9501,LEBANON,Lebanon,6513.490328107184,NORMAL,-86.2939360679274,36.2079664003324
FX PEDALS,9501,LEBANON,Lebanon,6497.313260564935,NORMAL,-86.2938768301543,36.20796294677731
LAW OFFICE OF JAQUELINE SCOTT,9501,LEBANON,Lebanon,6760.335094277338,NORMAL,-86.2946439711121,36.2075473875892
ELITE AMBULANCE,9501,LEBANON,Lebanon,6740.468722873701,NORMAL,-86.2945697998942,36.207540653366394
LEBANON GENERAL PRACTICE,9501,LEBANON,Lebanon,6695.2201691087,NORMAL,-86.2943999650944,36.2075236601833
MASSAGE COLLECTION,9501,LEBANON,Lebanon,6717.262093987332,NORMAL,-86.2944831443127,36.207532896901114
"POPEYE""S CHICKEN",9501,LEBANON,Lebanon,6826.720250851897,NORMAL,-86.2927294132663,36.19519256344431
HOMETEAM AUTO SALES,9502,WATERTOWN,Watertown,155.80479628037406,HIGH,-86.1250866776414,36.0987585050007
PERMA-PIPE,9501,LEBANON,Lebanon,2465.5929340985776,NORMAL,-86.3204594225884,36.230139179965825
BAIRDS MILL CHURCH OF CHRIST,9500,(Unincorporated),Unincorporated,18561.50647768377,NORMAL,-86.3345483193248,36.102574602782916
THE DOCK STORE,9500,(Unincorporated),Unincorporated,1236.7008650070834,NORMAL,-86.4306909827727,36.335687668952524
CHEROKEE BOAT DOCK,9500,(Unincorporated),Unincorporated,1050.454814154112,NORMAL,-86.4304020797643,36.3361446091733
MARKET PLACE CONDOS,9503,MT. JULIET,Mt. Juliet,869.7592967400055,WATCH,-86.5370362119962,36.2309397269876
MARKET PLACE CONDOS,9503,MT. JULIET,Mt. Juliet,676.5551217494443,WATCH,-86.5377115779582,36.230881401894
SOFTTECH PELLET,9501,LEBANON,Lebanon,321.72860019807297,WATCH,-86.4311524589029,36.22402760340312
HICKORY STATION TOWNHOMES,9503,MT. JULIET,Mt. Juliet,2576.476943685008,NORMAL,-86.5229587481769,36.20128608821099
RANCHO TRAILER PARK,9501,LEBANON,Lebanon,997.4119095760758,WATCH,-86.4001381609011,36.23774040429961
GROVES RESERVE,9503,MT. JULIET,Mt. Juliet,1432.3339334794189,NORMAL,-86.5316545424941,36.1746692669779
3 CONSTRUCTION TRAILERS,9503,MT. JULIET,Mt. Juliet,200.73550063780846,HIGH,-86.4855953374723,36.19276436511698
CONSTRUCTION TRAILER,9503,MT. JULIET,Mt. Juliet,1007.5654922003167,NORMAL,-86.4802862297781,36.19411498632071
HAMILTON SPRINGS,9501,LEBANON,Lebanon,1868.1563591893532,NORMAL,-86.3676035807243,36.22949699063701
HAMILTON STATION APTS,9501,LEBANON,Lebanon,958.7889585730128,WATCH,-86.3667802615097,36.2322650342965
BUILDING 7,9503,MT. JULIET,Mt. Juliet,2349.711767864048,NORMAL,-86.506097142064,36.16682206067671
BUILDING8,9503,MT. JULIET,Mt. Juliet,2324.5662180373465,NORMAL,-86.5056007038578,36.166771680290104
EAGLE PARK,9503,MT. JULIET,Mt. Juliet,1589.645504348077,NORMAL,-86.5254976037363,36.203060415000216
HICKORY POINT,9500,(Unincorporated),Unincorporated,3292.228567321731,NORMAL,-86.4845566782766,36.30470519169989
AMENITY CENTER,9503,MT. JULIET,Mt. Juliet,563.0755105952549,WATCH,-86.5038056500143,36.15459440820411
BASEMENT APARTMENT,9500,(Unincorporated),Unincorporated,4455.459580027079,NORMAL,-86.3980244151398,36.26522843230481
PUMP STATION,9503,MT. JULIET,Mt. Juliet,49.153285441460646,CRITICAL,-86.5472615718977,36.17211027881581
CONSTRUCTION TRAILER,9503,MT. JULIET,Mt. Juliet,169.21552690730184,HIGH,-86.4890603535084,36.19174290716148
SELLARS FARM STATE/ARCHAEOLOGICAL SITE,9500,(Unincorporated),Unincorporated,5981.68852289164,NORMAL,-86.24268918341092,36.16502082302801
PUMPING STATION 1007M,9503,MT. JULIET,Mt. Juliet,3030.8118657447935,NORMAL,-86.5193057933029,36.1846292153497
NEW LPD BUILDING,9501,LEBANON,Lebanon,2559.4526445568513,NORMAL,-86.2743672674634,36.19545608765979
MT JULIET FAMILY VISION,9503,MT. JULIET,Mt. Juliet,4435.371199275425,NORMAL,-86.5135782715954,36.221971822179306
CUMBERLAND UNIVERSITY ALUMNI HALL 212 A & B,9501,LEBANON,Lebanon,8061.494431746111,NORMAL,-86.2961828482444,36.2002168616693
170 C IS DOWNSTAIRS,9500,(Unincorporated),Unincorporated,9918.39123134103,NORMAL,-86.3244173782495,36.1248568327741
CELL TOWER,9501,LEBANON,Lebanon,3253.110741735313,NORMAL,-86.3375210774536,36.2045012417
OAKWOOD SUBDIVISION,9500,(Unincorporated),Unincorporated,9867.612355777073,NORMAL,-86.4533813717385,36.1228707908849
DOG PARK,9503,MT. JULIET,Mt. Juliet,1944.0752506012527,NORMAL,-86.4794999594982,36.1703241194476
Fast Pace Urgent Care,9501,LEBANON,Lebanon,3104.3013017104295,NORMAL,-86.2926947702397,36.224951340515396
Guard Shack,9501,LEBANON,Lebanon,230.76723815680253,HIGH,-86.4106987749746,36.12234668049211
THE RESERVE AT HORN SPRINGS,9500,(Unincorporated),Unincorporated,5815.475903735355,NORMAL,-86.3781473102669,36.271875122784806
AVID HOTEL,9501,LEBANON,Lebanon,2726.494640272826,NORMAL,-86.3285771117591,36.18495854245898
Lannom Cemetery at Vesta,9500,(Unincorporated),Unincorporated,7820.97552493567,NORMAL,-86.4100237148166,36.06408106468481
GREEN HILL HIGH SCHOOL,9503,MT. JULIET,Mt. Juliet,559.6135026930776,WATCH,-86.5411998478097,36.2283749384868
CARVER CROSSING,9501,LEBANON,Lebanon,5479.400911760704,NORMAL,-86.3368190460564,36.220396032216804
MULBERRY VILLA,9501,LEBANON,Lebanon,3426.885205627245,NORMAL,-86.2851467760411,36.21766900521961
EXXON STATION,9503,MT. JULIET,Mt. Juliet,1336.9248550776224,NORMAL,-86.5063858248162,36.17007648694558
SUBWAY,9501,LEBANON,Lebanon,3897.5244573251466,NORMAL,-86.3238290948135,36.18463678966381
EL SOL TEX MEX EXPRESS,9501,LEBANON,Lebanon,3953.753905327667,NORMAL,-86.3235033054915,36.18439110616481
MAX STEEL BUILDINGS,9501,LEBANON,Lebanon,501.1094781755832,WATCH,-86.4284825574628,36.23421807518119
PLATINUM DANCE STUDIO,9501,LEBANON,Lebanon,291.66870630999495,WATCH,-86.4296173214987,36.23579259277441
DOLLAR GENERAL,9501,LEBANON,Lebanon,169.97868056636582,HIGH,-86.267911287088,36.21304649697431
MAIL KIOSK,9501,LEBANON,Lebanon,245.84348969881538,HIGH,-86.2841853765761,36.23228105732711
AMENITY CENTER,9503,MT. JULIET,Mt. Juliet,947.0062677799693,WATCH,-86.4959707810073,36.161546422163326
IRONWOOD APTS,9501,LEBANON,Lebanon,2152.3113945081927,NORMAL,-86.2801426956928,36.21245558890612
BRADSHAW FARMS,9500,(Unincorporated),Unincorporated,521.2504133915373,WATCH,-86.4750773670736,36.21589157544398
FOREST OF LEBANON,9501,LEBANON,Lebanon,2007.1219033630682,NORMAL,-86.391537392975,36.23817881162312
SUBWAY,9503,MT. JULIET,Mt. Juliet,2186.3442114330674,NORMAL,-86.5124619661567,36.173863907853004
BUBBA KOO'S BURRITOS,9503,MT. JULIET,Mt. Juliet,2196.4938837297054,NORMAL,-86.5124769711632,36.173682617024916
BAIRD FARM,9503,MT. JULIET,Mt. Juliet,1691.3953016144364,NORMAL,-86.498175606067,36.1635839694242
STORE IT ALL,9500,(Unincorporated),Unincorporated,8691.517391369734,NORMAL,-86.4238288483535,36.075736616649316
MT JULIET MEMORIAL GARDENS,9503,MT. JULIET,Mt. Juliet,243.74710175263743,HIGH,-86.5291249776931,36.2053208209275
DUPLEX,9501,LEBANON,Lebanon,6997.479853393205,NORMAL,-86.3146251953798,36.21303221604728
AMENITY CENTER,9503,MT. JULIET,Mt. Juliet,728.2544205687,WATCH,-86.4675748487866,36.15331577777491
MCMILLEN TOWNHOMES,9501,LEBANON,Lebanon,1586.3492844398836,NORMAL,-86.3523031993504,36.22625762391299
WEST END STATION,9501,LEBANON,Lebanon,1224.838939294809,NORMAL,-86.354613596357,36.22740494904752
CHUCK E CHEESE,9503,MT. JULIET,Mt. Juliet,1357.827405554262,NORMAL,-86.5075138964083,36.17105264130141
JASON'S DELI,9503,MT. JULIET,Mt. Juliet,1115.0774515877679,NORMAL,-86.5068588755444,36.17146808196671
VANDERBILT HEALTH WALK IN CLINIC,9503,MT. JULIET,Mt. Juliet,1039.5480242539145,NORMAL,-86.50652918741632,36.17142177443001
BUILDING 1,9501,LEBANON,Lebanon,844.2600955169436,WATCH,-86.3693192198878,36.232429714776316
FLOOR 1- APTS 101-117,9501,LEBANON,Lebanon,862.8782295698289,WATCH,-86.3692346763877,36.232355046750406
FLOOR 2-APTS 201-217,9501,LEBANON,Lebanon,870.2336574960156,WATCH,-86.3692935527711,36.2323486257563
FLOOR 3- APTS 301-317,9501,LEBANON,Lebanon,874.6238712455015,WATCH,-86.3693648154059,36.23235382697671
FLOOR 4-APTS 401-417,9501,LEBANON,Lebanon,883.0620711216184,WATCH,-86.3694435245513,36.23234925317
BUILDING 4,9501,LEBANON,Lebanon,1327.741683496448,NORMAL,-86.3693325182239,36.231051189205104
FLOOR 1- APTS 101-117,9501,LEBANON,Lebanon,1331.205229380283,NORMAL,-86.3693393333347,36.23104272744341
FLOOR 2- APTS 201-217,9501,LEBANON,Lebanon,1356.772892034812,NORMAL,-86.3693426787293,36.23097118204471
FLOOR 3- APTS 301-317,9501,LEBANON,Lebanon,1382.6723775129224,NORMAL,-86.3693349744218,36.230896689158584
FLOOR 4- APTS 401-417,9501,LEBANON,Lebanon,1402.5146631998352,NORMAL,-86.3693310309222,36.23084006969201
BUILDING 2,9501,LEBANON,Lebanon,956.5017082403552,WATCH,-86.3702586864976,36.2323419898861
FLOOR 1- APTS 101-117,9501,LEBANON,Lebanon,942.0765701052037,WATCH,-86.3701644281153,36.2323598869927
FLOOR 2- APTS 201-217,9501,LEBANON,Lebanon,955.5392159932641,WATCH,-86.3701666049303,36.23232172854539
FLOOR 3- APTS 301-317,9501,LEBANON,Lebanon,972.7714197268143,WATCH,-86.3701663733794,36.23227213095313
FLOOR 4- 401-417,9501,LEBANON,Lebanon,988.7187396065217,WATCH,-86.370159087077,36.23222446288221
BUILDING 3,9501,LEBANON,Lebanon,1336.8895382150945,NORMAL,-86.37024650316282,36.231245392154996
FLOOR 1- APTS 101-119,9501,LEBANON,Lebanon,1272.042575488032,NORMAL,-86.3702631067194,36.231435968624
FLOOR 2- APTS 201-219,9501,LEBANON,Lebanon,1284.127969779802,NORMAL,-86.3702647128293,36.23140162682219
FLOOR 3 - APTS 301-319,9501,LEBANON,Lebanon,1297.238194148887,NORMAL,-86.3702610006501,36.23136300876094
FLOOR 4-APTS 401-419,9501,LEBANON,Lebanon,1308.9818087302347,NORMAL,-86.37026437878112,36.231330092680885
TRADITIONS AT HAMILTON SPRINGS,9501,LEBANON,Lebanon,1070.9152249619028,NORMAL,-86.3693844696892,36.231794436371615
TRIPLE CROWN SUBD,9503,MT. JULIET,Mt. Juliet,133.82124747569594,HIGH,-86.5360303891971,36.175111556434715
LOVES TRUCK STOP,9500,(Unincorporated),Unincorporated,5391.24701519886,NORMAL,-86.4284445280033,36.06719357097151
ROUND LICK BAPTIST CHURCH OFFICE,9502,WATERTOWN,Watertown,549.1263799303001,WATCH,-86.1451637247222,36.09822413225542
GLADE ESTATES,9500,(Unincorporated),Unincorporated,9110.00018659351,NORMAL,-86.431167156667,36.09411846516931
DOLLAR GENERAL STORE,9503,MT. JULIET,Mt. Juliet,135.76609538192733,HIGH,-86.5564972000543,36.220586898323
ENTRANCE TO FAIRGROUNDS,9501,LEBANON,Lebanon,2308.070555196449,NORMAL,-86.2736881412871,36.19414162672921
ENTRANCE TO FAIRGROUNDS,9501,LEBANON,Lebanon,705.5914460223166,WATCH,-86.2659988674161,36.2023978231874
ENTRANCE TO FAIRGROUNDS,9501,LEBANON,Lebanon,1479.465064568061,NORMAL,-86.2724599158896,36.20244064613772
ENTRANCE TO FAIRGROUNDS,9501,LEBANON,Lebanon,926.2798655246914,WATCH,-86.2691152828755,36.193067424656306
B44,9501,LEBANON,Lebanon,1025.2781901638086,NORMAL,-86.2694403249545,36.193249231789586
JEWEL SIGNS,9501,LEBANON,Lebanon,4586.179862249597,NORMAL,-86.2933392811483,36.22069064762971
MT JULIET FIRE STATION,9503,MT. JULIET,Mt. Juliet,93.28162937169513,HIGH,-86.5429980342319,36.22728149043312
"THIS DRIVE LEADS TO 261 B,C,D,E",9500,(Unincorporated),Unincorporated,7636.4414693055605,NORMAL,-86.369111158913,36.05334470452101
BARN,9500,(Unincorporated),Unincorporated,14095.122456500983,NORMAL,-86.3199416304101,36.11194097649308
HAMILTON DENSON PARK,9503,MT. JULIET,Mt. Juliet,133.1240252113747,HIGH,-86.5316623096439,36.205625611903116
"2nd Floor- 3100,3104,3108,3112,3116",9501,LEBANON,Lebanon,3643.2247135064663,NORMAL,-86.3376509128413,36.191078890369496
"1st floor- 3102, 3106, 3110,3114,3118",9501,LEBANON,Lebanon,3640.1596514209155,NORMAL,-86.33765188391722,36.19109963328769
"1st Floor-4001,4005,4009,4013,4017",9501,LEBANON,Lebanon,3557.279342863309,NORMAL,-86.3379490936232,36.1911108441004
"2nd Floor-4003,4007,4011,4015,4019",9501,LEBANON,Lebanon,3558.7931935995616,NORMAL,-86.3379519643708,36.191094144206396
SOCIAL ROOM,9501,LEBANON,Lebanon,3494.715517803822,NORMAL,-86.3378259246438,36.191891527007385
OFFICE,9501,LEBANON,Lebanon,3455.332705899723,NORMAL,-86.3379591127257,36.191909038462725
POOL,9501,LEBANON,Lebanon,3465.779792807702,NORMAL,-86.33800749498171,36.191699660466384
FITNESS CENTER,9501,LEBANON,Lebanon,3494.2025041658644,NORMAL,-86.3378506832828,36.1918336333082
BUSINESS CENTER,9501,LEBANON,Lebanon,3472.668354102658,NORMAL,-86.3379169828952,36.191859677438785
"2nd Floor- 2004,2005",9501,LEBANON,Lebanon,3454.9189745465887,NORMAL,-86.3379991519305,36.1918129488905
IT ROOM,9501,LEBANON,Lebanon,3410.1352851656748,NORMAL,-86.3381536502157,36.19182622773361
MAINTENANCE SHOP,9501,LEBANON,Lebanon,3486.3771944414743,NORMAL,-86.338035920858,36.1914670890379
MAIL CENTER,9501,LEBANON,Lebanon,3494.959421846617,NORMAL,-86.338040739456,36.19138957796122
"G20,G21",9501,LEBANON,Lebanon,3456.8440188539475,NORMAL,-86.3370685873447,36.19014065339591
"G33,G34,G35",9501,LEBANON,Lebanon,3449.7764746514076,NORMAL,-86.3374767929294,36.190152032187086
"G31,G32",9501,LEBANON,Lebanon,3160.998985274828,NORMAL,-86.3375638867948,36.1893619114095
"G28,G29,G30",9501,LEBANON,Lebanon,3117.421746253229,NORMAL,-86.3375766164084,36.18924264897201
"G22,G23,G24",9501,LEBANON,Lebanon,3114.3372791404736,NORMAL,-86.3371682964131,36.18920325309791
"1st Floor-5014,5018,5022,5026",9501,LEBANON,Lebanon,3523.684404724267,NORMAL,-86.3378790692323,36.19040824617832
"2nd Floor-5012,5016,5020,5024",9501,LEBANON,Lebanon,3520.1992399204337,NORMAL,-86.3378793851901,36.190396024483
"G36,G37,G38",9501,LEBANON,Lebanon,3288.085163586917,NORMAL,-86.3388636202832,36.1902116238711
GAZEBO,9501,LEBANON,Lebanon,3117.0854536466127,NORMAL,-86.3378900139581,36.18926542622972
G39-G48,9501,LEBANON,Lebanon,2627.241805864536,NORMAL,-86.3385707543759,36.1879654844765
G86-G93,9501,LEBANON,Lebanon,2582.107328767633,NORMAL,-86.33842545018642,36.1878299731046
G49-G57,9501,LEBANON,Lebanon,2625.3222749450406,NORMAL,-86.3379086607096,36.1879101106407
G58-G66,9501,LEBANON,Lebanon,2625.9012900575954,NORMAL,-86.3375052449011,36.187881193523424
G76-G85,9501,LEBANON,Lebanon,2581.0394494733723,NORMAL,-86.337979642804,36.1877933076651
G67-G75,9501,LEBANON,Lebanon,2580.9835895689375,NORMAL,-86.3375347318649,36.18775950041339
"1st Floor-1579,1583,1587,1591,1595,1599",9501,LEBANON,Lebanon,3565.6274073158975,NORMAL,-86.3366521741774,36.190409276154604
"2nd Floor-1577,1581,1585,1589,1593,1597",9501,LEBANON,Lebanon,3556.9451808406493,NORMAL,-86.3366535450116,36.1903854264304
"2nd Floor-1529,1533,1537,1541,1545,1549",9501,LEBANON,Lebanon,3233.7321561758604,NORMAL,-86.3368042454033,36.18950511305209
"1st Floor-1531,1535,1539,1543,1547,1551",9501,LEBANON,Lebanon,3240.8531592685094,NORMAL,-86.3367969718978,36.1895242089873
"1st Floor- 1555,1559,1563,1567,1571,1575",9501,LEBANON,Lebanon,3398.971630190021,NORMAL,-86.3367561573374,36.18995735508519
"2nd Floor-1553,1557,1561,1565,1569,1573",9501,LEBANON,Lebanon,3390.9865568475466,NORMAL,-86.3367634207697,36.18993587450239
"1st Floor-1505,1509,1513,1517,1521,1525",9501,LEBANON,Lebanon,3081.4389352597277,NORMAL,-86.3368560157176,36.18908886701111
"2nd Floor-1507,1511,1515,1519,1523,1527",9501,LEBANON,Lebanon,3073.612434239578,NORMAL,-86.3368576901042,36.18906740110991
"1st Floor-1510,1514,1518,1522,1526,1530",9501,LEBANON,Lebanon,3099.079038182588,NORMAL,-86.3372843688462,36.18916993719349
"2nd Floor-1512,1516,1520,1524,1528,1532",9501,LEBANON,Lebanon,3090.784484393266,NORMAL,-86.3372842715239,36.189147045968014
"1st Floor-1534,1538,1542,1546,1550,1554",9501,LEBANON,Lebanon,3291.0168516024614,NORMAL,-86.33722747386352,36.18969517115522
"2nd Floor-1536,1540,1544,1548,1552,1556",9501,LEBANON,Lebanon,3281.375998073157,NORMAL,-86.33722912687742,36.189668698022885
"1st Floor-1558,1562,1566,1570,1574",9501,LEBANON,Lebanon,3427.8662255304585,NORMAL,-86.337189943213,36.190069886243506
"2nd Floor-1560,1564,1568,1572,1576",9501,LEBANON,Lebanon,3419.521509265071,NORMAL,-86.3371916103389,36.19004699009591
RESTROOMS,9501,LEBANON,Lebanon,2870.690591416529,NORMAL,-86.3379667175558,36.1885914489228
WELL ROOM,9501,LEBANON,Lebanon,2842.3590275197125,NORMAL,-86.3379752126888,36.1885139274951
SPLASH PAD,9501,LEBANON,Lebanon,2895.536087388918,NORMAL,-86.3382936346679,36.1886847219472
PLAYGROUND,9501,LEBANON,Lebanon,2942.1375730068694,NORMAL,-86.3382809418107,36.188812330764215
PET PARK,9501,LEBANON,Lebanon,3291.57758682918,NORMAL,-86.3388655804326,36.19122622502671
SHOP,9501,LEBANON,Lebanon,3323.34952730221,NORMAL,-86.3387543357432,36.19121509146041
G1-G9,9501,LEBANON,Lebanon,3833.924292564507,NORMAL,-86.3365898877864,36.1919930186804
G10-G19,9501,LEBANON,Lebanon,3882.618511148518,NORMAL,-86.3366484843538,36.1913824143202
 ,9501,LEBANON,Lebanon,3885.0767805042237,NORMAL,-86.3365456890414,36.19128255066331
PET PARK,9501,LEBANON,Lebanon,2502.6708816519194,NORMAL,-86.3386612908365,36.18762865329461
Proposed Daycare,9501,LEBANON,Lebanon,1525.4144074892945,NORMAL,-86.3535910775515,36.226382601620195
PRIMARY RESIDENTIAL MORTGAGE INC,9503,MT. JULIET,Mt. Juliet,4368.21964775591,NORMAL,-86.51355723788681,36.2221774589474
TOMLINSON POINTE,9500,(Unincorporated),Mt. Juliet,901.4174722111052,WATCH,-86.4778632636749,36.228097855403995
SHOP,9500,(Unincorporated),Unincorporated,1255.8172049888572,NORMAL,-86.29920247447032,35.98050751301479
Flower Farm,9500,(Unincorporated),Unincorporated,7214.068516507627,NORMAL,-86.4109202882669,36.28702492174302
CENTRAL STATES BUS SALES,9501,LEBANON,Lebanon,163.47579821026022,HIGH,-86.4205492165173,36.224859431805505
BIG AND SMALL STORAGE,9501,LEBANON,Lebanon,438.5280607964658,WATCH,-86.4223949520315,36.224841306864
TENNESSEE HYDROVAC,9500,(Unincorporated),Unincorporated,14303.43534074494,NORMAL,-86.3274650500572,36.112923454249305
FUTURE WEMA STATION 10,9503,MT. JULIET,Mt. Juliet,99.74889528248362,HIGH,-86.5188020455318,36.1546745288591
LOVES WAY CHURCH,9501,LEBANON,Lebanon,62.39363910857632,HIGH,-86.3047657116291,36.164747589061484
WASH AND ROLL CAR WASH,9503,MT. JULIET,Mt. Juliet,1314.6356183170194,NORMAL,-86.5056253760993,36.1697432124844
STORAGE BUILDING,9500,(Unincorporated),Unincorporated,3199.0268480390237,NORMAL,-86.2863321855186,36.3195958626423
ZF,9501,LEBANON,Lebanon,4605.4237215189505,NORMAL,-86.3173339806301,36.220626045016715
"ALL APT NUMBERS HAVE BLDG NUMBER 1ST, FLOOR LEVEL 2ND, THEN UNIT NUMBER 3RD",9501,LEBANON,Lebanon,5101.776794483282,NORMAL,-86.3213740722856,36.1879666283746
OLD N GREENHILL RD/ THIS SECTION USED TO BE N GREENHILL RD,9500,(Unincorporated),Unincorporated,23.579161577761326,CRITICAL,-86.5434797702472,36.226837184161624
Playground,9503,MT. JULIET,Mt. Juliet,2657.053835714893,NORMAL,-86.48527123867,36.2060260571291
MATTRESS KING,9503,MT. JULIET,Mt. Juliet,2311.620778786639,NORMAL,-86.5125988294527,36.1725366744605
HAMBLEN'S WRECKER SERVICE,9500,(Unincorporated),Unincorporated,409.92251085166,WATCH,-86.5094831715491,36.1497202490267
ROOMS TO GO OUTLET,9500,(Unincorporated),Unincorporated,8968.637800353777,NORMAL,-86.4266534285168,36.078285065133315
VANDY WILSON MCFARLAND CAMPUS,9501,LEBANON,Lebanon,4019.4084459158316,NORMAL,-86.2829587303756,36.20315049011559
US POST OFFICE,9501,LEBANON,Lebanon,5117.206341849821,NORMAL,-86.2880662771382,36.20613182077203
WILSON COUNTY COURTHOUSE,9501,LEBANON,Lebanon,4862.200408008692,NORMAL,-86.2873689529667,36.20694183523201
LEE & LEE ATTORNEY,9501,LEBANON,Lebanon,5605.095499152146,NORMAL,-86.2901644907567,36.2070400694043
DISTRICT ATTORNEY,9501,LEBANON,Lebanon,5455.314033705492,NORMAL,-86.28954430806631,36.20694692750613
WILSON COUNTY ARCHIVES,9501,LEBANON,Lebanon,5395.198253379202,NORMAL,-86.2895457008426,36.2073284481198
CARE NOW,9501,LEBANON,Lebanon,3289.110173830929,NORMAL,-86.3460610790632,36.22359548803859
HOPE BAPTIST CHURCH,9501,LEBANON,Lebanon,3409.5348404329534,NORMAL,-86.3042102548423,36.179357452277216
AERO DESIGN BATTERY SHOP,9503,MT. JULIET,Mt. Juliet,148.39711715370228,HIGH,-86.5085060027742,36.19633879913342
MT JULIET FIRE MAIN HEADQUARTERS,9503,MT. JULIET,Mt. Juliet,272.6266749519326,WATCH,-86.5100550085243,36.1965802585132
HUSKEY TRUSS & SUPPLY BUILDING,9503,MT. JULIET,Mt. Juliet,241.60715418517503,HIGH,-86.50686856753832,36.196069076627495
ROWLAND FARMS,9501,LEBANON,Lebanon,1577.582678317125,NORMAL,-86.3616510323442,36.189139112220815
JOY BRIDGE KIDS- OWNER ADV ADDRESS IS 1535 N MT JULIET RD,9503,MT. JULIET,Mt. Juliet,401.76484407231834,WATCH,-86.514109041079,36.1931083441523
CAIRO BEND COMMUNITY PARK,9501,LEBANON,Lebanon,1410.1846286831963,NORMAL,-86.4024294202395,36.241071685664885
BONNIE OAKS,9501,LEBANON,Lebanon,438.72954550585536,WATCH,-86.2748565951029,36.2153637136189
HERMITAGE MATERIALS,9500,(Unincorporated),Unincorporated,5824.675413077116,NORMAL,-86.1103502575482,36.16975406772039
THE RESERVE AT WRIGHT FARMS,9500,(Unincorporated),Unincorporated,3951.7204762972037,NORMAL,-86.4936054815868,36.14252587634463
RESTAURANT,9503,MT. JULIET,Mt. Juliet,83.09859039979686,HIGH,-86.5111983708035,36.2740547292401
OFFICE/STORE,9500,(Unincorporated),Unincorporated,42.18319981247156,CRITICAL,-86.5116693929171,36.2740318718607
HORIZON LAND TITLE,9503,MT. JULIET,Mt. Juliet,3755.3334608416385,NORMAL,-86.5177915917473,36.173992727725306
LAW OFFICES,9503,MT. JULIET,Mt. Juliet,3790.218745266022,NORMAL,-86.517909108419,36.1739731467858
SOLAREN RISK MANAGEMENT,9503,MT. JULIET,Mt. Juliet,3826.35402318967,NORMAL,-86.5180328643671,36.17400838458831
APRIMA ,9503,MT. JULIET,Mt. Juliet,3712.543262303483,NORMAL,-86.5179238595371,36.17352955439042
CUTTING TOOLS INC,9503,MT. JULIET,Mt. Juliet,3651.1530965779443,NORMAL,-86.5179315768967,36.17336021763691
REED PRECISION GRINDING,9503,MT. JULIET,Mt. Juliet,3651.0894669243094,NORMAL,-86.51805813295711,36.17337398190558
JONES BROS,9503,MT. JULIET,Mt. Juliet,2756.8540308746474,NORMAL,-86.5183833361668,36.1709307898452
THE PRESERVE AT BELLE POINTE,9501,LEBANON,Lebanon,976.1771094268648,WATCH,-86.4007539879835,36.24156584357907
DEMO HOME ,9501,LEBANON,Lebanon,4908.343120561535,NORMAL,-86.30569581037,36.1843774577966
CUMBERLAND UNIVERSITY FOOTBALL,9501,LEBANON,Lebanon,5138.696960474684,NORMAL,-86.2856674575691,36.2004238713647
GARAGE/SHOP,9500,(Unincorporated),Unincorporated,11096.510194540873,NORMAL,-86.4801020038106,36.117511721916294
HARTSVILLE HIGHLANDS,9501,LEBANON,Lebanon,3215.5631361214378,NORMAL,-86.2843616551159,36.21476182640439
SLIM CHICKENS,9503,MT. JULIET,Mt. Juliet,1978.7931607806179,NORMAL,-86.5130802948584,36.22973517763421
ADVANCED PROPANE,9500,(Unincorporated),Unincorporated,11399.80438304692,NORMAL,-86.4431099221303,36.291720213866704
TAKE 5 OIL CHANGE,9501,LEBANON,Lebanon,6888.947420623199,NORMAL,-86.3299773178963,36.215686441785195
M.L. ROSE,9503,MT. JULIET,Mt. Juliet,2578.7066121455873,NORMAL,-86.5116018266503,36.1687790757886
SHOE SHOW,9501,LEBANON,Lebanon,6814.853780026438,NORMAL,-86.3298824304459,36.217031474868
AUTO ZONE,9501,LEBANON,Lebanon,6881.870888931877,NORMAL,-86.3299216959484,36.21685014411323
WHATABURGER,9501,LEBANON,Lebanon,6273.913024154996,NORMAL,-86.2956744712419,36.19110639049171
DICKERSON CHAPEL ACCESS,9500,(Unincorporated),Unincorporated,4637.314412722414,NORMAL,-86.2333214034956,36.303957923093805
BARN,9500,(Unincorporated),Unincorporated,9736.026326460085,NORMAL,-86.1646690586239,36.0703014246622
POOL HOUSE,9500,(Unincorporated),Unincorporated,9607.265699765614,NORMAL,-86.1640762142198,36.07053115485739
NASHVILLE SUPERSPEEDWAY,9500,(Unincorporated),Unincorporated,3427.9719608989194,NORMAL,-86.405999862858,36.047099884102416
CAHOOTS,9501,LEBANON,Lebanon,6758.399641917795,NORMAL,-86.2907090996443,36.19865360642089
MID TENN TECHNOLOGY INC,9501,LEBANON,Lebanon,6945.931301603354,NORMAL,-86.2925545293998,36.20107926922112
RECYCLED GRANITE NASHVILLE,9501,LEBANON,Lebanon,6590.14280758992,NORMAL,-86.2915563819086,36.20174625095219
BRADLEY HEAT AND AIR,9501,LEBANON,Lebanon,6128.932085899985,NORMAL,-86.2907657408821,36.203601008819795
SEVEN CEDARS BUTCHER BLOCK,9501,LEBANON,Lebanon,6012.5717826552345,NORMAL,-86.2916999396282,36.207075191809594
THE ARCADE,9501,LEBANON,Lebanon,5684.479691988558,NORMAL,-86.290705463473,36.207482362086694
3:SIXTEEN,9501,LEBANON,Lebanon,5479.25922954293,NORMAL,-86.2900732869969,36.20771804178571
SPLIT BEAN ROASTING COMPANY,9501,LEBANON,Lebanon,5459.372415885896,NORMAL,-86.28999646866,36.207711430076195
WILSON COUNTY CLERK,9501,LEBANON,Lebanon,5570.7387975230895,NORMAL,-86.2896735006759,36.20630861771291
WILSON LIVING MAGAZINE,9501,LEBANON,Lebanon,5610.806648586181,NORMAL,-86.2897741076892,36.20614241312669
KANE AND CROWELL ATTORNEYS,9501,LEBANON,Lebanon,5566.849815882266,NORMAL,-86.2896127197972,36.20610083340578
WILSON COUNTY TELEVISION,9501,LEBANON,Lebanon,5369.944101882786,NORMAL,-86.2889802774572,36.20630169434982
WILSON COUNTY ELECTION OFFICE,9501,LEBANON,Lebanon,5278.439199466796,NORMAL,-86.2894855129751,36.208007800210886
THE CEDAR TAP,9501,LEBANON,Lebanon,5908.325211492398,NORMAL,-86.2918837822509,36.208240718267994
SHARKY'S SNOBALLS,9501,LEBANON,Lebanon,6066.388041503648,NORMAL,-86.2926384519633,36.20870816524671
F&M BANK,9501,LEBANON,Lebanon,6328.6703878477465,NORMAL,-86.2935526743515,36.20866863802019
 ,9503,MT. JULIET,Mt. Juliet,4347.555215948177,NORMAL,-86.5160810826519,36.21707750992081
VILLAGE VETERINARY HOSPITAL,9503,MT. JULIET,Mt. Juliet,4347.555215948177,NORMAL,-86.5160810826519,36.21707750992081
GREEN HILL CHURCH,9503,MT. JULIET,Mt. Juliet,168.70460515594465,HIGH,-86.5472770889585,36.224026449405315
DOLLAR GENERAL,9502,WATERTOWN,Watertown,265.7825437196002,WATCH,-86.1340892302957,36.09751404032262
Castle Hts Elementary (Care 4 U Employee Clinic),9501,LEBANON,Lebanon,2795.356380588911,NORMAL,-86.2979579196824,36.2252808601505
HAS A DRIVE EASMENT FROM 1049 HENDERSON RD,9500,(Unincorporated),Unincorporated,28458.248955471714,NORMAL,-86.2800163801216,36.076261480213304
REI,9500,(Unincorporated),Lebanon,378.40628877736424,WATCH,-86.3077634470702,36.16481400782081
PORTER DENTISTRY,9501,LEBANON,Lebanon,4934.439198584386,NORMAL,-86.3407500155989,36.22129261171859
CUMBERLAND CHIROPRATIC,9501,LEBANON,Lebanon,5057.9778235325475,NORMAL,-86.3399297323124,36.22102588010641
PAIN & SPINE CONSULTANTS,9501,LEBANON,Lebanon,4991.454020082255,NORMAL,-86.3403716118454,36.221165869550724
HOT YOGA LEBANON,9501,LEBANON,Lebanon,5045.263231558018,NORMAL,-86.3400285728381,36.22105047138779
HOME INSTEAD,9501,LEBANON,Lebanon,4952.722351241574,NORMAL,-86.3401310064765,36.22129611567979
NO MAILBOX AND GATED,9500,(Unincorporated),Unincorporated,7147.800975028294,NORMAL,-86.1140278922519,36.167017514469585
TRANS-US SOLUTIONS,9501,LEBANON,Lebanon,4897.584339822218,NORMAL,-86.3405156286777,36.2214126679594
KNOELL,9501,LEBANON,Lebanon,4878.062216275612,NORMAL,-86.3406558903781,36.22145519362001
J.M. INSURANCE AGENCY,9501,LEBANON,Lebanon,4844.41045149564,NORMAL,-86.3409092950145,36.2215298288554
RYAN ROOFING,9501,LEBANON,Lebanon,4724.498272548953,NORMAL,-86.3413401396274,36.2218061698439
RYAN STEPHENS CUSTOM HOMES,9501,LEBANON,Lebanon,4736.007895981703,NORMAL,-86.3413716016875,36.2217316842295
CDS VENTURES,9501,LEBANON,Lebanon,4761.198222961314,NORMAL,-86.3414286314467,36.22158082172491
THE TOWN DOCTOR,9501,LEBANON,Lebanon,4772.02298611472,NORMAL,-86.341478878687,36.2214948373272
LESTER DIGITAL,9501,LEBANON,Lebanon,4781.309473496927,NORMAL,-86.3414974863002,36.22144232490322
PRINTASTIK DESIGNS,9501,LEBANON,Lebanon,4766.503036254791,NORMAL,-86.3415458265488,36.22146031109249
TSI,9501,LEBANON,Lebanon,4881.000167708367,NORMAL,-86.3411317261619,36.2213562634266
JASA MASSAGE,9501,LEBANON,Lebanon,4911.71455327332,NORMAL,-86.34103902519641,36.22131294883919
SALON REVIVE,9501,LEBANON,Lebanon,4933.7467700395455,NORMAL,-86.3409388342937,36.22128175616561
PIZZA HUT ,9501,LEBANON,Lebanon,4983.115997432217,NORMAL,-86.3414318377601,36.220711476964304
CORN CRIB ,9501,LEBANON,Lebanon,4950.426617307861,NORMAL,-86.34154434846491,36.22074835902231
VACCANT,9501,LEBANON,Lebanon,4927.958059379551,NORMAL,-86.3416236619393,36.2207722706145
MARTIAL ARTS,9501,LEBANON,Lebanon,4905.997313227125,NORMAL,-86.34169763431031,36.220798466567594
DUNKIN DONUTS,9501,LEBANON,Lebanon,4860.363586944054,NORMAL,-86.3418458617194,36.220857311261405
VANDERBILT EYE INSTITUTE STE 100,9501,LEBANON,Lebanon,4549.2137091760405,NORMAL,-86.3438587833446,36.220594546080996
EYE SURGERY CENTER STE 120,9501,LEBANON,Lebanon,4582.027822127376,NORMAL,-86.3441484835063,36.220310263563
VANDERBILT HEARING AND SPEECH STE 130,9501,LEBANON,Lebanon,4558.659501820182,NORMAL,-86.3442926630004,36.22030627566571
EDWARD JONES STE 150,9501,LEBANON,Lebanon,4510.6185580841,NORMAL,-86.3445722449425,36.22031024769961
VANDERBILT HEART STE 160,9501,LEBANON,Lebanon,4487.403108261949,NORMAL,-86.3447050946409,36.2203145766615
PINNACLE DERMATOLOGY STE 140,9501,LEBANON,Lebanon,4536.212672404563,NORMAL,-86.3444265577367,36.22030589391683
BIG TEX TRAILERS,9501,LEBANON,Lebanon,1663.4096789082485,NORMAL,-86.3644833629282,36.22907657042551
MCBRIAN LAW GROUP STE 200,9501,LEBANON,Lebanon,1371.0398009802648,NORMAL,-86.3669843891653,36.23095600825819
GRAHAM INSURACE STE 101,9501,LEBANON,Lebanon,1417.4793488698192,NORMAL,-86.36706917447451,36.230832112647704
TENNESSEE HEARING STE 101B,9501,LEBANON,Lebanon,1383.0526522477458,NORMAL,-86.3668896537931,36.2308350426838
EDWARD JONES STE 102,9501,LEBANON,Lebanon,1389.3088098459516,NORMAL,-86.3670643995235,36.2309132000457
TENNESSEE OFF-ROAD,9501,LEBANON,Lebanon,1203.856861709448,NORMAL,-86.4015143543615,36.23900394419161
ABSOLUTE AUTO REPAIR,9501,LEBANON,Lebanon,359.7599810101068,WATCH,-86.4291145399976,36.234815789134814
DOLLAR GENERAL,9501,LEBANON,Lebanon,372.1849090340358,WATCH,-86.4290209444825,36.2345986543411
HEAVENLY BITES BY CORA,9501,LEBANON,Lebanon,289.71190621348103,WATCH,-86.4295563632002,36.23562398634881
HWY 109 MARKET,9501,LEBANON,Lebanon,290.07668968298617,WATCH,-86.4295061560605,36.23548395576399
HEALTH CONNECT PARTNERS,9501,LEBANON,Lebanon,1020.402825407373,NORMAL,-86.4247001038697,36.22515644504689
BUILDING SYSTEMS TECHNOLOGY,9501,LEBANON,Lebanon,959.7178005537318,WATCH,-86.4245261094951,36.225264763180206
NEW HEART CHRISTIAN CHURCH,9501,LEBANON,Lebanon,1094.3643405471687,NORMAL,-86.42506474574591,36.225079462329205
MUSIC CITY BRICKS,9501,LEBANON,Lebanon,1056.915614169744,NORMAL,-86.4252359166153,36.2250546490877
FRAZIER MOTORCAR,9501,LEBANON,Lebanon,965.405209648972,WATCH,-86.42520616547192,36.2255538779708
JEFF BENNETT'S BASEBALL ACADEMY,9501,LEBANON,Lebanon,827.8651581727,WATCH,-86.4253596769521,36.226053848553505
PRO THERM,9501,LEBANON,Lebanon,904.5373701288244,WATCH,-86.4252769423425,36.22577276654011
D&H ELECTRONIC SYSTEMS,9501,LEBANON,Lebanon,562.828881425329,WATCH,-86.4210357948411,36.223809816786705
AUTO WORLD PLAZA,9501,LEBANON,Lebanon,495.3069336745213,WATCH,-86.4214690444489,36.22405681482721
HICKMAN LABEL COMPANY,9501,LEBANON,Lebanon,509.52250963671156,WATCH,-86.419839826429,36.2238103883519
CT GRAPHIC ARTS,9501,LEBANON,Lebanon,695.7958886744918,WATCH,-86.4233640657192,36.22495495635069
TISDALE GROUP,9501,LEBANON,Lebanon,672.9743685729571,WATCH,-86.4232801089199,36.2249395132426
FASTENAL,9501,LEBANON,Lebanon,610.3429927827322,WATCH,-86.4230512909875,36.22491170069751
GEO-SERVICES,9501,LEBANON,Lebanon,582.9983199102519,WATCH,-86.4229478990648,36.224894178687904
AIRCRAFT BATTERY SHOP,9501,LEBANON,Lebanon,483.3189284731781,WATCH,-86.422700905971,36.2254248787649
ONE SYSTEMS,9501,LEBANON,Lebanon,553.6721408956382,WATCH,-86.4229379810003,36.22545564344342
FORTUNE CONSTRUCTION,9501,LEBANON,Lebanon,656.1374204262694,WATCH,-86.4232878346086,36.22538765181941
TKO FIRE PROTECTION,9501,LEBANON,Lebanon,665.3039024892527,WATCH,-86.4233159714097,36.22528322997479
GPR,9501,LEBANON,Lebanon,674.4390225523932,WATCH,-86.4233390537295,36.225196709923
AIRCRAFT BATTERY SHOP,9501,LEBANON,Lebanon,683.5850415518404,WATCH,-86.4233569722807,36.2251078241994
ESSEN MOTOR COMPANY,9501,LEBANON,Lebanon,1333.726156128656,NORMAL,-86.41760853446821,36.187054225699605
FED EX,9501,LEBANON,Lebanon,1606.597603882871,NORMAL,-86.414700519425,36.186531631967696
CEVA,9501,LEBANON,Lebanon,1724.4110833439888,NORMAL,-86.4333707933818,36.18455841796529
SOUTH SHORE FURNITURE,9501,LEBANON,Lebanon,1566.8307453437358,NORMAL,-86.4343603783627,36.184517900611716
PERFORMANCE CONTRACTING,9501,LEBANON,Lebanon,1054.6626842020084,NORMAL,-86.4377338101821,36.18528168783049
CEVA,9501,LEBANON,Lebanon,837.6104615708379,WATCH,-86.438834092329,36.1854819848081
COMSTAR,9501,LEBANON,Lebanon,777.3216321719541,WATCH,-86.440091732868,36.18551305553279
AMERICAN WONDER PORCELAIN,9501,LEBANON,Lebanon,916.5507374214799,WATCH,-86.4275992214486,36.2170096802599
EARHEART LANDSCAPE,9500,(Unincorporated),Unincorporated,76.593086227382,HIGH,-86.4234341450125,36.216788286686004
HOT SPRING SPAS,9501,LEBANON,Lebanon,124.58230771209234,HIGH,-86.4235133681261,36.21619426184661
SPEEDWAY,9501,LEBANON,Lebanon,387.06929299265613,WATCH,-86.4119536207402,36.191970569096604
WILSON BANK & TRUST,9501,LEBANON,Lebanon,365.17262201962643,WATCH,-86.41145521593091,36.1911338881934
LEBANON FIRE STATION #4,9501,LEBANON,Lebanon,452.4780828246096,WATCH,-86.411175992961,36.190042568021006
WAFFLE HOUSE,9501,LEBANON,Lebanon,453.9523157964163,WATCH,-86.4106063895496,36.18957251865541
CHEERS WINE & LIQUOR,9501,LEBANON,Lebanon,194.58562021472179,HIGH,-86.4084949866569,36.189024838228
BELLACINO'S,9501,LEBANON,Lebanon,193.2477664614564,HIGH,-86.4087744923818,36.18914836461542
MCDONALDS,9501,LEBANON,Lebanon,590.2076345944718,WATCH,-86.4101514839193,36.1885241911364
THORNTONS,9501,LEBANON,Lebanon,394.001343993723,WATCH,-86.4080513115517,36.188209394549425
WENDYS,9501,LEBANON,Lebanon,936.6710022458203,WATCH,-86.4091834885377,36.1870023212885
MAPCO EXPRESS,9501,LEBANON,Lebanon,870.8630257020046,WATCH,-86.4098213916185,36.1874908961425
TACO BELL,9501,LEBANON,Lebanon,1048.2364249595964,NORMAL,-86.4118557619442,36.1879704993873
CTDI,9501,LEBANON,Lebanon,1869.1056133155807,NORMAL,-86.4304939241815,36.1849220753457
THORNTONS GAS STATION,9501,LEBANON,Lebanon,796.422411388819,WATCH,-86.4026367905847,36.1322654927135
COACHES,9501,LEBANON,Lebanon,1261.812413117779,NORMAL,-86.4116757359954,36.1871434405934
GIVE ME THE VIN,9501,LEBANON,Lebanon,1218.6479239357027,NORMAL,-86.4114568053181,36.187157948011816
ALL-STAR PERSONNEL,9501,LEBANON,Lebanon,1206.9167010016872,NORMAL,-86.41132567170432,36.1871227849375
WESTON FOODS,9501,LEBANON,Lebanon,1275.3299064277403,NORMAL,-86.4030692003717,36.1301641442623
CJ LOGISTICS,9501,LEBANON,Lebanon,669.3042707296455,WATCH,-86.4056662787143,36.12916149821553
B&G FOODS,9501,LEBANON,Lebanon,656.5368629230662,WATCH,-86.4056679174107,36.12942133044911
TACHI-S SEATING USA,9500,(Unincorporated),Unincorporated,3135.0077975583654,NORMAL,-86.4344474789409,36.06312868333541
NISSAN,9500,(Unincorporated),Unincorporated,3006.2440461652245,NORMAL,-86.4299259890946,36.0597081778461
SUPERIOR 3RD PARTY LOGISTICS,9500,(Unincorporated),Unincorporated,4728.772196223637,NORMAL,-86.42552983585162,36.0628177430263
NAPA AUTO PARTS,9500,(Unincorporated),Unincorporated,7564.899967462262,NORMAL,-86.4275111435455,36.07407302387871
AMAZON,9500,(Unincorporated),Unincorporated,1101.066293884394,NORMAL,-86.3980914404663,36.0365704715726
AMAZON,9500,(Unincorporated),Unincorporated,1572.4102665206522,NORMAL,-86.3972533567383,36.040111873112494
GEODIS,9500,(Unincorporated),Unincorporated,2636.6231848029615,NORMAL,-86.395168954108,36.0437052105094
FED EX,9500,(Unincorporated),Unincorporated,1820.0642810900094,NORMAL,-86.3940421745809,36.04148642534009
COLD CHAIN TECHNOLOGIES,9500,(Unincorporated),Unincorporated,944.8835889649043,WATCH,-86.3945939787801,36.03908091233188
BACK 2 HEALTH CHIROPRACTIC,9501,LEBANON,Lebanon,6551.032518654188,NORMAL,-86.2940760686536,36.20798084062671
WINFREY'S JEWELERS,9501,LEBANON,Lebanon,7202.152562218846,NORMAL,-86.2966765204864,36.208831477010996
LA CANASTA BAKERY,9501,LEBANON,Lebanon,7210.6844598975185,NORMAL,-86.2968008840026,36.2091495827579
PREMIER SOLUTIONS,9501,LEBANON,Lebanon,7201.7605507357275,NORMAL,-86.29679011798372,36.209220905824395
SPEEDY BURRITO,9501,LEBANON,Lebanon,7196.022218028986,NORMAL,-86.2967868093457,36.209280288139794
HARRISON LOCKSMITH,9501,LEBANON,Lebanon,7183.571583660547,NORMAL,-86.2967657776633,36.20936081729811
YESTERDAY'S BARBERSHOP,9501,LEBANON,Lebanon,7169.981321499465,NORMAL,-86.29674641309991,36.20946367943281
FRIED GREEN TOMATOES,9501,LEBANON,Lebanon,7196.321881434623,NORMAL,-86.2968748359143,36.209605611827
DOLLAR GENERAL,9501,LEBANON,Lebanon,7391.6066010784725,NORMAL,-86.2973779213887,36.20896680339591
FIFTY SHADES OF DYE,9501,LEBANON,Lebanon,8603.052100811112,NORMAL,-86.3035396212594,36.2085629799073
TRI-STAR TATTOOS,9501,LEBANON,Lebanon,8582.29642917272,NORMAL,-86.3035346562899,36.20862033341011
PAINTURO'S,9501,LEBANON,Lebanon,8469.172552302318,NORMAL,-86.3034741041827,36.208934534135516
SALON DJANGO,9501,LEBANON,Lebanon,8535.777428906094,NORMAL,-86.303504993384,36.2087497684075
IPODS & MORE,9501,LEBANON,Lebanon,8559.8498503823,NORMAL,-86.3035165068211,36.208682973343294
PALAZZO NAILS,9501,LEBANON,Lebanon,8625.95157512988,NORMAL,-86.3032267774837,36.2085149955554
HELLO BEAUTIFUL SALON,9501,LEBANON,Lebanon,8582.658993715791,NORMAL,-86.3028212962545,36.20865360622989
ELWOOD STAFFING,9501,LEBANON,Lebanon,8638.401713036303,NORMAL,-86.3030223538557,36.20849055620629
LIBERTY TAX,9501,LEBANON,Lebanon,8632.19322835112,NORMAL,-86.3031244837576,36.20850273422227
SWEET THINGS BAKERY,9501,LEBANON,Lebanon,8642.517727840353,NORMAL,-86.3029456598368,36.2084829141971
LOS COMPADRES,9501,LEBANON,Lebanon,8620.796160171618,NORMAL,-86.3028430940173,36.208547614199404
QUIK STOP,9501,LEBANON,Lebanon,8513.911418314607,NORMAL,-86.3023020517808,36.20886772637459
FRANKLIN FINANCIAL,9501,LEBANON,Lebanon,8492.51649394003,NORMAL,-86.3027023291436,36.20890737297181
WORLD FINANCE,9501,LEBANON,Lebanon,8498.300760395094,NORMAL,-86.3026015107969,36.208896298929275
CRICKET,9501,LEBANON,Lebanon,8504.469384189826,NORMAL,-86.3025036304517,36.208884026011724
QUIK WASH LAUNDRY,9501,LEBANON,Lebanon,8509.16782006443,NORMAL,-86.3024160625813,36.208875303287286
SUPERIOR MOTORS OF LEBANON,9501,LEBANON,Lebanon,7616.624665909703,NORMAL,-86.3129328179155,36.2111212512069
CASH 2 GO,9501,LEBANON,Lebanon,7562.566378620863,NORMAL,-86.3142594364499,36.21140802527023
KLASSIQ NAIL,9501,LEBANON,Lebanon,7488.062004081422,NORMAL,-86.3158086386701,36.211851247387806
BASKIN ROBBINS,9501,LEBANON,Lebanon,7510.365458084927,NORMAL,-86.3156927623106,36.21176811052949
DAVID DEATON KARATE,9501,LEBANON,Lebanon,7478.60056106343,NORMAL,-86.3161436211939,36.21193970753271
4EVER CIG,9501,LEBANON,Lebanon,7476.405265199466,NORMAL,-86.3162335003209,36.211963161142606
DOLLAR GENERAL,9501,LEBANON,Lebanon,7404.059573360566,NORMAL,-86.316222538258,36.212165397837275
DT MCCALL,9501,LEBANON,Lebanon,7328.966166622047,NORMAL,-86.3160801894189,36.2123499105309
CLUB CADET,9501,LEBANON,Lebanon,7191.340515829873,NORMAL,-86.3159826059894,36.2127196959671
COSMO PROF,9501,LEBANON,Lebanon,7146.040534310557,NORMAL,-86.3159357051273,36.212838567894195
HOLLYS NAILS,9501,LEBANON,Lebanon,7117.549354618609,NORMAL,-86.3159047832759,36.2129130609233
PLANET FITNESS,9501,LEBANON,Lebanon,7050.313871819157,NORMAL,-86.3166276471158,36.213252732669595
CUMBRLAND PEDIATRICS WALK-IN,9501,LEBANON,Lebanon,7055.342661593707,NORMAL,-86.3163323273271,36.21317490098781
CUMBERLAND PEDIATRICS,9501,LEBANON,Lebanon,7057.660660080296,NORMAL,-86.3161608036045,36.2131329435033
H&R BLOCK,9501,LEBANON,Lebanon,7045.400534989989,NORMAL,-86.3172371984229,36.21340847486942
MR PANCHOS,9501,LEBANON,Lebanon,7044.166670233392,NORMAL,-86.3173839039839,36.213448270003184
BOOST MOBILE,9501,LEBANON,Lebanon,7044.026782289519,NORMAL,-86.3175086923173,36.213480170099
RENT A CENTER,9501,LEBANON,Lebanon,7043.925977879727,NORMAL,-86.3177043389261,36.2135310709407
EPI ELECTRIC,9501,LEBANON,Lebanon,7058.462858001016,NORMAL,-86.3178773189472,36.213534998464674
TN DENTAL,9501,LEBANON,Lebanon,7109.605887996557,NORMAL,-86.3180271041559,36.213427420444006
LIVINGSTON CHIROPRACTIC,9501,LEBANON,Lebanon,7081.598485630309,NORMAL,-86.31794509539591,36.21348629404519
DONUT TIME,9501,LEBANON,Lebanon,7082.887558001358,NORMAL,-86.3217142057365,36.21480152377359
THE UPS STORE,9501,LEBANON,Lebanon,6944.109507461908,NORMAL,-86.3215620891398,36.215168190904805
LEBANON DENTAL,9501,LEBANON,Lebanon,6918.159652568121,NORMAL,-86.3215321805433,36.21523613788541
WATSON'S BARBERSHOP,9501,LEBANON,Lebanon,6976.307588283798,NORMAL,-86.3215968852837,36.2150828794612
LUCKY NAILS,9501,LEBANON,Lebanon,7008.511707185056,NORMAL,-86.3216324400629,36.21499789583638
SECURITY FINANACE,9501,LEBANON,Lebanon,7043.187373283768,NORMAL,-86.3216703221005,36.21490622966561
AARGUS INSURANCE,9501,LEBANON,Lebanon,7213.02089439003,NORMAL,-86.3218874847327,36.21447119180449
LEBANON GUN SHOP,9501,LEBANON,Lebanon,7248.200065751749,NORMAL,-86.3219353826403,36.2143823602556
LEBANON FAMILY PHARMACY,9501,LEBANON,Lebanon,7081.428224918399,NORMAL,-86.3221913274682,36.2150196552662
MIMI NAILS,9501,LEBANON,Lebanon,7085.953358276953,NORMAL,-86.3223372024188,36.2150729182271
THE BARBER COMPANY,9501,LEBANON,Lebanon,7130.0143366790535,NORMAL,-86.3233407953146,36.2154245994444
MARTY & LIZ,9501,LEBANON,Lebanon,7123.5204008651735,NORMAL,-86.3232256958326,36.21538658260661
PAPA JOHNS ,9501,LEBANON,Lebanon,7140.429852534016,NORMAL,-86.3235714688894,36.21551111285861
LA MICHOACANA,9501,LEBANON,Lebanon,7134.482897056512,NORMAL,-86.3234592145334,36.215471568241014
ADVANCED TAX SERVICES,9501,LEBANON,Lebanon,7137.83649486733,NORMAL,-86.3235180034468,36.215491422654885
JERSEY MIKE'S SUB,9501,LEBANON,Lebanon,7132.299893017009,NORMAL,-86.32340663420752,36.21545127810001
TWO FAT MEN CATERING,9501,LEBANON,Lebanon,7430.509348652844,NORMAL,-86.3256284521282,36.21502614545691
ACCEPTANCE,9501,LEBANON,Lebanon,7346.013824481238,NORMAL,-86.3260778728382,36.215260969457105
ROB GWYNNE STATE FARM,9501,LEBANON,Lebanon,7335.053535778115,NORMAL,-86.3261683532505,36.21529242510712
JAMES P BRYANT CPA,9501,LEBANON,Lebanon,7326.095245632787,NORMAL,-86.32624072034112,36.215318306826
GILLEY COMMERCIAL SERVICES,9501,LEBANON,Lebanon,7316.833089514761,NORMAL,-86.3263232032055,36.215345412982494
JULIA'S BODY SHOP,9501,LEBANON,Lebanon,7031.643053472186,NORMAL,-86.3269646120515,36.216150411564705
SHERRY'S HOPE,9501,LEBANON,Lebanon,7061.792003018945,NORMAL,-86.3269789867943,36.216068107204
BILL WILLIS DENTISTRY,9501,LEBANON,Lebanon,7085.85079604495,NORMAL,-86.3269919578246,36.216002497474804
PEDIATRIC DENTISTRY,9501,LEBANON,Lebanon,7111.643357733215,NORMAL,-86.3270049091719,36.2159321193724
SPECIAL EFFECTS,9501,LEBANON,Lebanon,7138.354704771978,NORMAL,-86.3270207934368,36.215859348663194
JIMMY JOHNS,9501,LEBANON,Lebanon,6141.300968353608,NORMAL,-86.3330870781888,36.21611055578181
BEAUTY BOUTIQUE,9501,LEBANON,Lebanon,6161.0913554673525,NORMAL,-86.3329872008314,36.2160775549644
NEW IMAGE HAIR STUDIO,9501,LEBANON,Lebanon,6289.897681456065,NORMAL,-86.3323823926984,36.21591792006479
PATRIOT DENTAL,9501,LEBANON,Lebanon,6214.99737732638,NORMAL,-86.3327113565879,36.21597912005398
KCA NEUROLOGY,9501,LEBANON,Lebanon,5950.8206023363055,NORMAL,-86.3332130083489,36.21519275386151
PRYOR FAMILY DENTISTRY,9501,LEBANON,Lebanon,5878.432879471525,NORMAL,-86.3335085784218,36.21522436710092
CRYE LEIKE,9501,LEBANON,Lebanon,5934.712650371061,NORMAL,-86.3345691722765,36.2169702369964
QUICK TITLE INC,9501,LEBANON,Lebanon,5864.1410177982625,NORMAL,-86.3346694969549,36.21674379912587
FARMERS INSURANCE,9501,LEBANON,Lebanon,5855.105839924806,NORMAL,-86.3346730038362,36.21670325194691
RESOURCE MFG,9501,LEBANON,Lebanon,5793.044004854786,NORMAL,-86.334728628501,36.216461069854994
TENNESSEE PAROLE BOARD,9501,LEBANON,Lebanon,5720.049963587355,NORMAL,-86.3347906534864,36.21616700671349
ABC BEHAVIORAL CONSULTANTS,9501,LEBANON,Lebanon,5696.795244868385,NORMAL,-86.334789647758,36.216044951886424
FAST BREAK EXPRESS,9501,LEBANON,Lebanon,7105.030961922695,NORMAL,-86.2925529243077,36.19972724529519
KABUL AUTO,9501,LEBANON,Lebanon,7206.948644269934,NORMAL,-86.2926639219803,36.19919141222388
CHECK INTO CASH,9501,LEBANON,Lebanon,7225.908373138003,NORMAL,-86.2925922967395,36.1989159345844
DZ CUSTOMS,9501,LEBANON,Lebanon,7650.526709169746,NORMAL,-86.2936142424647,36.197438950776025
231 CAR SALES,9501,LEBANON,Lebanon,7408.817220397214,NORMAL,-86.2932924442873,36.1968159400326
PREMIER FLOORING INC,9501,LEBANON,Lebanon,7265.195270861355,NORMAL,-86.2933681317928,36.196299179785
ADAMS AVENUE CHURCH OF CHRIST,9501,LEBANON,Lebanon,6892.53772286437,NORMAL,-86.293979905029,36.194673351480596
PARTLOW FUNERAL HOME,9501,LEBANON,Lebanon,6862.625101641188,NORMAL,-86.2942777165553,36.19438218962131
WALGREENS,9501,LEBANON,Lebanon,6460.88302964081,NORMAL,-86.2947312527937,36.1926151017842
PANDA EXPRESS,9501,LEBANON,Lebanon,6318.855830722057,NORMAL,-86.2938166344596,36.192754290299405
DISCOUNT TIRE,9501,LEBANON,Lebanon,6250.370063291905,NORMAL,-86.2939729247326,36.192392804560704
FAITH CHURCH,9500,(Unincorporated),Unincorporated,1155.5502459769684,NORMAL,-86.4408432998615,36.23284613713022
ENCORE,9500,(Unincorporated),Unincorporated,1132.9396202478365,NORMAL,-86.4408448866509,36.2329200513488
MISTY BLUE EVENT VENUE,9500,(Unincorporated),Unincorporated,1011.4156935241676,NORMAL,-86.4407468553717,36.23326752693482
DEACONESS HOMECARE,9500,(Unincorporated),Unincorporated,983.7090351503083,WATCH,-86.440562270297,36.233260331598814
PRIMARY 3,9503,MT. JULIET,Mt. Juliet,665.7261191021266,WATCH,-86.48682323290892,36.23071230534841
MONTESSORI ACADEMY,9503,MT. JULIET,Mt. Juliet,748.997205258672,WATCH,-86.4864975349166,36.23063492795041
PRMI,9503,MT. JULIET,Mt. Juliet,711.4092453877354,WATCH,-86.4860388217263,36.23058674783858
SMALL WORLD ADOPTION,9503,MT. JULIET,Mt. Juliet,659.6463816751807,WATCH,-86.4858643431081,36.230571353686216
WYNNE WITH MASSAGE,9503,MT. JULIET,Mt. Juliet,638.2172415691037,WATCH,-86.4857914868295,36.230569262036596
GODDARD CONTRUCTION,9503,MT. JULIET,Mt. Juliet,652.28663186343,WATCH,-86.4858853616985,36.23025496257931
LAND HOME FINANCIAL,9503,MT. JULIET,Mt. Juliet,1119.5798688936577,NORMAL,-86.5132797416223,36.232106044082805
EL COMAL,9503,MT. JULIET,Mt. Juliet,1112.504820369888,NORMAL,-86.5133978227304,36.232105704514716
SUBWAY,9503,MT. JULIET,Mt. Juliet,909.5440208225563,WATCH,-86.513437464687,36.23266867071121
M&D MASSAGE,9503,MT. JULIET,Mt. Juliet,890.2361052295215,WATCH,-86.51349504838211,36.2327127289091
ORANGE THEORY FITNESS,9503,MT. JULIET,Mt. Juliet,862.757447181494,WATCH,-86.5136554444822,36.2327652703858
GREAT CLIPS,9503,MT. JULIET,Mt. Juliet,859.66736886851,WATCH,-86.5137352076998,36.2327643354791
LaBELLA NAIL SPA,9503,MT. JULIET,Mt. Juliet,856.3961723034852,WATCH,-86.513815566985,36.23276560330899
THE MAILBOX STORE INC.,9503,MT. JULIET,Mt. Juliet,854.5993481719008,WATCH,-86.5138744365488,36.2327660080944
PUBLIX,9503,MT. JULIET,Mt. Juliet,859.3498058096438,WATCH,-86.5144209004127,36.2327570293094
US BANK,9503,MT. JULIET,Mt. Juliet,867.9522247939735,WATCH,-86.5146245688478,36.232756042859776
OISHII,9503,MT. JULIET,Mt. Juliet,918.2552817499061,WATCH,-86.5152772874125,36.232763155989815
TRU ROOTS CHIROPRACTIC,9503,MT. JULIET,Mt. Juliet,1050.2196825528376,NORMAL,-86.5154031957093,36.23241376295641
PREMIER MARTIAL ARTS,9503,MT. JULIET,Mt. Juliet,1067.322150872495,NORMAL,-86.5154040607569,36.232363729841104
BURN BOOT CAMP,9503,MT. JULIET,Mt. Juliet,1139.1386162177373,NORMAL,-86.5154026928901,36.232153300619494
STAR PHYSICAL THERAPY,9503,MT. JULIET,Mt. Juliet,901.024797043399,WATCH,-86.51510488918161,36.2327619391632
DENTON DENTAL,9503,MT. JULIET,Mt. Juliet,887.2801400411657,WATCH,-86.514948895774,36.23276191929862
ADVANCE FINANCE,9503,MT. JULIET,Mt. Juliet,1913.4293750633847,NORMAL,-86.5185691562556,36.23127910866572
MI BOX,9503,MT. JULIET,Mt. Juliet,1645.4126850380744,NORMAL,-86.5182014537459,36.2320229855786
LUXE DETAILING ARTISTS,9503,MT. JULIET,Mt. Juliet,2668.480846951535,NORMAL,-86.5218420777352,36.2312841238702
INDULGENCE SALON,9503,MT. JULIET,Mt. Juliet,3275.2075030500746,NORMAL,-86.52452718724231,36.23196450551939
MIKE'S AUTOMOTIVE,9503,MT. JULIET,Mt. Juliet,3262.403254155119,NORMAL,-86.5255300151021,36.23149008157791
PACE ANALYTICAL,9503,MT. JULIET,Mt. Juliet,3190.1124693341994,NORMAL,-86.5260451454214,36.2314997618689
UNIVERSAL SUPPLY CO.,9503,MT. JULIET,Mt. Juliet,3110.601702497099,NORMAL,-86.5266721462396,36.23151372161141
PACE ANALYTICAL,9503,MT. JULIET,Mt. Juliet,3258.184925237712,NORMAL,-86.5270778012566,36.23210093045641
NASHVILLE PET SPA,9503,MT. JULIET,Mt. Juliet,2980.7907646378276,NORMAL,-86.5273599161766,36.23137122573648
QUALITY CAR WASH,9503,MT. JULIET,Mt. Juliet,2850.4815309457185,NORMAL,-86.5288151519218,36.23138680182711
SPEEDWAY,9503,MT. JULIET,Mt. Juliet,2766.369135432046,NORMAL,-86.5297744836535,36.2313131183699
RICE HAMS,9503,MT. JULIET,Mt. Juliet,2463.7653656007797,NORMAL,-86.5310139284819,36.23065040565
CAR LOGIC GROUP,9503,MT. JULIET,Mt. Juliet,2254.732596362994,NORMAL,-86.5323949564387,36.2303607767735
LOCK BOX STORAGE,9503,MT. JULIET,Mt. Juliet,1916.2433145640912,NORMAL,-86.5334817733686,36.23073899610769
NEEDHAM'S NURSERY,9503,MT. JULIET,Mt. Juliet,1975.5636775555643,NORMAL,-86.5334290314677,36.22998648111242
NEEDHAM'S NURSERY,9503,MT. JULIET,Mt. Juliet,1905.5591004266332,NORMAL,-86.5335931707946,36.23036680396341
MT JULIET MOTORS,9503,MT. JULIET,Mt. Juliet,1260.510281541632,NORMAL,-86.53707732445962,36.228020722595005
TINT WORLD,9503,MT. JULIET,Mt. Juliet,1207.529191518147,NORMAL,-86.537784036647,36.227727619213795
CAR HUNTERS,9503,MT. JULIET,Mt. Juliet,1287.3162506176132,NORMAL,-86.5384311083,36.227190554452704
HOWARD RAWLINGS ANTIQUES,9503,MT. JULIET,Mt. Juliet,305.85062015866623,WATCH,-86.5543400638144,36.22144482558261
SIMPLY VINTAGE ANTIQUES,9503,MT. JULIET,Mt. Juliet,212.73312850743025,HIGH,-86.5553305399801,36.22143169131301
AUTO MAX,9503,MT. JULIET,Mt. Juliet,185.99630395127576,HIGH,-86.56219787681651,36.22149578017739
MARK'S AUTOMOTIVE,9503,MT. JULIET,Mt. Juliet,127.52990694197588,HIGH,-86.5631645255182,36.22135965057749
PET CENTER,9503,MT. JULIET,Mt. Juliet,63.22934118224424,HIGH,-86.5670303413444,36.22046405249199
LIVING WATER FELLOWSHIP,9503,MT. JULIET,Mt. Juliet,146.9185574452841,HIGH,-86.571269448353,36.219559471311804
MASTERS BARBER COLLEGE,9503,MT. JULIET,Mt. Juliet,180.40169471015082,HIGH,-86.57143399033231,36.2195241167714
WORLD CHAMPION PRODUCTIONS,9503,MT. JULIET,Mt. Juliet,317.111317635518,WATCH,-86.5723092799743,36.219517945495305
CINCO DE MAYO,9503,MT. JULIET,Mt. Juliet,222.6489946443518,HIGH,-86.572396724864,36.2197686235533
JOSE'S SANDWICH & GRILL,9503,MT. JULIET,Mt. Juliet,201.97408552753728,HIGH,-86.5725056484063,36.2198097176546
MEATBALLS ITALIAN GRILL,9503,MT. JULIET,Mt. Juliet,203.2128296731784,HIGH,-86.5726015257736,36.2197915483277
CHECKMAT,9503,MT. JULIET,Mt. Juliet,206.1380262421276,HIGH,-86.5727077314636,36.21976707983419
ALISON'S SALON,9503,MT. JULIET,Mt. Juliet,209.175061149126,HIGH,-86.572768519036,36.2197492651167
EXPLORE CHIROPRACTIC,9503,MT. JULIET,Mt. Juliet,208.6003940147837,HIGH,-86.5728346711701,36.219740724845785
AUTO ARMOR,9503,MT. JULIET,Mt. Juliet,210.13268324351918,HIGH,-86.5729021028812,36.21972609778642
MARIO'S MARKET,9503,MT. JULIET,Mt. Juliet,212.0151091863956,HIGH,-86.5729677632228,36.219710763506036
ALLSTATE,9503,MT. JULIET,Mt. Juliet,213.40848841429795,HIGH,-86.573032993449,36.21969686240332
LITTLE CAESARS,9503,MT. JULIET,Mt. Juliet,212.42857532617163,HIGH,-86.5730964652288,36.21968404208759
MARINER FINANCE,9503,MT. JULIET,Mt. Juliet,207.02225162422573,HIGH,-86.5731634604719,36.21967013253921
TRUTH & GRACE CHURCH,9503,MT. JULIET,Mt. Juliet,202.793457156762,HIGH,-86.5732277894467,36.219653731956186
CENTURY CASSEROLES,9503,MT. JULIET,Mt. Juliet,196.70687862245683,HIGH,-86.5732948001473,36.2196419672183
4EVER E CIG,9503,MT. JULIET,Mt. Juliet,191.6201259892716,HIGH,-86.5733595887164,36.21962806803482
FARRELL CALHOUN PAINT,9503,MT. JULIET,Mt. Juliet,186.38479936107888,HIGH,-86.5734230603949,36.2196152484485
FIRECRACKER HOT CHICKEN,9503,MT. JULIET,Mt. Juliet,160.5316277663926,HIGH,-86.5735592546349,36.2195870597906
DUNKIN DONUTS,9503,MT. JULIET,Mt. Juliet,178.78696886910944,HIGH,-86.5736313085037,36.21911806605809
EL OK CORRAL,9503,MT. JULIET,Mt. Juliet,173.34103518070933,HIGH,-86.5743918737164,36.2188950726934
O'REILLY AUTO PARTS,9503,MT. JULIET,Mt. Juliet,150.04053308169026,HIGH,-86.5751503235901,36.21881069842439
PUBLIC STORAGE,9503,MT. JULIET,Mt. Juliet,266.78622588864516,WATCH,-86.5774438338415,36.218330405501405
ADAM'S AUTO SHOP,9503,MT. JULIET,Mt. Juliet,60.76071972791216,HIGH,-86.5791842108305,36.2180931563201
AUTO WORLD,9503,MT. JULIET,Mt. Juliet,90.86871742272834,HIGH,-86.5798447572104,36.21794818254601
VINTAGE WINE & SPIRITS,9503,MT. JULIET,Mt. Juliet,226.0190960493745,HIGH,-86.5811328775191,36.218031840886404
FRIENDSHIP COMMUNITY CHURCH,9503,MT. JULIET,Mt. Juliet,103.86136183677556,HIGH,-86.58215087038,36.21814375303471
MARATHON,9503,MT. JULIET,Mt. Juliet,165.11390099941823,HIGH,-86.5828566799172,36.217281912704905
GEORGE THOMAS REALTY,9503,MT. JULIET,Mt. Juliet,196.14463724371285,HIGH,-86.5674309587046,36.2195626224143
SHELL,9503,MT. JULIET,Mt. Juliet,247.29273169773262,HIGH,-86.5670431406801,36.2198978033416
MERAKI SALON,9503,MT. JULIET,Mt. Juliet,121.22393343026731,HIGH,-86.5650411435672,36.21993866173461
IDEAL MOTORS,9503,MT. JULIET,Mt. Juliet,423.8169684193589,WATCH,-86.5639852465197,36.22043290453171
RED DOT STORAGE,9503,MT. JULIET,Mt. Juliet,435.29973267928887,WATCH,-86.5618126953513,36.22082646389462
MUSIC CITY TECHNOLOGY,9503,MT. JULIET,Mt. Juliet,295.33103943543944,WATCH,-86.5538684805708,36.22097236667062
HICKORY GROVE CHURCH,9503,MT. JULIET,Mt. Juliet,77.05791228278888,HIGH,-86.5499010702429,36.2213314839225
RUMPUS ROOM,9503,MT. JULIET,Mt. Juliet,108.25978108813958,HIGH,-86.54721468807242,36.222775205196896
ISSHINRYU KARATE,9503,MT. JULIET,Mt. Juliet,131.52049087582984,HIGH,-86.5471144806381,36.22280375351081
CEDAR CITY HOUSE OF PRINT,9503,MT. JULIET,Mt. Juliet,136.82546116086684,HIGH,-86.5468173179816,36.222899526648
BALANCE STUDIO,9503,MT. JULIET,Mt. Juliet,160.08749450111858,HIGH,-86.5470111254176,36.22283907980499
PAUL BINKLEY CO,9503,MT. JULIET,Mt. Juliet,146.2981281502282,HIGH,-86.5469131743625,36.22287161833741
ACTIVE LIFE CHROPRACTIC,9503,MT. JULIET,Mt. Juliet,259.57555980397234,WATCH,-86.5423911971742,36.22462750963541
BANK OF TENNESSEE,9503,MT. JULIET,Mt. Juliet,217.602850770797,HIGH,-86.5425333927702,36.224531363061516
LUBU KITCHEN,9503,MT. JULIET,Mt. Juliet,281.6956446775071,WATCH,-86.5419552327512,36.22455124615598
MAXIMIZED LIVING,9503,MT. JULIET,Mt. Juliet,302.0638950299794,WATCH,-86.5418848113303,36.22458196452281
POLISHED NAIL,9503,MT. JULIET,Mt. Juliet,329.53272124306346,WATCH,-86.5418005137761,36.224627649791
MODERN EYE,9503,MT. JULIET,Mt. Juliet,354.77810216174777,WATCH,-86.5417183728823,36.22466617038629
FARM BUREAU,9503,MT. JULIET,Mt. Juliet,374.9999281417118,WATCH,-86.5416548719664,36.224697692126924
TANGLES,9503,MT. JULIET,Mt. Juliet,391.9354483467563,WATCH,-86.5415980892945,36.22472155381622
LOS COMPADRES,9503,MT. JULIET,Mt. Juliet,431.9371141046848,WATCH,-86.541480373507,36.22478682212421
FIRST FREEDOM BANK,9503,MT. JULIET,Mt. Juliet,633.6756613375569,WATCH,-86.540971167795,36.22516490619551
TAKE 5 CAR WASH,9503,MT. JULIET,Mt. Juliet,849.3596487262834,WATCH,-86.54035473059251,36.225722665708886
CHRISTIAN BROTHERS AUTOMOTIVE,9503,MT. JULIET,Mt. Juliet,988.3903883985888,WATCH,-86.5393638949742,36.22602990603251
MORGAN UPHOLSTERY,9503,MT. JULIET,Mt. Juliet,2280.8419476377635,NORMAL,-86.530825232512,36.2301120155973
PROST & RIOT,9503,MT. JULIET,Mt. Juliet,2376.879659831829,NORMAL,-86.5304464495643,36.2303244834931
TENNESSEE QUICK CASH,9503,MT. JULIET,Mt. Juliet,2402.4754516009853,NORMAL,-86.5299194730535,36.230318525781605
SHEAR CITY BARBER,9503,MT. JULIET,Mt. Juliet,2664.318695269137,NORMAL,-86.5283788840927,36.23075076563891
READY 2 DRIVE,9503,MT. JULIET,Mt. Juliet,2614.069808558399,NORMAL,-86.5280000305255,36.230493846405594
SALON G2,9503,MT. JULIET,Mt. Juliet,2627.2548343136955,NORMAL,-86.5278898227544,36.2304974851083
THE MYSTICAL HEART,9503,MT. JULIET,Mt. Juliet,2683.297136686742,NORMAL,-86.5275003206235,36.2305307912294
RUFF STYLES BABER SHOP,9503,MT. JULIET,Mt. Juliet,2810.0568692449533,NORMAL,-86.5273159635932,36.23084542678369
MT JULIET BARBER,9503,MT. JULIET,Mt. Juliet,2837.1887767410794,NORMAL,-86.5271066872103,36.23084946384898
GOLF RX,9503,MT. JULIET,Mt. Juliet,2880.46789330094,NORMAL,-86.5267218472774,36.230827841933305
NELL'S SALON,9503,MT. JULIET,Mt. Juliet,2842.5307889126293,NORMAL,-86.5270550547889,36.23084583725299
SEVEN POINT APOTHECARY,9503,MT. JULIET,Mt. Juliet,2820.731210569608,NORMAL,-86.52724101082461,36.230850141176
MT JULIET LOCK & KEY,9503,MT. JULIET,Mt. Juliet,2798.1014280234135,NORMAL,-86.5274107109925,36.23084349906521
MEMORIES CONSIGNMENT,9503,MT. JULIET,Mt. Juliet,2900.948557924169,NORMAL,-86.5265659459533,36.2308248824298
COMPLETE WEALTH MANAGEMENT,9503,MT. JULIET,Mt. Juliet,2862.657393270929,NORMAL,-86.5268574841755,36.2308289600725
GENTLY'S BALLROOM,9503,MT. JULIET,Mt. Juliet,2917.436009673597,NORMAL,-86.5264113246547,36.23080813092213
MAN CAVE INK,9503,MT. JULIET,Mt. Juliet,2972.3234408185704,NORMAL,-86.5260398952273,36.230808675605395
THE SHOP,9503,MT. JULIET,Mt. Juliet,2960.4673062421093,NORMAL,-86.526138321654,36.2308180352786
RESTORATION COMMUNITY OUTREACH,9503,MT. JULIET,Mt. Juliet,2932.666961355157,NORMAL,-86.5263150865608,36.2308123877412
KHLOE NAILS,9503,MT. JULIET,Mt. Juliet,2986.2075206390205,NORMAL,-86.5259423921539,36.230805527664494
MID. TENN. FLOORING & ROOFING,9503,MT. JULIET,Mt. Juliet,3000.46452541837,NORMAL,-86.5258671644426,36.23081407806652
PLAYHOUSE 615,9503,MT. JULIET,Mt. Juliet,3016.0065102617946,NORMAL,-86.5257565544232,36.2308084680759
TICO ICE,9503,MT. JULIET,Mt. Juliet,3030.0300889968917,NORMAL,-86.5256621134104,36.2308054327546
ROCK ZONE,9503,MT. JULIET,Mt. Juliet,3044.8323991653224,NORMAL,-86.5255641923109,36.23080248459971
SMOKE SHOP,9503,MT. JULIET,Mt. Juliet,3066.0894235528717,NORMAL,-86.5254255742701,36.23079817588021
LIFE RECOVERY,9503,MT. JULIET,Mt. Juliet,3099.033519140918,NORMAL,-86.5253113532496,36.23084491602739
LARRY'S BARBERSHOP,9503,MT. JULIET,Mt. Juliet,3110.1839278791995,NORMAL,-86.5252345433131,36.230839483012105
GREATER TRUTH FAITH CHURCH,9503,MT. JULIET,Mt. Juliet,3119.2497268262687,NORMAL,-86.5251711499784,36.23083422323722
CHARISMA BEAUTY,9503,MT. JULIET,Mt. Juliet,3131.044907114836,NORMAL,-86.5251006939354,36.23083381304551
KING AUTOMOTIVE,9503,MT. JULIET,Mt. Juliet,3244.720148016924,NORMAL,-86.5244623184703,36.2308394405833
Dog Sanctuary,9503,MT. JULIET,Mt. Juliet,564.9462537902541,WATCH,-86.5311341423482,36.23989776041502
JUST BOX IT,9503,MT. JULIET,Mt. Juliet,2277.5243534135584,NORMAL,-86.5177245876441,36.2295719387069
KROGER ,9503,MT. JULIET,Mt. Juliet,2221.4054828003086,NORMAL,-86.5163986596854,36.22928876427051
THE BASEMENT MARKETPLACE,9503,MT. JULIET,Mt. Juliet,67.24476326050815,HIGH,-86.57080366279571,36.21981306335329
LUCKY PEARL DESIGN,9503,MT. JULIET,Mt. Juliet,111.21354331519849,HIGH,-86.5707151206868,36.21970750559099
LOFT PHOTOGRAPHY,9503,MT. JULIET,Mt. Juliet,111.4469102870386,HIGH,-86.5709433467158,36.219656097065
STATE FARM,9503,MT. JULIET,Mt. Juliet,111.28403108504331,HIGH,-86.5708473340852,36.2196779085361
MERIT INSURANCE,9503,MT. JULIET,Mt. Juliet,114.73493292558642,HIGH,-86.5705995206071,36.219723177328184
RAPID RIDES AUTO SALES,9503,MT. JULIET,Mt. Juliet,88.7780073142568,HIGH,-86.5658530245409,36.22076811839831
ADVANCED SECURITY,9503,MT. JULIET,Mt. Juliet,168.20688799512052,HIGH,-86.5626736214026,36.2214623431072
ADVANTAGE INSURANCE GROUP,9503,MT. JULIET,Mt. Juliet,69.65154210534025,HIGH,-86.5436630662712,36.22400417025829
REMAX,9503,MT. JULIET,Mt. Juliet,127.4778435330145,HIGH,-86.5431160969881,36.22423745377102
SOMPO INTERNATIONAL,9503,MT. JULIET,Mt. Juliet,346.31482930781294,WATCH,-86.5395869856592,36.2242513629592
 ,9503,MT. JULIET,Mt. Juliet,184.62789267046557,HIGH,-86.5760011551643,36.2176338616362
BARBER SHOP,9503,MT. JULIET,Mt. Juliet,365.6117113283258,WATCH,-86.5748947380362,36.21825172254632
COUNTY RECORD SERVICES,9500,(Unincorporated),Unincorporated,52.452574332862895,HIGH,-86.575543951283,36.21952142870661
WOODLINE USA,9500,(Unincorporated),Unincorporated,82.70892928860683,HIGH,-86.5754434312385,36.21953836165681
TIM LEEPER ROOFING,9503,MT. JULIET,Mt. Juliet,62.62458109850792,HIGH,-86.5759430708748,36.21951059662031
BODY INBALANCE,9503,MT. JULIET,Mt. Juliet,143.4540750323236,HIGH,-86.5715206143638,36.2197424573511
SOUTHERN RETAIL INVENTORY,9503,MT. JULIET,Mt. Juliet,261.61810095540886,WATCH,-86.5765403012541,36.21919555131769
BUSY BEE HEATING & AC,9501,LEBANON,Lebanon,4434.808494808598,NORMAL,-86.2858025707989,36.20651668585752
SCHMITT DENTAL,9503,MT. JULIET,Mt. Juliet,204.3776045331618,HIGH,-86.5637318615227,36.2211034378348
MASONIC LODGE,9503,MT. JULIET,Mt. Juliet,24.082209488283684,CRITICAL,-86.5408997078633,36.2234712473197
PACE ANALYTICAL,9503,MT. JULIET,Mt. Juliet,3018.7759865621997,NORMAL,-86.5280779177033,36.2330605019593
PACE ANALYTICAL,9503,MT. JULIET,Mt. Juliet,3084.5229836435287,NORMAL,-86.5276223514242,36.232936113095896
PACE ANALYTICAL,9503,MT. JULIET,Mt. Juliet,3134.1655898603617,NORMAL,-86.5270789901386,36.232887217386704
PACE ANALYTICAL,9503,MT. JULIET,Mt. Juliet,3221.7634173662495,NORMAL,-86.5268127945004,36.232691655729596
PACE ANALYTICAL,9503,MT. JULIET,Mt. Juliet,3227.797375959094,NORMAL,-86.52762116532212,36.232536709989986
PACE ANALYTICAL,9503,MT. JULIET,Mt. Juliet,3235.381190240187,NORMAL,-86.5281342195252,36.23245458598121
PACE ANALYTICAL,9503,MT. JULIET,Mt. Juliet,3136.6332587928155,NORMAL,-86.5271244456382,36.231755561301796
PACE ANALYTICAL,9503,MT. JULIET,Mt. Juliet,3011.1625435754772,NORMAL,-86.5278593136618,36.23161404940488
PACE ANALYTICAL,9503,MT. JULIET,Mt. Juliet,2958.0716974149627,NORMAL,-86.528350669136,36.231589248698995
J&K ENGINES,9503,MT. JULIET,Mt. Juliet,2627.6258983202697,NORMAL,-86.5276117412074,36.23421664977489
YOUNG PERFORMANCE MARINE,9503,MT. JULIET,Mt. Juliet,2787.1308090753982,NORMAL,-86.5276355223819,36.233765393276904
CLASSIC AUTO PAINTING,9503,MT. JULIET,Mt. Juliet,3330.7510136665196,NORMAL,-86.5250868675579,36.2314878368526
C&D GRAPHICS,9503,MT. JULIET,Mt. Juliet,3387.2593254696944,NORMAL,-86.5255286876679,36.23188662076849
PSYCHIC READINGS,9503,MT. JULIET,Mt. Juliet,3268.2354133233716,NORMAL,-86.5237816506281,36.2307076157227
GREEN HILL CHURCH OF CHRIST,9503,MT. JULIET,Mt. Juliet,2840.0690432378888,NORMAL,-86.5220425114196,36.2306695803941
ATTIC TRINKETS & TREASURES,9503,MT. JULIET,Mt. Juliet,3150.3624846866846,NORMAL,-86.523345697797,36.23074241212561
RE:MOVE TRAINING,9503,MT. JULIET,Mt. Juliet,2503.6482202448597,NORMAL,-86.5205255661753,36.230591432873204
COUNTY LINE MOTORS,9503,MT. JULIET,Mt. Juliet,2227.6031955562357,NORMAL,-86.5194040913442,36.2307322406562
LA CARRETA MEXICAN,9503,MT. JULIET,Mt. Juliet,2172.5692885240364,NORMAL,-86.5190732602282,36.23068725893741
MT JULIET WINE & SPIRITS,9503,MT. JULIET,Mt. Juliet,1698.4558232616462,NORMAL,-86.5156668086796,36.23061078959039
SMILEY THAI & SUSHI,9503,MT. JULIET,Mt. Juliet,1693.3910161951922,NORMAL,-86.5158293431464,36.23066415722198
NAILS PRO,9503,MT. JULIET,Mt. Juliet,1678.0249273527081,NORMAL,-86.515494332741,36.2306319775129
JADY K BEAUTIQUE,9503,MT. JULIET,Mt. Juliet,1662.3227101708194,NORMAL,-86.5153369641811,36.23064633785919
NOVA NUTRITION,9503,MT. JULIET,Mt. Juliet,1650.76999445086,NORMAL,-86.51519656058801,36.23065504608971
AMERICA'S HOME PLACE,9503,MT. JULIET,Mt. Juliet,2119.9666033409508,NORMAL,-86.5133264668161,36.22931729078989
MT JULIET DENTAL,9503,MT. JULIET,Mt. Juliet,2197.5243902502534,NORMAL,-86.5133596423731,36.2291001580844
F & M BANK,9503,MT. JULIET,Mt. Juliet,2435.124470349536,NORMAL,-86.5134461322049,36.22843827617549
CORNER PUB BETWEEN THE LAKES,9503,MT. JULIET,Mt. Juliet,2333.4926704209006,NORMAL,-86.5145041765364,36.2287026240442
PAPA JOHNS,9503,MT. JULIET,Mt. Juliet,2408.7781356358446,NORMAL,-86.5145275612298,36.22849650162511
CHINA MOON,9503,MT. JULIET,Mt. Juliet,1966.1531047689825,NORMAL,-86.5160642806072,36.229938785590704
NATURAL NAILS,9503,MT. JULIET,Mt. Juliet,1984.9089373377224,NORMAL,-86.5160679740196,36.2298858518854
THE VAPE PLACE,9503,MT. JULIET,Mt. Juliet,2004.209690169673,NORMAL,-86.5160718423807,36.22983142768708
HEADS UP,9503,MT. JULIET,Mt. Juliet,2024.9356522254054,NORMAL,-86.5160758770524,36.22977298956929
TENNESSEE HYDRATION,9503,MT. JULIET,Mt. Juliet,2378.680205371866,NORMAL,-86.516327263881,36.22882027205451
CENTENNIAL ADULTCARE,9503,MT. JULIET,Mt. Juliet,2408.7247219338196,NORMAL,-86.5162200923691,36.22871078187411
FITNESS 1440,9503,MT. JULIET,Mt. Juliet,2776.613931292242,NORMAL,-86.5147186725994,36.22749326548572
NOTHING BUNDT CAKES,9503,MT. JULIET,Mt. Juliet,2730.133372140526,NORMAL,-86.5146968384424,36.22762008332121
LOCKS & LASHES,9503,MT. JULIET,Mt. Juliet,2672.217544338751,NORMAL,-86.5146646602048,36.22777787568852
FIRST BANK,9503,MT. JULIET,Mt. Juliet,2636.444412855338,NORMAL,-86.5146536404947,36.22787578349871
CATCH 22,9503,MT. JULIET,Mt. Juliet,3539.8844564748297,NORMAL,-86.5150795186882,36.2254122852591
HAMMER & STAIN,9503,MT. JULIET,Mt. Juliet,4571.725097452055,NORMAL,-86.5155815059861,36.219518101254295
WEST WILSON WALK IN CLINIC,9503,MT. JULIET,Mt. Juliet,4476.85735925885,NORMAL,-86.5158400156239,36.21894856759291
THE SUGAR PEA,9503,MT. JULIET,Mt. Juliet,4434.450998111707,NORMAL,-86.5158467413715,36.21765440798521
PUNCH EMBROIDERY,9503,MT. JULIET,Mt. Juliet,4388.7783563941875,NORMAL,-86.5159969423333,36.2176054797294
P&G,9503,MT. JULIET,Mt. Juliet,1147.676996952678,NORMAL,-86.5373231646217,36.228260403216495
UNIVERSAL GYMNASTICS,9503,MT. JULIET,Mt. Juliet,1020.6977770544216,NORMAL,-86.5369100617169,36.229406815335395
W.A. WRIGHT ELEMENTARY,9503,MT. JULIET,Mt. Juliet,928.7607982631779,WATCH,-86.5363360609582,36.23341895020812
DOG TRAINING,9503,MT. JULIET,Mt. Juliet,780.9589039109288,WATCH,-86.5377177155504,36.22955185854
DUKES EXTERIORS,9503,MT. JULIET,Mt. Juliet,725.5797888588759,WATCH,-86.537910665496,36.2295772291003
EAST COAST METAL,9503,MT. JULIET,Mt. Juliet,1032.5810919712005,NORMAL,-86.5381449873946,36.22810969863271
UNIVERSAL GYMNASTICS,9503,MT. JULIET,Mt. Juliet,937.4268148312284,WATCH,-86.5381117755821,36.22845600144581
ST STEPHEN CATHOLIC,9503,MT. JULIET,Mt. Juliet,256.097854068476,WATCH,-86.5697536031651,36.21851214277209
WALK IN CLINIC,9503,MT. JULIET,Mt. Juliet,3187.414635464106,NORMAL,-86.5148639558391,36.226370151280705
NGUYEN ORAL SURGERY,9503,MT. JULIET,Mt. Juliet,4323.270029791691,NORMAL,-86.5160402463668,36.215915982008106
BILL EASLEY & ASSOC.,9503,MT. JULIET,Mt. Juliet,3756.308173766718,NORMAL,-86.5173323501708,36.2084866963605
THE IDEAL WEIGH,9503,MT. JULIET,Mt. Juliet,3751.7059242290707,NORMAL,-86.51733766082921,36.20835361687711
FIRST COMMUNITY MORTGAGE,9503,MT. JULIET,Mt. Juliet,3746.4358927979874,NORMAL,-86.5173418003176,36.2081761886567
RISE FITNESS,9503,MT. JULIET,Mt. Juliet,3640.985423139279,NORMAL,-86.5176520122601,36.20755821649559
SALON GALLERIA,9503,MT. JULIET,Mt. Juliet,3887.57208681417,NORMAL,-86.5168574511104,36.2081114976921
MOBILITY PLUS,9503,MT. JULIET,Mt. Juliet,3835.872024063317,NORMAL,-86.5170117340738,36.20783676940209
MID. TN ELECTRIC,9503,MT. JULIET,Mt. Juliet,3830.3239307712865,NORMAL,-86.517024576719,36.2077593923094
US COMMUNITY CREDIT UNION,9503,MT. JULIET,Mt. Juliet,3773.565536659018,NORMAL,-86.5172010897296,36.20754981583309
RMA,9503,MT. JULIET,Mt. Juliet,4002.3486358496034,NORMAL,-86.5158613343775,36.2079495678434
MT JULIET LIBRARY,9503,MT. JULIET,Mt. Juliet,4111.922229892063,NORMAL,-86.5158166597385,36.208319172549984
SIMPLY SMILES,9503,MT. JULIET,Mt. Juliet,3880.16906951988,NORMAL,-86.5169047431719,36.20839715046161
SWEET BISCUIT,9503,MT. JULIET,Mt. Juliet,3740.2678422048207,NORMAL,-86.5172631823641,36.206892211352724
COLDWELL BANKER BARNES,9503,MT. JULIET,Mt. Juliet,3616.0594918026886,NORMAL,-86.5176593831873,36.20656165367709
NASHVILLE GEEK,9503,MT. JULIET,Mt. Juliet,3600.8543708762863,NORMAL,-86.5177115117138,36.206567962414205
RRC WASTE,9503,MT. JULIET,Mt. Juliet,3279.901487561277,NORMAL,-86.5188222707742,36.20683543107171
CHARIS HEALTH CENTER ,9503,MT. JULIET,Mt. Juliet,3239.774236483142,NORMAL,-86.518961192428,36.2068694905336
CEDAR RECOVERY,9503,MT. JULIET,Mt. Juliet,3097.028503812693,NORMAL,-86.5194268078758,36.20662227666709
NEUHAUS FOOT & ANKLE,9503,MT. JULIET,Mt. Juliet,3258.814707334732,NORMAL,-86.518876204288,36.206607475073596
BODIFORD INSURANCE,9503,MT. JULIET,Mt. Juliet,3341.919552244808,NORMAL,-86.5185905093934,36.20656291916439
FRONT PORCH REALTY,9503,MT. JULIET,Mt. Juliet,3300.6870367842785,NORMAL,-86.5187324925706,36.20658806236251
BRANCHES,9503,MT. JULIET,Mt. Juliet,3493.231618293677,NORMAL,-86.5180591958343,36.20633816395802
CONNICO,9503,MT. JULIET,Mt. Juliet,3520.0432869557635,NORMAL,-86.5179710644203,36.20637588682021
ONE MAIN FINANCIAL,9501,LEBANON,Lebanon,6982.755704540941,NORMAL,-86.2925801355058,36.20080699882562
615 PIZZA CO,9501,LEBANON,Lebanon,6995.129796293523,NORMAL,-86.2925972968878,36.200739312283524
T-MOBILE,9501,LEBANON,Lebanon,7009.453058136485,NORMAL,-86.2926084153363,36.2006401340771
HEAD'S UP ,9501,LEBANON,Lebanon,7023.779755482396,NORMAL,-86.2926257131359,36.20055729742191
REALTOR,9503,MT. JULIET,Mt. Juliet,3596.6723076800827,NORMAL,-86.5177016993688,36.206258286020606
BELLA WIGS & BOUTIQUE,9503,MT. JULIET,Mt. Juliet,3561.4698765127255,NORMAL,-86.5178045039981,36.20599857744281
CARRIER SERVICES,9503,MT. JULIET,Mt. Juliet,3377.4205376447653,NORMAL,-86.5184253772956,36.205309319454415
ALL WAYS CARING,9503,MT. JULIET,Mt. Juliet,3434.596033657922,NORMAL,-86.5182299523622,36.2053500671367
SKIN SOLUTIONS,9503,MT. JULIET,Mt. Juliet,3465.75975867738,NORMAL,-86.5181244417461,36.20534551168181
FABRICAORS CAD,9503,MT. JULIET,Mt. Juliet,3411.2897596224598,NORMAL,-86.5183085858093,36.2053615332378
BODY SHOP CHIROPRACTIC,9503,MT. JULIET,Mt. Juliet,3385.775007023853,NORMAL,-86.5183947208511,36.20537296708483
CORE MASSAGE & WELLNESS,9503,MT. JULIET,Mt. Juliet,3327.525946631536,NORMAL,-86.518593624524,36.2053334596284
BOSS FISHER,9503,MT. JULIET,Mt. Juliet,3176.393143778242,NORMAL,-86.51910331983221,36.20541590451181
CLEANING AUTHORITY,9503,MT. JULIET,Mt. Juliet,3180.270925162835,NORMAL,-86.5190887123891,36.2054767723873
CPA,9503,MT. JULIET,Mt. Juliet,3135.481267618692,NORMAL,-86.5192487589627,36.20525002994519
RX PREFERRED,9503,MT. JULIET,Mt. Juliet,3157.743489283598,NORMAL,-86.5191792467258,36.20514874698149
EDWARD JONES,9503,MT. JULIET,Mt. Juliet,3290.5078578216894,NORMAL,-86.5187342860533,36.2050672482443
FORGET THE WORLD MASSAGE,9503,MT. JULIET,Mt. Juliet,3347.80469186222,NORMAL,-86.5185433221599,36.20502055666981
FOUR STAR TITLE,9503,MT. JULIET,Mt. Juliet,3356.160834326563,NORMAL,-86.5185201172894,36.204958955387596
COTTAGE REALTY,9503,MT. JULIET,Mt. Juliet,3399.953047675638,NORMAL,-86.5183728881865,36.204941107494804
CUMBERLAND INSURANCE,9503,MT. JULIET,Mt. Juliet,3326.1933981269526,NORMAL,-86.5186144766867,36.20504916298991
PARRISH REAL ESTATE,9503,MT. JULIET,Mt. Juliet,3319.7647553925876,NORMAL,-86.5186644259726,36.20475840561019
NASHVILLE PAIN CENTER,9503,MT. JULIET,Mt. Juliet,3076.814510626865,NORMAL,-86.5194757207423,36.204897944695105
LEGENDS TITLE SERVICE,9503,MT. JULIET,Mt. Juliet,3075.0793351602906,NORMAL,-86.5194863237323,36.20485461956858
A IS DOWNSTAIRS IN THE FRONT. B IS UPSTAIRS. C IS DOWNSTAIRS IN THE BACK.,9500,(Unincorporated),Unincorporated,1518.0603611598967,NORMAL,-86.471214206612,36.217501911403815
PARRISH & ASSOCIATES,9503,MT. JULIET,Mt. Juliet,3073.3479038932796,NORMAL,-86.5194984743858,36.20480055757769
CHRISTOFFERSEN LAW,9503,MT. JULIET,Mt. Juliet,3079.604649329284,NORMAL,-86.5194597843301,36.20496213582
CALDWELL PROFESSIONAL BUILDING,9503,MT. JULIET,Mt. Juliet,3088.933814094405,NORMAL,-86.5188243235083,36.202979563134306
MARCOS'S PIZZA,9503,MT. JULIET,Mt. Juliet,2558.8013961962206,NORMAL,-86.518260797621,36.201429384645195
DIGICHART,9503,MT. JULIET,Mt. Juliet,2476.0984261627705,NORMAL,-86.5180087719749,36.20131171452229
MAIN STREET TITLE,9503,MT. JULIET,Mt. Juliet,2461.306597862332,NORMAL,-86.5180165977199,36.201248491107904
BASKIN ROBBINS,9503,MT. JULIET,Mt. Juliet,2517.4145158198685,NORMAL,-86.5181956596871,36.2013214049334
REFINE BARBER SHOP,9503,MT. JULIET,Mt. Juliet,2494.613322466787,NORMAL,-86.5181819484237,36.20124352777152
TEAM WILSON REAL ESTATE,9503,MT. JULIET,Mt. Juliet,2437.763270369506,NORMAL,-86.5180479004561,36.201131275265304
JERSEY MIKES,9503,MT. JULIET,Mt. Juliet,2481.07172714628,NORMAL,-86.5182251623772,36.20115388300373
PET SUPPLIES PLUS,9503,MT. JULIET,Mt. Juliet,1024.4873059838587,NORMAL,-86.5153821135898,36.232482954287704
HAMPTON CHASE TOWNHOMES,9501,LEBANON,Lebanon,135.5060911831929,HIGH,-86.4129513726339,36.19294593638159
RIVER OAKS TOWNHOMES,9501,LEBANON,Lebanon,1043.4732197902833,NORMAL,-86.386663871882,36.232202311929804
S MAPLE APARTMENTS,9501,LEBANON,Lebanon,7527.096011563992,NORMAL,-86.2947439741307,36.20125191994451
PUBLIX,9500,(Unincorporated),Lebanon,612.5426189421682,WATCH,-86.4090112646983,36.1933845124661
GARAGE/SHOP BELONGING TO 1020 MISTY LAKE DR,9500,(Unincorporated),Unincorporated,2258.4149548706114,NORMAL,-86.289927528376,36.31777604393721
SUBWAY,9501,LEBANON,Lebanon,1054.3377920277333,NORMAL,-86.4126870619015,36.1878591050301
CLUBHOUSE,9503,MT. JULIET,Mt. Juliet,586.1941348267732,WATCH,-86.523824958012,36.1653936373161
BUILDING 1,9503,MT. JULIET,Mt. Juliet,828.2290236105626,WATCH,-86.5242523242346,36.1659831553826
BUILDING 4,9503,MT. JULIET,Mt. Juliet,692.7957632107144,WATCH,-86.5230860705549,36.1657259129152
BUILDING 5,9503,MT. JULIET,Mt. Juliet,455.28161331090604,WATCH,-86.5225814397476,36.1650127272325
BUILDING 2,9503,MT. JULIET,Mt. Juliet,516.0422121193111,WATCH,-86.5240525683117,36.16512557720859
BUILDING 3,9503,MT. JULIET,Mt. Juliet,543.3031998839245,WATCH,-86.523430432031,36.165323811955304
BUILDING 6,9503,MT. JULIET,Mt. Juliet,271.6828820034158,WATCH,-86.5227782016908,36.16452542264031
BUILDING 7,9503,MT. JULIET,Mt. Juliet,173.43194238483733,HIGH,-86.523382562506,36.164308191440924
BUILDING 8,9503,MT. JULIET,Mt. Juliet,281.7675778614987,WATCH,-86.5240357357043,36.164357818280884
ENCLAVE @ PROVIDENCE,9503,MT. JULIET,Mt. Juliet,854.7819480564664,WATCH,-86.5234434306998,36.1661798164575
"APT #S ARE BUILDING #, FLOOR #, THEN UNIT #",9503,MT. JULIET,Mt. Juliet,219.9186415303151,HIGH,-86.5241149623778,36.16366356383101
ANDERSON AVE TOWNHOMES,9501,LEBANON,Lebanon,5912.722565091383,NORMAL,-86.2893057502884,36.20218279354142
HIBBETT STATION TOWNHOMES,9503,MT. JULIET,Mt. Juliet,993.4222964096705,WATCH,-86.5039463676149,36.20456241420992
AMENITY CENTER,9503,MT. JULIET,Mt. Juliet,783.7895988719425,WATCH,-86.5024775507949,36.203996244970405
MAIL KIOSK,9503,MT. JULIET,Mt. Juliet,807.7997414174602,WATCH,-86.5026359192216,36.204061674914485
PLAYGROUND,9503,MT. JULIET,Mt. Juliet,809.2998036085896,WATCH,-86.5028984231477,36.204064924159404
(B)UPSTAIRS-CHAPMAN TEAM PROPERTIES,9501,LEBANON,Lebanon,5493.854886233874,NORMAL,-86.2901354426593,36.2077340164469
CENTRAL LOGISTICS PARK EAST,9501,LEBANON,Lebanon,573.8828971674149,WATCH,-86.395913510686,36.12671161810832
DETATCHED SHOP/APARTMENT,9500,(Unincorporated),Unincorporated,4300.680502392925,NORMAL,-86.1356102999049,36.23395529855771
BUILDING #2,9501,LEBANON,Lebanon,2301.0692060399797,NORMAL,-86.2802497912927,36.21131231783601
BUILDING #3,9501,LEBANON,Lebanon,2214.436260167475,NORMAL,-86.280033372319,36.211520272835294
BUILDING #1,9501,LEBANON,Lebanon,2097.165068270521,NORMAL,-86.2793449200362,36.21104257992052
BUILDING #6,9501,LEBANON,Lebanon,1957.3686223931563,NORMAL,-86.2790674681693,36.211466711574936
BUILDING #8,9501,LEBANON,Lebanon,1814.2855745920176,NORMAL,-86.2783408088426,36.21116793916692
BUILDING #7,9501,LEBANON,Lebanon,1681.8228189360493,NORMAL,-86.2782371604697,36.211817719869295
BUILDING #4,9501,LEBANON,Lebanon,2117.5487551190076,NORMAL,-86.2799153408908,36.21209283012891
BUILDING #5,9501,LEBANON,Lebanon,1914.5676900037877,NORMAL,-86.2793091763281,36.21242329701109
IRONWOOD MAILBOXES,9501,LEBANON,Lebanon,1946.3532681392246,NORMAL,-86.2793258031867,36.212131394391925
IRONWOOD POOL,9501,LEBANON,Lebanon,1918.9144145205305,NORMAL,-86.2791877135449,36.2120229790865
IRONWOOD CLUBHOUSE,9501,LEBANON,Lebanon,1884.8292734565716,NORMAL,-86.2791068694602,36.2121276079962
BUILDING #3,9501,LEBANON,Lebanon,210.97586265628533,HIGH,-86.4357878582423,36.23586581420061
BUILDING #4,9501,LEBANON,Lebanon,321.4130908681485,WATCH,-86.4362189062118,36.2363981364174
BUILDING #5,9501,LEBANON,Lebanon,204.3617271853154,HIGH,-86.4358222185164,36.2364136174715
BUILDING #6,9501,LEBANON,Lebanon,324.4481642136018,WATCH,-86.4363047205202,36.237125266361105
BUILDING #7,9501,LEBANON,Lebanon,210.20883672549272,HIGH,-86.4359181238472,36.23714581404091
BUILDING #8,9501,LEBANON,Lebanon,245.04792435582164,HIGH,-86.4361075150835,36.2378282124728
BUILDING #11,9501,LEBANON,Lebanon,335.02765127111223,WATCH,-86.4377061559977,36.2363920972266
BUILDING #12,9501,LEBANON,Lebanon,164.66999865979582,HIGH,-86.4382702890177,36.23613609293419
LIMESTONE TRAIL APARTMENTS,9501,LEBANON,Lebanon,999.4313168396485,WATCH,-86.3224417246788,36.23459536770132
COMFORT SUITES ,9503,MT. JULIET,Mt. Juliet,2134.305077830551,NORMAL,-86.512030532408,36.17269695955171
EV CHARGING STATION,9503,MT. JULIET,Mt. Juliet,2080.5296766115885,NORMAL,-86.5119715444492,36.173119397200104
PROPOSED BLUE HICKORY MIXED USE HOUSING,9501,LEBANON,Lebanon,5695.1957691266125,NORMAL,-86.3294823927804,36.20612142927921
BYARS DOWDY ELEMENTARY SCHOOL,9501,LEBANON,Lebanon,8747.48096522022,NORMAL,-86.3186407885309,36.204817176993
MCMILLEN AMENITY CENTER,9501,LEBANON,Lebanon,1423.263276540533,NORMAL,-86.351318745563,36.22694713822761
POOL,9501,LEBANON,Lebanon,1429.672269869437,NORMAL,-86.3510295335201,36.22703382129331
1ST FLOOR- APTS 901-904,9501,LEBANON,Lebanon,2608.2225847488876,NORMAL,-86.3858500475425,36.23665203449081
2ND FLOOR- APTS 905-910,9501,LEBANON,Lebanon,2592.6670224950262,NORMAL,-86.3857499564133,36.236611950210595
3RD FLOOR- APTS 911-916,9501,LEBANON,Lebanon,2577.909754816574,NORMAL,-86.3856163872425,36.2365735435582
BLDG B-9,9501,LEBANON,Lebanon,2603.6026106642307,NORMAL,-86.3857382338375,36.23664225273452
1ST FLOOR- APTS 1001-1004,9501,LEBANON,Lebanon,2739.0698588708387,NORMAL,-86.3856277813072,36.23701615870289
2ND FLOOR- APTS 1005-1010,9501,LEBANON,Lebanon,2728.8241191714096,NORMAL,-86.3855336045397,36.23698859597581
3RD FLOOR- APTS 1011-1016,9501,LEBANON,Lebanon,2708.7217520226272,NORMAL,-86.3854029922735,36.23693289677501
BLDG B-10,9501,LEBANON,Lebanon,2742.6890938103934,NORMAL,-86.3854738273895,36.237026650084296
1ST FLOOR- APTS 1101-1104,9501,LEBANON,Lebanon,2627.9222706956675,NORMAL,-86.3867856796683,36.2366370714626
2ND FLOOR- APTS 1105-1110,9501,LEBANON,Lebanon,2615.7764086899488,NORMAL,-86.3867055490246,36.236612492805506
3RD FLOOR- APTS 1111-1116,9501,LEBANON,Lebanon,2601.7275378745376,NORMAL,-86.386628164402,36.23658183822891
BLDG B-11,9501,LEBANON,Lebanon,2610.803613031985,NORMAL,-86.3867465059636,36.236594104583396
1ST FLOOR- APTS 1201-1204,9501,LEBANON,Lebanon,2756.532602672948,NORMAL,-86.3862714909313,36.237039552920805
2ND FLOOR- APTS 1205-1210,9501,LEBANON,Lebanon,2727.252641504459,NORMAL,-86.3863179438308,36.2369556459116
3RD FLOOR- APTS 1211-1216,9501,LEBANON,Lebanon,2698.05428740364,NORMAL,-86.386357022354,36.23687225273568
BLDG B-12,9501,LEBANON,Lebanon,2736.9871781947086,NORMAL,-86.3863968512421,36.23697662562092
1ST FLOOR- APTS 801-804,9501,LEBANON,Lebanon,2503.5357449337457,NORMAL,-86.3859718661104,36.236359576644006
3RD FLOOR- APTS 811-816,9501,LEBANON,Lebanon,2477.814791492923,NORMAL,-86.385781721866,36.2362955514132
2ND FLOOR- APTS 805-810,9501,LEBANON,Lebanon,2493.564905430555,NORMAL,-86.3858890262115,36.2363354891601
THERMOFISHER SCIENTIFIC CORPORATION,9500,(Unincorporated),Unincorporated,4319.224407544624,NORMAL,-86.396992011566,36.0481624026476
 CLUBHOUSE,9503,MT. JULIET,Mt. Juliet,1990.1171487900058,NORMAL,-86.5322566360002,36.235677514988915
BUILDING #1,9503,MT. JULIET,Mt. Juliet,1837.5791204694626,NORMAL,-86.5327515917936,36.23627253824851
BUILDING #2,9503,MT. JULIET,Mt. Juliet,1686.599670324517,NORMAL,-86.5333452998792,36.236932100777416
BUILDING #3,9503,MT. JULIET,Mt. Juliet,1374.8955095314438,NORMAL,-86.5345550837842,36.2373297385962
BUILDING #4,9503,MT. JULIET,Mt. Juliet,1281.4056198642659,NORMAL,-86.5350945797337,36.237716504725114
BUILDING #5,9503,MT. JULIET,Mt. Juliet,1170.001666833819,NORMAL,-86.5355421799224,36.23774504258161
BUILDING #6,9503,MT. JULIET,Mt. Juliet,1112.9690898100205,NORMAL,-86.53542285731,36.23716184010371
BUILDING #7,9503,MT. JULIET,Mt. Juliet,1248.4458091249312,NORMAL,-86.5348777280019,36.23698684663
BUILDING #8,9503,MT. JULIET,Mt. Juliet,1111.7365742375493,NORMAL,-86.5352615774882,36.23664177466801
BUILDING #9,9503,MT. JULIET,Mt. Juliet,1249.3953257708845,NORMAL,-86.5347735043614,36.236546647787
BUILDING #10,9503,MT. JULIET,Mt. Juliet,1448.5000801319172,NORMAL,-86.5340695388961,36.23621211300039
BUILDING #11,9503,MT. JULIET,Mt. Juliet,1500.749080265105,NORMAL,-86.5338920792725,36.23608508679971
BUILDING #12,9503,MT. JULIET,Mt. Juliet,1671.6789908436347,NORMAL,-86.5333362457741,36.2357174637896
FUTURE WEMA STATION 3,9503,MT. JULIET,Mt. Juliet,178.9036828358978,HIGH,-86.5024131934428,36.2023348485449
KENSINGTON SUBD/TOWNHOMES,9501,LEBANON,Lebanon,1582.0522758041548,NORMAL,-86.3951266472861,36.2351304268091
STONEHAVEN VILLAS,9501,LEBANON,Lebanon,1899.7087392836222,NORMAL,-86.394070614847,36.235344713694396
BEXLEY APARTMENTS,9503,MT. JULIET,Mt. Juliet,2003.3000934018655,NORMAL,-86.5319585859037,36.23600169295271
"APTS ARE BUILDING, FLOOR, AND UNIT",9503,MT. JULIET,Mt. Juliet,2019.953172629454,NORMAL,-86.5319741816329,36.23595727174482
CLUBHOUSE/POOL,9501,LEBANON,Lebanon,625.7600053260607,WATCH,-86.4230960466596,36.22074506875061
QUALITY INN,9501,LEBANON,Lebanon,65.71027150346316,HIGH,-86.4079596513926,36.18958467516119
VITALITY PROVIDENCE CENTRAL SENIOR LIVING,9503,MT. JULIET,Mt. Juliet,589.3208914582398,WATCH,-86.5254806183614,36.1630676079887
BEING DEMOLISHED,9503,MT. JULIET,Mt. Juliet,1239.4882902929191,NORMAL,-86.5194121729027,36.1668376526145
CONSTRUCTION TRAILER,9503,MT. JULIET,Mt. Juliet,890.707195815625,WATCH,-86.51927635110252,36.16585579469039
NEW TOWN TOWNHOMES,9502,WATERTOWN,Watertown,738.9714595645734,WATCH,-86.1466436345926,36.10150179068762
HICKMAN LABEL 2 COMPANY,9501,LEBANON,Lebanon,263.89482349948224,WATCH,-86.418189817462,36.224135041973206
C IS UPSTAIRS,9501,LEBANON,Lebanon,8398.341707824853,NORMAL,-86.298150280124,36.20184379934361
SMILES NAIL SALON,9501,LEBANON,Lebanon,1891.351080690115,NORMAL,-86.2904618506962,36.22775924543523
PEYTON PARK APARTMENTS,9501,LEBANON,Lebanon,178.2122761308164,HIGH,-86.2662847991513,36.19260572578452
OFFICE,9501,LEBANON,Lebanon,188.32648512604698,HIGH,-86.2665114018256,36.19274440205751
"WCSO FOR POLICE, SMITH COUNTY SERVICE FOR EVERYTHING ELSE",9500,(Unincorporated),Unincorporated,1126.7681813226698,NORMAL,-86.1135575748902,36.22387717338991
"SHAGGYS TAVERN AND HOOKAH BAR, SUITE C & D",9501,LEBANON,Lebanon,3933.82201715797,NORMAL,-86.3236435992616,36.1845320140557
SPORTS WORLD,9501,LEBANON,Lebanon,5819.344881813394,NORMAL,-86.3039716853295,36.21620235449831
MYSA NAILS & SPA,9501,LEBANON,Lebanon,6371.529973204936,NORMAL,-86.3315117638299,36.21498699313079
SUITE A - HENDRICK COUNSELING,9501,LEBANON,Lebanon,3910.901580435963,NORMAL,-86.2832534701535,36.20472724745452
OPEN SPACE,9501,LEBANON,Lebanon,469.90018260762986,WATCH,-86.3856221136172,36.2307803001864
CHIPOTLE,9501,LEBANON,Lebanon,6306.603010991626,NORMAL,-86.2952495419837,36.19160909473221
NO RESIDENCE HERE,9500,(Unincorporated),Unincorporated,12456.796757534046,NORMAL,-86.279786479086,36.1237679466572
APEX TINT & CUSTOMS,9503,MT. JULIET,Mt. Juliet,1705.80611185388,NORMAL,-86.5185274477937,36.23207020659311
QUIKTRIP,9501,LEBANON,Lebanon,909.6037663536097,WATCH,-86.2662744189645,36.18524082738112
THE GOAT RESTAURANT,9503,MT. JULIET,Mt. Juliet,2727.8967219241463,NORMAL,-86.5077375906015,36.162632005121324
THE CHRISTMAS PLACE,9503,MT. JULIET,Mt. Juliet,2865.9561067499535,NORMAL,-86.5192530127733,36.201811532279116
DUNKIN,9503,MT. JULIET,Mt. Juliet,2681.3409340889884,NORMAL,-86.51898935441781,36.2012914545766
JEREMIAH'S ICE,9503,MT. JULIET,Mt. Juliet,2694.801251746429,NORMAL,-86.5189733427362,36.201362106146284
BARN,9500,(Unincorporated),Unincorporated,2217.431208016859,NORMAL,-86.4511226199287,36.23910234490079
119-120 DOWNSTAIRS- KELLER WILLIAMS/SALLIS REALTY GROUP,9501,LEBANON,Lebanon,5792.755307871509,NORMAL,-86.2915522889103,36.2084345029531
121 UPSTAIRS- KELLER WILLIAMS/SALLIS REALTY GROUP,9501,LEBANON,Lebanon,5807.494096112402,NORMAL,-86.2915752197102,36.2083646226932
PLATINUM NAIL STUDIO,9501,LEBANON,Lebanon,5826.600135291947,NORMAL,-86.2915958892267,36.20825439964579
DREAMS BOUTIQUE,9501,LEBANON,Lebanon,5840.748419048218,NORMAL,-86.2916049163561,36.20815986454561
VASEK & ROBBINS,9501,LEBANON,Lebanon,5882.97928749216,NORMAL,-86.2917915301908,36.2082380788883
ASANTE MASTERS,9501,LEBANON,Lebanon,5924.351843703542,NORMAL,-86.2919430495915,36.208244619741315
CAPITOL THEATER,9501,LEBANON,Lebanon,6029.661526208147,NORMAL,-86.2921585409455,36.20787602653142
CHARLIE'S SHOE AND BOOT REPAIR,9501,LEBANON,Lebanon,6006.489396947967,NORMAL,-86.2920732270606,36.20787268203921
LUCKY PEARL DESIGNS-106 2ND FLOOR,9501,LEBANON,Lebanon,5985.80184143245,NORMAL,-86.292010300957,36.20789858517501
BLOOM YOGA STUDIO- 104 2ND FLOOR,9501,LEBANON,Lebanon,5975.788211460156,NORMAL,-86.2919746002039,36.2078997052121
ASHLEY JACKSON ATTORNEY-104 2ND FLOOR,9501,LEBANON,Lebanon,5976.757172506531,NORMAL,-86.29197475016,36.207892408459
JOHN FOUTCH CPA,9501,LEBANON,Lebanon,5955.34435929052,NORMAL,-86.2919143249257,36.207929462774906
IDDY & OSCARS,9501,LEBANON,Lebanon,5934.66925228998,NORMAL,-86.2916902140996,36.207615060861606
MAIN STREET MERCANTILE AND CREAMERY,9501,LEBANON,Lebanon,5893.955324758804,NORMAL,-86.2916602011952,36.2078610161345
URBAN MILLS PROMOTIONS AND BOUTIQUE,9501,LEBANON,Lebanon,5882.9547932092555,NORMAL,-86.2916516219283,36.207927922837406
THE WELLNESS BARRE,9501,LEBANON,Lebanon,5910.5496956701645,NORMAL,-86.2916760336683,36.20776730002591
POPPIE'S BOUTIQUE,9501,LEBANON,Lebanon,5919.968910910152,NORMAL,-86.2916781484496,36.2077003755866
HUBNER GROUP,9501,LEBANON,Lebanon,5966.441511960812,NORMAL,-86.2914784345572,36.20698116736159
FLEMING HOMES,9501,LEBANON,Lebanon,5945.034352383916,NORMAL,-86.2913943885198,36.206972740876225
SQUARE MARKET,9501,LEBANON,Lebanon,5846.33854249328,NORMAL,-86.2910211302957,36.206961524778905
MARK PODY OFFICE,9501,LEBANON,Lebanon,5829.91085205623,NORMAL,-86.2910028745988,36.20703811149491
HARPER'S BOOKS,9501,LEBANON,Lebanon,5786.515968845468,NORMAL,-86.29094520487561,36.207226044221414
HEALTH MARKETS,9501,LEBANON,Lebanon,5793.1715182683665,NORMAL,-86.2910233492625,36.20732563516171
MANOUS DESIGNS,9501,LEBANON,Lebanon,5687.554409575395,NORMAL,-86.2907043026657,36.20745874443693
MORRISON INDUSTRIES,9501,LEBANON,Lebanon,5697.600475319566,NORMAL,-86.2907120440949,36.20740364327437
VENUE 142,9501,LEBANON,Lebanon,5659.431520210387,NORMAL,-86.2906071046313,36.20747113963263
LOWERY & LOWERY ATTORNEYS,9501,LEBANON,Lebanon,5577.408335832064,NORMAL,-86.2904808959561,36.2078089049604
LEBANON CHAMBER OF COMME.,9501,LEBANON,Lebanon,5598.674883596292,NORMAL,-86.2905020467827,36.20769764180571
TOWN SQUARE SOCIAL,9501,LEBANON,Lebanon,5631.334705748076,NORMAL,-86.2905605056692,36.207579039356716
BARBER SHOP,9501,LEBANON,Lebanon,5532.243569934653,NORMAL,-86.2902892083676,36.207758165891185
STE A UPSTAIRS- STUDIO 1802,9501,LEBANON,Lebanon,5442.837170822061,NORMAL,-86.2899422716933,36.207724263105995
JESSY'S BOUTIQUE,9501,LEBANON,Lebanon,5459.384410230223,NORMAL,-86.2898911557881,36.207516391824115
HAIR OFF THE SQUARE,9501,LEBANON,Lebanon,5453.075952580324,NORMAL,-86.2898926001805,36.20756168077501
HOMETOWN FLOORING,9501,LEBANON,Lebanon,5531.8799641562,NORMAL,-86.2899977358875,36.207225568143606
CRV GROUP,9501,LEBANON,Lebanon,5444.370166541071,NORMAL,-86.2901232119597,36.208066525458605
BRYAN INSURANCE,9501,LEBANON,Lebanon,5414.57490312666,NORMAL,-86.2900395419031,36.208117397417205
OHIO NATIONAL FINANCIAL SERVICES,9501,LEBANON,Lebanon,5410.024539816693,NORMAL,-86.2900367018711,36.2081454226988
JERRY ESSARY COACHING,9501,LEBANON,Lebanon,5404.567268914773,NORMAL,-86.2900316642409,36.20817583702181
AUBREY GIVENS ATTORNEY,9501,LEBANON,Lebanon,5399.846642680277,NORMAL,-86.2900280880248,36.208203864070796
MAI COUNSELING,9501,LEBANON,Lebanon,5369.283089659423,NORMAL,-86.289948887051,36.20827022374971
JOHN MEADOWS ATTORNEY,9501,LEBANON,Lebanon,5388.490386656966,NORMAL,-86.2899742965885,36.20817836035291
TIMOTHY DAVIS ATTORNEY,9501,LEBANON,Lebanon,5403.213478315808,NORMAL,-86.2899857526998,36.20809248941411
ELUSIAN BOURNE PHOTOGRAPHIC IMAGING,9501,LEBANON,Lebanon,5354.83567749571,NORMAL,-86.2898966638247,36.208270945742704
POSH,9501,LEBANON,Lebanon,5371.71667142526,NORMAL,-86.2899102805904,36.208172551488104
GRIFFIN LAW OFFICE,9501,LEBANON,Lebanon,5384.551102138097,NORMAL,-86.2899158594002,36.2080890802314
SMITHS CATERING,9501,LEBANON,Lebanon,5356.142094254426,NORMAL,-86.2899826183475,36.208442425321
COACH HOUSE ANTIQUES & GIFTS,9501,LEBANON,Lebanon,5539.374436350656,NORMAL,-86.2905476126374,36.208230231747905
EM & KATE,9501,LEBANON,Lebanon,5524.607534386069,NORMAL,-86.2905244299465,36.208295336781006
REVIVE PERFORMANCE AND RECOVERY,9501,LEBANON,Lebanon,5494.959205036626,NORMAL,-86.29045932605621,36.20838696051279
WILKIE'S OUTFITTERS,9501,LEBANON,Lebanon,5565.1476521018885,NORMAL,-86.2907565116098,36.208485063840506
N CUMBERLAND GUNS & AMMO,9501,LEBANON,Lebanon,5536.594923203419,NORMAL,-86.2907429496663,36.20869097163849
JACKSON HEWITT TAX SERVICE,9501,LEBANON,Lebanon,5503.311065415242,NORMAL,-86.2907079888299,36.20889345578
BMK BUILDING GROUP,9501,LEBANON,Lebanon,5482.047094607583,NORMAL,-86.2906681060898,36.208982539598104
GREENS TV & APPLIANCES,9501,LEBANON,Lebanon,5400.896375407598,NORMAL,-86.2903476990326,36.20890700561481
NEIGHBORHOOD CONNECTIONS,9501,LEBANON,Lebanon,5358.415019483055,NORMAL,-86.2901929059081,36.2089002245887
THE SHOPS AROUND THE CORNER,9501,LEBANON,Lebanon,5239.677772722415,NORMAL,-86.2897048589275,36.208757011524845
DEMETER'S COMMON,9501,LEBANON,Lebanon,5251.1502706052015,NORMAL,-86.2897149410565,36.208687015550304
PUBLIC SQ MARKETPLACE,9501,LEBANON,Lebanon,5244.457223992182,NORMAL,-86.2897385116716,36.208794250877304
HENDERSON FLORIST,9501,LEBANON,Lebanon,6250.776118343697,NORMAL,-86.2929973750943,36.20797159787179
7 ELEVEN,9501,LEBANON,Lebanon,4096.2327796452555,NORMAL,-86.3456829821954,36.22108014821301
PUGHS,9501,LEBANON,Lebanon,3937.953610215344,NORMAL,-86.3462082982476,36.221326792485804
AMENITY CENTER,9501,LEBANON,Lebanon,1365.7420258029176,NORMAL,-86.3969482782118,36.187286918088994
DRIVE IS GOING IN BESIDE 140 AND COMING ACROSS,9500,(Unincorporated),Unincorporated,177.2000289613708,HIGH,-86.5563688028454,36.21705242304301
WILSON COUNTY CLERKS OFFICE,9503,MT. JULIET,Mt. Juliet,715.7960063352783,WATCH,-86.5081912695959,36.231608961664016
WEMA TOWER,9500,(Unincorporated),Unincorporated,2813.757821517702,NORMAL,-86.4586115409482,36.3218920322098
DOLLAR GENERAL,9500,(Unincorporated),Unincorporated,1503.4775807915187,NORMAL,-86.2649322903053,36.295498893549
Fitzroy at Lebanon Place,9501,LEBANON,Lebanon,5316.955563346584,NORMAL,-86.32149442502141,36.18916231162059
Fitzroy at Lebanon Place,9501,LEBANON,Lebanon,5147.590182883621,NORMAL,-86.32194996434562,36.18887912598221
Garage #1 has 1-4,9501,LEBANON,Lebanon,1444.8120945728585,NORMAL,-86.3970108761352,36.1810988268358
Garage #2 has 5-8,9501,LEBANON,Lebanon,1418.8093912372046,NORMAL,-86.3967813052275,36.1810697747615
Garage #3 has 9-12,9501,LEBANON,Lebanon,1368.548140971566,NORMAL,-86.3970479854539,36.1808733649152
Garage #4 has 13-16,9501,LEBANON,Lebanon,934.0446885443018,WATCH,-86.3956691470362,36.17982392297699
Garage #5 has 17-20,9501,LEBANON,Lebanon,839.9197497899723,WATCH,-86.3957149232846,36.17956624144111
Garage #6 has 21-24,9501,LEBANON,Lebanon,365.2004623711373,WATCH,-86.3959730654391,36.1782491245179
Garage #7 has 25-28,9501,LEBANON,Lebanon,304.2692012488744,WATCH,-86.3957399385122,36.17809489382602
Garage #8 has 29-32,9501,LEBANON,Lebanon,277.0074791828242,WATCH,-86.3960217859976,36.1779926263391
Garage #9 has 33-36,9501,LEBANON,Lebanon,491.0747797119757,WATCH,-86.3974348566297,36.17748484247489
Garage #10 has 37-40,9501,LEBANON,Lebanon,493.0638677140214,WATCH,-86.3975192431884,36.1773033386577
Garage #11 has 41-44,9501,LEBANON,Lebanon,834.2875783757233,WATCH,-86.3985305742662,36.1778007592067
Garage #12 has 45-48,9501,LEBANON,Lebanon,836.0702241590465,WATCH,-86.3986091358547,36.17763119643692
PARK PLACE TOWNSHIP CLUBHOUSE,9501,LEBANON,Lebanon,196.64857204032896,HIGH,-86.4351764974532,36.23407982877611
POOL,9501,LEBANON,Lebanon,208.4558467623842,HIGH,-86.4351612433916,36.23434385732569
PUTTING GREEN,9501,LEBANON,Lebanon,123.94469720552043,HIGH,-86.43552082782021,36.233899041685
THE ARK VET CLINIC,9500,(Unincorporated),Unincorporated,1260.4730480733883,NORMAL,-86.4416111362343,36.232947122145
109 LIVING,9501,LEBANON,Lebanon,737.2974066401548,WATCH,-86.3986961434813,36.1484261424475
USING 503 DRIVEWAY,9501,LEBANON,Lebanon,229.74380789634307,HIGH,-86.3682529241515,36.20713519874021
SAIGON BASIL VIATNAMESE AND THAI CUISINE,9503,MT. JULIET,Mt. Juliet,2321.978884603106,NORMAL,-86.5174396842375,36.1696212686615
AQUA BELLA DAY SPA,9503,MT. JULIET,Mt. Juliet,2363.5788347601065,NORMAL,-86.5173862861551,36.16973071038931
AQUA BELLA HAIR STUDIO,9503,MT. JULIET,Mt. Juliet,2372.003124099425,NORMAL,-86.5173003864252,36.169745493192615
STAR PHYSICAL THERAPY,9503,MT. JULIET,Mt. Juliet,2385.4388146432307,NORMAL,-86.5171801143343,36.16977403933349
USA SPORTS GRILL,9503,MT. JULIET,Mt. Juliet,2419.5983767108905,NORMAL,-86.5168588393981,36.16984552209069
GRAZE CRAZE,9503,MT. JULIET,Mt. Juliet,2455.0476434362677,NORMAL,-86.516534646784,36.169920353811115
FAYZANO'S PIZZA,9503,MT. JULIET,Mt. Juliet,2031.7361006454155,NORMAL,-86.5119904582122,36.1670471038092
BED BATH & BEYOND HOME,9503,MT. JULIET,Mt. Juliet,1957.1776682159227,NORMAL,-86.5120349289712,36.16678540683662
GNC,9503,MT. JULIET,Mt. Juliet,1903.4355740579815,NORMAL,-86.5120486960543,36.16657441478019
DIVA NAILS,9503,MT. JULIET,Mt. Juliet,2001.382038580062,NORMAL,-86.5113710095353,36.16630000945951
THE GOOD FEET STORE,9503,MT. JULIET,Mt. Juliet,1973.030239606836,NORMAL,-86.51151063099641,36.16632585877362
EUROPEAN WAX CENTER,9503,MT. JULIET,Mt. Juliet,1935.5870018879382,NORMAL,-86.511684436625,36.166344858591394
CASTLE DENTAL,9503,MT. JULIET,Mt. Juliet,1916.2898158207574,NORMAL,-86.5117841211362,36.166364286934105
VACANT,9503,MT. JULIET,Mt. Juliet,1895.692223780872,NORMAL,-86.5118792622415,36.166371873077715
LOVESAC,9503,MT. JULIET,Mt. Juliet,2329.228933068602,NORMAL,-86.5099697092809,36.166158071709205
YANKEE CANDLE,9503,MT. JULIET,Mt. Juliet,2393.667920956052,NORMAL,-86.5093983779281,36.16556803334638
HAWAII FLUID ART,9503,MT. JULIET,Mt. Juliet,2364.856877159095,NORMAL,-86.5095078355081,36.1655774670813
BATH & BODY WORKS,9503,MT. JULIET,Mt. Juliet,2308.1664361901767,NORMAL,-86.5097232527184,36.1655940517334
CLAIRE'S,9503,MT. JULIET,Mt. Juliet,2269.9977071848934,NORMAL,-86.5097696306784,36.165404494552305
BLUSH BOOT CAMP,9503,MT. JULIET,Mt. Juliet,2217.9190407205047,NORMAL,-86.509824679795,36.1651041637834
CPR-CELL PHONE REPAIR,9503,MT. JULIET,Mt. Juliet,1593.216274718563,NORMAL,-86.5122799957662,36.1653691334274
FANTASTIC SAMS,9503,MT. JULIET,Mt. Juliet,1621.7562095519693,NORMAL,-86.5122498460487,36.16548193241881
UPS,9503,MT. JULIET,Mt. Juliet,1734.0020988804915,NORMAL,-86.5119827534261,36.165718175527495
MASSAGE ENVY,9503,MT. JULIET,Mt. Juliet,1750.92895095548,NORMAL,-86.5118868647734,36.1656809062727
THE JOINT CHIROPRACTOR,9503,MT. JULIET,Mt. Juliet,1769.3429628056733,NORMAL,-86.5117936589552,36.16565323201891
CRUMBL COOKIE,9503,MT. JULIET,Mt. Juliet,1793.6289127980278,NORMAL,-86.5117002231123,36.165655893034405
HAAGEN DAZ,9503,MT. JULIET,Mt. Juliet,1831.342800817036,NORMAL,-86.5115477288113,36.1656483641898
THAI SAMURAI,9503,MT. JULIET,Mt. Juliet,1865.2068056974042,NORMAL,-86.5114149025404,36.16564607371361
BJS HOT CHICKEN,9503,MT. JULIET,Mt. Juliet,256.4511505253837,WATCH,-86.5167676952892,36.163868528471106
UPSTAIRS-BOHO BEAUTY CO,9503,MT. JULIET,Mt. Juliet,243.81204214652652,HIGH,-86.517138208765,36.1638657491201
OSCAR TACO SHOP,9503,MT. JULIET,Mt. Juliet,265.80540337877403,WATCH,-86.5170931881314,36.16392321126418
BURGER REPUBLIC,9503,MT. JULIET,Mt. Juliet,268.45080873651773,WATCH,-86.5172975238081,36.1639449498906
BANK TENNESSEE,9503,MT. JULIET,Mt. Juliet,271.65407477146465,WATCH,-86.5176726966193,36.16398030169321
MY SALON SUITE,9503,MT. JULIET,Mt. Juliet,233.54791970294946,HIGH,-86.5169909202869,36.163827035004694
UPSTAIRS-PARKS REALTY,9503,MT. JULIET,Mt. Juliet,208.539152315059,HIGH,-86.5173699984025,36.16378487223022
GOTCHA POKE BOWL,9503,MT. JULIET,Mt. Juliet,256.9699877510586,WATCH,-86.5168501181417,36.1638812905741
UPSTAIRS-RESTORATION DENTISTRY,9503,MT. JULIET,Mt. Juliet,186.30696108797815,HIGH,-86.5171062824628,36.163704927447306
UPSTAIRS-NETCO TITLE,9503,MT. JULIET,Mt. Juliet,165.11564319130065,HIGH,-86.517472190694,36.1636723596407
UPSTAIRS-JOSEPH MEDIA GROUP,9503,MT. JULIET,Mt. Juliet,218.87174423495773,HIGH,-86.5168361867239,36.16377404429168
UPSTAIRS-WHITE STORK & CO,9503,MT. JULIET,Mt. Juliet,245.835528000448,HIGH,-86.517684001048,36.163909908569586
THREE DOG BAKERY,9503,MT. JULIET,Mt. Juliet,268.15218741005884,WATCH,-86.5175152325159,36.16395951543411
UPSTAIRS- HOLMES & STAFFORD CPA,9503,MT. JULIET,Mt. Juliet,243.83016655251805,HIGH,-86.5175192083529,36.1638927308251
UPSTAIRS-SUCCESS LAB,9503,MT. JULIET,Mt. Juliet,226.80422947003743,HIGH,-86.5177160211963,36.163859694874084
UPSTAIRS-FARMERS INSURANCE,9503,MT. JULIET,Mt. Juliet,194.67819034240114,HIGH,-86.5176889649403,36.16376919800119
UPSTAIRS- JMT CONSULTING,9503,MT. JULIET,Mt. Juliet,177.11097494341976,HIGH,-86.5176989455796,36.16372146355782
FIVE BELOW,9503,MT. JULIET,Mt. Juliet,1341.570320668301,NORMAL,-86.5126152914787,36.16208318506101
SALONS BY JC,9503,MT. JULIET,Mt. Juliet,1337.9894488611508,NORMAL,-86.5127058468986,36.161898712123985
POSTAL ANNEX,9503,MT. JULIET,Mt. Juliet,1307.1078503600347,NORMAL,-86.5126443975598,36.16235537972891
ANYTIME FITNESS,9503,MT. JULIET,Mt. Juliet,1342.9109940743144,NORMAL,-86.5124871681736,36.16248089543171
DIAMOND DANCE ACADEMY,9503,MT. JULIET,Mt. Juliet,1401.837386968116,NORMAL,-86.5122869523378,36.162468137414294
SUBWAY,9503,MT. JULIET,Mt. Juliet,1425.4748248362976,NORMAL,-86.5122074986202,36.162459413437205
FARM BUREAU,9503,MT. JULIET,Mt. Juliet,1449.7364275280931,NORMAL,-86.5121282721631,36.1624404348818
"(APT #S ARE BUILDING, FLOOR, UNIT)",9501,LEBANON,Lebanon,2165.376786217371,NORMAL,-86.2801628614827,36.2123588461829
RN ENTERTAINMENT,9500,(Unincorporated),Unincorporated,14847.220565699614,NORMAL,-86.3300477916419,36.1121020791958
CARVER CREEK SUBD,9501,LEBANON,Lebanon,50.720997039598586,HIGH,-86.328888247002,36.241334847268504
ZAXBYS,9500,(Unincorporated),Lebanon,147.16934256559603,HIGH,-86.41021894952,36.1924120112863
NORTHSIDE VILLAGE TOWNHOMES,9501,LEBANON,Lebanon,1151.6293659435948,NORMAL,-86.2906693812516,36.2305249842823
COLES FERRY VILLAGE,9501,LEBANON,Lebanon,1195.1620754398637,NORMAL,-86.2903409151827,36.23002943538391
TAQUERIA EL RINCON MEXICAN RESTAURANT,9500,(Unincorporated),Unincorporated,2315.6247353946005,NORMAL,-86.5183990161179,36.127382944627094
BETWEEN THE LAKES NUTRITION,9500,(Unincorporated),Unincorporated,2324.5990893302005,NORMAL,-86.5183903575967,36.12726607641599
VACANT,9500,(Unincorporated),Unincorporated,2331.6546059795187,NORMAL,-86.5183819175552,36.1271828369595
MJ FENCE & DECK BUILDERS,9500,(Unincorporated),Unincorporated,2335.6758234707563,NORMAL,-86.51838145750071,36.12711237465261
K NAIL SPA,9500,(Unincorporated),Unincorporated,2341.789960499285,NORMAL,-86.518375033389,36.12703553270169
ZIGGY'S PIZZA & SUBS,9500,(Unincorporated),Unincorporated,2346.7250863364284,NORMAL,-86.518374468786,36.126949056312604
TIPSY THAI SPICE IT UP!,9500,(Unincorporated),Unincorporated,2352.2631036563503,NORMAL,-86.5183700198807,36.1268722058708
NASH CARDS,9500,(Unincorporated),Unincorporated,2361.0751728469363,NORMAL,-86.5184287525011,36.1263906766986
DONUT TIME,9500,(Unincorporated),Unincorporated,2366.2094356912403,NORMAL,-86.5184189479492,36.12632967272721
VAPOR CITY,9500,(Unincorporated),Unincorporated,2354.767774068242,NORMAL,-86.5184409077273,36.126451670566
Kwality Korner,9500,(Unincorporated),Unincorporated,2354.530182734861,NORMAL,-86.5185051349074,36.12602076863859
PHEONIX ROSE,9501,LEBANON,Lebanon,4329.4703387045765,NORMAL,-86.3201563814557,36.22309345156469
MAINSTREET MEDIA,9501,LEBANON,Lebanon,4348.12017275566,NORMAL,-86.3198746325202,36.22282622062419
BEAL PROPERTIES LLC,9501,LEBANON,Lebanon,4317.300595544717,NORMAL,-86.31980614994991,36.22289016766479
THE BEAUTY ROOM,9501,LEBANON,Lebanon,6033.568818799303,NORMAL,-86.3276204580631,36.2019147406438
EDWARD JONES,9501,LEBANON,Lebanon,5956.44356719082,NORMAL,-86.3278836010928,36.20168755466271
RESTORATIVE HEALTH SERVICES,9501,LEBANON,Lebanon,5937.301202978462,NORMAL,-86.3279495312287,36.201630839244686
HIRE DYNAMICS,9501,LEBANON,Lebanon,5985.464176812246,NORMAL,-86.3277842023639,36.20176545344101
BURNETT ENTERPRISES,9501,LEBANON,Lebanon,1085.7793683632653,NORMAL,-86.3075471962714,36.17334026942951
1ST HERITAGE  CREDIT,9501,LEBANON,Lebanon,1280.2154939540226,NORMAL,-86.3080289145682,36.17439443984069
VACANT,9501,LEBANON,Lebanon,1370.7851117121468,NORMAL,-86.3073615114056,36.17430028220212
ALL STAR STITCHES,9501,LEBANON,Lebanon,1374.7554858834555,NORMAL,-86.3074276224323,36.174359489523695
WOOD PERSONNEL,9501,LEBANON,Lebanon,1342.8132697205178,NORMAL,-86.3075240444343,36.174310002710996
EAGLEVIEW  ROOFING & CONTRACTING,9501,LEBANON,Lebanon,1347.4356695023982,NORMAL,-86.3075958995547,36.1743721757165
STANDING STONE POOLS & PATIOS,9501,LEBANON,Lebanon,1323.331759156158,NORMAL,-86.3076744401507,36.17433751923651
WRIGHT MEDICAL BILLING,9501,LEBANON,Lebanon,1315.3775018511894,NORMAL,-86.3077735324256,36.17436981590591
COUNTRYSIDE FIREPLACE & PATIO,9501,LEBANON,Lebanon,1313.5188771462408,NORMAL,-86.3078377680761,36.1744005313886
VACANT,9501,LEBANON,Lebanon,1292.380696719635,NORMAL,-86.3079194333874,36.1743756434624
VACANT,9501,LEBANON,Lebanon,1372.9872844568204,NORMAL,-86.3072944500264,36.174260868555095
SUITE 100- ALLERGY & ENT ASSOCIATES,9501,LEBANON,Lebanon,3498.160162631201,NORMAL,-86.326556030154,36.1863075020185
SUITE 200-CHILDRENS CLINIC EAST,9501,LEBANON,Lebanon,3575.90837920656,NORMAL,-86.3265840539222,36.18668418254351
SUITE 310- ASSOCIATES IN GASTROENTROLOGY,9501,LEBANON,Lebanon,3503.918138361538,NORMAL,-86.3268692634398,36.18665479630241
SUITE 330- BENCHMARK PHYSICAL THERAPY,9501,LEBANON,Lebanon,3456.4776824742303,NORMAL,-86.3268359149066,36.186414049024016
SUITE 300- MIDDLE TN PERIODONTICS,9501,LEBANON,Lebanon,3480.0662576966797,NORMAL,-86.3268511133946,36.186533234771304
SUITE 210- ZOO CREW PEDIATRIC DENTISTRY,9501,LEBANON,Lebanon,3518.704343762815,NORMAL,-86.3265918679434,36.186438554481214
SUITE 110- TRI STAR MEDICAL  LEBANON PRIMARY CARE,9501,LEBANON,Lebanon,3410.492538521151,NORMAL,-86.3268394948886,36.186211949684505
SUITE 340- THE LETT CENTER,9501,LEBANON,Lebanon,3549.4227198715557,NORMAL,-86.3266042495439,36.1865881512214
HARTMANN MEDICAL PLAZA,9501,LEBANON,Lebanon,3505.407218611704,NORMAL,-86.3263100888043,36.18606760520961
MARINER FINANCE,9501,LEBANON,Lebanon,6877.624968746211,NORMAL,-86.329544355054,36.214785882410794
GNC,9501,LEBANON,Lebanon,6862.035644782112,NORMAL,-86.3295807669658,36.21474410911821
GREAT CLIPS,9501,LEBANON,Lebanon,6930.635175674247,NORMAL,-86.3294557500423,36.21499750662422
MANGOS MEXICAN RESTAURANT,9501,LEBANON,Lebanon,6907.515618770496,NORMAL,-86.3294932234668,36.21490335529092
SUBWAY,9501,LEBANON,Lebanon,6846.117399465825,NORMAL,-86.3296116411031,36.21468834576108
EDWARD JONES,9501,LEBANON,Lebanon,6831.487720917167,NORMAL,-86.329640182207,36.214637205781685
STARBUCKS,9501,LEBANON,Lebanon,6447.581447165223,NORMAL,-86.3310142256077,36.21457979446299
GOODWILL,9501,LEBANON,Lebanon,7061.480367531568,NORMAL,-86.3288264491235,36.214682665254315
MCALISTERS,9501,LEBANON,Lebanon,6345.083847039323,NORMAL,-86.2935494119566,36.19303127873379
ROSS DRESS FOR LESS,9501,LEBANON,Lebanon,6485.324367098275,NORMAL,-86.3310390956748,36.218155144716505
MARSHALL'S,9501,LEBANON,Lebanon,6505.58186071183,NORMAL,-86.3307658604616,36.2180479445846
ULTA ,9501,LEBANON,Lebanon,6526.685535550507,NORMAL,-86.3302552353187,36.217898490914294
FIVE BELOW,9501,LEBANON,Lebanon,6520.0211636273025,NORMAL,-86.3304906771829,36.217958570137
BUFF CITY SOAPS,9501,LEBANON,Lebanon,6543.397039395447,NORMAL,-86.3300024700862,36.217809520889595
SHOP,9500,(Unincorporated),Unincorporated,26191.286698119093,NORMAL,-86.2588005130567,36.09004195203661
PAVILLION,9501,LEBANON,Lebanon,4553.5337762946665,NORMAL,-86.3006360999165,36.2198466876429
LP MEDICAL OFFICE BUILDING,9503,MT. JULIET,Mt. Juliet,1877.8549500173065,NORMAL,-86.4588311011786,36.17963728074271
LP OFFICE,9503,MT. JULIET,Mt. Juliet,2285.0739215490644,NORMAL,-86.4603633545464,36.179102076203606
BATES FORD ,9501,LEBANON,Lebanon,1308.4728764117153,NORMAL,-86.3320449363694,36.1821120378248
AMENITY CENTER,9501,LEBANON,Lebanon,1571.8828494597549,NORMAL,-86.4045313504626,36.24361800655911
SOUTH MAPLE TOWNHOMES,9501,LEBANON,Lebanon,7829.012169190415,NORMAL,-86.3043292759187,36.19237960245248
CLUB HOUSE AND POOL,9503,MT. JULIET,Mt. Juliet,2064.3413235349326,NORMAL,-86.496467646488,36.223142264114315
AMENITY CENTER/POOL,9501,LEBANON,Lebanon,1018.9907568796855,NORMAL,-86.3998471715696,36.168292270493495
TSI TRUCKING,9501,LEBANON,Lebanon,2296.772362048762,NORMAL,-86.3001739325212,36.1742335611707
BEE WELL URGENT CARE,9501,LEBANON,Lebanon,953.9884688579153,WATCH,-86.4106789126123,36.18761270793412
AV NAILS,9501,LEBANON,Lebanon,907.2494645320106,WATCH,-86.4104806489047,36.18766941877881
JERSEY MIKES,9501,LEBANON,Lebanon,924.037555206039,WATCH,-86.4105379864215,36.18764228566481
HI FIVE SMOKE & VAPE,9501,LEBANON,Lebanon,883.7638406991143,WATCH,-86.410395390042,36.18770513919388
WAVERLY SUBD,9501,LEBANON,Lebanon,715.6160737630946,WATCH,-86.4179772050039,36.1961577430994
AMENITY CENTER,9501,LEBANON,Lebanon,907.7786062043158,WATCH,-86.420685227502,36.1964344824402
POOL,9501,LEBANON,Lebanon,1082.464634216495,NORMAL,-86.42149557056942,36.19668203290952
SHOP,9500,(Unincorporated),Unincorporated,14301.33539471215,NORMAL,-86.2993482889444,36.0244414000127
BUILDING #2,9501,LEBANON,Lebanon,139.77196843216785,HIGH,-86.4354726107081,36.2351991598596
BUILDING #1,9501,LEBANON,Lebanon,175.568406564086,HIGH,-86.4357014748247,36.234576306116104
BUILDING #9,9501,LEBANON,Lebanon,455.83530648987164,WATCH,-86.43686585645732,36.2366191544387
BUILDING #10,9501,LEBANON,Lebanon,228.5566277976838,HIGH,-86.4367718017313,36.23598042033828
SPORTS ORTHO URGENT CARE,9503,MT. JULIET,Mt. Juliet,1897.1538368867455,NORMAL,-86.5165859636944,36.16838564333401
PROVIDENCE WEST MEDICAL CENTER,9503,MT. JULIET,Mt. Juliet,1798.2693037455147,NORMAL,-86.51723066874,36.168158550677795
STAYATT,9501,LEBANON,Lebanon,1650.5837734103343,NORMAL,-86.4106678151652,36.18543235067701
MAPLE CROSSING,9503,MT. JULIET,Mt. Juliet,1037.9079839156288,NORMAL,-86.4928812956372,36.2257540346398
WEMA STATION 2,9502,WATERTOWN,Watertown,475.48185268983667,WATCH,-86.1398049316045,36.096549829171515
BARN,9500,(Unincorporated),Unincorporated,6096.740119100722,NORMAL,-86.120750065601,36.0809602277022
VILLAGE SQUARE TOWNHOMES,9501,LEBANON,Lebanon,4305.347870691737,NORMAL,-86.2850076992454,36.2054476926344
SUNDANCE LEBANON APARTMENTS,9501,LEBANON,Lebanon,936.2901988318315,WATCH,-86.4031760389805,36.163268018917904
Changing Address To 1660,9500,(Unincorporated),Unincorporated,885.0940786999071,WATCH,-86.0632321020232,36.085298035808805
SHOP,9500,(Unincorporated),Unincorporated,3566.159047971449,NORMAL,-86.5565122013986,36.2430820105572
CONTAINERS SHOP,9500,(Unincorporated),Unincorporated,3713.0879428091366,NORMAL,-86.5569916003323,36.243231814545275
SHED,9500,(Unincorporated),Unincorporated,3715.286443188628,NORMAL,-86.5570481673013,36.242903681559106
GARAGE APARTMENT,9500,(Unincorporated),Unincorporated,19983.637791235473,NORMAL,-86.2683354136151,36.10525160942571
AFFORDABLE HEATING & COOLING,9501,LEBANON,Lebanon,279.8180597872296,WATCH,-86.4253151400964,36.18944849817221
MOA,9501,LEBANON,Lebanon,279.9039496063751,WATCH,-86.425476992082,36.189459850439114
PROVIDENCE STORM SHELTERS,9501,LEBANON,Lebanon,276.469197693734,WATCH,-86.4256683237015,36.1894830220028
DEKALB HAS THE SAME NUMBER RANGE,9500,(Unincorporated),Unincorporated,141.22811876441511,HIGH,-86.0363159842211,36.02596610689259
CARLTON PARK TOWNHOMES,9501,LEBANON,Lebanon,1673.6684047632816,NORMAL,-86.3055410842725,36.17383300137019
CIRCLE K,9501,LEBANON,Lebanon,175.13149076795867,HIGH,-86.4294073677796,36.231453288609494
FUTURE CEDAR FARM VILLAGE,9500,(Unincorporated),Lebanon,388.30308276446004,WATCH,-86.3270300078794,36.237818897390106
POOL PHONE,9501,LEBANON,Lebanon,844.7835418084293,WATCH,-86.3255241343935,36.2331196209788
PHO LEE SOUP COM.,9503,MT. JULIET,Mt. Juliet,1437.611025528345,NORMAL,-86.5175522180526,36.193701278359505
SWEET CECES,9503,MT. JULIET,Mt. Juliet,1424.045428095033,NORMAL,-86.5175167420104,36.1936370877556
NUTRITION FACTORY,9503,MT. JULIET,Mt. Juliet,1448.2745218337834,NORMAL,-86.5175668028061,36.19382079408171
DYNAMIC BALLROOM,9503,MT. JULIET,Mt. Juliet,1468.7019560385274,NORMAL,-86.5176226132296,36.1938978141535
WHITE LILLY,9503,MT. JULIET,Mt. Juliet,1489.9887292111052,NORMAL,-86.5176860509532,36.1939494070837
ASIA HAIR SALON,9503,MT. JULIET,Mt. Juliet,1499.4512570934119,NORMAL,-86.5177112840117,36.19398845082441
NO 1 NAIL BAR,9503,MT. JULIET,Mt. Juliet,1533.9754685610824,NORMAL,-86.5178142048804,36.1940719461262
GRACIE BARRA,9503,MT. JULIET,Mt. Juliet,1590.7007956162504,NORMAL,-86.5180139420354,36.19404279923441
4EVER CIG,9503,MT. JULIET,Mt. Juliet,1618.353841280175,NORMAL,-86.5180923056429,36.1941317981202
HYPER MARKET TOBACCO & BEER,9503,MT. JULIET,Mt. Juliet,1635.2890264433388,NORMAL,-86.51814088725762,36.194183096762124
PARTNERS PERSONNEL,9503,MT. JULIET,Mt. Juliet,1656.3948606377871,NORMAL,-86.5182035956072,36.19423528647
CITY CLEANERS,9503,MT. JULIET,Mt. Juliet,1682.3081674455498,NORMAL,-86.5182805044117,36.19429981633541
GLOBAL VISION CHURCH,9503,MT. JULIET,Mt. Juliet,1650.9887388270613,NORMAL,-86.5182458135585,36.1939054420566
CASSA NASHVILLE MT JULIET EAST,9500,(Unincorporated),Unincorporated,1976.4508578319067,NORMAL,-86.5191737979144,36.13166981844428
CEDAR CITY TOWNHOMES,9501,LEBANON,Lebanon,1623.475735025805,NORMAL,-86.2752279699453,36.20516908853129
VINTAGE STATION NORTH,9503,MT. JULIET,Mt. Juliet,2097.0244008538,NORMAL,-86.5173706027934,36.20035038400441
BLDG A,9503,MT. JULIET,Mt. Juliet,2065.4286508149553,NORMAL,-86.5173627457317,36.2002283287788
BLDG B,9503,MT. JULIET,Mt. Juliet,1708.6760794915624,NORMAL,-86.5164280612859,36.1996050519935
SUITE NUMBERS ARE ON THE 1ST FLOOR,9503,MT. JULIET,Mt. Juliet,1915.4689218289157,NORMAL,-86.5172371383742,36.1997099113337
LEASING OFFICE,9503,MT. JULIET,Mt. Juliet,1869.7096045612907,NORMAL,-86.5169113566756,36.1998305338667
RED BICYCLE,9503,MT. JULIET,Mt. Juliet,1866.9381582472524,NORMAL,-86.5168381646013,36.19988569151093
HATHAWAY AT LEBANON,9501,LEBANON,Lebanon,1659.969575587584,NORMAL,-86.3572976753258,36.22745415678179
CLUB HOUSE & POOL,9501,LEBANON,Lebanon,1495.1867143314498,NORMAL,-86.4005476170168,36.17862707239038
THE OAKS,9500,(Unincorporated),Unincorporated,5683.502016125609,NORMAL,-86.422800278156,36.100857190034105
FAST PACE HEALTH,9503,MT. JULIET,Mt. Juliet,1385.1346565024253,NORMAL,-86.5104793945611,36.23060034938341
HONEY BAKED HAM,9503,MT. JULIET,Mt. Juliet,2797.217638355698,NORMAL,-86.5193786381655,36.2014128015513
BECKWITH BAPTIST CHURCH,9500,(Unincorporated),Unincorporated,477.1515029670226,WATCH,-86.4551270374155,36.194523337720085
THORNTONS GAS STATION,9501,LEBANON,Lebanon,5707.612089647,NORMAL,-86.3375547610527,36.21958077028529
WELL HEALTH & CHIROPRATIC,9500,(Unincorporated),Lebanon,619.05274479423,WATCH,-86.4087588925954,36.19294176161402
FUTURE CARVER RETREAT CONDOS,9501,LEBANON,Lebanon,4623.060070749435,NORMAL,-86.3343770426796,36.2238057113181
GARAGE / SHOP,9500,(Unincorporated),Unincorporated,15712.824120377694,NORMAL,-86.2740698941323,36.01791157895159
PLAYGROUND,9501,LEBANON,Lebanon,1733.7490960626162,NORMAL,-86.2783032983203,36.211589031992396
STAFFMARK,9501,LEBANON,Lebanon,1024.5759188753182,NORMAL,-86.4105524667752,36.18733388152422
S.T.A.R PHYSICAL THERAPY,9501,LEBANON,Lebanon,991.8350848247788,WATCH,-86.4106175676184,36.1874652866746
CHEROKEE STEAKHOUSE,9500,(Unincorporated),Unincorporated,1181.7133121854238,NORMAL,-86.4299692355023,36.33560955274141
NIRV,9501,LEBANON,Lebanon,3602.3246734615823,NORMAL,-86.3127069364285,36.181453791331315
WATERFORD PARK,9503,MT. JULIET,Mt. Juliet,273.11723709029474,WATCH,-86.487278181453,36.16135420374221
WASTE WATER AUTHORITY,9500,(Unincorporated),Unincorporated,2126.8030164690726,NORMAL,-86.5186685930583,36.131575931467715
WASTE WATER AUTHORITY,9500,(Unincorporated),Unincorporated,2276.628926592268,NORMAL,-86.5181614454955,36.1315638032224
CHAMBER OF COMMERCE,9503,MT. JULIET,Mt. Juliet,1806.3899964698937,NORMAL,-86.51765124739941,36.19861624621441
SUITE 100-GENERATIONS DENTAL ARTS,9503,MT. JULIET,Mt. Juliet,1730.2322767630283,NORMAL,-86.5177069185935,36.1979541430964
SUITE 101-KELLER WILLIAMS REALTY,9503,MT. JULIET,Mt. Juliet,1722.42920018488,NORMAL,-86.5177209431409,36.197849162709986
SUITE 200-EPM FINANCIAL,9503,MT. JULIET,Mt. Juliet,1715.998445752001,NORMAL,-86.5177292235671,36.1977656682996
SUITE 201-CONNECT COUNCELING CENTER,9503,MT. JULIET,Mt. Juliet,1712.2266268305957,NORMAL,-86.5177434203601,36.19768691700608
HERMITAGE HEATING & AIR,9503,MT. JULIET,Mt. Juliet,1089.3523216128453,NORMAL,-86.5153094197391,36.1979882448266
DELMAR,9503,MT. JULIET,Mt. Juliet,1238.682320409762,NORMAL,-86.5160605315713,36.197675045594806
AVERY DENNISON,9503,MT. JULIET,Mt. Juliet,971.5249565739477,WATCH,-86.5153619637624,36.19701917756809
BENNY WILSON IRON,9503,MT. JULIET,Mt. Juliet,1315.6013351428182,NORMAL,-86.5165872335018,36.196785025317304
THE FELLOWSHIP AT MT JULIET,9503,MT. JULIET,Mt. Juliet,965.9431715396767,WATCH,-86.5145666750562,36.1982315364694
NASHVILLE READY MIX,9503,MT. JULIET,Mt. Juliet,657.8379972475394,WATCH,-86.5131401826098,36.1980623420513
THE INSURANCE PLACE ,9503,MT. JULIET,Mt. Juliet,565.2235890097636,WATCH,-86.5140192037725,36.196771691951916
MANOR HEALTHCARE SUPPLY,9503,MT. JULIET,Mt. Juliet,1303.4456813249838,NORMAL,-86.516284856181,36.197697454113104
MT JULIET TAE KWON DO,9503,MT. JULIET,Mt. Juliet,1290.1611869185958,NORMAL,-86.51369811986821,36.19975807055512
UNIT A & B- ADAM'S HVAC & PLUMBING,9503,MT. JULIET,Mt. Juliet,1279.9459014153583,NORMAL,-86.5128621679358,36.199958830738304
FMP (FLEXIBLE METAL PRODUCTS),9503,MT. JULIET,Mt. Juliet,1439.6563261241831,NORMAL,-86.513818404665,36.20015995088491
HYDRO DESIGN SERVICE,9503,MT. JULIET,Mt. Juliet,1393.5293687915378,NORMAL,-86.5130400890446,36.2003659465551
EUROPEAN MOTORWORKS,9503,MT. JULIET,Mt. Juliet,1569.9821802985166,NORMAL,-86.5142429393392,36.20040852103131
ONLY MOTORSPORTS,9503,MT. JULIET,Mt. Juliet,1889.067037544755,NORMAL,-86.5143077512243,36.20132927603001
LAKE AND LAND DETAILING,9503,MT. JULIET,Mt. Juliet,1771.3628838826364,NORMAL,-86.5150172448078,36.2007181924757
SUMMIT LANDSCAPING,9503,MT. JULIET,Mt. Juliet,1954.9803094334047,NORMAL,-86.5146760263595,36.201408185286816
"SKENDER, INC",9503,MT. JULIET,Mt. Juliet,1407.7383961227217,NORMAL,-86.5123064375241,36.2012245179009
BERRY DENTAL GROUP,9503,MT. JULIET,Mt. Juliet,3213.6731152839593,NORMAL,-86.5174059703659,36.20417511116961
WORLD TESTING INC,9503,MT. JULIET,Mt. Juliet,3135.6689384786323,NORMAL,-86.51700537362511,36.204105290758896
WORLD TESTING INC,9503,MT. JULIET,Mt. Juliet,3043.2131324286042,NORMAL,-86.5165962623694,36.20408319564901
MARTECH COMPANY,9503,MT. JULIET,Mt. Juliet,2842.9961676847374,NORMAL,-86.5157864776095,36.20397935248239
VTTM,9503,MT. JULIET,Mt. Juliet,2680.8821984224187,NORMAL,-86.5151765426464,36.203841268475216
MT JULIET CITY BEAUTIFUL,9503,MT. JULIET,Mt. Juliet,3103.1871256838645,NORMAL,-86.5174359691784,36.203812531299114
MT JULIET FD,9503,MT. JULIET,Mt. Juliet,2983.701657775432,NORMAL,-86.5169935015312,36.20363797017971
MT JULIET PUBLIC WORKS,9503,MT. JULIET,Mt. Juliet,2847.533699668065,NORMAL,-86.5162488037291,36.203588696619896
7-ELEVEN,9503,MT. JULIET,Mt. Juliet,2271.299211446634,NORMAL,-86.4650162357252,36.18535926991609
SAMSUNG REPAIR,9503,MT. JULIET,Mt. Juliet,2173.882726508862,NORMAL,-86.5124171283948,36.173836793907114
BIG BAD WOLF,9503,MT. JULIET,Mt. Juliet,2229.926696999939,NORMAL,-86.5126249507175,36.174099048796904
TIG INSURANCE GROUP,9503,MT. JULIET,Mt. Juliet,2171.819265460022,NORMAL,-86.5124301837137,36.17442954608001
RELOADER'S BENCH,9503,MT. JULIET,Mt. Juliet,2230.979365628166,NORMAL,-86.5126322038999,36.1742471944322
MJ SMOKES VAPE & GLASS,9503,MT. JULIET,Mt. Juliet,2229.304515501738,NORMAL,-86.512625281645,36.17417487682779
THE THERAPY GYM *BOTH 203 & 205*,9503,MT. JULIET,Mt. Juliet,2215.7927448821524,NORMAL,-86.5125802906956,36.17421322053491
TOTTY PROFESSIONAL BUILDING,9503,MT. JULIET,Mt. Juliet,2119.7760396740723,NORMAL,-86.5111830964137,36.1788150082708
SUITE 2101 & 2102-TOTTY CHIROPRACTIC,9503,MT. JULIET,Mt. Juliet,2087.036306657579,NORMAL,-86.5110961112394,36.17871872928891
SUITE 2201A-PROCOMFORT MEDICAL,9503,MT. JULIET,Mt. Juliet,2091.3027987291357,NORMAL,-86.5110659899476,36.17888065363948
FOSTER PROFESSIONAL BUILDING,9503,MT. JULIET,Mt. Juliet,2300.7536667704094,NORMAL,-86.5117464191009,36.179049996218026
SUITE 1205-FRANK LANOM LAW FIRM,9503,MT. JULIET,Mt. Juliet,2340.55911696703,NORMAL,-86.5118521363999,36.17916720432921
SUITE 1202B-M3 EVENTS,9503,MT. JULIET,Mt. Juliet,2316.9407940428737,NORMAL,-86.5117726629328,36.1791580033572
SUITE 1201-WRN,9503,MT. JULIET,Mt. Juliet,2291.3378232222867,NORMAL,-86.5116872825275,36.17914525031202
SUITE 1102-PERMOBIL,9503,MT. JULIET,Mt. Juliet,2268.4678648893796,NORMAL,-86.5116107427954,36.179134843543906
SUITE 1202A-WOOD FINANCIAL GROUP,9503,MT. JULIET,Mt. Juliet,2330.089188931999,NORMAL,-86.5118326262363,36.1791064806509
SUITE 1101-BENCHMARK REALTY,9503,MT. JULIET,Mt. Juliet,2302.5670166209125,NORMAL,-86.5117399100144,36.179096143452504
SUITE 300-PLEASANT GROVE DENTAL,9503,MT. JULIET,Mt. Juliet,2279.794228933938,NORMAL,-86.5116633769002,36.179086929042825
AM ASIAN CUISINE,9503,MT. JULIET,Mt. Juliet,711.3736006363339,WATCH,-86.5110632485837,36.18898350343462
ROCKSTAR DANCE,9503,MT. JULIET,Mt. Juliet,440.054980469781,WATCH,-86.5109152269546,36.18978670202899
LUXURY NAILS,9503,MT. JULIET,Mt. Juliet,402.7325710229741,WATCH,-86.5108862507373,36.18990080713291
FRED ASTAIRE DANCE STUDIO,9503,MT. JULIET,Mt. Juliet,328.50206360555916,WATCH,-86.5108505424245,36.1901575350702
H & R BLOCK,9503,MT. JULIET,Mt. Juliet,491.1649404897158,WATCH,-86.5116577998621,36.19042338036361
PLANET FITNESS,9503,MT. JULIET,Mt. Juliet,430.40100231088974,WATCH,-86.5119293504622,36.190473653489214
MEMO'S MEXICAN ,9503,MT. JULIET,Mt. Juliet,471.00591721264743,WATCH,-86.5117855247065,36.19044072335023
PLAY IT AGAIN SPORTS,9503,MT. JULIET,Mt. Juliet,438.48428693663544,WATCH,-86.5114608174802,36.190397437153116
NEW TRIBE CHURCH,9503,MT. JULIET,Mt. Juliet,306.3939535638788,WATCH,-86.5109115841515,36.19031282294311
CRYE LEIKE REALTORS,9503,MT. JULIET,Mt. Juliet,520.3970849113894,WATCH,-86.5124695330989,36.1898812831003
CASH EXPRESS ,9503,MT. JULIET,Mt. Juliet,196.0487505585422,HIGH,-86.5134294631256,36.1907900118136
BACH TO ROCK,9503,MT. JULIET,Mt. Juliet,286.49565853384155,WATCH,-86.5139291676648,36.19182653279882
PHOENIX MMA & FITNESS,9503,MT. JULIET,Mt. Juliet,281.4241704068764,WATCH,-86.5138885893387,36.1919654866564
VACANT,9503,MT. JULIET,Mt. Juliet,384.4520151172085,WATCH,-86.51420419330222,36.1921851898456
IMI,9503,MT. JULIET,Mt. Juliet,814.7230944792868,WATCH,-86.5130639396559,36.19855555231678
RACKLEY ROOFING,9503,MT. JULIET,Mt. Juliet,947.2823125319032,WATCH,-86.5130761046555,36.198935359040924
RD HERBERT & SONS,9503,MT. JULIET,Mt. Juliet,1004.1172525658199,NORMAL,-86.51306394501,36.19910082694938
SUITE 100-MASTEC,9503,MT. JULIET,Mt. Juliet,1119.070804742339,NORMAL,-86.5130272995374,36.19943467656209
SUITE 102-VACANT,9503,MT. JULIET,Mt. Juliet,1073.0865016179196,NORMAL,-86.5130489357377,36.199300216283106
SUITE 101-VACANT,9503,MT. JULIET,Mt. Juliet,1099.2777324721922,NORMAL,-86.5130401512785,36.19937619517622
SUITE 103-R & T DIRECT FLOORING,9503,MT. JULIET,Mt. Juliet,1097.7609893236493,NORMAL,-86.5128557319743,36.19940488384161
SUITE 104-DEAD EYE VIRTUAL ACADEMY,9503,MT. JULIET,Mt. Juliet,1091.8249722112455,NORMAL,-86.512738348066,36.199405262487495
SUITE 105-BACKYARD LIVING,9503,MT. JULIET,Mt. Juliet,1054.8273794825304,NORMAL,-86.5126061293758,36.199318192254296
BOAR'S HEAD BRAND,9503,MT. JULIET,Mt. Juliet,1181.957983519937,NORMAL,-86.512762602209,36.199652834093705
BENCHMARK REALTY,9503,MT. JULIET,Mt. Juliet,2442.672322429606,NORMAL,-86.5171040253737,36.20181852090761
SUITE 1-VETMED ANIMAL HEALTH,9503,MT. JULIET,Mt. Juliet,2373.4951837516073,NORMAL,-86.5168255364944,36.2017481769314
SUITE 7-LEGENDS TITLE SERVICES,9503,MT. JULIET,Mt. Juliet,2255.280269019446,NORMAL,-86.51622785796232,36.20168277345119
SUITE 5-EXPLORE ESSENTIALS,9503,MT. JULIET,Mt. Juliet,2297.5497851020796,NORMAL,-86.51645012997172,36.20170447667582
SUITE 4-FARMERS INSURANCE,9503,MT. JULIET,Mt. Juliet,2318.6815006219076,NORMAL,-86.5165619899279,36.20171353606832
"LAMB BROTHERS FLOORING, INC",9503,MT. JULIET,Mt. Juliet,2892.1348975247847,NORMAL,-86.5298126018933,36.23231775481649
TENNESSEE AIRCRAFT COMPANY,9503,MT. JULIET,Mt. Juliet,859.9140445142648,WATCH,-86.5380402076302,36.2287968315127
H & H AUTO SERVICE,9503,MT. JULIET,Mt. Juliet,69.0376224198042,HIGH,-86.4825150670819,36.231354473909605
DANNER KARATE CENTER,9503,MT. JULIET,Mt. Juliet,721.4103875563891,WATCH,-86.4861236060604,36.2302475412789
U-HAUL,9503,MT. JULIET,Mt. Juliet,143.68702617532645,HIGH,-86.5687708470079,36.22023386760122
G&C ENCLOSURES ,9503,MT. JULIET,Mt. Juliet,827.8915349069104,WATCH,-86.4960292213131,36.17142166423051
ROB'S AUTOMOTIVE,9503,MT. JULIET,Mt. Juliet,169.4125681128112,HIGH,-86.56185341006731,36.2215574733282
NEEDHAM'S NURSERY,9503,MT. JULIET,Mt. Juliet,1680.1835214508928,NORMAL,-86.5345056299267,36.2296784095915
ADVANCE AUTO PARTS,9503,MT. JULIET,Mt. Juliet,1695.4508482445717,NORMAL,-86.517643314241,36.231424581907405
NASHVILLE HOT TUBS AND SWIM SPAS,9503,MT. JULIET,Mt. Juliet,492.54834158641506,WATCH,-86.5109480232036,36.189626321548694
TRACTOR SUPPLY,9503,MT. JULIET,Mt. Juliet,141.34097886175726,HIGH,-86.5758948851124,36.218832832298425
WALGREEN'S,9503,MT. JULIET,Mt. Juliet,1399.3885307503742,NORMAL,-86.5129830581864,36.231373140160414
SUITE D-MT JULIET PAWN,9503,MT. JULIET,Mt. Juliet,2645.5498077075586,NORMAL,-86.5276944087502,36.23048630921171
MAPCO EXPRESS ,9503,MT. JULIET,Mt. Juliet,2171.7845096850615,NORMAL,-86.5148962071364,36.168908225700505
MAPCO EXPRESS,9503,MT. JULIET,Mt. Juliet,1397.7608551558067,NORMAL,-86.51384841721321,36.23127182764969
SIGN CENTRAL,9503,MT. JULIET,Mt. Juliet,2630.5682275627523,NORMAL,-86.5277874005794,36.230473383856015
CAPTAIN D'S,9503,MT. JULIET,Mt. Juliet,2250.5940712047995,NORMAL,-86.5126184451038,36.17519242322398
DOT & STELL'S,9503,MT. JULIET,Mt. Juliet,3164.69415347041,NORMAL,-86.5186892378753,36.20333329406521
CINCO DE MAYO,9503,MT. JULIET,Mt. Juliet,1120.4108032717827,NORMAL,-86.5306146271515,36.23829803373641
FUTURE ELEVATE COFFEE,9501,LEBANON,Lebanon,6477.003355897063,NORMAL,-86.2932515568838,36.19368778003749
MT JULIET ELEMENTARY,9503,MT. JULIET,Mt. Juliet,905.9134319625844,WATCH,-86.56282848688942,36.20106357945029
 ENTRANCE TO BOTH 358 & 380 TRONE RD ARE @ THE END OF CEDAR GROVE CHURCH RD,9500,(Unincorporated),Unincorporated,1784.7106519983654,NORMAL,-86.53284005329452,36.24997812681361
 ,9500,(Unincorporated),Unincorporated,7970.834727974308,NORMAL,-86.2351973313044,36.2079740603253
 ,9500,(Unincorporated),Unincorporated,8103.526038403806,NORMAL,-86.2346725805853,36.207763430326
JONES BRUMMETT ELEMENTARY SCHOOL,9501,LEBANON,Lebanon,472.4729092933525,WATCH,-86.3084690828634,36.23566164227212
SHOP KIRANA,9503,MT. JULIET,Mt. Juliet,3534.4288791215404,NORMAL,-86.51588830316412,36.179564181450715
SPORTS CLIPS,9503,MT. JULIET,Mt. Juliet,3568.075871561233,NORMAL,-86.5160044506234,36.17956673576379
NUTRISHOP,9503,MT. JULIET,Mt. Juliet,3592.2567375061594,NORMAL,-86.516086347453,36.179574244564314
EDWARD JONES,9503,MT. JULIET,Mt. Juliet,3609.7296079010835,NORMAL,-86.5161448318479,36.17958216975391
AVIS,9503,MT. JULIET,Mt. Juliet,3625.645496560218,NORMAL,-86.5161982121242,36.1795890018953
RELAX TO MASSAGE,9503,MT. JULIET,Mt. Juliet,3643.40943867414,NORMAL,-86.5162584652285,36.1795941958905
 FIVE GUYS,9503,MT. JULIET,Mt. Juliet,4027.2295720346533,NORMAL,-86.5180652877758,36.1798168309373
7052-MOTHER IN LAW SUITE,9500,(Unincorporated),Unincorporated,12961.595315364319,NORMAL,-86.210670811318,36.28877214184201
CABIN-MAIN HOUSE,9500,(Unincorporated),Unincorporated,18.365688216114044,CRITICAL,-86.5117459600169,36.098094299041094
CABIN-A FRAME CHALET,9500,(Unincorporated),Unincorporated,92.20402356128243,HIGH,-86.5116676340854,36.098305452514914
CABIN 1,9500,(Unincorporated),Unincorporated,144.38550684616087,HIGH,-86.5117200984624,36.09852771250801
CABIN 2,9500,(Unincorporated),Unincorporated,181.0087752908564,HIGH,-86.5117278028944,36.098663979530095
CABIN 3,9500,(Unincorporated),Unincorporated,196.51234832725027,HIGH,-86.51158562174182,36.0986231388665
9400 COUCHVILLE PKE IS IN BOTH WILSON AND RUTHERFORD COUNTY,9500,(Unincorporated),Unincorporated,339.53845808445476,WATCH,-86.5108466945142,36.0986343566383
BUILDING 1,9501,LEBANON,Lebanon,351.2529446218261,WATCH,-86.4228827757407,36.22001105659123
BUILDING 2,9501,LEBANON,Lebanon,306.8529049955717,WATCH,-86.4219716523168,36.2200534740075
BUILDING 3,9501,LEBANON,Lebanon,297.3470574656474,WATCH,-86.4213885645006,36.22013387665361
BUILDING 4,9501,LEBANON,Lebanon,361.6181597237369,WATCH,-86.4206398025617,36.220452537230486
BUILDING 5,9501,LEBANON,Lebanon,85.43337799889906,HIGH,-86.4197062190227,36.22059960678172
BUILDING 6,9501,LEBANON,Lebanon,447.7282548272638,WATCH,-86.421206864444,36.2205908580841
BUILDING 7,9501,LEBANON,Lebanon,576.7638106043368,WATCH,-86.4221376940856,36.220783221442694
STONEHENGE APARTMENTS,9501,LEBANON,Lebanon,505.77023413230376,WATCH,-86.4235210886033,36.2203289550081
APARTMENT,9501,LEBANON,Lebanon,3562.0029123855356,NORMAL,-86.28987652814061,36.22277177027502
BASIC EATERY,9501,LEBANON,Lebanon,5819.898113053569,NORMAL,-86.29159257074451,36.208301866636
STE C UPSTAIRS- BEAUMONT MED SPA,9501,LEBANON,Lebanon,5452.881794317492,NORMAL,-86.2899460679178,36.20766181019069
STE E UPSTAIRS- BODY SUGAR BOUTIQUE,9501,LEBANON,Lebanon,5431.917308653234,NORMAL,-86.2898807631463,36.20768451494259
MOTHER IN LAW SUITE,9500,(Unincorporated),Unincorporated,4812.215844056548,NORMAL,-86.5454516293054,36.2696992897322
AUTUMN BREEZE SUBD,9500,(Unincorporated),Unincorporated,1041.1117453450738,NORMAL,-86.51981354386801,36.13490720004521
SHOP,9500,(Unincorporated),Unincorporated,22534.403524572434,NORMAL,-86.1725721236024,36.025097495224216
ROCKDALE IV,9500,(Unincorporated),Unincorporated,1473.2398496731983,NORMAL,-86.4432848787906,36.06259366054132
ROCKDALE VI,9500,(Unincorporated),Unincorporated,878.4777053039671,WATCH,-86.4464749601467,36.06240312246919
BUILDING 3,9501,LEBANON,Lebanon,967.7870336440775,WATCH,-86.3225926313498,36.234508268479
BUILDING 1,9501,LEBANON,Lebanon,830.0800302637508,WATCH,-86.3230744553024,36.234550083888806
BUILDING 2,9501,LEBANON,Lebanon,1159.287271338165,NORMAL,-86.3228050201043,36.23325459284789
 ,9501,LEBANON,Lebanon,5458.4328317989575,NORMAL,-86.3258846493908,36.220444344585495
KEYS 2 POTENTIAL,9503,MT. JULIET,Mt. Juliet,681.9901756433615,WATCH,-86.4859404392958,36.23057264187509
PRIMARY 1,9503,MT. JULIET,Mt. Juliet,782.5833790662504,WATCH,-86.4863789633131,36.23059810059652
PRIMARY 2,9503,MT. JULIET,Mt. Juliet,765.1527664945987,WATCH,-86.4864604666222,36.23060225334311
ELEMENTARY,9503,MT. JULIET,Mt. Juliet,749.2550013042279,WATCH,-86.4865322270545,36.230609026414406
TODDLER,9503,MT. JULIET,Mt. Juliet,730.3734629905338,WATCH,-86.4866238728396,36.2306140394348
MONTESSORI OFFICE,9503,MT. JULIET,Mt. Juliet,644.5794408648276,WATCH,-86.4868255261005,36.230784867176894
GODDARD CONSTRUCTION,9503,MT. JULIET,Mt. Juliet,679.1034951857238,WATCH,-86.48683137484352,36.230661274333
 ,9503,MT. JULIET,Mt. Juliet,697.9355586247149,WATCH,-86.486842216327,36.2305911875316
GEPNER INSURANCE,9503,MT. JULIET,Mt. Juliet,3486.126338323137,NORMAL,-86.5180805319632,36.20630212995009
WINDTREE STAFFING SERVICES,9503,MT. JULIET,Mt. Juliet,3548.922065297883,NORMAL,-86.5178913631323,36.2066128364816
RUTH CLINIC,9503,MT. JULIET,Mt. Juliet,3667.1656463851737,NORMAL,-86.5175823184849,36.20780606134841
Fitzroy Townhomes,9501,LEBANON,Lebanon,5230.774316419369,NORMAL,-86.3219287895456,36.18923786859689
BJ'S Wholesale Club,9503,MT. JULIET,Mt. Juliet,1529.4231724708427,NORMAL,-86.5212289606474,36.167841520071015
COSTCO,9503,MT. JULIET,Mt. Juliet,2224.665400045297,NORMAL,-86.4635309101909,36.18291220482661
Rooms To Go,9503,MT. JULIET,Mt. Juliet,2053.1458915100284,NORMAL,-86.5195786818042,36.169111627190595
LEE LAW FIRM,9503,MT. JULIET,Mt. Juliet,3335.842915803421,NORMAL,-86.5185608506186,36.205506263263196
YANCY BELCHER,9503,MT. JULIET,Mt. Juliet,2836.9334249820117,NORMAL,-86.5188484174695,36.2020325540554
JERSEY OVEN BAGEL SHOP,9503,MT. JULIET,Mt. Juliet,4072.931260813415,NORMAL,-86.5179081013444,36.1797979428857
SALLY BEAUTY SUPPLY,9503,MT. JULIET,Mt. Juliet,4089.6374053965465,NORMAL,-86.5178405986023,36.179792217530995
ARMED FORCES CAREER CENTER,9503,MT. JULIET,Mt. Juliet,4055.114568680995,NORMAL,-86.5176742988222,36.179768568213014
HOT WORX,9503,MT. JULIET,Mt. Juliet,3668.5216884406864,NORMAL,-86.5163422664816,36.17960649913209
ARMED FORCES CAREER CENTER,9503,MT. JULIET,Mt. Juliet,3700.773480520022,NORMAL,-86.5164497948118,36.179622653689904
NASH CARDS,9503,MT. JULIET,Mt. Juliet,3719.8548596743003,NORMAL,-86.5165129519569,36.179633871703906
THE LITTLE GYM,9503,MT. JULIET,Mt. Juliet,3764.967679909795,NORMAL,-86.516664437025,36.1796525840921
COSMO PROF,9503,MT. JULIET,Mt. Juliet,3805.697334019556,NORMAL,-86.5168023053669,36.179665508179504
DOS SISTERS MEXICAN RESTAURANT,9503,MT. JULIET,Mt. Juliet,3842.310496148996,NORMAL,-86.5169255159217,36.179679734095416
FAR EAST BUFFET,9503,MT. JULIET,Mt. Juliet,3887.9346235908374,NORMAL,-86.5170795661676,36.17969560144989
DOLLAR TREE SOUTH,9503,MT. JULIET,Mt. Juliet,3960.445134256043,NORMAL,-86.5173222342657,36.17972861998431
LESLIE'S POOL SUPPLIES,9503,MT. JULIET,Mt. Juliet,4023.7069548881686,NORMAL,-86.5175352147774,36.1797528690759
RESIDENT USES 1516 FOR ADDRESS,9500,(Unincorporated),Unincorporated,10782.056543629675,NORMAL,-86.0862928719673,36.03094054641921
ACCESS ONLY FROM HICKORY RIDGE RD,9500,(Unincorporated),Unincorporated,1125.7074483393383,NORMAL,-86.446387828326,36.19374298580639
ROAD AND ADDRESSES USED TO BE MEDICAL CENTER BLVD,9501,LEBANON,Lebanon,4051.411472177043,NORMAL,-86.3280997843264,36.224484215658016
SHARED DRIVEWAY,9500,(Unincorporated),Unincorporated,9935.8149392068,NORMAL,-86.327915996478,36.27935645553269
FUTURE S MAPLE COTTAGES,9501,LEBANON,Lebanon,5034.125677508354,NORMAL,-86.3061537637904,36.1848377611538
APT B IS UPSTAIRS,9501,LEBANON,Lebanon,7692.249982787987,NORMAL,-86.2985879424805,36.20959952279149
NEUROLOGY ASSOCIATES,9501,LEBANON,Lebanon,3683.8126794325567,NORMAL,-86.2829067550233,36.205732950149795
DWELL REALTY,9501,LEBANON,Lebanon,3678.5043250700724,NORMAL,-86.2828544043707,36.205654454508284
JAMES STALLINGS ATTORNEY,9501,LEBANON,Lebanon,3687.1099708004726,NORMAL,-86.2828422239395,36.20555580148249
HEARN HOUSE,9501,LEBANON,Lebanon,3670.0017444516393,NORMAL,-86.2827263439781,36.20543657277138
HG STAFFING,9501,LEBANON,Lebanon,3664.844912915865,NORMAL,-86.2827627423079,36.2055574764593
WWUD,9503,MT. JULIET,Mt. Juliet,955.9995893779184,WATCH,-86.5111309064763,36.23224449367252
LYTTLE FOX THERAPY,9503,MT. JULIET,Mt. Juliet,795.2270087123635,WATCH,-86.5098764210178,36.232240683712
CITY ELECTRIC SUPPLY,9503,MT. JULIET,Mt. Juliet,659.310645118078,WATCH,-86.5099129900397,36.232685514591516
MATHNASIUM,9503,MT. JULIET,Mt. Juliet,870.2654855224167,WATCH,-86.5135307327552,36.23276274812509
 ,9503,MT. JULIET,Mt. Juliet,1280.293766752248,NORMAL,-86.5151298734586,36.2316845164539
HIBACHI JR.,9503,MT. JULIET,Mt. Juliet,1421.482693497237,NORMAL,-86.5154268588115,36.23134644675522
JENKIN'S NURSERY,9503,MT. JULIET,Mt. Juliet,2492.6254537226823,NORMAL,-86.5212120840684,36.231379991114
MAGPIES,9503,MT. JULIET,Mt. Juliet,3301.1787758493037,NORMAL,-86.5245152374304,36.2317413102381
CROSSROADS MEDICAL GROUP,9503,MT. JULIET,Mt. Juliet,3341.4409135514643,NORMAL,-86.5247876092917,36.232011851066325
TRUE RESCUE,9503,MT. JULIET,Mt. Juliet,2517.8076060576573,NORMAL,-86.529093781407,36.23050128775169
SIPS,9503,MT. JULIET,Mt. Juliet,2655.1217655842197,NORMAL,-86.5283318635918,36.2307114051845
SW & ASSOCIATES,9503,MT. JULIET,Mt. Juliet,2947.3382422619707,NORMAL,-86.526230448489,36.230819663564304
HIGHBROW STUDIO,9503,MT. JULIET,Mt. Juliet,3142.2331707731864,NORMAL,-86.5250349724609,36.2308337733711
MIDWAY MANAGEMENT,9503,MT. JULIET,Mt. Juliet,3154.24004498002,NORMAL,-86.5249563216417,36.23082869065041
On the Road Coach LLC,9501,LEBANON,Lebanon,3761.921352567165,NORMAL,-86.2804734720521,36.19074585839939
HOME HAS BOTH ADDRESSES,9500,(Unincorporated),Unincorporated,3533.6618310244635,NORMAL,-86.5434420641093,36.2784725028
SHARPE'S CROSSING,9500,(Unincorporated),Unincorporated,2127.997648033761,NORMAL,-86.4534990294004,36.15432912332751
ROAD COMMISSION,9501,LEBANON,Lebanon,1064.2761144276901,NORMAL,-86.2679273601112,36.201824570432606
ROAD COMMISSION,9501,LEBANON,Lebanon,1015.1712319207037,NORMAL,-86.2671130657072,36.20184539592299
ROAD COMMISSION,9501,LEBANON,Lebanon,754.2415506569785,WATCH,-86.2650771258354,36.20119480539441
SALT BARN,9501,LEBANON,Lebanon,820.3936771848108,WATCH,-86.2663274154165,36.20219609932119
B-USED FOR WFS FREIGHT DELIVERY,9500,(Unincorporated),Lebanon,871.7314353250666,WATCH,-86.3987646955906,36.1183666882977
A-USED FOR FREIGHT DELIVERY,9500,(Unincorporated),Lebanon,521.8518019976736,WATCH,-86.4009237494893,36.1185064654453
WALMART WAREHOUSE,9500,(Unincorporated),Lebanon,349.390185369891,WATCH,-86.3981095083559,36.11972821495258
HOME OFFICE,9500,(Unincorporated),Unincorporated,1665.2908707172674,NORMAL,-86.5460609188052,36.25021901317831
 ,9500,(Unincorporated),Unincorporated,9435.37679530793,NORMAL,-86.2429721182865,35.9928678379841
COMMERCE CUMBERLAND PRESBYTERIAN CHURCH,9500,(Unincorporated),Unincorporated,7410.398759305224,NORMAL,-86.1064303677577,36.143513296231085
CANVAS AT MT JULIET,9503,MT. JULIET,Mt. Juliet,2059.1417632415582,NORMAL,-86.5007472486319,36.22076484867043
CANVAS AT MT JULIET,9503,MT. JULIET,Mt. Juliet,2473.143004296812,NORMAL,-86.4998880475259,36.223003740744005
GARAGE,9500,(Unincorporated),Unincorporated,2335.202070541054,NORMAL,-86.5480100974838,36.30663672403421
FUTURE COURTYARDS AT HWY 109,9501,LEBANON,Lebanon,96.40487863165043,HIGH,-86.4215128956527,36.21954502267152
RECREATIONAL AREA,9500,(Unincorporated),Unincorporated,18911.09672120595,NORMAL,-86.3271145617662,36.099656060674214
DUNKIN,9501,LEBANON,Lebanon,521.5017837809171,WATCH,-86.4105016508486,36.189071919129795
DENTAL,9501,LEBANON,Lebanon,516.414233236753,WATCH,-86.4105858174895,36.1892147854037
SYCAMORE TOWNHOMES,9501,LEBANON,Lebanon,3371.5882427787374,NORMAL,-86.2838213433041,36.210668059719005
3 ADDRESSES ACCESSING ONE DRIVEWAY,9500,(Unincorporated),Unincorporated,6958.883578482906,NORMAL,-86.45664542609802,36.13055105107883
NASHVILLE SUPER SPEEDWAY,9500,(Unincorporated),Unincorporated,2478.568175972102,NORMAL,-86.4106019190924,36.0462997951398
LOT 3,9500,(Unincorporated),Unincorporated,21329.615688260783,NORMAL,-86.3350431422703,36.0795268384253
LOT 6,9500,(Unincorporated),Unincorporated,21533.769623886437,NORMAL,-86.3337151765264,36.0793178796523
LOT 7,9500,(Unincorporated),Unincorporated,21264.74095025202,NORMAL,-86.333681276109,36.07829046485839
LOT 9,9500,(Unincorporated),Unincorporated,21765.616111588526,NORMAL,-86.33269631418031,36.079425095444115
LOT 16,9500,(Unincorporated),Unincorporated,22400.298382453057,NORMAL,-86.32933970499671,36.0792347469259
LOT 2,9500,(Unincorporated),Unincorporated,20958.563975235367,NORMAL,-86.3354645531837,36.0784691525125
LOT 4,9500,(Unincorporated),Unincorporated,21411.44206493277,NORMAL,-86.334610144291,36.07951690671629
LOT 5,9500,(Unincorporated),Unincorporated,21474.96536296226,NORMAL,-86.3342185125085,36.079467890768896
LOT 13,9500,(Unincorporated),Unincorporated,22104.487126896573,NORMAL,-86.3307198352494,36.07919240376669
LOT 8,9500,(Unincorporated),Unincorporated,21378.545467566986,NORMAL,-86.333275676781,36.07841121087301
LOT 11,9500,(Unincorporated),Unincorporated,21404.45159665111,NORMAL,-86.3312940069138,36.07695389753842
LOT 12,9500,(Unincorporated),Unincorporated,21725.335137201764,NORMAL,-86.3308351271912,36.077827460446606
LOT 14,9500,(Unincorporated),Unincorporated,22177.117792567744,NORMAL,-86.3302179205397,36.07907539472828
LOT 15,9500,(Unincorporated),Unincorporated,22234.180050800966,NORMAL,-86.3297040904028,36.07888548758609
TUCKERS GAP EVENT CENTER,9500,(Unincorporated),Unincorporated,871.5607584311721,WATCH,-86.3854622697536,36.16240738998251
NOBLE AUTO SALES,9501,LEBANON,Lebanon,6201.16505818488,NORMAL,-86.29278656248891,36.20789705259859
3150 -BASEMENT APT,9500,(Unincorporated),Unincorporated,2582.888506722533,NORMAL,-86.32367268352631,36.3102035613155
BETHLEHEM CEMETARY,9500,(Unincorporated),Unincorporated,13313.105307024865,NORMAL,-86.1482181624148,36.2007035398388
Water's Edge Church,9500,(Unincorporated),Unincorporated,21307.112135330026,NORMAL,-86.190335929076,36.15903835344042
Bethlehem Church of Christ,9500,(Unincorporated),Unincorporated,11352.250240853042,NORMAL,-86.2349239049647,36.146616822069916
POOL HOUSE,9501,LEBANON,Lebanon,1552.453107337619,NORMAL,-86.3570990942278,36.2277099834358
FUTURE HOTEL,9501,LEBANON,Lebanon,4822.842878426561,NORMAL,-86.3229680297185,36.188494201912995
JUDICIAL COMMISSIONER OFFICE,9501,LEBANON,Lebanon,4534.8859404567565,NORMAL,-86.2849934996925,36.2036851355524
PIC CENTER,9501,LEBANON,Lebanon,4635.912967252205,NORMAL,-86.2852275663378,36.2033894032319
WILCO CONVENTION AND VISITOR CENTER,9501,LEBANON,Lebanon,4891.1565961050965,NORMAL,-86.2873217093787,36.2062801407248
LEBANON HEATING & AIR,9501,LEBANON,Lebanon,3235.2206927336974,NORMAL,-86.2835985965089,36.211370220830105
WHOLESALE SUPPLY GROUP,9501,LEBANON,Lebanon,3370.737111584658,NORMAL,-86.2840388233074,36.211263150776794
MIKE'S CABOVE TRUCKS & BEDS,9501,LEBANON,Lebanon,1905.6764219194959,NORMAL,-86.2746948024492,36.20302725970121
VACANT,9501,LEBANON,Lebanon,1771.6158249158832,NORMAL,-86.2740402436207,36.203027162565604
HILLER PLUMBING,9501,LEBANON,Lebanon,1581.5709874542492,NORMAL,-86.2732404360361,36.20295586594241
HILLER PLUMBING,9501,LEBANON,Lebanon,1414.8618819414767,NORMAL,-86.272556370708,36.202885726785304
CEDAR CITY DIESEL,9501,LEBANON,Lebanon,1203.081042246446,NORMAL,-86.2714860646206,36.2026668000054
CONRAD CONSTRUCTION,9501,LEBANON,Lebanon,1025.8391889858551,NORMAL,-86.2701400255581,36.202389851071715
ELROD,9501,LEBANON,Lebanon,464.4123188196246,WATCH,-86.2645543991892,36.201868898462216
GOLDEN OAK CABINET,9501,LEBANON,Lebanon,315.30729715247816,WATCH,-86.2647095566415,36.202649725254105
SEC,9501,LEBANON,Lebanon,323.81081730735133,WATCH,-86.2647526548178,36.203359626939616
OZARK,9501,LEBANON,Lebanon,386.88421291402864,WATCH,-86.2664785387252,36.20351175861382
SUNBELT RENTALS,9501,LEBANON,Lebanon,373.67116989096195,WATCH,-86.2653174660564,36.20340561016119
CHRISTENSON,9501,LEBANON,Lebanon,780.7047980064461,WATCH,-86.2700544778316,36.2031548545443
 ,9501,LEBANON,Lebanon,629.9111495941461,WATCH,-86.2686684633318,36.203114070563394
ARD,9501,LEBANON,Lebanon,1005.4092299615411,NORMAL,-86.2713806020391,36.20348526262872
WHOLESALE DISTRIBUTIONS,9501,LEBANON,Lebanon,1233.5791387656384,NORMAL,-86.2722445897374,36.2034897562582
AMERICAN COLORS,9501,LEBANON,Lebanon,1344.163188080423,NORMAL,-86.2731736449952,36.2039763273141
SPECIALTY WELDING ,9501,LEBANON,Lebanon,1626.145857385649,NORMAL,-86.2742123797271,36.203737710772096
MIDTENN PRIMARY CARE,9501,LEBANON,Lebanon,3473.703532329312,NORMAL,-86.27727399037431,36.19855607513989
JR MOWERS,9501,LEBANON,Lebanon,3493.334968336905,NORMAL,-86.2786031264575,36.19995608037279
KM CABINET COMPANY,9501,LEBANON,Lebanon,3440.5773037464573,NORMAL,-86.279146283726,36.200752638411004
SUITE A - ATTORNEY,9501,LEBANON,Lebanon,3637.555635492937,NORMAL,-86.2820018872548,36.20423405430931
SUITE B - VACANT,9501,LEBANON,Lebanon,3621.6873448250185,NORMAL,-86.28191393432,36.20413148016769
SUITE C - INTERNAL MEDICINE FAMILY PRACTICE,9501,LEBANON,Lebanon,3608.0371016588033,NORMAL,-86.2818332852895,36.2040326704941
SUITE D - KENDRICK CONTRACTING,9501,LEBANON,Lebanon,3955.8657129888647,NORMAL,-86.2834099674416,36.204709563042
SUITE A - HEARTLAND,9501,LEBANON,Lebanon,3920.9878786635622,NORMAL,-86.2833893766609,36.20491819940061
SUITE B - TRUE FAITH,9501,LEBANON,Lebanon,3927.765733333132,NORMAL,-86.2834473868729,36.20498499793791
CROCKETT SURVEYING,9501,LEBANON,Lebanon,3728.6805767907726,NORMAL,-86.2831464217261,36.20593141971739
PARK PLACE,9501,LEBANON,Lebanon,3847.663610869223,NORMAL,-86.2836065884015,36.20603634845542
ANY LENGTHS SERVICES,9501,LEBANON,Lebanon,3989.122759139717,NORMAL,-86.284351178314,36.20687714956971
CLOUD 9 ANTIQUES,9501,LEBANON,Lebanon,4034.6739195896853,NORMAL,-86.2845678669899,36.207143130442
ACTION AWNING & SIGNS,9501,LEBANON,Lebanon,5332.049628117547,NORMAL,-86.2911919806396,36.21274568910951
HALFWAY HOME,9501,LEBANON,Lebanon,5354.715969531873,NORMAL,-86.2913224395307,36.212936054602494
WILSON COUNTY COMMUNITY HELP CENTER,9501,LEBANON,Lebanon,5522.102332986303,NORMAL,-86.2919173537624,36.2129963290827
SMILE GALLERY,9501,LEBANON,Lebanon,5657.870164546742,NORMAL,-86.2923765991152,36.212955299846094
ALIVE HOSPICE,9501,LEBANON,Lebanon,5723.928761488326,NORMAL,-86.2926091116461,36.2129726586359
JAMES AUTO CARE,9501,LEBANON,Lebanon,5953.084024503091,NORMAL,-86.293398882226,36.212967321460596
WESTMORELAND GRADING,9501,LEBANON,Lebanon,6881.562883221604,NORMAL,-86.29779545516,36.213691485946015
DISCOUNT TOBACCO,9501,LEBANON,Lebanon,6874.3357616938,NORMAL,-86.2981446955698,36.2136652978444
BORDER STATES,9501,LEBANON,Lebanon,6256.658101432006,NORMAL,-86.3018484925727,36.2151009555042
IGLESIA RENACER,9501,LEBANON,Lebanon,6223.4823908001645,NORMAL,-86.3019914119202,36.2151853834651
COSTCO FUEL CENTER,9503,MT. JULIET,Mt. Juliet,1957.5162120881766,NORMAL,-86.4628296738674,36.1833781196472
EMPOWER ME DAYCAMP,9501,LEBANON,Lebanon,1057.6043850020662,NORMAL,-86.3173429382345,36.174872267286894
PAVILION/ DOG PARK,9500,(Unincorporated),Unincorporated,3676.296684854265,NORMAL,-86.4237929775513,36.1251830544114
CARROL OAKLAND ,9500,(Unincorporated),Unincorporated,9614.975465444304,NORMAL,-86.2785406748903,36.2759093959399
PHILIDELPHIA CHURCH OF CHRIST,9500,(Unincorporated),Unincorporated,6162.738969066373,NORMAL,-86.2730441320713,36.284297255708815
RUTLAND PLACE,9503,MT. JULIET,Mt. Juliet,341.3200328733186,WATCH,-86.5048634301029,36.1804354900853
CARRICK GLEN ASSISTED LIVING HOME,9503,MT. JULIET,Mt. Juliet,133.6672844441751,HIGH,-86.5042074573745,36.17909527517899
LA PETITE ACADEMY,9503,MT. JULIET,Mt. Juliet,2784.1181104597626,NORMAL,-86.51445302214812,36.17348323804229
CEDAR CITY RV,9501,LEBANON,Lebanon,2287.5663480634585,NORMAL,-86.27372820814,36.19293931170021
SHELL,9501,LEBANON,Lebanon,1832.7369323459934,NORMAL,-86.2717912194508,36.1904478047986
SUBWAY,9501,LEBANON,Lebanon,1729.7918141012378,NORMAL,-86.2715262218069,36.19000889166541
SOUTHERN SPIRITS,9501,LEBANON,Lebanon,1765.7832727267887,NORMAL,-86.2716294403449,36.19012984715021
JALISCO 2,9501,LEBANON,Lebanon,1799.8590980906997,NORMAL,-86.2717236824458,36.19024788380919
JALISCO,9501,LEBANON,Lebanon,222.31271559703632,HIGH,-86.2650217301518,36.18225895039011
SUPER DISCOUNT BEER & TOBACCO,9501,LEBANON,Lebanon,223.37222843307643,HIGH,-86.2649660764013,36.1821757628563
ONCE NEW LES DEUX,9501,LEBANON,Lebanon,233.23739801553526,HIGH,-86.2649004192064,36.18210074445352
BEAUTIFUL YOU SALON,9501,LEBANON,Lebanon,245.9049001724355,HIGH,-86.2648399397963,36.1820288716976
JIMMY'S BAR AND GRILL,9501,LEBANON,Lebanon,376.6986478512104,WATCH,-86.2644343133399,36.1816239677499
TATTOO,9501,LEBANON,Lebanon,409.01373590420275,WATCH,-86.2643422690766,36.18151962460912
SPARTA PKE WINE & SPIRITS,9501,LEBANON,Lebanon,434.942395689742,WATCH,-86.2642648070688,36.18144866294419
LIL PANCHO'S EXPRESS,9501,LEBANON,Lebanon,6699.880666950052,NORMAL,-86.2928388037776,36.19470080211969
PUFFN STUFF SMOKE SHOP,9501,LEBANON,Lebanon,6584.8690971834785,NORMAL,-86.2916910110063,36.202039350976094
POP'S COFFEE SHOP,9501,LEBANON,Lebanon,8267.575011579302,NORMAL,-86.3034635788488,36.209489791024616
ZION WELLNESS & MEDICAL CLINIC,9501,LEBANON,Lebanon,8238.01994711122,NORMAL,-86.3038456433243,36.2095527638795
BANE & ASSOCIATES,9501,LEBANON,Lebanon,8397.193957563208,NORMAL,-86.3044369788602,36.209086339712194
WHITAKER LAW OFFICE,9501,LEBANON,Lebanon,8149.052537156409,NORMAL,-86.304749608317,36.20975414784111
WILSON BANK & TRUST,9501,LEBANON,Lebanon,7661.978233617065,NORMAL,-86.3067261907155,36.21101296373129
THE WEARHOUSE,9501,LEBANON,Lebanon,7729.92760966459,NORMAL,-86.3144040056107,36.21096099300091
LET THEM SHINE DROP-IN CHILDCARE,9501,LEBANON,Lebanon,7665.081071488968,NORMAL,-86.3198108713774,36.212329768788095
LOS COMPADRES,9501,LEBANON,Lebanon,102.68191769353334,HIGH,-86.4095922890546,36.19044889315322
DESTACO,9503,MT. JULIET,Mt. Juliet,896.3355273486878,WATCH,-86.4833695687008,36.17269388297319
VACANT,9501,LEBANON,Lebanon,2369.2270180990454,NORMAL,-86.3292777226656,36.22954766336749
SPECIALTY MOTORS,9501,LEBANON,Lebanon,2554.876031547906,NORMAL,-86.3292568811255,36.228987458165605
HOGAN TEXTILES,9501,LEBANON,Lebanon,2213.355660196179,NORMAL,-86.3287143109935,36.229822847191315
TRUCK DRIVERS LOUNGE,9501,LEBANON,Lebanon,1720.3635001609234,NORMAL,-86.327760799584,36.230988105047096
FUTURE GAS STATION,9500,(Unincorporated),Unincorporated,17966.72076996551,NORMAL,-86.3317799749993,36.1034865543953
TROPICAL SMOOTHIE CAFE,9501,LEBANON,Lebanon,6813.2878601185985,NORMAL,-86.3310928146022,36.21700285979101
HOT WAX,9501,LEBANON,Lebanon,6797.557533938547,NORMAL,-86.3311837742442,36.21704531441791
DECA DENTAL,9501,LEBANON,Lebanon,6776.8269449583195,NORMAL,-86.3312906310413,36.21708204039431
FIREHOUSE SUBS,9501,LEBANON,Lebanon,6753.732209369051,NORMAL,-86.3314043782563,36.217114846833525
HIGHBROW STUDIOS,9503,MT. JULIET,Mt. Juliet,2814.295406903302,NORMAL,-86.5272709295264,36.2308417480435
1370 Has a new 50 ft entrance beside 1400 Ben Green Rd,9500,(Unincorporated),Unincorporated,11523.798494379767,NORMAL,-86.1596094009927,36.22526737635779
MADISON @ TOWNSHIP APTS,9501,LEBANON,Lebanon,507.4726359705386,WATCH,-86.4358079063447,36.24157518712939
CEDAR LANDING,9501,LEBANON,Lebanon,8891.743089491969,NORMAL,-86.3179446198379,36.2025752430034
POLE BARN,9500,(Unincorporated),Unincorporated,4097.4121116955885,NORMAL,-86.48103078694112,36.2502274325064
ICONIC CULTURE BARBER SHOP,9503,MT. JULIET,Mt. Juliet,2406.588952256434,NORMAL,-86.5290931671033,36.234672150505595
MT JULIET DONUT SHOP,9503,MT. JULIET,Mt. Juliet,2338.47483067725,NORMAL,-86.5291270891384,36.234858212661806
RUTLAND ELEMENTARY,9503,MT. JULIET,Mt. Juliet,2523.7200867336055,NORMAL,-86.4794658154362,36.1674174004993
WEST WILSON UTILITIES METER,9500,(Unincorporated),Unincorporated,798.3645262766188,WATCH,-86.5234193041625,36.27577293191129
BARN,9500,(Unincorporated),Unincorporated,3714.7911190938466,NORMAL,-86.2861841772912,36.2590361644016
FUTURE WHATABURGER,9503,MT. JULIET,Mt. Juliet,1530.0082297269348,NORMAL,-86.460601537809,36.183190009269104
WINE AND SPIRITS,9501,LEBANON,Lebanon,5378.372948971574,NORMAL,-86.290513791898,36.209547394096205
DOMINOS,9501,LEBANON,Lebanon,2719.044939085499,NORMAL,-86.3019861633896,36.1745121654689
SMOKE SHOP,9501,LEBANON,Lebanon,2684.8224734661762,NORMAL,-86.3020356317907,36.17437033571981
VACANT,9501,LEBANON,Lebanon,2662.2288023822907,NORMAL,-86.3020731600491,36.1742835855293
THE LUCKY ROOSTER,9500,(Unincorporated),Unincorporated,3790.7866887459995,NORMAL,-86.5611890476031,36.25260554790729
SUNNY KITCHEN,9503,MT. JULIET,Mt. Juliet,797.9490729559373,WATCH,-86.5143471239013,36.16260034743641
INTUNE CHIROPRACTIC,9503,MT. JULIET,Mt. Juliet,586.1566651503202,WATCH,-86.5159905293258,36.16142571400248
PINNACLE DERMATOLOGY,9503,MT. JULIET,Mt. Juliet,594.4025461056199,WATCH,-86.5160024705091,36.161369150717405
LITTLE CAESARS,9503,MT. JULIET,Mt. Juliet,541.908915338084,WATCH,-86.5159507227045,36.161698885727176
SAFFIRE VAPOR,9503,MT. JULIET,Mt. Juliet,536.9134470782117,WATCH,-86.51592113105062,36.1617611095257
WASH N ROLL CAR WASH,9501,LEBANON,Lebanon,4892.437729196756,NORMAL,-86.3323721582549,36.195095858560705
FREEBYRDS EXPRESS WASH,9501,LEBANON,Lebanon,6353.162823201272,NORMAL,-86.3335390940661,36.21778497519999
GRAY'S AUTO,9501,LEBANON,Lebanon,5902.859569355296,NORMAL,-86.3367486537074,36.21901622281043
KUBOTA,9501,LEBANON,Lebanon,5374.4882131613,NORMAL,-86.3384234552023,36.218325900038884
N2 NUTRITION,9501,LEBANON,Lebanon,3653.401891837385,NORMAL,-86.3448254310121,36.22313980116561
CHIPOTLE,9503,MT. JULIET,Mt. Juliet,2703.3259871117993,NORMAL,-86.5142011565561,36.1749136580751
STARBUCKS,9501,LEBANON,Lebanon,5635.528516656053,NORMAL,-86.3364604367504,36.2176474425995
BANK OF AMERICA ATM,9503,MT. JULIET,Mt. Juliet,336.94203037509016,WATCH,-86.512860848491,36.1903185196655
DOLLAR GENERAL,9501,LEBANON,Lebanon,6319.433211817046,NORMAL,-86.3266781679395,36.2027678570584
WINDTREE PINES,9503,MT. JULIET,Mt. Juliet,151.2076881605353,HIGH,-86.5283702718051,36.2415206061817
NOBLE OIL SERVICES,9501,LEBANON,Lebanon,5705.4119541565,NORMAL,-86.2880027049615,36.2008515697576
PROVENZA AT PARK PLACE APTS,9501,LEBANON,Lebanon,43.631201031619,CRITICAL,-86.4361469201777,36.2336875554546
APT A IS UPSTAIRS,9501,LEBANON,Lebanon,5435.986089222101,NORMAL,-86.295019474383,36.21841768070941
APT B IS DOWNSTAIRS,9501,LEBANON,Lebanon,5448.025270775377,NORMAL,-86.2950098020566,36.21838523567089
JUST IN TIME TRUCKING EXPRESS,9501,LEBANON,Lebanon,138.13971116375492,HIGH,-86.4289905641011,36.19010566974951
BONFIRE GRILL,9503,MT. JULIET,Mt. Juliet,457.9425152696483,WATCH,-86.5158311323089,36.16227235103719
FLEET FEET,9503,MT. JULIET,Mt. Juliet,471.7006912893679,WATCH,-86.5158597466182,36.162167109195806
PERSIS INDIAN GRILL,9503,MT. JULIET,Mt. Juliet,485.44806291884,WATCH,-86.5158653108449,36.162090744707406
SUMMIT MEDICAL ASSOCIATES - SUITE 100,9503,MT. JULIET,Mt. Juliet,718.2583071460194,WATCH,-86.5159284178502,36.16083643590422
TRISTAR SUMMIT IMAGING - SUITE 110,9503,MT. JULIET,Mt. Juliet,724.4049488229351,WATCH,-86.515949763198,36.1607189310643
CENTENNIAL HEART AT SUMMIT - SUITE 120,9503,MT. JULIET,Mt. Juliet,713.2207081061163,WATCH,-86.5159672289323,36.160604560241204
VEIN CENTRE AT MT JULIET - SUITE 211,9503,MT. JULIET,Mt. Juliet,689.4693366622408,WATCH,-86.5160642560422,36.160690730680905
THE LETT CENTER - SUITE 210,9503,MT. JULIET,Mt. Juliet,688.5079923157305,WATCH,-86.5160623151581,36.16081920284778
REFLEXOLOGY - SUITE 101,9503,MT. JULIET,Mt. Juliet,459.9765759451081,WATCH,-86.5143534368494,36.190539828668314
CAPELLA'S SALON & SPA - SUITE 102,9503,MT. JULIET,Mt. Juliet,457.7830544816294,WATCH,-86.5143057287549,36.19049426569202
STATE FARM - SUITE 103,9503,MT. JULIET,Mt. Juliet,458.2467924596645,WATCH,-86.514232575427,36.1904166176384
ME TIME DROP IN CHILD CARE,9503,MT. JULIET,Mt. Juliet,493.40627660448064,WATCH,-86.5146083779091,36.1907424916612
COOL SPRINGS PLASTIC SURGERY,9503,MT. JULIET,Mt. Juliet,503.19805118011766,WATCH,-86.5146667703147,36.190794631332686
CAMPIONES TASTE OF CHICAGO,9503,MT. JULIET,Mt. Juliet,511.96729934448507,WATCH,-86.5147152241966,36.1908397529789
INSURANCE MANAGMENT SERVICES - SUITE 100,9503,MT. JULIET,Mt. Juliet,2360.701177525315,NORMAL,-86.5231337601302,36.20211208941571
WONDER HOLLOW - SUITE 101,9503,MT. JULIET,Mt. Juliet,2413.88251203753,NORMAL,-86.5229810713926,36.202034440791216
BOHO BEAUTY CO - SUITE 102,9503,MT. JULIET,Mt. Juliet,2452.451357198567,NORMAL,-86.5228689392706,36.2019798937045
BENJAMIN MOORE,9503,MT. JULIET,Mt. Juliet,3754.6090819747633,NORMAL,-86.51711418814202,36.17790191820642
AMOUR NAIL BAR,9503,MT. JULIET,Mt. Juliet,3722.0387200190203,NORMAL,-86.5169899437214,36.1779420341823
DIAMOND VAPE & SMOKE,9503,MT. JULIET,Mt. Juliet,3689.5111476668185,NORMAL,-86.5168644567719,36.1779871635959
GREAT INDIAN FOOD,9503,MT. JULIET,Mt. Juliet,3652.888261093908,NORMAL,-86.5167253033236,36.17803028751641
THE GODDARD SCHOOL,9503,MT. JULIET,Mt. Juliet,3292.8351300888808,NORMAL,-86.51568630940761,36.1772682173538
CADILLAC,9503,MT. JULIET,Mt. Juliet,3792.0657041328536,NORMAL,-86.5217527792761,36.17644033522571
BLDG A,9503,MT. JULIET,Mt. Juliet,152.81856221094864,HIGH,-86.5131724889826,36.1935788268854
BLDG B,9503,MT. JULIET,Mt. Juliet,184.7276013067142,HIGH,-86.5131908471545,36.1940315501346
BLDG C,9503,MT. JULIET,Mt. Juliet,248.73915061247808,HIGH,-86.5134222309704,36.19398540410561
BLDG D,9503,MT. JULIET,Mt. Juliet,345.6784075356034,WATCH,-86.51364926306091,36.19444897754212
BLDG E,9503,MT. JULIET,Mt. Juliet,420.9799291878803,WATCH,-86.5139159428214,36.19441853873731
BLDG F,9503,MT. JULIET,Mt. Juliet,433.56249801541145,WATCH,-86.5137938504816,36.19513403820701
BLDG G,9503,MT. JULIET,Mt. Juliet,438.85747161485136,WATCH,-86.513708939917,36.1955801150033
BLDG H,9503,MT. JULIET,Mt. Juliet,521.53977726076,WATCH,-86.5139144137919,36.195924374377206
LEASING OFFICE,9503,MT. JULIET,Mt. Juliet,506.5615616523771,WATCH,-86.5141247220012,36.1947917227871
LAUREL VALLEY APTS,9503,MT. JULIET,Mt. Juliet,551.8411941305665,WATCH,-86.5142754255101,36.19481516497291
BUILDING 1,9501,LEBANON,Lebanon,974.681486183379,WATCH,-86.32543294828,36.23276663824599
BUILDING 2,9501,LEBANON,Lebanon,845.4473906279311,WATCH,-86.3259046411685,36.23312287946142
SHOP,9500,(Unincorporated),Unincorporated,6316.406596588309,NORMAL,-86.1252410037153,36.205500539823895
BUILDING 3,9503,MT. JULIET,Mt. Juliet,3009.188824028728,NORMAL,-86.5206357859642,36.17187840944621
BUILDING 4,9503,MT. JULIET,Mt. Juliet,2944.7328173513115,NORMAL,-86.520115620836,36.17164243490392
BUILDING 5,9503,MT. JULIET,Mt. Juliet,2952.7838506795647,NORMAL,-86.5195852407474,36.17160633753921
BUILDING 6,9503,MT. JULIET,Mt. Juliet,2964.7576654479203,NORMAL,-86.5190858537715,36.171584526394405
BUILDING 7,9503,MT. JULIET,Mt. Juliet,2664.760620148064,NORMAL,-86.5191000424553,36.170754433200415
BUILDING 8,9503,MT. JULIET,Mt. Juliet,2713.8283080665806,NORMAL,-86.5198977419716,36.1709783218184
BUILDING 9,9503,MT. JULIET,Mt. Juliet,2867.070356284868,NORMAL,-86.5215285335559,36.17158274635741
BUILDING 10,9503,MT. JULIET,Mt. Juliet,2753.874821152444,NORMAL,-86.5211449587294,36.17122670251669
BUILDING 11,9503,MT. JULIET,Mt. Juliet,2676.5253186714804,NORMAL,-86.5207483335225,36.17096859240568
BUILDING 12,9503,MT. JULIET,Mt. Juliet,2511.654759853826,NORMAL,-86.5207017544912,36.170506406925014
BUILDING 13,9503,MT. JULIET,Mt. Juliet,2457.4386214303,NORMAL,-86.5213693879848,36.170429636712115
BUILDING 14,9503,MT. JULIET,Mt. Juliet,2380.3903879278014,NORMAL,-86.5219368881142,36.170278540573186
BUILDING 15,9503,MT. JULIET,Mt. Juliet,2603.727285660038,NORMAL,-86.5221222087394,36.17091808408661
 REUNION @ TOWNSHIP APTS,9501,LEBANON,Lebanon,188.329580116948,HIGH,-86.4357820467386,36.239489728445776
THE STUDIO RENTAL,9500,(Unincorporated),Unincorporated,17398.111786386748,NORMAL,-86.16149992397,36.04790899313619
THE COTTAGE RENTAL,9500,(Unincorporated),Unincorporated,17456.009614083854,NORMAL,-86.16137881161912,36.04770335618111
TRI STAR SUMMIT SURGERY CENTER,9501,LEBANON,Lebanon,3403.5214898862514,NORMAL,-86.3279352803437,36.187189800749806
BRADSHAW FARMS,9503,MT. JULIET,Mt. Juliet,1598.8568758968067,NORMAL,-86.4864119249751,36.209937164000614
CANEBRAKE SUBD,9500,(Unincorporated),Unincorporated,114.88428922177688,HIGH,-86.5754308845842,36.2052418773292
HABITAT FOR HUMANITY OFFICES,9501,LEBANON,Lebanon,3559.5564926471243,NORMAL,-86.3041913054713,36.17983181437191
RESTORE,9501,LEBANON,Lebanon,3733.7299463915547,NORMAL,-86.3041065814656,36.180345892185
LEBANON PLACE,9501,LEBANON,Lebanon,3500.901991461409,NORMAL,-86.3052250038202,36.180100891594705
KEKE'S BREAKFAST CAFE,9503,MT. JULIET,Mt. Juliet,1569.223036590358,NORMAL,-86.5166479194743,36.2313117834744
CHIPOTLE,9503,MT. JULIET,Mt. Juliet,1534.149893194048,NORMAL,-86.5163627685637,36.231302395168406
LOT 5,9500,(Unincorporated),Unincorporated,2393.8597551492135,NORMAL,-86.5481489875067,36.297947832437
LOT 6,9500,(Unincorporated),Unincorporated,2518.007737808212,NORMAL,-86.5485869205755,36.29806508566221
SHOP,9500,(Unincorporated),Unincorporated,11780.847960647074,NORMAL,-86.1626775828307,36.064122046798914
IN-N-OUT BURGER,9501,LEBANON,Lebanon,3875.409221362682,NORMAL,-86.3250640388925,36.186390147276
POSSIBLE CAMPER BEING LIVED IN,9500,(Unincorporated),Unincorporated,2503.204498202432,NORMAL,-86.5477323118127,36.16048323155869
ADDRESS NUMBER NOT LABELED AT ROAD,9500,(Unincorporated),Unincorporated,2489.1456283320854,NORMAL,-86.54738958810171,36.16050527024851
DIAMOND PARK TRAILER PARK,9503,MT. JULIET,Mt. Juliet,2125.448285982814,NORMAL,-86.5118192853968,36.176593582365
SHOP,9500,(Unincorporated),Unincorporated,2819.844020936246,NORMAL,-86.4221749390452,36.16054235859179
WILLOW LANDING SUBD,9500,(Unincorporated),Unincorporated,5122.578028000919,NORMAL,-86.4729848467789,36.2500948115473
WAWA,9501,LEBANON,Lebanon,3420.692379313578,NORMAL,-86.301981036897,36.1779128858767
ONE STEP AHEAD HALFWAY HOUSE,9501,LEBANON,Lebanon,3086.972432694383,NORMAL,-86.2769121033122,36.199895054204504
FUTURE DUNKIN,9503,MT. JULIET,Mt. Juliet,1787.9349715642613,NORMAL,-86.463080016966,36.18470337112559
DRIVE WILL COME OFF 3200 KENNEDY CREEK RD,9500,(Unincorporated),Unincorporated,5062.974771659562,NORMAL,-86.1326116939742,35.974598997041305
HAWKS LANDING,9501,LEBANON,Lebanon,480.7255480644589,WATCH,-86.3314208177585,36.235882147105606
CLUBHOUSE,9501,LEBANON,Lebanon,128.40721424194123,HIGH,-86.4343459490614,36.241088685763195
BLDG 3,9501,LEBANON,Lebanon,302.36425819366536,WATCH,-86.435954836886,36.239960084619995
BLDG 4,9501,LEBANON,Lebanon,426.46098028387394,WATCH,-86.4367387880411,36.240101017458
BLDG 5,9501,LEBANON,Lebanon,369.1598443477861,WATCH,-86.4369418593539,36.24009339957501
BLDG 6,9501,LEBANON,Lebanon,138.53124245741037,HIGH,-86.4377021968533,36.2402419503634
BLDG 7,9501,LEBANON,Lebanon,100.73791685134346,HIGH,-86.4378769325608,36.24010863527979
BLDG 8,9501,LEBANON,Lebanon,111.64608013109336,HIGH,-86.4379949972605,36.239617273546
BLDG 9,9501,LEBANON,Lebanon,154.8085259990825,HIGH,-86.4378911004888,36.2394687217753
BLDG 10,9501,LEBANON,Lebanon,390.4179159995727,WATCH,-86.4371024277175,36.2393544511686
BLDG 11,9501,LEBANON,Lebanon,435.95767412647757,WATCH,-86.43689935553871,36.239491576206895
BLDG 12,9501,LEBANON,Lebanon,438.757465857203,WATCH,-86.4370552016006,36.23884403954831
BLDG 13,9501,LEBANON,Lebanon,382.9457863708416,WATCH,-86.4372771632059,36.23867263150908
BLDG 14,9501,LEBANON,Lebanon,154.9478282014717,HIGH,-86.4380044427646,36.238973546822194
BLDG 15,9501,LEBANON,Lebanon,104.44918293368745,HIGH,-86.4382075146124,36.23880594927281
BLDG 16,9501,LEBANON,Lebanon,103.27266345368855,HIGH,-86.4382925209147,36.238421233383306
BLDG 17,9501,LEBANON,Lebanon,152.5798113390715,HIGH,-86.4381130628074,36.23845170606081
BLDG 18,9501,LEBANON,Lebanon,405.3120623708204,WATCH,-86.4373338341373,36.23808984262011
BLDG 19,9501,LEBANON,Lebanon,275.59523154016347,WATCH,-86.4378627655631,36.237800351904205
BLDG 20,9501,LEBANON,Lebanon,134.04755291355744,HIGH,-86.4384035057197,36.23756402198031
BLDG 21,9501,LEBANON,Lebanon,126.83772670663241,HIGH,-86.4384406216975,36.2368981980478
BLDG 1,9501,LEBANON,Lebanon,220.09605914048802,HIGH,-86.4345839621454,36.241332531874306
BLDG 2,9501,LEBANON,Lebanon,120.0954963728408,HIGH,-86.4348197141224,36.24084011112738
BLDG A,9501,LEBANON,Lebanon,1231.0426115353473,NORMAL,-86.3236687255089,36.232468488728095
BLDG B,9501,LEBANON,Lebanon,1100.3081400042558,NORMAL,-86.3236445457097,36.232897574358084
BLDG I,9501,LEBANON,Lebanon,1010.464309937535,NORMAL,-86.323599208949,36.233224263158014
BLDG H,9501,LEBANON,Lebanon,948.3721266390845,WATCH,-86.323590141522,36.23344855633011
BLDG G,9501,LEBANON,Lebanon,911.4732022827064,WATCH,-86.3237624224778,36.2334656218081
BLDG F,9501,LEBANON,Lebanon,881.0249351887924,WATCH,-86.3239649275233,36.23344855577911
BLDG E,9501,LEBANON,Lebanon,943.8228044158902,WATCH,-86.3239951519827,36.23322670133501
BLDG D,9501,LEBANON,Lebanon,1029.6221122570212,NORMAL,-86.3240193315223,36.232943895876105
BLDG C,9501,LEBANON,Lebanon,1173.8132330701994,NORMAL,-86.3240586229677,36.232487992329006
LOT 1,9500,(Unincorporated),Unincorporated,1915.3426854968636,NORMAL,-86.5464434019243,36.29735365715842
BLDG E,9501,LEBANON,Lebanon,5119.435535177934,NORMAL,-86.296133139597,36.185725195733504
BLDG F,9501,LEBANON,Lebanon,5046.232484558281,NORMAL,-86.2961967928258,36.18529462460932
BLDG C,9501,LEBANON,Lebanon,4721.413841008813,NORMAL,-86.2952480595864,36.18483958647361
BLDG B,9501,LEBANON,Lebanon,4758.472556225181,NORMAL,-86.2952147174578,36.18505976610108
BLDG A,9501,LEBANON,Lebanon,4871.361155170237,NORMAL,-86.2952510902738,36.18555149990841
BLDG D,9501,LEBANON,Lebanon,4637.013035634249,NORMAL,-86.2945690938826,36.18521633835221
OFFICE,9501,LEBANON,Lebanon,4511.854201835442,NORMAL,-86.2944842227021,36.18472460275122
SHOP,9500,(Unincorporated),Unincorporated,199.58255047852282,HIGH,-86.39670926577841,36.3058390722431
LOT 4,9500,(Unincorporated),Unincorporated,2322.028947821175,NORMAL,-86.5478897485562,36.2978327455991
LOT 3,9500,(Unincorporated),Unincorporated,2216.1285640625456,NORMAL,-86.5475131088176,36.297707897087896
LYNWOOD STATION,9503,MT. JULIET,Mt. Juliet,182.32441017022092,HIGH,-86.5076400181506,36.1988907693065
 WASTEWATER TREATMENT FACILITY,9500,(Unincorporated),Unincorporated,3900.859489521828,NORMAL,-86.5572502564904,36.24577738165049
SHOP,9500,(Unincorporated),Unincorporated,2801.1420591881547,NORMAL,-86.3947325673599,36.11257108945851
BECKWITH APARTMENTS,9502,WATERTOWN,Watertown,399.8028852907724,WATCH,-86.1368098975817,36.10333842160819
LOT 2,9500,(Unincorporated),Unincorporated,2044.547307194113,NORMAL,-86.5469013299897,36.297493151138205
BARN,9500,(Unincorporated),Unincorporated,657.5835749205917,WATCH,-86.261084441997,36.2045537605038
ELDERLY PARENTS 2 BEDROOM APARTMENT,9500,(Unincorporated),Unincorporated,7355.23194841394,NORMAL,-86.4494640610042,36.08715333846321
LOT 8,9500,(Unincorporated),Unincorporated,5956.758075561455,NORMAL,-86.2549385156785,36.24552328048281
LOT 7,9500,(Unincorporated),Unincorporated,6064.817430016874,NORMAL,-86.2547380754105,36.2457818613736
LOT 6,9500,(Unincorporated),Unincorporated,6117.690680806846,NORMAL,-86.2546048385232,36.24587924181091
BLDG 13,9501,LEBANON,Lebanon,3077.335027226635,NORMAL,-86.3171026815007,36.2254985578046
BLDG 1,9501,LEBANON,Lebanon,3274.7385148228805,NORMAL,-86.3170508343412,36.224769612995715
BLDG 4,9501,LEBANON,Lebanon,2963.7207704046345,NORMAL,-86.3148066175094,36.224644137583
MAINTENANCE SHED,9501,LEBANON,Lebanon,2783.4812378250076,NORMAL,-86.3146886214703,36.225150760751674
BLDG 3,9501,LEBANON,Lebanon,2702.3496617512806,NORMAL,-86.3148362448515,36.22546868336053
BLDG 2,9501,LEBANON,Lebanon,2580.7627414816416,NORMAL,-86.3161860334034,36.2266607924733
BLDG 5,9501,LEBANON,Lebanon,3240.350791819183,NORMAL,-86.3203432416387,36.2276511764989
CRACKER BARREL OFFICES,9501,LEBANON,Lebanon,3258.278506650902,NORMAL,-86.3200256446911,36.22762823309801
CRACKER BARREL MAIN OFFICES,9501,LEBANON,Lebanon,3206.8201518181554,NORMAL,-86.318109986721,36.2257734042586
HIGH PARK TOWNHOMES,9501,LEBANON,Lebanon,7996.44481110571,NORMAL,-86.3190396156742,36.197641133461694
APARTMENT ABOVE DETATCHED GARAGE,9500,(Unincorporated),Unincorporated,21958.30950603663,NORMAL,-86.1256266238029,36.02961278316971
FAMILY EYE MED,9501,LEBANON,Lebanon,5636.459735474578,NORMAL,-86.3018286376877,36.216808550916916
STAR PHYSICAL THERAPY,9501,LEBANON,Lebanon,5578.535545246371,NORMAL,-86.3025420762978,36.2169336800601
DOG PARK,9501,LEBANON,Lebanon,5982.587135145892,NORMAL,-86.300088176739,36.215943690159314
BELLE'S LITTLE COUNTRY KITCHEN,9501,LEBANON,Lebanon,5936.852253832363,NORMAL,-86.2931840081879,36.21235226881691
ANCHOR ACADEMY,9501,LEBANON,Lebanon,6564.873493831624,NORMAL,-86.2954504601227,36.212715163105514
WILSON COUNTY SCHOOLS OPERATIONS BUILDING,9501,LEBANON,Lebanon,6184.774118137584,NORMAL,-86.2941176095159,36.21262962067681
TENN LAKES BREWING COMPANY,9501,LEBANON,Lebanon,6088.703712360234,NORMAL,-86.2933542497257,36.2108992109449
HOOD CONTAINER,9501,LEBANON,Lebanon,5930.231310398358,NORMAL,-86.3246385641404,36.219168639487705
VANDERBILT CENTER FOR WOMENS HEALTH,9501,LEBANON,Lebanon,5414.948372259937,NORMAL,-86.3289448613208,36.220801730957
EMERGENCY ROOM,9501,LEBANON,Lebanon,4912.881524938336,NORMAL,-86.3270329743982,36.2219873496106
VANDERBILT HEALTH,9501,LEBANON,Lebanon,5311.478450098144,NORMAL,-86.32615233399942,36.2208522801678
DCI DIALYSIS CLINIC INC,9501,LEBANON,Lebanon,4812.074985236071,NORMAL,-86.325867296974,36.22221981218341
SUPERIOR,9501,LEBANON,Lebanon,4828.978832101055,NORMAL,-86.3244000255805,36.22221217564891
VOLUNTEER CUMBERLAND MENTAL HEALTH,9501,LEBANON,Lebanon,4344.287354180096,NORMAL,-86.3259856258059,36.22350659249562
JUST BOX IT STORAGE,9501,LEBANON,Lebanon,3369.9413108182894,NORMAL,-86.3239125125894,36.22629008779021
HAMILTON MACHINE,9501,LEBANON,Lebanon,2875.5540726912973,NORMAL,-86.3231889336103,36.2277977731482
WEST ROCK,9501,LEBANON,Lebanon,2006.406737003645,NORMAL,-86.3223236575841,36.2306374302549
ALLEY CASSETTY BRICK & STONE,9501,LEBANON,Lebanon,2209.090949664787,NORMAL,-86.3194763803897,36.23202142822601
THE BRIDGE HOUSE,9501,LEBANON,Lebanon,5455.266494965072,NORMAL,-86.2914670529542,36.2122312390287
GULF,9501,LEBANON,Lebanon,4340.364197188185,NORMAL,-86.2875563466891,36.21192084213379
JEWELL AND JANE CO,9501,LEBANON,Lebanon,5550.376252319025,NORMAL,-86.2906986845382,36.20847455858251
JACKS GUITARCHEOLOGY,9501,LEBANON,Lebanon,5513.662569909648,NORMAL,-86.2905594322548,36.2084589761175
BJS HOT CHICKEN,9501,LEBANON,Lebanon,5520.755143731785,NORMAL,-86.2907189203795,36.2087687275544
CEDAR CITY BREWING COMPANY,9501,LEBANON,Lebanon,5601.485048993817,NORMAL,-86.2908777385947,36.20846338111981
POLLOW SPARROW BAKERY,9501,LEBANON,Lebanon,5552.887653635404,NORMAL,-86.2905538426644,36.208139533702514
 THE SUNDAY FARM AND APIARY,9501,LEBANON,Lebanon,5376.9597083085855,NORMAL,-86.2898555524463,36.20802430461169
FUTURE HATTONS RESTAURANT,9501,LEBANON,Lebanon,5267.381547976923,NORMAL,-86.2892300050377,36.20761140716
LIQUOR STORE,9501,LEBANON,Lebanon,5930.471222307596,NORMAL,-86.33637420039501,36.2188027684143
EV MOTORS INC,9501,LEBANON,Lebanon,5645.454177306771,NORMAL,-86.3366257165078,36.21996694299211
ALICE & IVY STUDIOS,9501,LEBANON,Lebanon,5786.275609848355,NORMAL,-86.3348484497363,36.21657549802672
BELAMOUR BALLET DANCE COMPANY,9501,LEBANON,Lebanon,7183.600936283837,NORMAL,-86.3277743154614,36.215778357979005
HOT YOGA,9501,LEBANON,Lebanon,7167.285271939166,NORMAL,-86.3280038561616,36.21584042276682
DIFFERENT,9501,LEBANON,Lebanon,7173.184552056285,NORMAL,-86.3279053861034,36.2158166047036
LIQUOR STORE,9501,LEBANON,Lebanon,7328.205730527456,NORMAL,-86.3280629052448,36.2151151860799
VOLUNTEER AUTO SALES,9501,LEBANON,Lebanon,7958.544828493282,NORMAL,-86.32258172176921,36.21245481769731
WASH N ROLL,9500,(Unincorporated),Lebanon,82.29297042377577,HIGH,-86.4101681232756,36.191814126161304
WHATABURGER,9500,(Unincorporated),Lebanon,94.57539046229202,HIGH,-86.4098466023412,36.191307400586915
RESULTS PT,9500,(Unincorporated),Lebanon,622.9342051506893,WATCH,-86.4087214472052,36.19289658746949
GREAT CLIPS,9500,(Unincorporated),Lebanon,625.4858231926332,WATCH,-86.4086947575389,36.192860619138514
FARM BUREAU,9500,(Unincorporated),Lebanon,626.6494926991993,WATCH,-86.4086699137993,36.1928143352502
5TH NAIL LOUNGE,9500,(Unincorporated),Lebanon,615.835091123859,WATCH,-86.4088080918704,36.1930142035701
109 LIQUOR & WINE,9500,(Unincorporated),Lebanon,632.3881509552891,WATCH,-86.4086282418075,36.19276451866592
STE 200 & 201 UPSTAIRS ARE RESIDENTIAL,9501,LEBANON,Lebanon,5332.115540317308,NORMAL,-86.2894895576861,36.207644967240896
TRI STAR TRUCK & EQUIPMENT,9501,LEBANON,Lebanon,1920.4718133496315,NORMAL,-86.3048187841033,36.17417479702849
GROCE ELECTRIC,9500,(Unincorporated),Unincorporated,139.99114446176162,HIGH,-86.3116155433792,36.14970777256389
 POLLEI ORTHODONICS,9501,LEBANON,Lebanon,6546.936561308662,NORMAL,-86.3259412746994,36.20323335684862
CEDAR CITY TRAIL,9501,LEBANON,Lebanon,7616.734446688901,NORMAL,-86.3228055184505,36.206203101938094
CHRISTMAS FOR ALL FROM SEPTEMBER-DECEMBER,9501,LEBANON,Lebanon,5617.444773863766,NORMAL,-86.3214429615041,36.2193988833315
TRAILER DEPOT,9501,LEBANON,Lebanon,3401.808938189701,NORMAL,-86.27937211965802,36.19016435464321
LEBANON PRIMITIVE BAPTIST CHURCH,9501,LEBANON,Lebanon,7107.037783124556,NORMAL,-86.3220829656713,36.196444668388985
BELINDA PARKWAY CHURCH OF CHRIST,9503,MT. JULIET,Mt. Juliet,1770.4832412683631,NORMAL,-86.4753935980011,36.17460958998968
CALIBER COLLISON,9503,MT. JULIET,Mt. Juliet,885.6737916788777,WATCH,-86.4894344819771,36.171943703832106
OVERSTOCK OUTLET,9503,MT. JULIET,Mt. Juliet,972.0618880394557,WATCH,-86.4928552411537,36.171351272229
MT JULIET FIRE STATION 1,9503,MT. JULIET,Mt. Juliet,1056.4361436396864,NORMAL,-86.4953753226601,36.1708567590802
SPORTSWEAR PROMOTIONS INC,9503,MT. JULIET,Mt. Juliet,983.773702800255,WATCH,-86.4971463534851,36.1708738961403
TEKNIA NASHVILLE,9503,MT. JULIET,Mt. Juliet,857.1992751246545,WATCH,-86.4983533234213,36.171099120003085
MUSIC CITY HONDA,9503,MT. JULIET,Mt. Juliet,864.1848063907931,WATCH,-86.5016103234862,36.170741699678096
BUSY BEE PLUMBING HEATING AND AIR,9501,LEBANON,Lebanon,252.11648123140085,WATCH,-86.2995607356055,36.16694154630021
CADES BLUFF,9501,LEBANON,Lebanon,519.6364879189515,WATCH,-86.43577201545172,36.2423814750627
ICE SYSTEMS,9501,LEBANON,Lebanon,826.6364961990381,WATCH,-86.3003708929427,36.16862124638741
FERGUSON COUNTER,9501,LEBANON,Lebanon,2048.602068136234,NORMAL,-86.3058986830145,36.17573590135769
IGP CERAMICS,9501,LEBANON,Lebanon,2378.987451917375,NORMAL,-86.3054710893907,36.17662204556052
CERTECH,9501,LEBANON,Lebanon,2345.04522922195,NORMAL,-86.3056621414793,36.176622045908
GYRO & PHILLY STEAK #2,9501,LEBANON,Lebanon,1215.2487875334818,NORMAL,-86.4113964056219,36.1871345016195
THE ADOPTED FARMHOUSE COFFEE CO,9502,WATERTOWN,Watertown,1139.9820222794979,NORMAL,-86.1334629537658,36.10008540076169
 ,9500,(Unincorporated),Unincorporated,8776.837157471355,NORMAL,-86.3458134957963,36.150853366143686
 ,9500,(Unincorporated),Unincorporated,8900.409281680735,NORMAL,-86.3445250614976,36.1501993087263
WATERTOWN CHAMBER OF COMMERCE,9502,WATERTOWN,Watertown,1133.589421089765,NORMAL,-86.1342194268169,36.09992013774581
MUSIC CITY TOYS & COLLECTIBLES,9502,WATERTOWN,Watertown,1137.8246551623245,NORMAL,-86.1342900746156,36.09992114691183
STUDIO 25,9502,WATERTOWN,Watertown,1052.5891052786421,NORMAL,-86.1335127296433,36.099833107380896
"THOMAS GRAMLING, CPA",9502,WATERTOWN,Watertown,1049.2102025002837,NORMAL,-86.1335797093124,36.09981171217981
ATWOOD WELCOME CENTER,9502,WATERTOWN,Watertown,1045.0011250357425,NORMAL,-86.133346974004,36.09983672276459
THE EVENT ROOM,9502,WATERTOWN,Watertown,1168.0337635901374,NORMAL,-86.1330961077226,36.10022416709781
WATERTOWN SMOKE SHOP,9502,WATERTOWN,Watertown,1182.6457570668153,NORMAL,-86.1341292910922,36.10007622661859
SIGNS- SUN GRAPHICS,9502,WATERTOWN,Watertown,720.7031109759217,WATCH,-86.133599415569,36.09887667165761
LOCAL & MANE HAIR COMPANY,9501,LEBANON,Lebanon,7424.046030341138,NORMAL,-86.30943752745621,36.21155803634599
BRUCE JOHNSON DENTISTRY,9501,LEBANON,Lebanon,7429.1932117638835,NORMAL,-86.308955300465,36.21156170700999
AMERICAN ESOTERIC LABORATORIES,9501,LEBANON,Lebanon,7271.829744146193,NORMAL,-86.3085276652148,36.21201318628881
MEDICAL ARTS PHARMACY,9501,LEBANON,Lebanon,7257.779101900507,NORMAL,-86.3089143563043,36.2120352098792
RMA LAW,9501,LEBANON,Lebanon,7309.187307476563,NORMAL,-86.3067124896815,36.211983821687305
CASTLE HEIGHTS MILITARY ACADEMY MUSEUM AND ARCHIVES,9501,LEBANON,Lebanon,7047.5191521179795,NORMAL,-86.3076269011771,36.21266654138579
VERTREES CLINICAL GROUP,9501,LEBANON,Lebanon,6956.95850725351,NORMAL,-86.307977197906,36.21290145445979
JANTZ FAMILY PRACTICE,9501,LEBANON,Lebanon,6741.488534279096,NORMAL,-86.3082001134946,36.21348506329911
SAMMY B'S,9501,LEBANON,Lebanon,6754.517016244996,NORMAL,-86.3076769436042,36.21347038145889
SOUL TO SOUL AESTHETICS,9501,LEBANON,Lebanon,7157.197985035043,NORMAL,-86.3060664879794,36.21242795714442
REMAX LEGACY PROPERTIES,9501,LEBANON,Lebanon,7202.640101624054,NORMAL,-86.3060619371115,36.2123031586843
MIRACLE EAR,9501,LEBANON,Lebanon,7259.023533724325,NORMAL,-86.3061301781936,36.212145325769704
ALPHA & OMEGA COMPUTER CONSULTANTS,9501,LEBANON,Lebanon,7014.527390724912,NORMAL,-86.306205435252,36.21281473776452
"TROY LONG, DDS GENERAL & AESTHETIC DENTISTRY",9501,LEBANON,Lebanon,6400.974921617689,NORMAL,-86.3052476115813,36.2145409804244
FED EX DROP OFF,9501,LEBANON,Lebanon,6482.014372479957,NORMAL,-86.3051457063683,36.21432251597281
ACADEMY PLACE CLUBHOUSE,9501,LEBANON,Lebanon,6105.188115850502,NORMAL,-86.3053233118261,36.21535140723251
FARM BUREAU INSURANCE,9501,LEBANON,Lebanon,6373.829149862636,NORMAL,-86.30439743575592,36.214656084925814
RESOLUTION THERAPY,9501,LEBANON,Lebanon,6764.438683761355,NORMAL,-86.2956945509237,36.210986934286204
SHINE PRESCHOOL,9501,LEBANON,Lebanon,6897.280077295457,NORMAL,-86.2961473572229,36.2109688932777
 WILDBERRY CAFE & CATERING,9501,LEBANON,Lebanon,6969.467934477864,NORMAL,-86.2963709652598,36.21085011823461
CSR ENGINEERING,9501,LEBANON,Lebanon,6990.770191623164,NORMAL,-86.2964100958639,36.21068473509059
OUR HOUSE-ALCOHOLICS ANONYMOUS,9501,LEBANON,Lebanon,6830.104661641021,NORMAL,-86.295774677519,36.210290821846094
ACTUARIAL CONSULTING GROUP,9501,LEBANON,Lebanon,6884.360202635662,NORMAL,-86.2958858068232,36.2099650366784
LAW OFFICES OF THOMAS MAYNARD,9501,LEBANON,Lebanon,6862.840760451161,NORMAL,-86.2958547390911,36.21014677444421
CHILD ADVOCACY CENTER,9501,LEBANON,Lebanon,6918.342292137285,NORMAL,-86.295907166159,36.20958902391521
ES PROPERTIES,9501,LEBANON,Lebanon,7025.975046917079,NORMAL,-86.2963343509009,36.2097989642498
 ,9501,LEBANON,Lebanon,7258.548563333747,NORMAL,-86.2969227002109,36.20899523450531
THW,9501,LEBANON,Lebanon,7629.041656158006,NORMAL,-86.2981984273711,36.20894666622287
LIBELLE  BEECH SALON,9501,LEBANON,Lebanon,7621.353692052263,NORMAL,-86.297977068132,36.20830586927481
C TRACEY PARKS LAW OFFICE,9501,LEBANON,Lebanon,7692.978927216322,NORMAL,-86.2982780397399,36.208464110258824
THW,9501,LEBANON,Lebanon,7694.579659880944,NORMAL,-86.2984450296967,36.20901403531241
SUNSHINE YARN SHOP,9501,LEBANON,Lebanon,7746.495671509854,NORMAL,-86.2986819230309,36.2092255442209
JOHN GALLAHER EYE CARE,9501,LEBANON,Lebanon,7980.116913316614,NORMAL,-86.2994935732668,36.20923651092459
EFFICIENT HEATING AND COOLING,9501,LEBANON,Lebanon,7919.122238870004,NORMAL,-86.2992489125688,36.20910647276742
HARDIN FAMILY CHIROPRACTIC,9501,LEBANON,Lebanon,8107.694762607403,NORMAL,-86.2997207574903,36.20844844272841
SKE HOMES,9501,LEBANON,Lebanon,8241.277259055938,NORMAL,-86.3002197863624,36.20856594885761
ROYCE BELCHER CPA,9501,LEBANON,Lebanon,8378.285782528386,NORMAL,-86.3006625043158,36.20844687589149
POWELL & MEADOWS,9501,LEBANON,Lebanon,8306.976174717014,NORMAL,-86.3017498829837,36.20946368652991
NEUHAUS FOOT & ANKLE,9501,LEBANON,Lebanon,8618.399130681779,NORMAL,-86.3016527950597,36.20861138425652
WIGGINS JEWLERS,9501,LEBANON,Lebanon,8343.257905439654,NORMAL,-86.3023459992386,36.20933521530431
LOT 6,9500,(Unincorporated),Unincorporated,1229.4720205610042,NORMAL,-86.2845070171663,36.2444143191873
NEW SHILOH BAPTIST CHURCH,9500,(Unincorporated),Unincorporated,20573.850426584824,NORMAL,-86.1936073030199,36.23231443313201
LOUISIANA SEAFOOD MARKET,9503,MT. JULIET,Mt. Juliet,167.6622228156648,HIGH,-86.51686038296542,36.15464315122681
CITGO,9503,MT. JULIET,Mt. Juliet,107.83566623340177,HIGH,-86.5168452245873,36.15443752075958
PREMIER BARBER,9501,LEBANON,Lebanon,5270.513915669188,NORMAL,-86.2907234684253,36.21177792672879
THE MYSTIKAL APOTHICARY,9501,LEBANON,Lebanon,5287.519697479358,NORMAL,-86.2907610853246,36.21167682146652
EDWARDS FEED,9501,LEBANON,Lebanon,5824.105389856944,NORMAL,-86.2920119369932,36.20934121865271
ASSURANT,9500,(Unincorporated),Unincorporated,4060.226938926265,NORMAL,-86.43297519530552,36.065405997448885
MCPHERSON CLEANERS,9501,LEBANON,Lebanon,5708.755677271215,NORMAL,-86.2916339785895,36.20942243640229
LIGHTHOUSE COMPUTER SOLUTIONS,9501,LEBANON,Lebanon,5671.197366939267,NORMAL,-86.291493807456,36.2093994166485
CANALES AND SON TRUCKING,9501,LEBANON,Lebanon,5654.528333044374,NORMAL,-86.2914305445719,36.20938640501332
PUBLIC DEFENDER - SHELLEY THOMPSON GARDNER,9501,LEBANON,Lebanon,5463.402566653896,NORMAL,-86.2911861765999,36.21082865073208
VILLAGE LAUNDRY MAT,9501,LEBANON,Lebanon,5045.274254485373,NORMAL,-86.2897259110026,36.2107685429779
CLEARANCE CENTER,9501,LEBANON,Lebanon,5027.027553469706,NORMAL,-86.2897066470257,36.210942330730404
GROOMING LA POO,9501,LEBANON,Lebanon,5128.730614643505,NORMAL,-86.2905758753398,36.213075538092305
TRAILERS PLUS,9501,LEBANON,Lebanon,5038.919677341837,NORMAL,-86.2905274202347,36.214343762686994
NAPA AUTOCARE,9501,LEBANON,Lebanon,4692.393157735086,NORMAL,-86.2894846675435,36.216465764290696
MASTER AUTO SALES & SERVICE,9501,LEBANON,Lebanon,4551.701461351529,NORMAL,-86.2890467550114,36.218810239301895
CODY JOES CONSTRUCTION,9501,LEBANON,Lebanon,4707.134112146012,NORMAL,-86.2896463863371,36.21955053848093
GARNER CONSTRUCTION,9501,LEBANON,Lebanon,4587.251659909139,NORMAL,-86.29018847715982,36.21995366914642
TACOMA,9501,LEBANON,Lebanon,4547.17844215063,NORMAL,-86.2902429885102,36.220073386549615
SOLITUDE,9501,LEBANON,Lebanon,4501.27086160059,NORMAL,-86.29021876191982,36.22019798946002
MY FAVORITE STORAGE,9501,LEBANON,Lebanon,4217.215147348768,NORMAL,-86.2893253709586,36.2208723103663
LEBANON DOJO,9501,LEBANON,Lebanon,3772.2167102012204,NORMAL,-86.2914452806997,36.222509224033516
MID CUMBERLAND COMMUNITY ACTION,9501,LEBANON,Lebanon,3773.2016153013883,NORMAL,-86.2913241429676,36.2224750207811
GRACE LIFE,9501,LEBANON,Lebanon,3315.113946979103,NORMAL,-86.2915603605084,36.223874921822905
J & T AUTOMOTIVE SOLUTIONS,9501,LEBANON,Lebanon,2647.6552622126437,NORMAL,-86.2898583766516,36.2253480892319
TODD EQUIPMENT,9501,LEBANON,Lebanon,2461.3055306183355,NORMAL,-86.2905670324113,36.22607855437171
TRANSFORCE,9501,LEBANON,Lebanon,2764.4142681209864,NORMAL,-86.2918473363269,36.225639904468615
LYMPHACARE,9501,LEBANON,Lebanon,2752.038420867226,NORMAL,-86.2920309230165,36.22575898360561
THE GLAM ROOM % SALON,9501,LEBANON,Lebanon,2762.8233036595534,NORMAL,-86.29212519661,36.2257679896418
MARLEYS SMOKE SHOP,9501,LEBANON,Lebanon,2773.638882246877,NORMAL,-86.2922095481359,36.225772993815944
ANNIE O'S FIREARMS,9501,LEBANON,Lebanon,2785.0775240813723,NORMAL,-86.2922926576247,36.225775994799996
LUTTRELL STAFFING,9501,LEBANON,Lebanon,2799.0142241071894,NORMAL,-86.292393133971,36.22577999821341
LEBANON HEALTH CARE CENTER,9501,LEBANON,Lebanon,2814.481234388829,NORMAL,-86.2924898886354,36.2257779966512
AGL INSURANCE,9501,LEBANON,Lebanon,2824.928130159771,NORMAL,-86.2925729988083,36.225786001967904
THE RICE BOX,9501,LEBANON,Lebanon,2837.4207848033598,NORMAL,-86.2926523876985,36.225786002511285
COVINGTON CREDIT,9501,LEBANON,Lebanon,2849.4561797153056,NORMAL,-86.2927280547968,36.2257860021086
CASTLE HEIGHTS WINE & SPIRITS,9501,LEBANON,Lebanon,2920.045673849457,NORMAL,-86.2929389322573,36.2256659220538
LOT 11,9500,(Unincorporated),Unincorporated,1622.4174237466723,NORMAL,-86.2800099898995,36.243916212074
STORAGE SHED BELONGING TO 149 KAREN DR,9500,(Unincorporated),Unincorporated,897.3520561964854,WATCH,-86.4828452737487,36.24150680668972
LOT 1,9500,(Unincorporated),Unincorporated,11647.91103578843,NORMAL,-86.1854904346112,36.07222744395421
PAIN MANAGEMENT GROUP,9503,MT. JULIET,Mt. Juliet,3039.0257949723086,NORMAL,-86.5187578620534,36.20284601485127
ADDRESS FOR FARM USE,9500,(Unincorporated),Unincorporated,2132.9477867488745,NORMAL,-86.2431133635643,35.966412765013295
ON TRAC,9500,(Unincorporated),Unincorporated,777.9464502202524,WATCH,-86.3880800423934,36.0380850438117
MID TENN POWERSPORTS,9501,LEBANON,Lebanon,1638.9823202922216,NORMAL,-86.4012406271088,36.1860852656723
CAMP BOW WOW,9503,MT. JULIET,Mt. Juliet,4383.658646966116,NORMAL,-86.5155496750654,36.21284810559549
HIGHWAY 109 CHURCH OF CHRIST,9501,LEBANON,Lebanon,237.85135741976276,HIGH,-86.4292548197848,36.22706994233842
SERV PRO,9501,LEBANON,Lebanon,154.94894087727175,HIGH,-86.4241484056225,36.217628299155
SPECTRUM,9501,LEBANON,Lebanon,6049.216761825995,NORMAL,-86.2901931808194,36.202964016053905
ESSEN MOTOR COMPANY,9501,LEBANON,Lebanon,1596.5825188125125,NORMAL,-86.4291190543508,36.18609244842161
FUTURE COFFEE SHOP,9503,MT. JULIET,Mt. Juliet,1989.0676636624885,NORMAL,-86.52431958840961,36.2025104549482
FUTURE SALON,9503,MT. JULIET,Mt. Juliet,2169.9509643460083,NORMAL,-86.5237977966898,36.2022485206277
AUBREYS,9501,LEBANON,Lebanon,5065.796191969523,NORMAL,-86.3423229328621,36.21976775716431
LOT 3,9500,(Unincorporated),Unincorporated,1422.478084398591,NORMAL,-86.4147684428295,36.209433593714714
LOT 7,9500,(Unincorporated),Unincorporated,1708.9518146151854,NORMAL,-86.4145537048813,36.211518708474415
LOT 5,9500,(Unincorporated),Unincorporated,1507.4078326708036,NORMAL,-86.4148128720737,36.210299908961304
LOT 1,9500,(Unincorporated),Unincorporated,1160.0666940581666,NORMAL,-86.4152248724072,36.208397348291314
HOUSE TO BE REMOVED,9502,WATERTOWN,Watertown,870.8878571473905,WATCH,-86.1496655594706,36.10146794379911
HOUSE HAS BEEN REMOVED,9501,LEBANON,Lebanon,6230.690451661723,NORMAL,-86.2870444370016,36.195805865756
FARM LAND- NO HOME,9500,(Unincorporated),Unincorporated,9377.430927991625,NORMAL,-86.1539958776218,36.25525604310409
PUBLIC WORKS,9503,MT. JULIET,Mt. Juliet,269.9932567229209,WATCH,-86.5099048027635,36.19635123494998
CODES DEPARTMENT,9503,MT. JULIET,Mt. Juliet,243.74639306983386,HIGH,-86.5099711728977,36.19712786482639
REHAB 23,9503,MT. JULIET,Mt. Juliet,201.31757543585732,HIGH,-86.5102057337147,36.196263231496
MODEL HOME,9500,(Unincorporated),Mt. Juliet,99.67877982532143,HIGH,-86.4872291364371,36.22583888200079
WEST ROCK,9501,LEBANON,Lebanon,4023.3800489279492,NORMAL,-86.3199640549894,36.22410291702091
DOLLAR GENERAL,9500,(Unincorporated),Unincorporated,18570.673377218875,NORMAL,-86.3324783469255,36.10192714059338
VANDERBILT LIFEFLIGHT,9501,LEBANON,Lebanon,6264.711171517684,NORMAL,-86.325720835125,36.21822856216691
WILSON COUNTY COURTHOUSE ANNEX,9501,LEBANON,Lebanon,4710.4047647706375,NORMAL,-86.2868076616336,36.20674630673321
H. T. HACKNEY,9501,LEBANON,Lebanon,1578.4593764310919,NORMAL,-86.3030222090096,36.17095178053471
CHICKEN,9501,LEBANON,Lebanon,1568.3613144666951,NORMAL,-86.3027371846034,36.17089303439708
GIBSON BROACH & TOOL,9501,LEBANON,Lebanon,1787.5755926828353,NORMAL,-86.3018851431895,36.171411956682896
TRI-STAR PAVING,9501,LEBANON,Lebanon,724.0393965555675,WATCH,-86.3013818017781,36.168430553898816
EXPRESS TOWING & HEAVY HAULING,9501,LEBANON,Lebanon,305.76943331613853,WATCH,-86.3008481393148,36.1672286593652
VIP CAMPGROUND,9501,LEBANON,Lebanon,223.30444951971748,HIGH,-86.3007848269854,36.166993565343205
DONATION CENTER,9501,LEBANON,Lebanon,5002.117541051794,NORMAL,-86.2896670815799,36.211138975575096
TN HAT CO,9501,LEBANON,Lebanon,4257.701317359092,NORMAL,-86.3198411738461,36.22313054136849
 MI CORONEL TORTILLA FACTORY,9501,LEBANON,Lebanon,4423.668715879963,NORMAL,-86.3199752090622,36.22262351700759
LESTER FARMS,9501,LEBANON,Lebanon,286.84668983510034,WATCH,-86.3128033442726,36.23613928508862
KERRY BECHT PHYSICAL THERAPY & MASSAGE,9501,LEBANON,Lebanon,5735.881137617309,NORMAL,-86.3299986996577,36.22007628635932
HEALTH HAPPENS,9501,LEBANON,Lebanon,5737.134114740102,NORMAL,-86.3289183734847,36.2198994329237
HEARING HEALTH CENTER,9501,LEBANON,Lebanon,5730.962960141684,NORMAL,-86.3288023643982,36.219900967259
FAMILY MEDICAL,9501,LEBANON,Lebanon,5772.099002008907,NORMAL,-86.3281880889237,36.2197137856804
EDUCATION CENTER BY GIBBS PHARMACY,9501,LEBANON,Lebanon,5614.880550397719,NORMAL,-86.3277373668926,36.22010502491301
COMMUNITY PATHOLOGY LABS,9501,LEBANON,Lebanon,5589.003288873242,NORMAL,-86.3278609835925,36.2201878749264
DR KIRK- IMPLANT AND ORAL SURGERY,9501,LEBANON,Lebanon,5561.136817519145,NORMAL,-86.3281880890064,36.2202983418653
BARRETT SURGICAL CENTER,9501,LEBANON,Lebanon,5580.17490308207,NORMAL,-86.3280188309182,36.22022776565792
DR LITTMAN- INTERNAL MEDICINE,9501,LEBANON,Lebanon,5572.261374839811,NORMAL,-86.32877954332801,36.22033976712982
DR KHAN- INFECTIOUS DISEASE,9501,LEBANON,Lebanon,5574.986083369747,NORMAL,-86.3289012566502,36.22034897258681
TPMPM- TN PHYSICAL MEDICINE & PAIN MANAGEMENT,9501,LEBANON,Lebanon,5596.968074627287,NORMAL,-86.3293405685003,36.22035357581651
MAN ENTRANCE,9501,LEBANON,Lebanon,5152.2475459067045,NORMAL,-86.3271725379657,36.2213370314123
WOMEN'S PAVILION,9501,LEBANON,Lebanon,5182.603466387265,NORMAL,-86.3279503667754,36.2213216891601
OUTPATIENT CENTER,9501,LEBANON,Lebanon,5113.648823704842,NORMAL,-86.3287110793794,36.22160859217252
VANDERBILT INGRAM CANCER CENTER,9501,LEBANON,Lebanon,4894.277262697342,NORMAL,-86.3287985608111,36.222234558549424
NORTH TOWER,9501,LEBANON,Lebanon,4867.203222801614,NORMAL,-86.32767841160221,36.222167052436085
VANDERBILT OTOLARYNGOLOGY. HEAD &NECK SURGERY,9501,LEBANON,Lebanon,5251.289229572466,NORMAL,-86.3261626928447,36.22101790849099
CEDAR RECOVERY,9501,LEBANON,Lebanon,5569.71508577715,NORMAL,-86.3262501751427,36.220144915767015
VANDERBILT ORTHEPEDICS,9501,LEBANON,Lebanon,5575.423389679803,NORMAL,-86.326832120169,36.220151052465496
VANDERBILT HEART & VASCULAR,9501,LEBANON,Lebanon,5606.391729460682,NORMAL,-86.326231156492,36.2200436542535
DR. YONG SUH,9501,LEBANON,Lebanon,5604.93530765792,NORMAL,-86.3268302179011,36.220069736754105
"BANCROFT O'QUINN, ENT",9501,LEBANON,Lebanon,5647.000796308247,NORMAL,-86.3268131017177,36.21995313211341
FLEA MARKET,9500,(Unincorporated),Unincorporated,19559.04859461212,NORMAL,-86.336137128203,36.0958340458092
EXPRESS TRUCKS AND TRAILER CARE,9501,LEBANON,Lebanon,4778.352811584906,NORMAL,-86.3222235453559,36.22261140974562
SMITH INSURANCE,9501,LEBANON,Lebanon,5518.582295598126,NORMAL,-86.2895362723619,36.20650763293259
CHILD SUPPORT SERVICES,9501,LEBANON,Lebanon,5578.32697990609,NORMAL,-86.2897440304219,36.20652016737641
CONSTRUCTION ADDRESS,9501,LEBANON,Lebanon,604.4659398694611,WATCH,-86.43531796246141,36.242237284820106
FUTURE GODDARD SCHOOL,9501,LEBANON,Lebanon,839.7084416701016,WATCH,-86.3832065373165,36.231523972154775
 LOT 3,9500,(Unincorporated),Unincorporated,6611.842535877481,NORMAL,-86.2562682416887,36.248825069781795
LOT 2,9500,(Unincorporated),Unincorporated,21084.268196354373,NORMAL,-86.2345026776474,36.09884277053789
FUTURE ASSISTED LIVING,9501,LEBANON,Lebanon,170.93947503569052,HIGH,-86.39622688767892,36.17408612192622
LOT 1,9500,(Unincorporated),Unincorporated,21191.69033215329,NORMAL,-86.2348725317676,36.099223499420916
WALMART,9501,LEBANON,Lebanon,2414.9247999800114,NORMAL,-86.401839941754,36.18170863141801
SAM'S CLUB,9501,LEBANON,Lebanon,1478.6953602159956,NORMAL,-86.3338585238026,36.18418792757693
WALMART FUEL STATION,9501,LEBANON,Lebanon,1815.3068012585127,NORMAL,-86.4006746987783,36.180269239322016
SAM'S CLUB FUEL STATION,9501,LEBANON,Lebanon,1832.306221378147,NORMAL,-86.33441646107042,36.1853863659583
NOI-NASHVILLE OFFICE INTERIOR,9503,MT. JULIET,Mt. Juliet,437.5912638932447,WATCH,-86.4882875838801,36.1733039414474
CUMBERLAND VILLAS,9501,LEBANON,Lebanon,4244.352877728712,NORMAL,-86.2898441653989,36.1879815103245
PARKING LOT FOR 155 CEDAR CREEK LN,9501,LEBANON,Lebanon,780.9331109441341,WATCH,-86.3885043116654,36.1559460549696
SUITES 100 AND 200-TRU ROOT,9503,MT. JULIET,Mt. Juliet,1072.1426811721522,NORMAL,-86.5169936986629,36.23330056551252
LOT 7,9500,(Unincorporated),Unincorporated,1506.796870174309,NORMAL,-86.2835437217358,36.244754824038864
SPROUTS FARMERS MARKET,9503,MT. JULIET,Mt. Juliet,1511.826798835917,NORMAL,-86.5172930513322,36.19642074196842
SHEPARD SPECIALTY PAPER,9502,WATERTOWN,Watertown,764.5332117754351,WATCH,-86.1586325053366,36.0992515049424
WALTER J BAIRD MIDDLE SCHOOL,9501,LEBANON,Lebanon,4489.514234495712,NORMAL,-86.2948438340832,36.22132729781521
SPARTA PIKE AUTO SALES AND REPAIR,9501,LEBANON,Lebanon,559.8661907089844,WATCH,-86.2628207438493,36.1812096180487
PUCKETTS SUPPLY CO,9500,(Unincorporated),Unincorporated,137.6723276063099,HIGH,-86.4167607697384,36.20426862252141
DILLON CABINET & MILLWORK,9501,LEBANON,Lebanon,2138.4884422302016,NORMAL,-86.3230253972259,36.2299667869411
CHAMPS AUTO,9501,LEBANON,Lebanon,7527.5464266616655,NORMAL,-86.29441011666411,36.20053447917371
J & D EQUIPMENT HAULING,9500,(Unincorporated),Unincorporated,18851.03443289581,NORMAL,-86.3500366182617,36.0799799363561
GVH DISTRIBUTION,9501,LEBANON,Lebanon,517.3016413036495,WATCH,-86.3951148620267,36.17204250652841
COLES FERRY ELEMENTARY,9501,LEBANON,Lebanon,5068.716195468717,NORMAL,-86.2960290071805,36.219189850428315
CARE NOW URGENT CARE,9503,MT. JULIET,Mt. Juliet,389.7165621543306,WATCH,-86.5156603557223,36.16296632606391
SLEEP NUMBER,9503,MT. JULIET,Mt. Juliet,399.2880468613872,WATCH,-86.5156734680171,36.16282685241212
WASHTOPIA,9501,LEBANON,Lebanon,6041.8060828796115,NORMAL,-86.2962937578688,36.18948423540872
LEBANON DISTRIBUTING,9501,LEBANON,Lebanon,1430.0041731294093,NORMAL,-86.2759280684479,36.2093618606241
PURITY DAIRY,9501,LEBANON,Lebanon,2388.401444396881,NORMAL,-86.2753513354651,36.20146236593491
LEBANON DUMP,9501,LEBANON,Lebanon,2204.812074739774,NORMAL,-86.2747173039957,36.20158966124101
WILSON COUNTY HEALTH DEPARTMENT,9501,LEBANON,Lebanon,2210.68162258368,NORMAL,-86.2739801277798,36.20077447903049
UT/TSU EXTENSION OFFICE,9501,LEBANON,Lebanon,2487.1440981678325,NORMAL,-86.2750874083232,36.200666766664085
QUALITY CARE,9501,LEBANON,Lebanon,2821.819867958929,NORMAL,-86.2764404134204,36.200627598479606
FUTURE RESTAURANT,9503,MT. JULIET,Mt. Juliet,1740.2126001947324,NORMAL,-86.51823569395431,36.195408725008505
FUTURE RESTAURANT,9503,MT. JULIET,Mt. Juliet,1883.245532630806,NORMAL,-86.5185980003573,36.19597474962951
FUTURE RESIDENTIAL DEVELOPMENT,9503,MT. JULIET,Mt. Juliet,1324.242703479795,NORMAL,-86.51689330094742,36.19501138175671
EXPRESS OIL & TIRE,9503,MT. JULIET,Mt. Juliet,1536.677826669215,NORMAL,-86.5111075794907,36.2304613801507
CONSTRUCTION ADDRESS FOR DEVONSHIRE,9503,MT. JULIET,Mt. Juliet,959.412987740393,WATCH,-86.5711619225592,36.21348866343411
BARN/SECONDARY RESD,9500,(Unincorporated),Unincorporated,9156.173612208095,NORMAL,-86.1516221081955,36.23838177101419
SEWER TREATMENT FACILITY,9500,(Unincorporated),Unincorporated,643.0549736021914,WATCH,-86.5236741429918,36.1320653588855
CASSA NASHVILLE MT JULIET WEST,9500,(Unincorporated),Unincorporated,1556.7619856097394,NORMAL,-86.5198193423869,36.13331965579251
UNITED RENTAL,9501,LEBANON,Lebanon,2410.0601755782263,NORMAL,-86.38907680437481,36.23545673289679
JCC,9501,LEBANON,Lebanon,4401.171344705006,NORMAL,-86.2880447551568,36.21307394375481
KNOLL CREEK SUBD,9501,LEBANON,Lebanon,2185.2303785802887,NORMAL,-86.3411259214688,36.19840080864309
MAIL KIOSK,9500,(Unincorporated),Unincorporated,2535.7200118128326,NORMAL,-86.5171306101502,36.131425415143916
FUTURE SWEETBRIAR PLACE OWNHOMES,9501,LEBANON,Lebanon,3206.032814627263,NORMAL,-86.2946208487494,36.22566495951659
FUTURE EXXON GAS STATION,9501,LEBANON,Lebanon,322.9596708797155,WATCH,-86.4272072400094,36.2297401630027
PIZZA HUT,9501,LEBANON,Lebanon,99.24845320905384,HIGH,-86.4293672810392,36.23123689283229
ADDISON PARK TOWNHOMES,9500,(Unincorporated),Lebanon,13.263014912860978,CRITICAL,-86.4057551631734,36.16875791297881
INTRIGUE GYMNASTICS,9501,LEBANON,Lebanon,6079.810149351016,NORMAL,-86.2935539652508,36.211919867884404
MAINTENANCE BUILDING,9501,LEBANON,Lebanon,241.80985571210093,HIGH,-86.4380649265513,36.23730832533439
PET PARK,9501,LEBANON,Lebanon,284.6929764434484,WATCH,-86.4379189562144,36.237308138078106
A- BASEMENT APARTMENT,9500,(Unincorporated),Unincorporated,4113.209284762898,NORMAL,-86.5694687690862,36.24320157028962
NO HOME HERE-BUS STOP FOR KIDS FROM 4212 BLUEBIRD RD,9500,(Unincorporated),Unincorporated,11840.63882418306,NORMAL,-86.2202801401944,36.19236665769569
ASSURANT RETURNS,9500,(Unincorporated),Unincorporated,3721.2037599884256,NORMAL,-86.4338638207465,36.0647777014883
ASSURANT AUTOMATIONS,9500,(Unincorporated),Unincorporated,3553.1983939753154,NORMAL,-86.4351651047513,36.064968955392
ASSURANT CPR,9500,(Unincorporated),Unincorporated,3706.6377279363132,NORMAL,-86.4352464349806,36.06553075911149
DOLLAR GENERAL,9501,LEBANON,Lebanon,1840.5461876044267,NORMAL,-86.3539130670288,36.2255391155355
AVERITT LANDING,9500,(Unincorporated),Lebanon,80.35902227670105,HIGH,-86.3101988463127,36.2325705925579
DOLLAR GENERAL,9500,(Unincorporated),Unincorporated,10414.529386083954,NORMAL,-86.4443920800525,36.29728942497462
HIDDEN VALLEY APTS,9501,LEBANON,Lebanon,3352.6446283075056,NORMAL,-86.277053562492,36.19558184779912
SADLER BROTHERS SASH AND DOOR,9501,LEBANON,Lebanon,397.28957059310443,WATCH,-86.393727232399,36.140179017253914
NICOLETTO'S,9503,MT. JULIET,Mt. Juliet,2995.924290321458,NORMAL,-86.5138097732182,36.22687928722329
ANDY'S FROZEN CUSTARD,9503,MT. JULIET,Mt. Juliet,3092.8136521203974,NORMAL,-86.514758307277,36.226625002037984
FUTURE JD SMARTT CT,9500,(Unincorporated),Unincorporated,2346.4709868803493,NORMAL,-86.5303406530299,36.1470720446577
BARTON VILLAGE SALES CENTER,9500,(Unincorporated),Lebanon,604.3763264475155,WATCH,-86.324589601324,36.17113111558587
CORNERSTONE PLACE SENIOR LIVING,9501,LEBANON,Lebanon,3924.4357223605307,NORMAL,-86.3260934369002,36.2246626437657
FITNESS GROUP,9501,LEBANON,Lebanon,5693.900969781026,NORMAL,-86.3034678218363,36.21657175331012
NASHVILLE METAL ART,9501,LEBANON,Lebanon,5631.395676247622,NORMAL,-86.3033792747118,36.21674800712461
WATERFORD PARK,9503,MT. JULIET,Mt. Juliet,65.16062139918344,HIGH,-86.4898339278161,36.1591776430405
CAMBRIDGE COMMONS,9501,LEBANON,Lebanon,2787.2956097622177,NORMAL,-86.3494773776147,36.223509780667605
HARTMANN CROSSING,9501,LEBANON,Lebanon,699.9969198247461,WATCH,-86.2757386032859,36.2319118366507
MCGREGOR TILGHMAN CEMETARY,9501,LEBANON,Lebanon,808.8221138670299,WATCH,-86.4476925198902,36.18673534886181
FUTURE WHISPERING MEADOWS SUBDIVISION,9500,(Unincorporated),Unincorporated,267.21863539885356,WATCH,-86.546377954542,36.18527220232811
BENDERS COVE SUBD,9500,(Unincorporated),Mt. Juliet,1134.260874666047,NORMAL,-86.492032196363,36.24014784205913
CAMBRIDGE CROSSING SUBD,9500,(Unincorporated),Unincorporated,1029.664341029817,NORMAL,-86.54589407597932,36.24831249606272
FUTURE RESERVE AT MAPLE GROVE TOWNHOUSES,9501,LEBANON,Lebanon,5396.236753886778,NORMAL,-86.3333961093774,36.22181536762741
BARTONS MILL SUBDIVISION,9501,LEBANON,Lebanon,204.51727708383476,HIGH,-86.3105226830119,36.23139547983419
FUTURE CEDAR CREEK TOWNHOMES,9501,LEBANON,Lebanon,795.8985720171763,WATCH,-86.4015669121786,36.156193369602
FUTURE CROSS CREEK VILLAGE DEVELOPMENT,9501,LEBANON,Lebanon,1092.5298986704206,NORMAL,-86.3036469823513,36.1696725966184
CHASE BANK,9500,(Unincorporated),Lebanon,71.36714441242927,HIGH,-86.4106663930938,36.192739505651396
CHIPOTLE,9500,(Unincorporated),Lebanon,72.65561206341638,HIGH,-86.4107742876826,36.19295776724402
RED CARPET LIQUOR STORE,9501,LEBANON,Lebanon,1695.9714353992163,NORMAL,-86.36644180201891,36.22951781879879
POINTE BARTON TENNIS COURTS,9500,(Unincorporated),Unincorporated,7694.375185150418,NORMAL,-86.372405817734,36.27648789704841
HOA MAILBOX,9500,(Unincorporated),Unincorporated,7633.252804504168,NORMAL,-86.3725660149362,36.27633511184982
KOA OFFICE,9500,(Unincorporated),Unincorporated,158.77756204959098,HIGH,-86.36911383653892,36.1831153790351
KOA PICNIC PAVILION,9500,(Unincorporated),Unincorporated,445.08654908157956,WATCH,-86.3692250986191,36.182333633434105
TE2,9500,(Unincorporated),Unincorporated,384.77651123489886,WATCH,-86.3697958258481,36.18251031637741
KOA MAINTENANCE RESIDENCE,9500,(Unincorporated),Unincorporated,356.2680141829315,WATCH,-86.370615657347,36.182665117816306
KOA MAINTENANCE,9500,(Unincorporated),Unincorporated,468.6895258677569,WATCH,-86.3707367921072,36.18236005009952
H1,9500,(Unincorporated),Unincorporated,1296.9053514278487,NORMAL,-86.3688546308457,36.17997626687722
H2,9500,(Unincorporated),Unincorporated,1335.5536632209735,NORMAL,-86.3689297216021,36.17987171218341
H3,9500,(Unincorporated),Unincorporated,1373.736568215388,NORMAL,-86.36901707470992,36.17976877553971
H4,9500,(Unincorporated),Unincorporated,1414.6343909865468,NORMAL,-86.369114609511,36.179659184459304
65,9500,(Unincorporated),Unincorporated,885.5528915702035,WATCH,-86.3689380049429,36.181108489107196
66,9500,(Unincorporated),Unincorporated,918.9830485448485,WATCH,-86.3689245040813,36.18101632688901
67,9500,(Unincorporated),Unincorporated,961.080198190125,WATCH,-86.3688886654524,36.18089985700471
68,9500,(Unincorporated),Unincorporated,994.100895124629,WATCH,-86.3688725549716,36.180808762612095
69,9500,(Unincorporated),Unincorporated,1033.3678894112377,NORMAL,-86.368822371612,36.18069975466599
70,9500,(Unincorporated),Unincorporated,1063.9678808444105,NORMAL,-86.3687945249545,36.18061505438519
80,9500,(Unincorporated),Unincorporated,1571.7131500935357,NORMAL,-86.3688168016062,36.17922027164201
81,9500,(Unincorporated),Unincorporated,1577.2990122183403,NORMAL,-86.3687409031123,36.17920354660762
83,9500,(Unincorporated),Unincorporated,1457.5105664384805,NORMAL,-86.368712363216,36.1795321757954
84,9500,(Unincorporated),Unincorporated,1415.9954697291078,NORMAL,-86.36868020879142,36.17964567476211
85,9500,(Unincorporated),Unincorporated,1364.46304878527,NORMAL,-86.3686494907103,36.17978672304501
86,9500,(Unincorporated),Unincorporated,1332.0661724645738,NORMAL,-86.3685989167732,36.17987484243799
87,9500,(Unincorporated),Unincorporated,1296.277319936021,NORMAL,-86.3685588443626,36.1799724676045
88,9500,(Unincorporated),Unincorporated,1257.02705383168,NORMAL,-86.3685201245766,36.1800796273851
89,9500,(Unincorporated),Unincorporated,1198.0278297059776,NORMAL,-86.3685221850198,36.18024177189019
90,9500,(Unincorporated),Unincorporated,1156.9774339943287,NORMAL,-86.3685004836111,36.1803541790126
91,9500,(Unincorporated),Unincorporated,1602.4680926134313,NORMAL,-86.36865168059,36.179132811935794
93,9500,(Unincorporated),Unincorporated,1528.5962845522465,NORMAL,-86.3685741828995,36.179334412520696
94,9500,(Unincorporated),Unincorporated,1489.3657604090192,NORMAL,-86.3685380769283,36.17944156434611
95,9500,(Unincorporated),Unincorporated,1447.485042326443,NORMAL,-86.3685085418075,36.17955611423381
96,9500,(Unincorporated),Unincorporated,1401.0154287255557,NORMAL,-86.3684842948713,36.179683366315984
98,9500,(Unincorporated),Unincorporated,1314.252475446024,NORMAL,-86.368382116006,36.179918956768915
38,9500,(Unincorporated),Unincorporated,580.7394561639264,WATCH,-86.3700362485298,36.18197629445239
36,9500,(Unincorporated),Unincorporated,581.0665572059155,WATCH,-86.3697813000397,36.18197071648551
35,9500,(Unincorporated),Unincorporated,583.3612215546134,WATCH,-86.3696283036371,36.18196164717882
34,9500,(Unincorporated),Unincorporated,585.3308426201904,WATCH,-86.3694831562319,36.1819536126161
33,9500,(Unincorporated),Unincorporated,586.813900967664,WATCH,-86.36932494041,36.18194667862302
32,9500,(Unincorporated),Unincorporated,585.2440701722617,WATCH,-86.3691889740212,36.18194497478849
47,9500,(Unincorporated),Unincorporated,645.4874574619997,WATCH,-86.3698824516807,36.1817955375374
46,9500,(Unincorporated),Unincorporated,644.5863041432832,WATCH,-86.3697151155285,36.181794990269196
44,9500,(Unincorporated),Unincorporated,649.2326233447684,WATCH,-86.3694666489256,36.181777734210414
42,9500,(Unincorporated),Unincorporated,648.8615143572669,WATCH,-86.3691803113817,36.18176907235442
41,9500,(Unincorporated),Unincorporated,648.4395302283972,WATCH,-86.3690417109105,36.18176313696349
40,9500,(Unincorporated),Unincorporated,639.9145095468062,WATCH,-86.3688993067182,36.181782648816196
52,9500,(Unincorporated),Unincorporated,726.9641297142236,WATCH,-86.3691819249803,36.1815539254032
GRIFFIN MARKET,9500,(Unincorporated),Unincorporated,2367.9822278265,NORMAL,-86.4154983704077,36.134263295913115
JETS PIZZA,9501,LEBANON,Lebanon,3349.921287381246,NORMAL,-86.3458500674866,36.223520596245606
CHINA ONE,9501,LEBANON,Lebanon,3333.528180668895,NORMAL,-86.3459078908,36.22354004957583
BELTONE HEARING AID CENTER,9501,LEBANON,Lebanon,3317.4708513499795,NORMAL,-86.3459629234192,36.2235602652024
STARSTRUCK FARM,9500,(Unincorporated),Unincorporated,3489.709667215566,NORMAL,-86.4336197412722,36.32997064893178
JAY BOBS COUNTRY KITCHEN,9500,(Unincorporated),Unincorporated,3652.965736083775,NORMAL,-86.4334729311711,36.32943622022731
BREEDENS ORCHARD,9500,(Unincorporated),Unincorporated,3311.8881207325044,NORMAL,-86.470261654115,36.225401725041706
EAST NASHVILLE BEER WORKS,9501,LEBANON,Lebanon,697.8650067801682,WATCH,-86.3983613291463,36.173563805773604
MAYS CHAPEL BAPTIST CHURCH,9500,(Unincorporated),Unincorporated,4601.575381999366,NORMAL,-86.4697006059665,36.24422925998691
WONDERLAND TIRE,9501,LEBANON,Lebanon,97.00682914525642,HIGH,-86.27073658200452,36.21202385602808
HILLS PET NUTRITION,9500,(Unincorporated),Unincorporated,2675.350989577486,NORMAL,-86.4010772500141,36.04223684544859
FSI,9500,(Unincorporated),Unincorporated,3814.921869015872,NORMAL,-86.4007376670226,36.045704026146
NEW BALANCE,9500,(Unincorporated),Unincorporated,4341.088910378098,NORMAL,-86.4006268559176,36.047333851725305
MASYAN EXPRESS,9500,(Unincorporated),Unincorporated,6582.6592575390305,NORMAL,-86.4276917324029,36.070854239701006
NATIONAL CEMENT COMPANY,9501,LEBANON,Lebanon,1270.1095805126256,NORMAL,-86.4259773028265,36.22252614688599
GEICO,9501,LEBANON,Lebanon,5282.410657946448,NORMAL,-86.2919202785131,36.19031259018131
OLD GUARD SHACK,9501,LEBANON,Lebanon,6256.231035187537,NORMAL,-86.32107803837691,36.21711609551801
JUST BOX IT STORAGE,9501,LEBANON,Lebanon,3114.434404116257,NORMAL,-86.2784853914251,36.201523885210214
JUST BOX IT STORAGE,9501,LEBANON,Lebanon,3011.3012524461064,NORMAL,-86.2780619185895,36.20154213238022
JUST BOX IT STORAGE,9501,LEBANON,Lebanon,2925.2749967548016,NORMAL,-86.277672960873,36.201527914615305
JUST BOX IT STORAGE,9501,LEBANON,Lebanon,2606.6490742680476,NORMAL,-86.276643383465,36.20189945524193
JUST BOX IT STORAGE,9501,LEBANON,Lebanon,2662.4501527457405,NORMAL,-86.276549075462,36.20159094324991
680 TENNESSEE BLVD,9501,LEBANON,Lebanon,3053.2426775088943,NORMAL,-86.2782457318903,36.20154602678102
680 TENNESSEE BLVD,9501,LEBANON,Lebanon,2965.217283096765,NORMAL,-86.2778755026662,36.201555514960916
680 TENNESSEE BLVD,9501,LEBANON,Lebanon,2639.7803467087615,NORMAL,-86.276618859877,36.20174190973129
IGLESIA JESUCRISTO REY DE REYES,9501,LEBANON,Lebanon,6189.341611000366,NORMAL,-86.29036820220472,36.20229325470261
WILSON COUNTY FUNERAL HOME MAINTENANCE SHOP,9501,LEBANON,Lebanon,8400.060576660071,NORMAL,-86.2994132450009,36.1963589902409
WATERTOWN CITY HALL,9502,WATERTOWN,Watertown,720.5457166145429,WATCH,-86.1392607163266,36.09708693051581
WATERTOWN WATER PLANT,9502,WATERTOWN,Watertown,645.9127056264954,WATCH,-86.139739810545,36.09702738900082
Owned by 6015 Trousdale Ferry Pike,9500,(Unincorporated),Unincorporated,19374.1455132982,NORMAL,-86.1740641741444,36.1988538929958
Shop,9500,(Unincorporated),Unincorporated,20106.25214620894,NORMAL,-86.1704435474089,36.192053921970505
7538 LINWOOD RD,9500,(Unincorporated),Unincorporated,19969.25591683277,NORMAL,-86.17019192708652,36.1923876005971
7538 LINWOOD RD,9500,(Unincorporated),Unincorporated,20972.50208401825,NORMAL,-86.1735680675839,36.1913032792385
WILSON COUNTY FUNERAL HOME MAUSOLEUM,9501,LEBANON,Lebanon,8364.480387960552,NORMAL,-86.30079855381,36.1950753097261
CU APTS AND MAINTENANCE,9501,LEBANON,Lebanon,7612.6782352347645,NORMAL,-86.2961987291388,36.20419220974311
CLINIC,9501,LEBANON,Lebanon,7856.497444406717,NORMAL,-86.2978327428674,36.20584954510099
BONE HOUSE,9501,LEBANON,Lebanon,9601.970263625859,NORMAL,-86.3042684128801,36.20577916192409
STERLING WOODS SUBDIVISION,9503,MT. JULIET,Mt. Juliet,1535.6739978176367,NORMAL,-86.491274886483,36.16690354048261
BRIDGE MILL VILLAGE SUBDIVISION,9503,MT. JULIET,Mt. Juliet,1609.479900395198,NORMAL,-86.4913969001633,36.1670874380406
DEL WEBB CLUBHOUSE,9503,MT. JULIET,Mt. Juliet,1654.9292259118279,NORMAL,-86.4726773113571,36.1645429958265
ELITE WELDING,9501,LEBANON,Lebanon,3415.335200469928,NORMAL,-86.2823942121322,36.206990362968305
SUNSET HARBOUR,9500,(Unincorporated),Unincorporated,4150.77235987867,NORMAL,-86.5581677490967,36.24535354500673
LAUREL VALLEY APTS,9503,MT. JULIET,Mt. Juliet,15.21729663136638,CRITICAL,-86.51309051721552,36.191293822909394
BRADSHAW FARMS GUARD SHACK,9503,MT. JULIET,Mt. Juliet,1718.0849150882643,NORMAL,-86.4862631513855,36.209631778418895
305 HARTMANN DR,9501,LEBANON,Lebanon,3056.0212681313524,NORMAL,-86.3170046219183,36.22550808254731
307 HARTMANN DR,9501,LEBANON,Lebanon,2794.8149577025274,NORMAL,-86.3147869151986,36.22515739182981
MILL BUSINESS OFFICE,9501,LEBANON,Lebanon,5940.979851023709,NORMAL,-86.292890511484,36.211112448979094
MILL BLDG 2,9501,LEBANON,Lebanon,6127.42690548781,NORMAL,-86.2937164932721,36.2119072943513
MILL BLDG 3,9501,LEBANON,Lebanon,6066.561152089171,NORMAL,-86.293424395021,36.211609083418296
MILL BLDG 4,9501,LEBANON,Lebanon,6140.448234253417,NORMAL,-86.2935880245005,36.2111707990766
SS GRAHAM FLORAL,9501,LEBANON,Lebanon,6157.823625933717,NORMAL,-86.2936856084849,36.21135463057791
EVENT SALES OFFICE,9501,LEBANON,Lebanon,6161.294901697122,NORMAL,-86.2936904227977,36.211320093528116
BLACK SHEEP CAFE & GENERAL STORE,9501,LEBANON,Lebanon,6165.239035571297,NORMAL,-86.2936967395835,36.21128496161492
ANCHOR ACADEMY,9501,LEBANON,Lebanon,6171.979985342396,NORMAL,-86.29370543186522,36.2112147055692
ANCHOR ACADEMY,9501,LEBANON,Lebanon,6175.2661888679595,NORMAL,-86.2937099667604,36.2111818995646
DROPS OF HOPE,9501,LEBANON,Lebanon,6178.480285156433,NORMAL,-86.2937137757501,36.21114677284691
DRAGONFLY CABINETRY DESIGN,9501,LEBANON,Lebanon,6181.333822941196,NORMAL,-86.2937172427659,36.211116000818194
THE VOLUNTEER NETWORK,9501,LEBANON,Lebanon,6185.090037939229,NORMAL,-86.2937235713455,36.21108406104099
ANCHOR ACADEMY,9501,LEBANON,Lebanon,6188.54330368436,NORMAL,-86.2937273652781,36.21104487159889
615 REAL PROPERTY,9501,LEBANON,Lebanon,6072.984084296335,NORMAL,-86.2933887949903,36.211329130636
CHESLEY SUMMAR PHOTOGRAPHY,9501,LEBANON,Lebanon,6076.602467526737,NORMAL,-86.2933947575422,36.2112977126802
WILD COLORS CREATIVE DESIGN STUDIO,9501,LEBANON,Lebanon,6080.162861530554,NORMAL,-86.2933999502757,36.211263525302094
RAVENFLIGHT WEB & MEDIA,9501,LEBANON,Lebanon,6083.505785315398,NORMAL,-86.2934051566709,36.2112330320452
CENTRAL STAR PILATES,9501,LEBANON,Lebanon,6087.093183123779,NORMAL,-86.2934122807768,36.211207769392225
FIVE FOURTEEN HOSPITALITY GROUP,9501,LEBANON,Lebanon,6090.635485554153,NORMAL,-86.2934174746338,36.211173889330205
BLACK BEARD BARBERSHOP,9501,LEBANON,Lebanon,6098.477657783215,NORMAL,-86.2934309085542,36.2111082784544
MOWING AND MORE,9501,LEBANON,Lebanon,6105.964522205692,NORMAL,-86.2934420444105,36.21103743969812
STRUCTURAL TECHNOLOGIES SOLUTIONS,9501,LEBANON,Lebanon,6110.4657898021915,NORMAL,-86.2934506590969,36.2110041677645
HOUSE IS BEING BUILT AT 1833 IN 2025/2026.,9500,(Unincorporated),Unincorporated,9748.335079476881,NORMAL,-86.3555982816584,36.1399297441931
ABC HOME MEDICAL SUPPLY INC,9503,MT. JULIET,Mt. Juliet,3673.6903329760535,NORMAL,-86.4651268157912,36.17855091500541
ABC HOME MEDICAL SUPPLY INC,9503,MT. JULIET,Mt. Juliet,3657.8956213652064,NORMAL,-86.4650768297096,36.17828986838342
WEMA STATION 7,9500,(Unincorporated),Unincorporated,19827.91079391535,NORMAL,-86.1308357416035,36.01791809630722
STATESVILLE GRANGE,9500,(Unincorporated),Unincorporated,19864.838174661098,NORMAL,-86.1312118068426,36.0178135252527
JENNINGS CEMETERY,9500,(Unincorporated),Unincorporated,20291.645652616084,NORMAL,-86.1322095259662,36.018669636928536
FAKES & HOOKER,9501,LEBANON,Lebanon,6875.754128345676,NORMAL,-86.2940453638792,36.205526361264305
FAKES & HOOKER,9501,LEBANON,Lebanon,6663.299711436479,NORMAL,-86.293625598232,36.206183202951095
FAKES & HOOKER,9501,LEBANON,Lebanon,6559.170728364803,NORMAL,-86.2932684065316,36.20623659668281
FAKES & HOOKER,9501,LEBANON,Lebanon,6736.776661074001,NORMAL,-86.2938959403866,36.206179544200175
FAKES & HOOKER,9501,LEBANON,Lebanon,6919.971464755436,NORMAL,-86.2944692666801,36.205986053875684
FAKES & HOOKER,9501,LEBANON,Lebanon,6684.0040542852275,NORMAL,-86.2938842575503,36.2065247409225
FAKES & HOOKER,9501,LEBANON,Lebanon,7055.255203019241,NORMAL,-86.2944747143267,36.20495953878229
1277 LIBERTY CHAPEL RD BARN,9500,(Unincorporated),Unincorporated,1748.4701374945655,NORMAL,-86.50841214674212,36.253014337627505
GCP TRUCK STORAGE,9500,(Unincorporated),Unincorporated,5190.877943022152,NORMAL,-86.4267543477387,36.06543461521081
PUBLIC NOTARY,9501,LEBANON,Lebanon,7397.171966751622,NORMAL,-86.2967555152508,36.2071453045974
FIELD 5,9503,MT. JULIET,Mt. Juliet,183.05545327278793,HIGH,-86.508975246403,36.23377487069689
FIELD 6,9503,MT. JULIET,Mt. Juliet,232.15818504129118,HIGH,-86.5094812511238,36.2338197983916
FIELD 7,9503,MT. JULIET,Mt. Juliet,289.36881689935046,WATCH,-86.5100589941677,36.23386165249409
FIELD 8,9503,MT. JULIET,Mt. Juliet,343.5275002855516,WATCH,-86.5105169316523,36.233870791560804
FIELD 9,9503,MT. JULIET,Mt. Juliet,392.0137531107879,WATCH,-86.511544327314,36.2342263222205
FIELD 10,9503,MT. JULIET,Mt. Juliet,224.63206265836024,HIGH,-86.5114965197795,36.2347608022782
FIELD 11,9503,MT. JULIET,Mt. Juliet,319.54332393140726,WATCH,-86.5121941326186,36.23484366300801
FIELD 12,9503,MT. JULIET,Mt. Juliet,489.44902275136354,WATCH,-86.5122521148094,36.2342980660417
FIELD 14,9503,MT. JULIET,Mt. Juliet,335.06454376998636,WATCH,-86.51310488348311,36.2345961896081
10835 LEBANON RD,9503,MT. JULIET,Mt. Juliet,187.16444066953434,HIGH,-86.509683890315,36.234032585076214
10835 LEBANON RD,9503,MT. JULIET,Mt. Juliet,349.45195602404414,WATCH,-86.5118247816902,36.23452561432442
BODOCK TRUCKING & GRADING LLC ,9500,(Unincorporated),Unincorporated,6293.443542420126,NORMAL,-86.4383080453452,36.31414638965461
SHOP,9500,(Unincorporated),Unincorporated,9342.331608631086,NORMAL,-86.2915902795523,36.128704831287315
CEDAR CITY LANDSCAPING/SUPPLIES,9500,(Unincorporated),Unincorporated,2141.3135265365954,NORMAL,-86.2869844405675,36.253718417375396
HOUSE NO LONGER HERE,9500,(Unincorporated),Unincorporated,5175.730588473362,NORMAL,-86.4490689941284,36.0787047089296
FUTURE 3 HOMES TO BE BUILT,9500,(Unincorporated),Unincorporated,6460.924129685258,NORMAL,-86.1849575820965,36.101049462714215
DEL WEB AT BARTONS VILLAGE,9501,LEBANON,Lebanon,1497.902088091837,NORMAL,-86.3211575287288,36.17655599064741
BARN - 549 ROUND TOP RD,9500,(Unincorporated),Unincorporated,4620.491410281456,NORMAL,-86.0676990019417,36.03860154802161
CAMPER SITE,9500,(Unincorporated),Unincorporated,4684.4861053415225,NORMAL,-86.0669894903703,36.03712727060271
CAMPER SITE,9500,(Unincorporated),Unincorporated,105.9259083558557,HIGH,-86.053303413328,36.070945487224
BASEMENT MOTHER IN LAW QUARTERS,9500,(Unincorporated),Unincorporated,6992.363798698496,NORMAL,-86.2983576706859,36.2932254974692
MAILBOX LOCATION IS WRONG FOR SEQUENCE,9500,(Unincorporated),Unincorporated,4102.443240765778,NORMAL,-86.4487612654645,36.147808166117315
DRIVEWAY IS BETWEEN 11985 & 12033,9500,(Unincorporated),Unincorporated,4101.055797214252,NORMAL,-86.449781908232,36.14660122028442
TN CORRECTIONS INSTITUTE,9501,LEBANON,Lebanon,2014.3447951223434,NORMAL,-86.3142554061294,36.17716857899891
OWNER IS CHANGING FROM 55 BLOODWORTH TO 10200 HWY 109 N. STILL 55 FOR NOW.,9500,(Unincorporated),Unincorporated,4427.575232970562,NORMAL,-86.4376939356907,36.326129706878795
WIRE GRASS CONSTRUCTION,9500,(Unincorporated),Unincorporated,13508.19489444056,NORMAL,-86.3296643823142,36.1159481273393
 TRI STAR AUCTION,9500,(Unincorporated),Unincorporated,13518.470298649449,NORMAL,-86.3286513148827,36.11557894484552
COVENANT CONSTRUCTION,9500,(Unincorporated),Unincorporated,13737.032994655823,NORMAL,-86.3292631998694,36.115131555641085
KELLER GROUP,9500,(Unincorporated),Unincorporated,13790.941797226267,NORMAL,-86.3285607327397,36.114746154915416
MAINE DRILLING & BLASTING,9500,(Unincorporated),Unincorporated,14044.79791385702,NORMAL,-86.3303899465393,36.114596683069706
THE FOOD TRUCK BARN,9501,LEBANON,Lebanon,727.7648642793722,WATCH,-86.3989172428253,36.17292931402689
LEBANON FOOD COURT,9501,LEBANON,Lebanon,2099.700897023571,NORMAL,-86.2781788016884,36.208548890935816
LEBANON YOUTH BASEBALL & SOFTBALL INDOOR BATTING CAGE,9501,LEBANON,Lebanon,5346.184437419292,NORMAL,-86.2848258327107,36.19816723417281
RESTROOMS,9501,LEBANON,Lebanon,5446.740525159763,NORMAL,-86.2849507879694,36.19783500951381
CONCESSIONS,9501,LEBANON,Lebanon,5631.860153186697,NORMAL,-86.2851638475267,36.197217802143605
GARAGE,9501,LEBANON,Lebanon,597.8149570745665,WATCH,-86.3991637765523,36.14892547627821
GARAGE,9501,LEBANON,Lebanon,1067.6989076512205,NORMAL,-86.3974409102318,36.1476764471775
 GARAGE,9501,LEBANON,Lebanon,1137.0104895730988,NORMAL,-86.3969931875892,36.1497340137148
GARAGE,9501,LEBANON,Lebanon,1116.3407688793254,NORMAL,-86.3973882708665,36.15091328794129
GARAGE,9501,LEBANON,Lebanon,580.9797492583062,WATCH,-86.39923511474372,36.147439079112
CLEANING AUTHORITY,9501,LEBANON,Lebanon,7080.931251164825,NORMAL,-86.3222569787344,36.21505151984402
LOT 4,9500,(Unincorporated),Unincorporated,22467.02388496499,NORMAL,-86.2391746458628,36.098448724158
LOT 3,9500,(Unincorporated),Unincorporated,21311.791438722055,NORMAL,-86.2352627941603,36.09842986816419
LOT 5,9500,(Unincorporated),Unincorporated,22268.686596455405,NORMAL,-86.238451034919,36.097156775837405
HICKORY HILLS SUBDIVISION,9503,MT. JULIET,Mt. Juliet,470.5395080643105,WATCH,-86.5720829473528,36.2189213822202
GOOD HOPE UNITED METHODIST,9500,(Unincorporated),Unincorporated,7233.422722954162,NORMAL,-86.1194740882487,36.181063733589305
PARKER HANNIFIN WAREHOUSING,9501,LEBANON,Lebanon,6515.7715098944145,NORMAL,-86.3223354089379,36.2169066353149
GREENHILL ESTATES,9500,(Unincorporated),Mt. Juliet,542.5763167244526,WATCH,-86.5524865827961,36.2106869444431
BARRY TATUM ACADEMY,9501,LEBANON,Lebanon,4483.931255547111,NORMAL,-86.2831216648252,36.200386829695994
TEMPORARY CONSTRUCTION ADDRESS,9503,MT. JULIET,Mt. Juliet,280.80228357206784,WATCH,-86.5663310728356,36.196261800649886
WATER TREATMENT FACILITY,9500,(Unincorporated),Unincorporated,10436.50709515244,NORMAL,-86.4447331000692,36.29758293968181
LOT 5,9500,(Unincorporated),Unincorporated,1154.6425744353126,NORMAL,-86.2848132110032,36.24360044363768
JONES BROTHERS ASPHALT PLANT,9501,LEBANON,Lebanon,1289.6330444100506,NORMAL,-86.2863973499419,36.1730311548661
GARAGE ONLY,9500,(Unincorporated),Unincorporated,2032.8460947208764,NORMAL,-86.2910551130678,36.31629683136153
MAINTENANCE BUILDING,9501,LEBANON,Lebanon,3969.886646555287,NORMAL,-86.2870367811903,36.2180032614522
SHOP,9500,(Unincorporated),Unincorporated,23525.921374372017,NORMAL,-86.2546452005085,36.034007562633
MAINTENANCE BUILDING,9501,LEBANON,Lebanon,506.9939338037508,WATCH,-86.3066098268472,36.15973221850421
CONCESSIONS,9501,LEBANON,Lebanon,1026.5187301676408,NORMAL,-86.3047063220684,36.15987784833852
ADDITIONAL HOME TO BE BUILT ON THIS PROPERTY IN THIS AREA,9501,LEBANON,Lebanon,8868.77593619343,NORMAL,-86.3000385018175,36.19764456677479
H&P LEASING,9501,LEBANON,Lebanon,3185.9162211244125,NORMAL,-86.3320978718515,36.2282583905655
AMI BUILD,9503,MT. JULIET,Mt. Juliet,818.1154124999791,WATCH,-86.5300428202666,36.239071605639616
ACCESS AND MOBILITY INC,9503,MT. JULIET,Mt. Juliet,813.7490264560332,WATCH,-86.5301277788865,36.2390933644922
NEIGHBORHOOD HEALTH,9501,LEBANON,Lebanon,4073.5248116018724,NORMAL,-86.28679250106092,36.21266466954671
GRADE A CONSTRUCTION(STE 200),9503,MT. JULIET,Mt. Juliet,108.36796408476462,HIGH,-86.4893183578184,36.232002588352394
615 OUTDOOR LIVING,9503,MT. JULIET,Mt. Juliet,149.05256220743175,HIGH,-86.4896368825755,36.231930280359194
ADMINISTRATIVE BUILDING,9500,(Unincorporated),Unincorporated,2157.5000257224956,NORMAL,-86.4125333832873,36.04620597068282
UNITED WAY,9501,LEBANON,Lebanon,4342.331548556033,NORMAL,-86.3198357162657,36.222820385468914
RBA,9501,LEBANON,Lebanon,4363.276207620401,NORMAL,-86.3199693007417,36.22283688378442
WYGRAM LLC,9501,LEBANON,Lebanon,4323.077798066222,NORMAL,-86.319809031594,36.22287135224549
BRAD DICKENS CPA,9501,LEBANON,Lebanon,4368.816003557754,NORMAL,-86.3200167870669,36.22284988891551
MONSTER TRUCK WARS,9501,LEBANON,Lebanon,4373.99232753099,NORMAL,-86.32005406983562,36.2228572036561
G&B CARPENTRY,9501,LEBANON,Lebanon,4281.946119637074,NORMAL,-86.3198509171224,36.223049133513406
G&B CARPENTRY,9501,LEBANON,Lebanon,4263.800607565715,NORMAL,-86.3200043931328,36.22322531148
MAINSTREET MEDIA,9501,LEBANON,Lebanon,4231.4641618048345,NORMAL,-86.3198259450186,36.2232155857932
METRO COURIER SHELVING,9501,LEBANON,Lebanon,4366.668001152598,NORMAL,-86.3203828569222,36.22312235645061
NOVOLEX,9501,LEBANON,Lebanon,4414.497378803548,NORMAL,-86.3205487723753,36.22306783788262
MATTRESS STORE,9501,LEBANON,Lebanon,4457.53515678465,NORMAL,-86.3206867538542,36.223010531845496
ATLANTA SUPERSOURCE INC,9501,LEBANON,Lebanon,4498.023646167836,NORMAL,-86.3209817601678,36.22308516324581
ROCKWOOD RECYCLING,9501,LEBANON,Lebanon,4629.51798671028,NORMAL,-86.3217454949363,36.22312362354519
FUTURE MT JULIET SELF STORAGE,9503,MT. JULIET,Mt. Juliet,266.31917660631063,WATCH,-86.5130603542318,36.19641600289362
FUTURE HERON HILL SUBDIVISION,9500,(Unincorporated),Unincorporated,851.2266555957896,WATCH,-86.51670097506872,36.268776453472015
HICKORY KNOLL SUBDIVISION,9501,LEBANON,Lebanon,17.99333442338159,CRITICAL,-86.3568488766171,36.2028327663843
QUAIL RUN SUBDIVISION,9500,(Unincorporated),Lebanon,96.52277379552572,HIGH,-86.3319244857792,36.25150824457809
FUTURE GROVE AT BARTONS CREEK SUBDIVISION,9500,(Unincorporated),Unincorporated,6299.666631646094,NORMAL,-86.3699067972365,36.27238056365023
BARTON VILLAGE AMENITY CENTER,9500,(Unincorporated),Lebanon,961.8847560759293,WATCH,-86.321617617991,36.16977977945659
CENTRAL PIKE ELEMENTARY,9500,(Unincorporated),Unincorporated,5031.306780146059,NORMAL,-86.4241654372267,36.13747238604762
B & B SERVICES,9500,(Unincorporated),Unincorporated,958.2664388513736,WATCH,-86.2619126284768,36.2293225476048
LOVERS LANE EVENT SPACE,9500,(Unincorporated),Unincorporated,882.8815393255669,WATCH,-86.2619077519835,36.2290989626685
DEAL MAX,9500,(Unincorporated),Unincorporated,777.8223126026176,WATCH,-86.2619308034029,36.22879255920971
IMPERO WINE DISTRIBUTORS,9503,MT. JULIET,Mt. Juliet,1232.8765871903452,NORMAL,-86.5126228788337,36.2000627238899
RUSSEL @ CO,9503,MT. JULIET,Mt. Juliet,1181.3883018295405,NORMAL,-86.5124873010491,36.19996687435779
INFINITE HITTING,9503,MT. JULIET,Mt. Juliet,1228.9706665386618,NORMAL,-86.5124841153396,36.2002425974429
YAP TRAINING,9503,MT. JULIET,Mt. Juliet,982.9287872346557,WATCH,-86.5117731118597,36.19988936734901
FLATS AT MELROSE,9501,LEBANON,Lebanon,6397.538852053136,NORMAL,-86.2909456870213,36.19473652099509
RACK AND TAP BAR & GRILL,9503,MT. JULIET,Mt. Juliet,202.12088276634742,HIGH,-86.5725492214682,36.219802623811816
ALL FOR HIM MINISTRIES,9501,LEBANON,Lebanon,4684.075339212183,NORMAL,-86.288666315598,36.2115749856925
1ST FLOOR- CEDAR CITY RESTORATION,9501,LEBANON,Lebanon,4674.118512898168,NORMAL,-86.2885830981465,36.21134410482621
BUCKINGHAM PLACE TOWNHOMES,9501,LEBANON,Lebanon,2118.752742756742,NORMAL,-86.3934693211437,36.236061581667904
HICKORY KNOLL AMENITY CENTER,9501,LEBANON,Lebanon,1120.099125984099,NORMAL,-86.3599825323859,36.205352038077486
RPT REALTY,9503,MT. JULIET,Mt. Juliet,2295.4099949426777,NORMAL,-86.5102064543832,36.16631471196148
NIRVANA CANDY COMPANY,9501,LEBANON,Lebanon,5951.26446777957,NORMAL,-86.2914582616541,36.207047336001004
FUTURE MT JULIET PUBLIC WORKS,9500,(Unincorporated),Mt. Juliet,104.05924851141255,HIGH,-86.5056400567087,36.19994326399261
LAGUARDO ELEMENTARY,9500,(Unincorporated),Unincorporated,6998.245528834932,NORMAL,-86.413978473365,36.27343248875878
CANEBRAKE AMENITY CENTER,9500,(Unincorporated),Unincorporated,244.30192918296893,HIGH,-86.5755140392298,36.20489244007561
4EVER ECIG,9501,LEBANON,Lebanon,5863.5969122479555,NORMAL,-86.2966525908766,36.188457967909606
OFFICE FOR GAS STATION,9503,MT. JULIET,Mt. Juliet,745.7933127043101,WATCH,-86.5023325437437,36.23034099549609
TIM HORTONS,9503,MT. JULIET,Mt. Juliet,805.8141604781486,WATCH,-86.50277115862,36.2307632365334
PUBLIC STORAGE,9503,MT. JULIET,Mt. Juliet,1408.7242942448504,NORMAL,-86.4704053371288,36.187033057464184
JAY TON,9500,(Unincorporated),Unincorporated,4063.3016078668047,NORMAL,-86.439628645479,36.069194620777424
WILSON COUNTY BOARD OF EDUCATION ADMINISTRATIVE AND TRAINING COMPLEX,9501,LEBANON,Lebanon,4987.189410168927,NORMAL,-86.2858053352334,36.20171380260199
TREYMOR SUBDIVISION,9500,(Unincorporated),Mt. Juliet,4537.217516871572,NORMAL,-86.4923978818386,36.261943768336884
WELLS FARM SUBDIVISION,9500,(Unincorporated),Unincorporated,3941.751857278929,NORMAL,-86.4940306100758,36.27119216532481
BUSINESS SHOP,9500,(Unincorporated),Unincorporated,11318.264157234524,NORMAL,-86.3471414291232,36.047201591474995
BAKERY,9503,MT. JULIET,Mt. Juliet,1907.643241150455,NORMAL,-86.4605690848578,36.1819385732368
OODLE LOLLIES TOY STORE,9503,MT. JULIET,Mt. Juliet,1950.2066204757125,NORMAL,-86.4606517283657,36.181841993070215
FURNITURE STORE,9503,MT. JULIET,Mt. Juliet,1773.3269223925963,NORMAL,-86.4602883348044,36.182234891440984
NAIL SALON,9503,MT. JULIET,Mt. Juliet,1776.085249153336,NORMAL,-86.4601676606353,36.1821755528911
 DR BERRY,9503,MT. JULIET,Mt. Juliet,1777.9592509021095,NORMAL,-86.4600495353086,36.18212284218671
SURCHEROS,9503,MT. JULIET,Mt. Juliet,1784.2498697004303,NORMAL,-86.45961316808021,36.18195248522991
GOLDEN BEAR GAS STATION,9501,LEBANON,Lebanon,2736.373219585051,NORMAL,-86.3267254353502,36.1805946547336
TIM HORTONS,9501,LEBANON,Lebanon,2667.9431649363514,NORMAL,-86.3269835569346,36.18062947018899
LIQUOR STORE,9501,LEBANON,Lebanon,2521.1641803710377,NORMAL,-86.3274818281132,36.18066889621531
VACANT,9501,LEBANON,Lebanon,2467.2533875223307,NORMAL,-86.3276652771764,36.180694705672494
DOS BROS,9501,LEBANON,Lebanon,2407.5833956934325,NORMAL,-86.3278681700275,36.1807138856825
STUDIORES BY MARRIOTT,9501,LEBANON,Lebanon,4771.111208014292,NORMAL,-86.290942249865,36.18913221597873
WILSON BANK AND TRUST,9501,LEBANON,Lebanon,4922.900507783012,NORMAL,-86.2916427804584,36.1891619240555
STUTTS ELECTRIC,9501,LEBANON,Lebanon,9762.541305800814,NORMAL,-86.3086748881266,36.19831003127647
GERI'S MARKET,9501,LEBANON,Lebanon,9854.271223099302,NORMAL,-86.3088213792154,36.19857292331079
TWO RIVERS FORD BUILDING,9503,MT. JULIET,Mt. Juliet,505.70336320156343,WATCH,-86.4897720694523,36.172961016589404
SUBWAY,9503,MT. JULIET,Mt. Juliet,2046.4687224788377,NORMAL,-86.4608273590637,36.18161857968321
CHANGED TO PURPLE MARTIN WAY 10/29/2025 FROM SUMMIT BLVD,9503,MT. JULIET,Mt. Juliet,3312.97754717993,NORMAL,-86.4685345660869,36.17497542102501
TEMPORARY CONSTRUCTION ADDRESS,9503,MT. JULIET,Mt. Juliet,1174.8085285610273,NORMAL,-86.53297067965822,36.22740632937062
TEMPORARY CONSTRUCTION ADDRESS,9503,MT. JULIET,Mt. Juliet,1599.923827871216,NORMAL,-86.5330997007646,36.228644439845
TEMPORARY CONSTRUCTION ADDRESS,9503,MT. JULIET,Mt. Juliet,1437.6045097947467,NORMAL,-86.5339021409584,36.2283149269264
TEMPORARY CONSTRUCTION ADDRESS,9503,MT. JULIET,Mt. Juliet,1179.1234323710778,NORMAL,-86.5351856538052,36.22773181729319
THIS DRIVEWAY WILL BE USED FOR NEW HOME,9500,(Unincorporated),Unincorporated,5072.521608811901,NORMAL,-86.2475685034159,36.16213531451381
CHI TOWN PIZZA,9501,LEBANON,Lebanon,5350.695441838067,NORMAL,-86.2895210665274,36.2075772991524
EAGLE CREEK REAL ESTATE,9501,LEBANON,Lebanon,5281.152804850498,NORMAL,-86.289311646393,36.20766563261188
STORAGE BUILDING,9500,(Unincorporated),Unincorporated,1708.706244147167,NORMAL,-86.550377067923,36.16280244779669
CITI STATION,9503,MT. JULIET,Mt. Juliet,2084.907240071779,NORMAL,-86.5185112476172,36.19893223864951
MCDONALDS,9503,MT. JULIET,Mt. Juliet,1222.4257542497999,NORMAL,-86.4572096872588,36.182871916561
WAWA,9503,MT. JULIET,Mt. Juliet,995.4640841037576,WATCH,-86.4573311246354,36.18360522854619
HYATT HOUSE HOTEL,9503,MT. JULIET,Mt. Juliet,596.2587914716004,WATCH,-86.4575725165174,36.18481318905419
OLD ADDRESS,9501,LEBANON,Lebanon,3791.246625352463,NORMAL,-86.2860497992824,36.21351573718623
OLD ADDRESS,9501,LEBANON,Lebanon,2699.1801912296473,NORMAL,-86.2826218363241,36.21726430842451
 MI CORONEL TORTILLA FACTORY,9501,LEBANON,Lebanon,4499.617709516977,NORMAL,-86.3202107542105,36.2225115303649
MATTRESS BY APPOINTMENT LEBANON,9501,LEBANON,Lebanon,4535.752894557769,NORMAL,-86.3204015478403,36.22251322250471
DISCOUNT APPLIANCE LEBANON,9501,LEBANON,Lebanon,4484.249906656324,NORMAL,-86.3204032158307,36.22270224048281
SHOP,9500,(Unincorporated),Unincorporated,2712.6613508572364,NORMAL,-86.1209730262485,36.11708751028721
LOT 6,9500,(Unincorporated),Unincorporated,1354.3319374849327,NORMAL,-86.449113112919,36.19557537023659
LOT 5,9500,(Unincorporated),Unincorporated,1334.092340431358,NORMAL,-86.4493411662507,36.1955745217518
SHARED DRIVEWAY FOR LOTS 5 AND 6,9500,(Unincorporated),Unincorporated,1224.6767744715385,NORMAL,-86.4493780365806,36.195270090771096
CHADA THAI,9503,MT. JULIET,Mt. Juliet,439.58500611709803,WATCH,-86.515465444244,36.16321744220361
ADVANCED AUTO PARTS SOUTH,9503,MT. JULIET,Mt. Juliet,464.6752345162169,WATCH,-86.5154166216167,36.16345510127131
MT JULIET MODERN DENTISTRY,9503,MT. JULIET,Mt. Juliet,477.8919973522891,WATCH,-86.51540084568,36.1635510980613
BARN,9500,(Unincorporated),Unincorporated,1186.4626572350787,NORMAL,-86.4053007455725,36.1137376481188
THE SENIOR CENTER,9503,MT. JULIET,Mt. Juliet,3998.167800915913,NORMAL,-86.5118859817558,36.22258547570121
BARN,9500,(Unincorporated),Unincorporated,900.485384325479,WATCH,-86.153531994444,36.308104189083785
SAGE DENTAL,9503,MT. JULIET,Mt. Juliet,1880.9218685950113,NORMAL,-86.5185204262812,36.196746342599795
LOT 7,9500,(Unincorporated),Unincorporated,1279.0915222955152,NORMAL,-86.4488775358883,36.195293155141094
CHEWY,9500,(Unincorporated),Unincorporated,2309.719469365568,NORMAL,-86.4460923698569,36.0669740390356
BRIDGETOWN NATURAL FOODS,9501,LEBANON,Lebanon,785.5012374253461,WATCH,-86.4349466356214,36.18698267165581
DUTCH BROS,9503,MT. JULIET,Mt. Juliet,3371.3351076218114,NORMAL,-86.514808764531,36.225860994294315
HUNTINGTON LEARNING CENTER,9503,MT. JULIET,Mt. Juliet,2304.360554718902,NORMAL,-86.5126303157798,36.172705275684294
WEBB RESERVE TOWNHOMES,9501,LEBANON,Lebanon,4309.648854663386,NORMAL,-86.3353289238123,36.22436122201711
CARVER STATION,9501,LEBANON,Lebanon,4404.091206929017,NORMAL,-86.3372505220753,36.22338996116211
RED CEDAR COURT,9501,LEBANON,Lebanon,627.724482302454,WATCH,-86.2721443879831,36.206399585295905
BARRIO BURRITO BAR,9501,LEBANON,Lebanon,7482.1570920112845,NORMAL,-86.315889782872,36.21188247650741
VICTORY NISSAN,9503,MT. JULIET,Mt. Juliet,3502.242809356701,NORMAL,-86.5166404030056,36.17644594213349
ANIMAL SHELTER,9501,LEBANON,Lebanon,6793.211091725992,NORMAL,-86.2987834381833,36.2138165908992
THE VILLAGES OF GREENHILL,9503,MT. JULIET,Mt. Juliet,447.7577495615977,WATCH,-86.5511400890914,36.22151122985007
THE BOAT CLUB,9500,(Unincorporated),Unincorporated,1183.8891640001666,NORMAL,-86.4304599536281,36.3357673313665
HURD & BONE ,9501,LEBANON,Lebanon,2738.431677239023,NORMAL,-86.2776318600273,36.202328749327506
CARVER CARE HOME,9501,LEBANON,Lebanon,2134.4572289994153,NORMAL,-86.333130057068,36.231476983609625
ROCKY VALLEY BAPTIST CHURCH,9500,(Unincorporated),Unincorporated,9384.100273393009,NORMAL,-86.3207684913467,36.12537011352909
PENN STATION EAST COAST SUBS,9501,LEBANON,Lebanon,7048.305028862648,NORMAL,-86.2926487062852,36.200401812752304
NON LIVEABLE,9500,(Unincorporated),Unincorporated,5059.388883539466,NORMAL,-86.3683409806778,36.0431512631949
611 SALEM RD CHANGING TO 475 SALEM RD AS OF 4/21/2026,9500,(Unincorporated),Unincorporated,18903.798009033548,NORMAL,-86.2565869055108,36.021113588814
DAVITA DIALYSIS CLINIC,9503,MT. JULIET,Mt. Juliet,2430.81076151345,NORMAL,-86.5157764174456,36.1697892222532
THE HONEY BAKED HAME COMPANY - SUITE 105,9503,MT. JULIET,Mt. Juliet,464.6301608301502,WATCH,-86.5141477557296,36.19031733071629
LOT 35,9500,(Unincorporated),Unincorporated,9366.301728467195,NORMAL,-86.3816580402214,36.06124750683969
LOT 1,9500,(Unincorporated),Unincorporated,5666.9792201305745,NORMAL,-86.1294278600427,35.97596156467679
GARAGE ONLY,9500,(Unincorporated),Unincorporated,564.2020204091621,WATCH,-86.5662774290925,36.262165566412115
LOT 21,9500,(Unincorporated),Unincorporated,9383.981223188164,NORMAL,-86.3899160686141,36.06203120957731
LOT 18,9500,(Unincorporated),Unincorporated,9486.65908245538,NORMAL,-86.3908143162683,36.062394693377215
LOT 17,9500,(Unincorporated),Unincorporated,9567.972141670647,NORMAL,-86.3913509787201,36.06266360837833
LOT 16,9500,(Unincorporated),Unincorporated,9581.047570773455,NORMAL,-86.39150114711,36.06271072856791
LOT 15,9500,(Unincorporated),Unincorporated,9651.71951709724,NORMAL,-86.3920456981347,36.0629406240599
LOT 14,9500,(Unincorporated),Unincorporated,9683.091107973809,NORMAL,-86.39222035641292,36.06303663966742
LOT 13,9500,(Unincorporated),Unincorporated,9756.60108787783,NORMAL,-86.3927607065522,36.0632637615687
LOT 12,9500,(Unincorporated),Unincorporated,9794.52745037465,NORMAL,-86.3932073813778,36.06338303414311
HUMMUS REPUBLIC,9501,LEBANON,Lebanon,4734.276259546901,NORMAL,-86.3261074324386,36.19074801484971
MOES SOUTHWEST GRILL,9501,LEBANON,Lebanon,4709.142214919301,NORMAL,-86.3260255802611,36.1906070630753
SWIG,9501,LEBANON,Lebanon,4674.380682153313,NORMAL,-86.3258878969688,36.190392381053
Village at Pleasant Grove,9503,MT. JULIET,Mt. Juliet,3427.747791130221,NORMAL,-86.5224873753407,36.17322436181461
Vintage at the Grove,9503,MT. JULIET,Mt. Juliet,3117.2718872724795,NORMAL,-86.5254346373297,36.174122014497314
MEADOWSIDE TOWNHOMES,9501,LEBANON,Lebanon,1501.5122497599134,NORMAL,-86.3591231357848,36.18727886938971
CEDAR STREET TOWNHOMES,9501,LEBANON,Lebanon,3991.4167719598145,NORMAL,-86.2861522503273,36.21108342602381
SUNSET HARBOUR,9500,(Unincorporated),Unincorporated,3767.997510387128,NORMAL,-86.5607377658733,36.253183165973205
LOT 2,9500,(Unincorporated),Unincorporated,317.8374104785987,WATCH,-86.4601354438858,36.15457285177581
TOA,9501,LEBANON,Lebanon,2542.073702369866,NORMAL,-86.3253582254466,36.179911763249386
 HOMES ON THIS PARCEL HAVE BEEN DEMOLISHED. BUSINESS BEING BUILT HERE.,9500,(Unincorporated),Unincorporated,259.88819960449484,WATCH,-86.498247839787,36.19231603885821
BUILDING 16,9500,(Unincorporated),Unincorporated,3758.16166770728,NORMAL,-86.3927186312267,36.0467334602596
81,9500,(Unincorporated),Unincorporated,204.73425995765413,HIGH,-86.3079773009731,36.155551418744814
141,9500,(Unincorporated),Unincorporated,98.91729116613871,HIGH,-86.3070886877274,36.15296231420182
142,9500,(Unincorporated),Unincorporated,46.58700550459056,CRITICAL,-86.3069016350637,36.152999291498304
CRUNCH FITNESS,9501,LEBANON,Lebanon,7071.310831649037,NORMAL,-86.3228632680025,36.2153729394378
ELECTRONIC EXPRESS,9501,LEBANON,Lebanon,7055.365086650718,NORMAL,-86.3225157703697,36.215254644690894
CENTENNIAL RESTORATION,9500,(Unincorporated),Unincorporated,1184.5640709997433,NORMAL,-86.4415900028916,36.23321463029251
FLOOR 2 - 1300s,9503,MT. JULIET,Mt. Juliet,3447.05084007708,NORMAL,-86.521531886075,36.173190939680204
FLOOR 1 - 1200s,9503,MT. JULIET,Mt. Juliet,3448.222741245161,NORMAL,-86.521532100999,36.17319421209681
FLOOR 3 - 1400s,9503,MT. JULIET,Mt. Juliet,3446.1357546716413,NORMAL,-86.5215322542758,36.173188443425396
FLOOR 4 - 1500s,9503,MT. JULIET,Mt. Juliet,3445.4722561699036,NORMAL,-86.5215322455148,36.173186603107915
BASEMENT - 1100s,9503,MT. JULIET,Mt. Juliet,3449.3023396839376,NORMAL,-86.5215320239065,36.1731971964733
USING LOT TO PARK CARS AND WASH/CLEAN THEM,9500,(Unincorporated),Unincorporated,1260.0351859313644,NORMAL,-86.3556630527365,36.17180960364691
LOT 20,9500,(Unincorporated),Unincorporated,9384.924508858516,NORMAL,-86.39006209078221,36.06204680498802
FLOOR 2 - 2300s,9503,MT. JULIET,Mt. Juliet,3319.9753091630046,NORMAL,-86.5226001368809,36.17293393474971
FLOOR 1 - 2200s,9503,MT. JULIET,Mt. Juliet,3321.159915019095,NORMAL,-86.5226003518483,36.1729372071646
FLOOR 3 - 2400s,9503,MT. JULIET,Mt. Juliet,3319.061429130054,NORMAL,-86.522600505047,36.172931438491524
FLOOR 4 - 2500s,9503,MT. JULIET,Mt. Juliet,3318.393082181928,NORMAL,-86.5226004962612,36.17292959817391
BASEMENT - 2100s,9503,MT. JULIET,Mt. Juliet,3322.2455087324806,NORMAL,-86.5226002747962,36.172940191542104
FLOOR 2 - 3300s,9503,MT. JULIET,Mt. Juliet,3113.505763138972,NORMAL,-86.5227647982856,36.17237373464582
FLOOR 1 - 3200s,9503,MT. JULIET,Mt. Juliet,3114.6918869478613,NORMAL,-86.5227650132582,36.172377007060895
FLOOR 3 - 3400s,9503,MT. JULIET,Mt. Juliet,3112.592497535338,NORMAL,-86.5227651664438,36.1723712383867
FLOOR 4 - 3500s,9503,MT. JULIET,Mt. Juliet,3111.923669963627,NORMAL,-86.5227651576543,36.17236939806881
BASEMENT - 3100s,9503,MT. JULIET,Mt. Juliet,3115.7779550086025,NORMAL,-86.5227649362129,36.17237999143891
FLOOR 2 - 2200s,9503,MT. JULIET,Mt. Juliet,3221.7173938786,NORMAL,-86.5248583657982,36.17415632134238
FLOOR 1 - 2100s,9503,MT. JULIET,Mt. Juliet,3222.6597922226147,NORMAL,-86.5248585808619,36.174159593752215
FLOOR 3 - 2300s,9503,MT. JULIET,Mt. Juliet,3220.9090221538827,NORMAL,-86.5248587338988,36.174153825078115
FLOOR 4 - 2400s,9503,MT. JULIET,Mt. Juliet,3220.360291041192,NORMAL,-86.5248587250605,36.174151984761295
BASEMENT - 2000s,9503,MT. JULIET,Mt. Juliet,3223.5653324340024,NORMAL,-86.5248585038936,36.174162578130115
FLOOR 2 - 3200s,9503,MT. JULIET,Mt. Juliet,3057.723980168952,NORMAL,-86.5258207392169,36.174121665256
FLOOR 1 - 3100s,9503,MT. JULIET,Mt. Juliet,3058.7178873209227,NORMAL,-86.5258209543202,36.174124937664104
FLOOR 3 - 3300s,9503,MT. JULIET,Mt. Juliet,3056.8860869340797,NORMAL,-86.52582110728711,36.17411916898871
FLOOR 4 - 3400s,9503,MT. JULIET,Mt. Juliet,3056.310429914165,NORMAL,-86.5258210984265,36.174117328672
BASEMENT - 3000s,9503,MT. JULIET,Mt. Juliet,3059.665360003565,NORMAL,-86.52582087738821,36.1741279220427
FLOOR 2 - 1200s,9503,MT. JULIET,Mt. Juliet,3108.623842115353,NORMAL,-86.52597657494981,36.174518242596406
FLOOR 1 - 1100s,9503,MT. JULIET,Mt. Juliet,3108.4936090381366,NORMAL,-86.5259767900607,36.174521515003896
FLOOR 3 - 1300s,9503,MT. JULIET,Mt. Juliet,3108.566368326078,NORMAL,-86.5259769430169,36.174515746328915
FLOOR 4 - 1400s,9503,MT. JULIET,Mt. Juliet,3108.606571451242,NORMAL,-86.52597693415261,36.17451390601241
BASEMENT - 1000s,9503,MT. JULIET,Mt. Juliet,3108.4553180886273,NORMAL,-86.5259767131341,36.17452449938221
SHARED ACCESS BEFORE THE CREEK BRIDGE,9500,(Unincorporated),Unincorporated,26515.03525797538,NORMAL,-86.2322788025686,36.04172836837041
SHARED ACCESS BEFORE THE CREEK BRIDGE,9500,(Unincorporated),Unincorporated,26602.926825971255,NORMAL,-86.231180233731,36.0420585858378
SHARED ACCESS BEFORE THE CREEK BRIDGE,9500,(Unincorporated),Unincorporated,26381.712488436457,NORMAL,-86.2303395348508,36.041508289956106
SHARED ACCESS BEFORE THE CREEK BRIDGE,9500,(Unincorporated),Unincorporated,26721.860137934098,NORMAL,-86.2298878902216,36.04247503072551
SHARED ACCESS BEFORE THE CREEK BRIDGE,9500,(Unincorporated),Unincorporated,26771.19543139663,NORMAL,-86.2288780325234,36.042669343624034
SHARED ACCESS BEFORE THE CREEK BRIDGE,9500,(Unincorporated),Unincorporated,26535.175555398677,NORMAL,-86.2281124200903,36.042058287322796
SHARED ACCESS BEFORE THE CREEK BRIDGE,9500,(Unincorporated),Unincorporated,27225.36143397912,NORMAL,-86.2285854934518,36.04393453991319
SHARED ACCESS BEFORE THE CREEK BRIDGE,9500,(Unincorporated),Unincorporated,26757.806939119004,NORMAL,-86.2270845600256,36.04271985326649
SHARED ACCESS BEFORE THE CREEK BRIDGE,9500,(Unincorporated),Unincorporated,27283.8177694663,NORMAL,-86.2293848177292,36.0440529044279
SHARED ACCESS BEFORE THE CREEK BRIDGE,9500,(Unincorporated),Unincorporated,27099.521685633794,NORMAL,-86.225742763314,36.04371009274621
LOT 3,9500,(Unincorporated),Unincorporated,224.51987017947602,HIGH,-86.4601887296006,36.15429055816818
LOT 4,9500,(Unincorporated),Unincorporated,154.4292644758135,HIGH,-86.46018001162392,36.15364812764481
HOLE 1 & 10 TEE BOX,9501,LEBANON,Lebanon,3559.8231688067617,NORMAL,-86.3080894693086,36.222240271229204
HOLE 1 & 10 GREEN,9501,LEBANON,Lebanon,3175.027217447968,NORMAL,-86.3050503837884,36.22342708020551
HOLE 2 & 11 TEE BOX,9501,LEBANON,Lebanon,3043.596014382664,NORMAL,-86.3051093970874,36.223785912834224
HOLE 2 & 11 GREEN,9501,LEBANON,Lebanon,3276.2881063130017,NORMAL,-86.3036736031046,36.22321457683119
HOLE 3 & 12 TEE BOX,9501,LEBANON,Lebanon,3353.4652054938206,NORMAL,-86.3041373612111,36.22297992549859
HOLE 3 & 12 GREEN,9501,LEBANON,Lebanon,3934.457739532324,NORMAL,-86.307084293888,36.2212505226021
HOLE 4 & 13 TEE BOX,9501,LEBANON,Lebanon,4014.4041473298475,NORMAL,-86.3066728897336,36.221047268716106
HOLE 4 & 13 GREEN,9501,LEBANON,Lebanon,3695.0923590701327,NORMAL,-86.3054770327483,36.22197548117659
HOLE 5 & 14 TEE BOX,9501,LEBANON,Lebanon,3703.8627262463565,NORMAL,-86.3045622153751,36.22199530231689
HOLE 5 & 14 GREEN,9501,LEBANON,Lebanon,4123.683835636143,NORMAL,-86.3090630042385,36.2206500907526
HOLE 6 & 15 TEE BOX,9501,LEBANON,Lebanon,4234.9327180321625,NORMAL,-86.3102034531604,36.22030569597769
HOLE 6 & 15 GREEN,9501,LEBANON,Lebanon,2859.418766905718,NORMAL,-86.3112809782427,36.22412039185482
HOLE 7 & 16 TEE BOX,9501,LEBANON,Lebanon,2743.4278011873375,NORMAL,-86.3104500115905,36.22440271128931
HOLE 7 & 16 GREEN,9501,LEBANON,Lebanon,3847.6012868100015,NORMAL,-86.3098150377064,36.2213778026184
HOLE 8 & 17 TEE BOX,9501,LEBANON,Lebanon,3868.9792191999804,NORMAL,-86.3092962200297,36.221341190477006
HOLE 8 & 17 GREEN,9501,LEBANON,Lebanon,2748.969914275696,NORMAL,-86.3094090744045,36.22441705677989
HOLE 9 & 18 TEE BOX,9501,LEBANON,Lebanon,2655.6662060907697,NORMAL,-86.3084016563835,36.2247144066604
HOLE 9 & 18 GREEN,9501,LEBANON,Lebanon,3536.5820516347203,NORMAL,-86.3086983525494,36.22227957658861
CART BARNS,9501,LEBANON,Lebanon,3978.194840924262,NORMAL,-86.3088814480428,36.22105757913369
MAINTENANCE,9501,LEBANON,Lebanon,4024.313855080864,NORMAL,-86.3096243999177,36.2208990735281
PRACTICE RANGE,9501,LEBANON,Lebanon,4266.050429260222,NORMAL,-86.3094241456732,36.22024329027539
CHIPPING GREEN,9500,(Unincorporated),Unincorporated,8827.015936268675,NORMAL,-86.4731872216157,36.12285859747531
PUTTING GREEN,9500,(Unincorporated),Unincorporated,9055.657131254606,NORMAL,-86.4731834386344,36.12222381262691
PRACTICE RANGE,9500,(Unincorporated),Unincorporated,8988.21367298072,NORMAL,-86.47335707457071,36.12243114517711
HOLE 1 TEE BOX,9500,(Unincorporated),Unincorporated,9207.359011382543,NORMAL,-86.4735215443317,36.1218423239537
HOLE 1 GREEN,9500,(Unincorporated),Unincorporated,9086.504826706052,NORMAL,-86.4771574363736,36.1226854683125
HOLE 2 TEE BOX,9500,(Unincorporated),Unincorporated,9185.067429322204,NORMAL,-86.4779154825458,36.12251610448123
HOLE 2 GREEN,9500,(Unincorporated),Unincorporated,8202.938066247276,NORMAL,-86.4802264589885,36.12572328047461
HOLE 3 TEE BOX,9500,(Unincorporated),Unincorporated,8041.595567417025,NORMAL,-86.4801530110793,36.12616770328768
HOLE 3 GREEN,9500,(Unincorporated),Unincorporated,7748.771005449939,NORMAL,-86.4784439286091,36.1266322259254
HOLE 4 TEE BOX,9500,(Unincorporated),Unincorporated,7820.813255097093,NORMAL,-86.4774991397371,36.126265300713385
HOLE 4 GREEN,9500,(Unincorporated),Unincorporated,8903.31462443555,NORMAL,-86.4773045253264,36.1232160807635
HOLE 5 TEE BOX,9500,(Unincorporated),Unincorporated,8849.385258599108,NORMAL,-86.4766753474489,36.123279860707605
HOLE 5 GREEN,9500,(Unincorporated),Unincorporated,7839.98644592014,NORMAL,-86.4766634414447,36.1260905680143
HOLE 6 TEE BOX,9500,(Unincorporated),Unincorporated,7604.860323932983,NORMAL,-86.477131873058,36.126812541864886
HOLE 6 GREEN,9500,(Unincorporated),Unincorporated,7632.915385071728,NORMAL,-86.4759683899284,36.12657197088141
HOLE 7 TEE BOX,9500,(Unincorporated),Unincorporated,7571.590306833104,NORMAL,-86.4745255438196,36.12653971289279
HOLE 7 GREEN,9500,(Unincorporated),Unincorporated,7593.656203036071,NORMAL,-86.4710618405651,36.126071711232804
HOLE 8 GREEN,9500,(Unincorporated),Unincorporated,7916.693202452883,NORMAL,-86.4730867437873,36.12537498543162
HOLE 8 TEE BOX,9500,(Unincorporated),Unincorporated,7648.976981365587,NORMAL,-86.468020618341,36.125861730374695
HOLE 9 TEE BOX,9500,(Unincorporated),Unincorporated,7971.1766763464275,NORMAL,-86.4752570151057,36.1255298992497
HOLE 17 GREEN,9500,(Unincorporated),Unincorporated,8112.312036133347,NORMAL,-86.4712189089142,36.124652633769706
HOLE 10 GREEN,9500,(Unincorporated),Unincorporated,8263.465043153268,NORMAL,-86.4696726950349,36.124168330255706
HOLE 9 GREEN,9500,(Unincorporated),Unincorporated,8630.569175531573,NORMAL,-86.4733089248669,36.12341861784662
HOLE 18 TEE BOX,9500,(Unincorporated),Unincorporated,7986.327695616374,NORMAL,-86.47389930916032,36.1252929925345
HOLE 18 GREEN,9500,(Unincorporated),Unincorporated,8738.355100220846,NORMAL,-86.4717737049469,36.12296640363751
HOLE 10 TEE BOX,9500,(Unincorporated),Unincorporated,9080.999521043672,NORMAL,-86.47218558663131,36.122054173179414
HOLE 11 TEE BOX,9500,(Unincorporated),Unincorporated,8311.779346152003,NORMAL,-86.4690135173711,36.1240278811034
HOLE 11 GREEN,9500,(Unincorporated),Unincorporated,8809.472953573206,NORMAL,-86.4659950600128,36.12277872270239
HOLE 12 TEE BOX,9500,(Unincorporated),Unincorporated,8973.757537569818,NORMAL,-86.4634794488402,36.122610376653526
HOLE 12 GREEN,9500,(Unincorporated),Unincorporated,9127.471229881005,NORMAL,-86.4614823796851,36.12252755480541
HOLE 13 TEE BOX,9500,(Unincorporated),Unincorporated,8861.775298183507,NORMAL,-86.4621730794269,36.12314366460987
HOLE 13 GREEN,9500,(Unincorporated),Unincorporated,8182.084305178339,NORMAL,-86.4668538750394,36.124447788431304
HOLE 14 TEE BOX,9500,(Unincorporated),Unincorporated,8017.619243092299,NORMAL,-86.4659036141719,36.12497390035929
HOLE 14 GREEN,9500,(Unincorporated),Unincorporated,8294.464727652728,NORMAL,-86.462027884328,36.1247757453622
HOLE 15 TEE BOX,9500,(Unincorporated),Unincorporated,8362.737216613901,NORMAL,-86.4613333001728,36.12473170576962
HOLE 16 GREEN,9500,(Unincorporated),Unincorporated,7744.189579652007,NORMAL,-86.4655988346715,36.125760193659
HOLE 16 TEE BOX,9500,(Unincorporated),Unincorporated,7696.876836883807,NORMAL,-86.4622283266851,36.12642961778419
HOLE 15 GREEN,9500,(Unincorporated),Unincorporated,7996.598235802424,NORMAL,-86.4612387767824,36.12580029194281
HOLE 17 TEE BOX,9500,(Unincorporated),Unincorporated,7745.311039869901,NORMAL,-86.4666847359088,36.1256626009254
HOLE 1 TEE BOX,9501,LEBANON,Lebanon,1413.983626849398,NORMAL,-86.376881197534,36.24757084989551
PRACTICE RANGE,9501,LEBANON,Lebanon,1757.9556939023616,NORMAL,-86.3780655322309,36.247342421787394
PUTTING GREEN,9501,LEBANON,Lebanon,1850.6014000488735,NORMAL,-86.3784626480715,36.2475046168524
HOLE 1 GREEN,9501,LEBANON,Lebanon,324.40468829046694,WATCH,-86.3735733938838,36.2505505519698
HOLE 18 TEE BOX,9501,LEBANON,Lebanon,392.10618787730596,WATCH,-86.3739229630869,36.2494641399256
HOLE 18 GREEN,9501,LEBANON,Lebanon,1167.2130252271877,NORMAL,-86.3762901316512,36.24644704758181
HOLE 10 TEE BOX,9501,LEBANON,Lebanon,1801.101984463758,NORMAL,-86.3786067928175,36.247037199218795
HOLE 2 TEE BOX,9501,LEBANON,Lebanon,463.18874005974317,WATCH,-86.3739376061503,36.251374823464104
HOLE 2 GREEN,9501,LEBANON,Lebanon,620.0932202493198,WATCH,-86.3761338385444,36.253848762022116
HOLE 4 GREEN,9501,LEBANON,Lebanon,927.1042582518962,WATCH,-86.3758932164959,36.25297395014989
HOLE 4 TEE BOX,9501,LEBANON,Lebanon,672.0255029557912,WATCH,-86.3797326893143,36.2540746360552
HOLE 5 TEE BOX,9501,LEBANON,Lebanon,1011.2540117665563,NORMAL,-86.3765004736561,36.25280333217461
HOLE 5 GREEN,9501,LEBANON,Lebanon,762.8778084307573,WATCH,-86.3797973679297,36.2534724857597
HOLE 3 TEE BOX,9501,LEBANON,Lebanon,178.19279231973832,HIGH,-86.3765348063002,36.255113543568505
HOLE 3 GREEN,9501,LEBANON,Lebanon,173.7957362607208,HIGH,-86.3781315454603,36.2552897395675
HOLE 6 TEE BOX,9501,LEBANON,Lebanon,540.837740818235,WATCH,-86.3804735152024,36.2538975554534
HOLE 6 GREEN,9501,LEBANON,Lebanon,862.8350288182373,WATCH,-86.3808966881674,36.2500080790379
HOLE 7 TEE BOX,9501,LEBANON,Lebanon,1106.6018718283096,NORMAL,-86.3800628244777,36.249721186017
HOLE 7 GREEN,9501,LEBANON,Lebanon,914.5390971780162,WATCH,-86.3795103321395,36.252330459365304
HOLE 8 TEE BOX,9501,LEBANON,Lebanon,974.3985089875604,WATCH,-86.3792284521008,36.25270118196038
HOLE 8 GREEN,9501,LEBANON,Lebanon,1192.2468770736384,NORMAL,-86.378074248592,36.25246384465879
HOLE 9 TEE BOX,9501,LEBANON,Lebanon,1048.8532781124777,NORMAL,-86.3759391854375,36.25136547800961
HOLE 9 GREEN,9501,LEBANON,Lebanon,1370.4453246838239,NORMAL,-86.3787202799813,36.24997063323591
HOLE 10 GREEN,9501,LEBANON,Lebanon,1279.0355403222925,NORMAL,-86.3782781831618,36.2438771539925
HOLE 11 TEE BOX,9501,LEBANON,Lebanon,1407.1984432391885,NORMAL,-86.3787551131328,36.2436222274087
HOLE 11 GREEN,9501,LEBANON,Lebanon,1908.1899180392265,NORMAL,-86.3796693689669,36.246245727656685
HOLE 12 TEE BOX,9501,LEBANON,Lebanon,2044.3229496139713,NORMAL,-86.3820454579303,36.24625258338041
HOLE 12 GREEN,9501,LEBANON,Lebanon,2348.5639783746155,NORMAL,-86.3820817791075,36.24288742964261
HOLE 13 TEE BOX,9501,LEBANON,Lebanon,2595.7529895561797,NORMAL,-86.3833293086311,36.24021218873049
HOLE 13 GREEN,9501,LEBANON,Lebanon,2050.672943158637,NORMAL,-86.3814430751321,36.24037270519291
HOLE 14 TEE BOX,9501,LEBANON,Lebanon,1647.7600263203165,NORMAL,-86.3800313037198,36.2406074434577
HOLE 14 GREEN,9501,LEBANON,Lebanon,153.27768233103927,HIGH,-86.3752020009543,36.238743503005296
HOLE 15 TEE BOX,9501,LEBANON,Lebanon,64.11378606694088,HIGH,-86.3748201957542,36.23928865985172
HOLE 15 GREEN,9501,LEBANON,Lebanon,1074.3491977479807,NORMAL,-86.3779903292763,36.24115231220748
HOLE 16 TEE BOX,9501,LEBANON,Lebanon,733.8104083076126,WATCH,-86.3764285180025,36.2437657787654
HOLE 16 GREEN,9501,LEBANON,Lebanon,620.7939659406217,WATCH,-86.37568218587,36.24478541611681
HOLE 17 TEE BOX,9501,LEBANON,Lebanon,355.51411006387883,WATCH,-86.374848426101,36.244485561177186
HOLE 17 GREEN,9501,LEBANON,Lebanon,440.73974627666763,WATCH,-86.3733939266666,36.24829811971531
LOT 1A,9500,(Unincorporated),Unincorporated,8845.716417431733,NORMAL,-86.2339638662452,36.16157183776961
FUTURE TARGET,9501,LEBANON,Lebanon,2215.5669957197038,NORMAL,-86.3303998242281,36.18455707142053
AG VENTURE EXPERIENCE,9501,LEBANON,Lebanon,2010.219332444033,NORMAL,-86.2718183389019,36.197511941969104
4H FFA,9501,LEBANON,Lebanon,1890.3989473576507,NORMAL,-86.27140346637091,36.19744885770092
HERITAGE BARN,9501,LEBANON,Lebanon,1876.0339770229382,NORMAL,-86.2715192977471,36.1971578522008
HAY AND FIELD CROPS BUILDING,9501,LEBANON,Lebanon,1242.4667534811415,NORMAL,-86.2687259318677,36.197461681371806
MADE IN TENNESSEE BUILDING,9501,LEBANON,Lebanon,2177.3730667284985,NORMAL,-86.2726462294134,36.19709796354409
THE CACTUS GLADE,9500,(Unincorporated),Unincorporated,16859.794224671547,NORMAL,-86.316878555248,36.039969299358994
DOC JONES TRAIL,9500,(Unincorporated),Unincorporated,26075.105258230447,NORMAL,-86.277040423367,36.05255703094281
The Do Not Enter Glade,9500,(Unincorporated),Unincorporated,27391.765712885375,NORMAL,-86.2989990505964,36.068641814250405
Laura Thompson Glade,9500,(Unincorporated),Unincorporated,25509.2899663,NORMAL,-86.2912769795516,36.0545250424447
LOT 10,9500,(Unincorporated),Unincorporated,19833.132783065415,NORMAL,-86.2300972973465,36.10378725891021
LOT 2,9500,(Unincorporated),Unincorporated,23593.430360986556,NORMAL,-86.242918459537,36.10283676703722
MCFARLAND FARMS,9503,MT. JULIET,Mt. Juliet,96.98271301643263,HIGH,-86.5058643338689,36.18938908836182
BROADSTONE MCFARLAND,9503,MT. JULIET,Mt. Juliet,385.00385935751746,WATCH,-86.5089556452903,36.1895035902563
COFFEE SHOP,9503,MT. JULIET,Mt. Juliet,486.25148021004907,WATCH,-86.4933659361409,36.232867117537
