business,house_no,street,zip,post_city,e911_muni,dor_situs,dor_city,postal_county,nearest_seam_ft,seam_side_a,seam_side_b,risk_band,flag,addr_match_ft,lon,lat
MCDONALDS,705.0,S CUMBERLAND ST,37087,LEBANON,Lebanon,9501,LEBANON,,5524.243269022584,9500,9501,NORMAL,,28.490879610355915,-86.2959161750045,36.1877281222085
ECONO LODGE,829.0,S CUMBERLAND ST,37087,LEBANON,Lebanon,9501,LEBANON,,4939.484498752202,9500,9501,NORMAL,,79.61414449568345,-86.2978412116986,36.1835816944016
TACO BELL,823.0,S CUMBERLAND ST,37087,LEBANON,Lebanon,9501,LEBANON,,5078.7141494748685,9500,9501,NORMAL,,24.63510266762194,-86.29756435845,36.18402339900392
WAFFLE HOUSE,819.0,S CUMBERLAND ST,37087,LEBANON,Lebanon,9501,LEBANON,,5214.039645226194,9500,9501,NORMAL,,42.07590350805769,-86.2975630805847,36.184403271245905
PIZZA HUT,817.0,S CUMBERLAND ST,37087,LEBANON,Lebanon,9501,LEBANON,,5234.912547894756,9500,9501,NORMAL,,42.58440053538018,-86.2974649997091,36.18460381354902
HOLIDAY INN EXPRESS,826.0,S CUMBERLAND ST,37087,LEBANON,Lebanon,9501,LEBANON,,5009.746939666359,9500,9501,NORMAL,,82.08093972023501,-86.3000506672277,36.183235367757426
DAYS INN,822.0,S CUMBERLAND ST,37087,LEBANON,Lebanon,9501,LEBANON,,5166.359816444948,9500,9501,NORMAL,,84.20276587914884,-86.2991215108988,36.1839473119497
LOS COMPADRES,818.0,S CUMBERLAND ST,37087,LEBANON,Lebanon,9501,LEBANON,,5394.582162866615,9500,9501,NORMAL,,39.05438681311073,-86.2986372776906,36.18470965399369
SHONEYS,814.0,S CUMBERLAND ST,37087,LEBANON,Lebanon,9501,LEBANON,,5509.827611079671,9500,9501,NORMAL,,20.08045205318648,-86.2983546419075,36.1850931860238
EXXON TIGER MARKET,810.0,S CUMBERLAND ST,37087,LEBANON,Lebanon,9501,LEBANON,,5508.935906745312,9500,9501,NORMAL,,53.877079975657054,-86.2979411208117,36.18543818077031
KENTUCKY FRIED CHICKEN,710.0,S CUMBERLAND ST,37087,LEBANON,Lebanon,9501,LEBANON,,5754.005067833243,9500,9501,NORMAL,,36.10179806849207,-86.2971690978575,36.18750576510941
CHICK-FIL-A,706.0,S CUMBERLAND ST,37087,LEBANON,Lebanon,9501,LEBANON,,5800.956107606287,9500,9501,NORMAL,,48.528209401642144,-86.2969550025458,36.1879186187523
SUBWAY,704.0,S CUMBERLAND ST,37087,LEBANON,Lebanon,9501,LEBANON,,5845.145006103046,9500,9501,NORMAL,,43.63057468071912,-86.2966961680202,36.18834339626059
RAMADA INN,704.0,S CUMBERLAND ST,37087,LEBANON,Lebanon,9501,LEBANON,,5887.4912218420395,9500,9501,NORMAL,,14.57591582280276,-86.2965670199798,36.18863016337691
HARDEES,701.0,S CUMBERLAND ST,37087,LEBANON,Lebanon,9501,LEBANON,,5706.621174589063,9500,9501,NORMAL,,43.42224369036025,-86.2957245211252,36.18862459917431
ALL AMERICAN WINE & SPIRITS,703.0,S CUMBERLAND ST,37087,LEBANON,Lebanon,9501,LEBANON,,5425.841670737996,9500,9501,NORMAL,,25.332675982738877,-86.2952652890481,36.18790082507181
MAPCO,803.0,S CUMBERLAND ST,37087,LEBANON,Lebanon,9501,LEBANON,,5386.049621925809,9500,9501,NORMAL,,17.412453472468975,-86.2966258259307,36.18642235587819
WENDYS,807.0,S CUMBERLAND ST,37087,LEBANON,Lebanon,9501,LEBANON,,5377.710992601629,9500,9501,NORMAL,,41.60502194242886,-86.2970235663344,36.18592943004771
EL MOLINO,809.0,S CUMBERLAND ST,37087,LEBANON,Lebanon,9501,LEBANON,,5336.221125455462,9500,9501,NORMAL,,38.1933887559286,-86.2971457796209,36.185574311238
ARBYS,813.0,S CUMBERLAND ST,37087,LEBANON,Lebanon,9501,LEBANON,,5183.718793698689,9500,9501,NORMAL,,34.78750828513761,-86.2969285686211,36.185068370529194
QUALITY INN,641.0,S CUMBERLAND ST,37087,LEBANON,Lebanon,9501,LEBANON,,5710.627823102031,9500,9501,NORMAL,,90.99585648386669,-86.2949632680397,36.1893939627113
ALDI,108.0,CIRCLE DR,37087,LEBANON,Lebanon,9501,LEBANON,,6282.090467819358,9500,9501,NORMAL,,98.06947855644196,-86.2972548193798,36.1896170669434
ZAXBY'S,638.0,S CUMBERLAND ST,37087,LEBANON,Lebanon,9501,LEBANON,,6089.410933162713,9500,9501,NORMAL,,46.774240823039804,-86.2960666592587,36.18994065797649
DUNKIN DONUTS,636.0,S CUMBERLAND ST,37087,LEBANON,Lebanon,9501,LEBANON,,6139.156875123387,9500,9501,NORMAL,,38.82652453661404,-86.2958733395803,36.190352416614495
PANERA BREAD,639.0,S CUMBERLAND ST,37087,LEBANON,Lebanon,9501,LEBANON,,5813.133966934186,9500,9501,NORMAL,,28.339766558374325,-86.294969605576,36.18983270085919
CRACKER BARREL,635.0,S CUMBERLAND ST,37087,LEBANON,Lebanon,9501,LEBANON,,5787.344758312438,9500,9501,NORMAL,,40.647465854064805,-86.2944579588501,36.19020402990079
BEST WESTERN EXECUTIVE INN ,631.0,S CUMBERLAND ST,37087,LEBANON,Lebanon,9501,LEBANON,,6008.81385720994,9500,9501,NORMAL,,90.54624862804903,-86.2946512836487,36.1909322708044
GONDOLA ,625.0,S CUMBERLAND ST,37087,LEBANON,Lebanon,9501,LEBANON,,6075.491337970896,9500,9501,NORMAL,,26.924316991789443,-86.2942017770513,36.191562882797484
ASHLEY HOME STORE,56.0,BELINDA PKWY,37122,MT JULIET,Mt. Juliet,9503,MT. JULIET,,1499.5980104629111,9500,9503,NORMAL,,96.34634162487203,-86.5085994417746,36.17133042872549
TWO RIVERS FORD,76.0,BELINDA PKWY,37122,MT JULIET,Mt. Juliet,9503,MT. JULIET,,641.9311791278026,9500,9503,WATCH,,103.22931471586509,-86.5036634562868,36.171174668353004
NOBU HIBACHI,401.0,S MT JULIET RD,37122,MT JULIET,Mt. Juliet,9503,MT. JULIET,,1563.2865182876808,9500,9503,NORMAL,,34.58660640166515,-86.507404315735,36.16999636581932
TACO BELL,401.0,S MT JULIET RD,37122,MT JULIET,Mt. Juliet,9503,MT. JULIET,,1781.2838910031464,9500,9503,NORMAL,,18.305823876716786,-86.50852063064342,36.1701690792857
DISCOUNT TIRE,401.0,S MT JULIET RD,37122,MT JULIET,Mt. Juliet,9503,MT. JULIET,,1625.7780860850871,9500,9503,NORMAL,,17.940552057161185,-86.5079399892927,36.1702459233521
TARGET,401.0,S MT JULIET RD,37122,MT JULIET,Mt. Juliet,9503,MT. JULIET,,2081.6403705106595,9500,9503,NORMAL,,176.4841980752341,-86.508176056819,36.168624378224
DICK'S SPORTING GOODS,401.0,S MT JULIET RD,37122,MT JULIET,Mt. Juliet,9503,MT. JULIET,,2260.6379261120937,9500,9503,NORMAL,,110.26797991457846,-86.5078885955387,36.16782198864821
LOWE'S ,634.0,S CUMBERLAND ST,37087,LEBANON,Lebanon,9501,LEBANON,,6686.345228752259,9500,9501,NORMAL,,110.87836596820549,-86.2973927227511,36.191221235666106
ASPEN DENTAL ,604.0,S CUMBERLAND ST,37087,LEBANON,Lebanon,9501,LEBANON,,6563.576893675157,9500,9501,NORMAL,,35.378145360072544,-86.2944404450253,36.1932057435885
OFFICEMAX,415.0,S CUMBERLAND ST,37087,LEBANON,Lebanon,9501,LEBANON,,7197.009386149016,9500,9501,NORMAL,,97.25988117468042,-86.2919758471927,36.1980089219142
PINNACLE,411.0,S CUMBERLAND ST,37087,LEBANON,Lebanon,9501,LEBANON,,7007.803344289725,9500,9501,NORMAL,,53.80180879667739,-86.2917701881205,36.19888454030239
TENNESSEE QUICK CASH,408.0,S CUMBERLAND ST,37087,LEBANON,Lebanon,9501,LEBANON,,7183.619531518686,9500,9501,NORMAL,,33.6821243977242,-86.2926900533444,36.1994164479463
RACE TRAC,405.0,S CUMBERLAND ST,37087,LEBANON,Lebanon,9501,LEBANON,,6898.839609006629,9500,9501,NORMAL,,50.584613129391066,-86.2916782117842,36.199473740200105
WHITTS BARBECUE,401.0,S CUMBERLAND ST,37087,LEBANON,Lebanon,9501,LEBANON,,6828.23648565775,9500,9501,NORMAL,,30.84259041147628,-86.2918065169538,36.20028273835141
DONUT PALACE,175.0,TENNESSEE BLVD,37087,LEBANON,Lebanon,9501,LEBANON,,6701.777091269084,9500,9501,NORMAL,,21.349152407326187,-86.2913332998676,36.20024572808949
NEWMAN DENTAL ASSOCIATES,337.0,S CUMBERLAND ST,37087,LEBANON,Lebanon,9501,LEBANON,,6769.146678279774,9500,9501,NORMAL,,38.39382420686422,-86.2918012877965,36.20076464721342
CHARLIE'S  TIRE STORE,330.0,S CUMBERLAND ST,37087,LEBANON,Lebanon,9501,LEBANON,,6885.499450351684,9500,9501,NORMAL,,50.92729273726457,-86.2924103807669,36.20126678520899
BIG DADDY'S WORLD OF FLOOORING,329.0,S CUMBERLAND ST,37087,LEBANON,Lebanon,9501,LEBANON,,6744.199263570002,9500,9501,NORMAL,,25.997922111990622,-86.2919042841727,36.20125084116821
VALVOLINE INSTANT OIL CHANGE,327.0,S CUMBERLAND ST,37087,LEBANON,Lebanon,9501,LEBANON,,6665.529368211255,9500,9501,NORMAL,,51.348975292222676,-86.2917501847299,36.2015888624237
QUIK STOP DISCOUNT OUTLET,308.0,S CUMBERLAND ST,37087,LEBANON,Lebanon,9501,LEBANON,,6624.420759798268,9500,9501,NORMAL,,12.49062779083663,-86.29212118402891,36.202627617204506
BLUEGRASS GLASS & MIRROR,212.0,S CUMBERLAND ST,37087,LEBANON,Lebanon,9501,LEBANON,,6409.3022683641775,9500,9501,NORMAL,,19.54466003067933,-86.2919405227383,36.20406258346701
SHENANDOAH MILLS INC,145.0,S CUMBERLAND ST,37087,LEBANON,Lebanon,9501,LEBANON,,5988.051661550225,9500,9501,NORMAL,,5.3253820339277365,-86.29121348947642,36.2063811402172
WILSON COUNTY CIRCUIT COURT,134.0,S COLLEGE ST,37087,LEBANON,Lebanon,9501,LEBANON,,5741.718926334002,9500,9501,NORMAL,,57.93876702374527,-86.2903186806423,36.206444338058105
LANNOM AND WILLIAMS,137.0,PUBLIC SQUARE,37087,LEBANON,Lebanon,9501,LEBANON,,5777.2748900659,9500,9501,NORMAL,,27.043833612312223,-86.2910749220003,36.207536306817914
LAW OFFICES OF HUGH GREEN,100.0,PUBLIC SQUARE,37087,LEBANON,Lebanon,9501,LEBANON,,5573.824251107003,9500,9501,NORMAL,,23.844150690541916,-86.2905748707084,36.20802481100359
MARKHAMS SHOES,101.0,PUBLIC SQUARE,37087,LEBANON,Lebanon,9501,LEBANON,,5561.1783062563045,9500,9501,NORMAL,,26.686540646574247,-86.2905675147786,36.20810504393034
SEAT STUDIO,133.0,PUBLIC SQUARE,37087,LEBANON,Lebanon,9501,LEBANON,,5954.659513974072,9500,9501,NORMAL,,15.606511382081441,-86.2917756963092,36.20764096490861
BURGER KING,106.0,N CUMBERLAND ST,37087,LEBANON,Lebanon,9501,LEBANON,,5667.476721780615,9500,9501,NORMAL,,24.16304350346437,-86.2912749911992,36.20884797774149
FRANK'S AUTO REPAIR,201.0,N CUMBERLAND ST,37087,LEBANON,Lebanon,9501,LEBANON,,5430.8319154265355,9500,9501,NORMAL,,12.648336806404545,-86.2906143143627,36.20931407340251
CORNER GARAGE,202.0,N CUMBERLAND ST,37087,LEBANON,Lebanon,9501,LEBANON,,5613.199052770408,9500,9501,NORMAL,,17.169608454933524,-86.2912982939592,36.20942459392771
SHERWIN-WILLIAMS CO,212.0,N CUMBERLAND ST,37087,LEBANON,Lebanon,9501,LEBANON,,5549.272218024839,9500,9501,NORMAL,,21.236321021630946,-86.29114904394972,36.209645759675915
LIBERTY STATE BANK,214.0,N CUMBERLAND ST,37087,LEBANON,Lebanon,9501,LEBANON,,5484.629395564393,9500,9501,NORMAL,,26.365217330321574,-86.2910421367034,36.21001991030711
FIRST INSURANCE GROUP,215.0,N CUMBERLAND ST,37087,LEBANON,Lebanon,9501,LEBANON,,5312.301241569741,9500,9501,NORMAL,,18.832532118333422,-86.2903919073616,36.2098707740488
HD AESTHETICS,213.0,N CUMBERLAND ST,37087,LEBANON,Lebanon,9501,LEBANON,,5377.459095780269,9500,9501,NORMAL,,24.57924188958548,-86.2905821511911,36.20975490537778
BUCKEYE DRUG CENTER,315.0,N CUMBERLAND ST,37087,LEBANON,Lebanon,9501,LEBANON,,5045.17792710018,9500,9501,NORMAL,,25.82123559963756,-86.2897486818914,36.2108588279639
UPTOWN MOTEL,316.0,N CUMBERLAND ST,37087,LEBANON,Lebanon,9501,LEBANON,,5368.017030217834,9500,9501,NORMAL,,18.001501477397216,-86.2909561368389,36.21128073201122
BUDDYS HOME FURNISHING,319.0,N CUMBERLAND ST,37087,LEBANON,Lebanon,9501,LEBANON,,5013.559997547916,9500,9501,NORMAL,,35.233070040614166,-86.28968784454601,36.211057980616594
HAVEN HOUSE THRIFT SHOP,321.0,N CUMBERLAND ST,37087,LEBANON,Lebanon,9501,LEBANON,,4992.733905260634,9500,9501,NORMAL,,35.514936536088,-86.2896515231087,36.21121384858639
AUTOZONE,323.0,N CUMBERLAND ST,37087,LEBANON,Lebanon,9501,LEBANON,,5001.234833668671,9500,9501,NORMAL,,16.444074611638744,-86.2897135610199,36.21136765472101
BUDGET FURNITURE,320.0,N CUMBERLAND ST,37087,LEBANON,Lebanon,9501,LEBANON,,5322.535931921691,9500,9501,NORMAL,,26.264863615618726,-86.2908655004949,36.2115995227173
JENNINGS LAW OFFICE,326.0,N CUMBERLAND ST,37087,LEBANON,Lebanon,9501,LEBANON,,5273.390882577534,9500,9501,NORMAL,,14.667975582495206,-86.2907650268669,36.211931688776204
LIGHTHOUSE TATTOO,328.0,N CUMBERLAND ST,37087,LEBANON,Lebanon,9501,LEBANON,,5237.877059182396,9500,9501,NORMAL,,9.726838896358194,-86.2906867113977,36.21214400410421
J&L BOOKKEEPING,330.0,N CUMBERLAND ST,37087,LEBANON,Lebanon,9501,LEBANON,,5229.059801362188,9500,9501,NORMAL,,11.201934854835898,-86.2906776587351,36.21224322189321
DAVID'S PIZZA ,329.0,N CUMBERLAND ST,37087,LEBANON,Lebanon,9501,LEBANON,,5087.999208780672,9500,9501,NORMAL,,20.362366703210135,-86.2901668658648,36.2121208371406
PLATINUM DANCE STUDIO,402.0,N CUMBERLAND ST,37087,LEBANON,Lebanon,9501,LEBANON,,5175.3879054712515,9500,9501,NORMAL,,39.7007822335369,-86.290611343793,36.21262554025401
LAW OFFICE OF CHRIS REYNOLDS,500.0,N CUMBERLAND ST,37087,LEBANON,Lebanon,9501,LEBANON,,5054.054065257328,9500,9501,NORMAL,,11.513470765819264,-86.2904320498773,36.2135477297868
BUDGET INN,412.0,N CUMBERLAND ST,37087,LEBANON,Lebanon,9501,LEBANON,,5169.886073875618,9500,9501,NORMAL,,15.84398870793407,-86.2907954016559,36.213389286644095
WILSON COUNTY JUDICIAL CENTER,505.0,N CUMBERLAND ST,37087,LEBANON,Lebanon,9501,LEBANON,,4811.9448568674725,9500,9501,NORMAL,,103.48529941915716,-86.2897368751549,36.21424834856558
POP'S SMOKE SHOP & CONVIENANCE STORE,617.0,N CUMBERLAND ST,37087,LEBANON,Lebanon,9501,LEBANON,,4679.873599033954,9500,9501,NORMAL,,17.968104186892944,-86.2894462890304,36.21589913015398
CHUM'S CONVENIENCE STORES,622.0,N CUMBERLAND ST,37087,LEBANON,Lebanon,9501,LEBANON,,4882.2543349541575,9500,9501,NORMAL,,23.613577419495403,-86.2901344200856,36.216099685721
CUMBERLAND AUTOMOTIVE REPAIR ,627.0,N CUMBERLAND ST,37087,LEBANON,Lebanon,9501,LEBANON,,4686.367335094265,9500,9501,NORMAL,,30.40308548802244,-86.2894581840631,36.216611950776816
THE WESTERN LOOK,630.0,N CUMBERLAND ST,37087,LEBANON,Lebanon,9501,LEBANON,,4835.8776442158805,9500,9501,NORMAL,,27.345808109686203,-86.2899532672776,36.216825263568104
LEBANON FIRST ASSEMBLY OF GOD,716.0,N CUMBERLAND ST,37087,LEBANON,Lebanon,9501,LEBANON,,4841.57696448746,9500,9501,NORMAL,,29.100855513453297,-86.2899942843241,36.21794840150018
EDS HOMETOWN FIREWORKS AND CONCESSIONS,723.0,N CUMBERLAND ST,37087,LEBANON,Lebanon,9501,LEBANON,,4520.434252879205,9500,9501,NORMAL,,16.99418433277453,-86.2889273619768,36.2182990969894
VINYL STORE AND GUTTER WORKS,730.0,N CUMBERLAND ST,37087,LEBANON,Lebanon,9501,LEBANON,,4866.086227525557,9500,9501,NORMAL,,65.21051596850168,-86.2901117618617,36.218689702957825
LEBANON DISCOUNT TOBACCO,735.0,N CUMBERLAND ST,37087,LEBANON,Lebanon,9501,LEBANON,,4561.723100604375,9500,9501,NORMAL,,33.82958423077497,-86.2890610372692,36.219450497350095
FOOD CONCEPTS,801.0,N CUMBERLAND ST,37087,LEBANON,Lebanon,9501,LEBANON,,4487.744956738678,9500,9501,NORMAL,,69.61913288727074,-86.2890167295159,36.2200830710092
PLAZA 231,816.0,N CUMBERLAND ST,37087,LEBANON,Lebanon,9501,LEBANON,,4040.286061925511,9500,9501,NORMAL,,59.47827904077951,-86.2906642402765,36.22156705198349
GERBER COLLISION AND GLASS,813.0,N CUMBERLAND ST,37087,LEBANON,Lebanon,9501,LEBANON,,4022.411577599209,9500,9501,NORMAL,,27.62693175342904,-86.2896426585733,36.2214526651755
KIDS WORLD,818.0,N CUMBERLAND ST,37087,LEBANON,Lebanon,9501,LEBANON,,3778.9340594948844,9500,9501,NORMAL,,51.65579379842248,-86.2907320399315,36.222320692322995
RELIABLE CARS LLC,817.0,N CUMBERLAND ST,37087,LEBANON,Lebanon,9501,LEBANON,,3796.647622384592,9500,9501,NORMAL,,17.168888327106686,-86.29006395566431,36.22214489049531
FULL THROTTLE CUSTOMS,1005.0,N CUMBERLAND ST,37087,LEBANON,Lebanon,9501,LEBANON,,2895.5565600308137,9500,9501,NORMAL,,24.126806808001447,-86.2898464834888,36.22464199358049
MIKES FOODLAND,1006.0,N CUMBERLAND ST,37087,LEBANON,Lebanon,9501,LEBANON,,3080.6946799132115,9500,9501,NORMAL,,44.57364485024802,-86.2912584696431,36.2244707277159
SUBWAY,1010.0,N CUMBERLAND ST,37087,LEBANON,Lebanon,9501,LEBANON,,2874.150076761844,9500,9501,NORMAL,,17.571038576320298,-86.2906667438807,36.22489945764891
PEOPLES BBQ,1103.0,N CUMBERLAND ST,37087,LEBANON,Lebanon,9501,LEBANON,,2551.7771768624584,9500,9501,NORMAL,,27.522853386746316,-86.2898431369733,36.22561800707301
SOUTHLAND MOTEL,1107.0,N CUMBERLAND ST,37087,LEBANON,Lebanon,9501,LEBANON,,2279.399099080348,9500,9501,NORMAL,,24.96524603080765,-86.2898243513803,36.2263943882075
MINIT MART,1112.0,N CUMBERLAND ST,37087,LEBANON,Lebanon,9501,LEBANON,,2301.580041530271,9500,9501,NORMAL,,28.656160324596765,-86.2906255083879,36.22657368513021
WALMART,615.0,S CUMBERLAND ST,37087,LEBANON,Lebanon,9501,LEBANON,,5604.7331044618795,9500,9501,NORMAL,,62.34068050560428,-86.2912298814895,36.19192368868211
DEMOS,130.0,LEGENDS DR,37087,LEBANON,Lebanon,9501,LEBANON,,5116.62779800285,9500,9501,NORMAL,,17.380240956869372,-86.2933298904327,36.188436711510505
ROXY ,200.0,LEGENDS DR,37087,LEBANON,Lebanon,9501,LEBANON,,4764.920083543809,9500,9501,NORMAL,,28.394505386784502,-86.2927427324748,36.187476693048616
TOTAL FAMILY PHYSICIANS ,233.0,LEGENDS DR,37087,LEBANON,Lebanon,9501,LEBANON,,4410.235568281688,9500,9501,NORMAL,,38.06235971664011,-86.2893030487801,36.18898056336991
CICI'S,155.0,LEGENDS DR,37087,LEBANON,Lebanon,9501,LEBANON,,5416.297510491895,9500,9501,NORMAL,,17.24611727767268,-86.2933720576751,36.18965748928439
LEGENDS SPORTS GRILL,155.0,LEGENDS DR,37087,LEBANON,Lebanon,9501,LEBANON,,5330.7087891842575,9500,9501,NORMAL,,36.25112524425593,-86.2931244812123,36.18952837264132
TENNESSEE DEPARTMENT OF HEALTH,155.0,LEGENDS DR,37087,LEBANON,Lebanon,9501,LEBANON,,5164.703149415715,9500,9501,NORMAL,,33.103693981143266,-86.2923736952029,36.1895073016588
RACEWAY,1137.0,SPARTA PIKE,37087,LEBANON,Lebanon,9501,LEBANON,,1648.904836598613,9500,9501,NORMAL,,34.37376206298191,-86.2710004133134,36.190887576781115
LEGENDS CAR WASH,1032.0,SPARTA PIKE,37087,LEBANON,Lebanon,9501,LEBANON,,2463.9046520621937,9500,9501,NORMAL,,90.29210130623198,-86.27427567212801,36.1937730916894
DOLLAR GENERAL STORE,1028.0,SPARTA PIKE,37087,LEBANON,Lebanon,9501,LEBANON,,2686.7161214968232,9500,9501,NORMAL,,21.325580386998755,-86.2750277890744,36.19382860937251
DANIELS MARKET,1037.0,SPARTA PIKE,37087,LEBANON,Lebanon,9501,LEBANON,,2234.055767877365,9500,9501,NORMAL,,25.581873337983286,-86.27348160903021,36.193837844303516
CHURCH OF JESUS CHRIST OF LATTER DAY SAINTS,105.0,PEYTON RD,37087,LEBANON,Lebanon,9501,LEBANON,,1691.8499069872591,9500,9501,NORMAL,,57.467995646209964,-86.2716981075776,36.193327702484694
Peyton Manor,460.0,PEYTON RD,37087,LEBANON,Lebanon,9501,LEBANON,,219.1325933157794,9500,9501,HIGH,BOUNDARY_RISK,45.12696999619574,-86.26511857629201,36.19211534612049
FRIENDSHIP CHRISTIAN,5400.0,COLES FERRY PIKE,37087,LEBANON,Unincorporated,9500,(Unincorporated),,6838.530817243775,9500,9501,NORMAL,POSTAL_CITY_EXPOSURE,108.44084829405581,-86.3414322107579,36.26922072203192
BARTONS CREEK BOAT RAMP,6801.0,COLES FERRY PIKE,37087,LEBANON,Unincorporated,9500,(Unincorporated),,7425.190369194355,9500,9501,NORMAL,POSTAL_CITY_EXPOSURE,41.36004029231602,-86.3653475220616,36.2748551876802
CRACKER BARREL,350.0,S MT JULIET RD,37122,MT JULIET,Mt. Juliet,9503,MT. JULIET,,2411.3776942918184,9500,9503,NORMAL,,44.48321532390054,-86.5146280606874,36.169530310324106
WAFFLE HOUSE,236.0,S MT JULIET RD,37122,MT JULIET,Mt. Juliet,9503,MT. JULIET,,2003.1613976636145,9500,9503,NORMAL,,16.998877204149778,-86.5146372864373,36.16835253544691
BUFFALO WILD WINGS,100.0,ADAMS LN,37122,MT JULIET,Mt. Juliet,9503,MT. JULIET,,1728.9362551063714,9500,9503,NORMAL,,25.63504046160813,-86.5152751431396,36.167730539236096
QUALITY INN AND SUITES,1000.0,HERSCHEL DR,37122,MT JULIET,Mt. Juliet,9503,MT. JULIET,,2371.7697141834306,9500,9503,NORMAL,,54.00651110794796,-86.5153835509483,36.1695700089397
SHERWIN WILLIAMS,2000.0,HERSCHEL DR,37122,MT JULIET,Mt. Juliet,9503,MT. JULIET,,2317.9328943228566,9500,9503,NORMAL,,62.61931099567546,-86.5161772551331,36.1695165410183
GRAVES FITNESS CENTER,121.0,ADAMS LN,37122,MT JULIET,Mt. Juliet,9503,MT. JULIET,,2177.9527311694183,9500,9503,NORMAL,,41.7743944968033,-86.51857006415531,36.16934651860512
HAMPTON INN ,5001.0,CROSSINGS CIR,37122,MT JULIET,Mt. Juliet,9503,MT. JULIET,,1812.9022849754483,9500,9503,NORMAL,,87.95544053694846,-86.5158832611052,36.16808419585212
URGENT CARE,5002.0,CROSSINGS CIR,37122,MT JULIET,Mt. Juliet,9503,MT. JULIET,,1509.9811346130975,9500,9503,NORMAL,,49.41820674297834,-86.517223130921,36.167363091530994
VANDERBILT ORTHOPEDIC CLINIC,5002.0,CROSSINGS CIR,37122,MT JULIET,Mt. Juliet,9503,MT. JULIET,,1431.612381001457,9500,9503,NORMAL,,29.109013676335913,-86.5172429056082,36.167148395099794
THE HEART GROUP,5002.0,CROSSINGS CIR,37122,MT JULIET,Mt. Juliet,9503,MT. JULIET,,1384.9004077651236,9500,9503,NORMAL,,78.5281297877325,-86.5173197395001,36.167025022282914
TENNESSEE SPORTS MEDICINE ,5003.0,CROSSINGS CIR,37122,MT JULIET,Mt. Juliet,9503,MT. JULIET,,1502.6625766583463,9500,9503,NORMAL,,44.20295794826782,-86.5160471799933,36.167242219183116
STEAK N SHAKE,5006.0,CROSSINGS CIR,37122,MT JULIET,Mt. Juliet,9503,MT. JULIET,,1098.3082566368575,9500,9503,NORMAL,,55.384822370265574,-86.5153078677328,36.16588617339969
MATTRESS FIRM,5013.0,CROSSINGS CIR,37122,MT JULIET,Mt. Juliet,9503,MT. JULIET,,1371.4599381086598,9500,9503,NORMAL,,65.30071391522215,-86.5149135002976,36.16656507497161
T-MOBLIE ,5019.0,CROSSINGS CIR,37122,MT JULIET,Mt. Juliet,9503,MT. JULIET,,1490.9893097600432,9500,9503,NORMAL,,9.965744442460645,-86.5148073733659,36.16688792108091
WALGREEN'S ,206.0,CROSSINGS LN,37122,MT JULIET,Mt. Juliet,9503,MT. JULIET,,767.9855663562615,9500,9503,WATCH,,62.37135487534215,-86.5153575777032,36.164846289188084
KROGER GAS PUMP,401.0,S MT JULIET RD,37122,MT JULIET,Mt. Juliet,9503,MT. JULIET,,1068.1395973272727,9500,9503,NORMAL,,58.00739041871895,-86.5138176619263,36.164643965893795
CHIK-FIL-A,401.0,S MT JULIET RD,37122,MT JULIET,Mt. Juliet,9503,MT. JULIET,,1243.0908083742054,9500,9503,NORMAL,,10.988186510467816,-86.5139223424715,36.1655506106336
KROGER,401.0,S MT JULIET RD,37122,MT JULIET,Mt. Juliet,9503,MT. JULIET,,1499.083790530805,9500,9503,NORMAL,,83.19397794317437,-86.5122621418294,36.164756452736604
PANERA BREAD,401.0,S MT JULIET RD,37122,MT JULIET,Mt. Juliet,9503,MT. JULIET,,1527.7953207482994,9500,9503,NORMAL,,46.09253515089786,-86.5130922550424,36.16597478043091
REGAL ,401.0,S MT JULIET RD,37122,MT JULIET,Mt. Juliet,9503,MT. JULIET,,2038.2150771265283,9500,9503,NORMAL,,57.496550687940285,-86.5101345470373,36.16405839152241
BEST BUY,401.0,S MT JULIET RD,37122,MT JULIET,Mt. Juliet,9503,MT. JULIET,,2409.22497069839,9500,9503,NORMAL,,40.28163479286859,-86.5109572075056,36.1676699190096
BOOKS A MILLION,401.0,S MT JULIET RD,37122,MT JULIET,Mt. Juliet,9503,MT. JULIET,,2557.1414958366413,9500,9503,NORMAL,,54.86879110257988,-86.5096444913268,36.16695056029581
BELK,401.0,S MT JULIET RD,37122,MT JULIET,Mt. Juliet,9503,MT. JULIET,,2264.690123412752,9500,9503,NORMAL,,69.74253207057919,-86.5111994723636,36.16729499243471
THE OLIVE GARDEN ,401.0,S MT JULIET RD,37122,MT JULIET,Mt. Juliet,9503,MT. JULIET,,1740.8721630085347,9500,9503,NORMAL,,31.89623890115729,-86.5135319095643,36.16707524894663
WENDYS,401.0,S MT JULIET RD,37122,MT JULIET,Mt. Juliet,9503,MT. JULIET,,1542.8673368230566,9500,9503,NORMAL,,42.61848162142124,-86.5138865166722,36.1666120874572
FIRST HORIZON BANK,401.0,S MT JULIET RD,37122,MT JULIET,Mt. Juliet,9503,MT. JULIET,,2490.65525485437,9500,9503,NORMAL,,30.52809290557675,-86.5106468253521,36.16915920241011
RED LOBSTER,401.0,S MT JULIET RD,37122,MT JULIET,Mt. Juliet,9503,MT. JULIET,,2102.0247819677434,9500,9503,NORMAL,,23.58621931077573,-86.5127333560946,36.16783121399133
CHASE BANK,401.0,S MT JULIET RD,37122,MT JULIET,Mt. Juliet,9503,MT. JULIET,,2366.7139178245316,9500,9503,NORMAL,,34.13055336495507,-86.5119774931764,36.168277952208314
RED ROBIN,401.0,S MT JULIET RD,37122,MT JULIET,Mt. Juliet,9503,MT. JULIET,,2205.485744564974,9500,9503,NORMAL,,34.82955582887934,-86.509896382093,36.169668856835486
WILSON MANOR LIVING CENTER,900.0,COLES FERRY PIKE,37087,LEBANON,Lebanon,9501,LEBANON,,4441.497178930969,9500,9501,NORMAL,,13.500851051132942,-86.3015091951231,36.2201121480763
CAPTAIN D'S,1041.0,W MAIN ST,37087,LEBANON,Lebanon,9501,LEBANON,,7426.021313204301,9500,9501,NORMAL,,25.45628215583112,-86.3190803760277,36.212807100851904
HARDEES,1039.0,W MAIN ST,37087,LEBANON,Lebanon,9501,LEBANON,,7415.979466550373,9500,9501,NORMAL,,26.831942833418488,-86.3185940580902,36.21269507266432
URBAN PHYSICAL THERAPY,1110.0,W MAIN ST,37087,LEBANON,Lebanon,9501,LEBANON,,7649.258197492898,9500,9501,NORMAL,,24.57597806660409,-86.3194439959462,36.212262469511685
TITLEMAX,1106.0,W MAIN ST,37087,LEBANON,Lebanon,9501,LEBANON,,7666.781657373893,9500,9501,NORMAL,,41.96922843627977,-86.31824001406,36.211873442966606
HALEY VETINARY PRACTICE,1104.0,W MAIN ST,37087,LEBANON,Lebanon,9501,LEBANON,,7659.4281735607965,9500,9501,NORMAL,,40.45680088087275,-86.3180091729298,36.2118358982152
DON SCOTT INSURANCE,1102.0,W MAIN ST,37087,LEBANON,Lebanon,9501,LEBANON,,7621.105396909552,9500,9501,NORMAL,,33.235819176687066,-86.3176255394927,36.211852169293515
LIBERTY STATE BANK,1035.0,W MAIN ST,37087,LEBANON,Lebanon,9501,LEBANON,,7395.614375151046,9500,9501,NORMAL,,35.50678069772848,-86.3178973468272,36.21256680923822
HURD PROPERTIES,1034.0,W MAIN ST,37087,LEBANON,Lebanon,9501,LEBANON,,7679.443863511783,9500,9501,NORMAL,,19.49350111696371,-86.31722413243182,36.2115932688769
HTK WEALTH MANAGEMENT,1032.0,W MAIN ST,37087,LEBANON,Lebanon,9501,LEBANON,,7738.986608351318,9500,9501,NORMAL,,19.41948663739604,-86.3169543427729,36.211365568543805
J. CLAYBORN'S BAKERY,1021.0,W MAIN ST,37087,LEBANON,Lebanon,9501,LEBANON,,7474.047040045169,9500,9501,NORMAL,,31.337636056160257,-86.3150355874555,36.211762513119396
CROOK AUTO ELECTRIC,1007.0,W MAIN ST,37087,LEBANON,Lebanon,9501,LEBANON,,7612.112193683523,9500,9501,NORMAL,,42.296778944189306,-86.3135097943316,36.21118617118039
TN ORTHOPEDICS,1018.0,W MAIN ST,37087,LEBANON,Lebanon,9501,LEBANON,,7734.395898412756,9500,9501,NORMAL,,27.796863246095484,-86.3150373402703,36.21103545802172
SELECT AUTOMOTIVE,1011.0,W  MAIN ST,37087,LEBANON,Lebanon,9501,LEBANON,,7547.227247017964,9500,9501,NORMAL,,35.306574593926435,-86.31401517857941,36.211420989507594
"SAKE JAPANESE GRILL,",1008.0,W MAIN ST,37087,LEBANON,Lebanon,9501,LEBANON,,7709.3968236980645,9500,9501,NORMAL,,28.367614839693104,-86.3138815150942,36.21095587856371
"UNLIMITED INC,CARS",1006.0,W MAIN ST,37087,LEBANON,Lebanon,9501,LEBANON,,7791.5051012613385,9500,9501,NORMAL,,76.49762652613124,-86.3136149773049,36.2107001880078
ADVANCE SIGNS,1005.0,W MAIN ST,37087,LEBANON,Lebanon,9501,LEBANON,,7619.378945151661,9500,9501,NORMAL,,38.876087269957424,-86.3131458920042,36.211131763344405
DESIGNER CARPET INC,1010.0,W MAIN ST,37087,LEBANON,Lebanon,9501,LEBANON,,7733.397618676453,9500,9501,NORMAL,,42.358103760293616,-86.31419965179101,36.2109260558841
PRICE POINT FURNITURE,907.0,W MAIN ST,37087,LEBANON,Lebanon,9501,LEBANON,,7652.129929843925,9500,9501,NORMAL,,72.8825803425141,-86.3120453427494,36.210963546148925
FAMILY GOLD STORE,908.0,W MAIN ST,37087,LEBANON,Lebanon,9501,LEBANON,,7867.9897780656065,9500,9501,NORMAL,,13.097990364441078,-86.3122715550155,36.21038184492299
LEBANON TIRE,906.0,W MAIN ST,37087,LEBANON,Lebanon,9501,LEBANON,,7862.519781222092,9500,9501,NORMAL,,42.08915942198919,-86.31204659529412,36.210384466801216
CEDARSTONE BANK,900.0,W MAIN ST,37087,LEBANON,Lebanon,9501,LEBANON,,7947.647491754689,9500,9501,NORMAL,,42.8243150640116,-86.3116335448759,36.21013153500382
AMERICAN HOUSE LEBANON ASSISTED LIVING,801.0,W MAIN ST,37087,LEBANON,Lebanon,9501,LEBANON,,7648.817173612658,9500,9501,NORMAL,,66.74473028847753,-86.3110111351658,36.21093433824811
SMILES BY SAMANTHA,727.0,W MAIN ST,37087,LEBANON,Lebanon,9501,LEBANON,,7735.092448308751,9500,9501,NORMAL,,71.29510424942508,-86.3100556580698,36.21069166584162
BENSON ORTHODONTIST,723.0,W MAIN ST,37087,LEBANON,Lebanon,9501,LEBANON,,7797.245422166199,9500,9501,NORMAL,,30.525201118367715,-86.3095465720841,36.21052939425801
REGIONS BANK,715.0,W MAIN ST,37087,LEBANON,Lebanon,9501,LEBANON,,7865.834862688194,9500,9501,NORMAL,,48.288744113687365,-86.3090015578047,36.21035862730729
DEMPSEY VANTREASE FOLLIS,724.0,W MAIN ST,37087,LEBANON,Lebanon,9501,LEBANON,,8216.82371128084,9500,9501,NORMAL,,22.362464390173386,-86.3097016170872,36.209373088449304
UNITED COUNTRY WALKER REALTY,726.0,W MAIN ST,37087,LEBANON,Lebanon,9501,LEBANON,,8192.970168420703,9500,9501,NORMAL,,19.0122385093893,-86.310134683985,36.20943325287371
AGEE JOHNSON REALTY ,728.0,W MAIN ST,37087,LEBANON,Lebanon,9501,LEBANON,,8053.921461378215,9500,9501,NORMAL,,16.140202607014693,-86.3104131560574,36.20981464714482
"HORNE, TERRY L CPA",732.0,W MAIN ST,37087,LEBANON,Lebanon,9501,LEBANON,,7959.678232694672,9500,9501,NORMAL,,47.00330510314373,-86.31094775573311,36.21007893579131
O'REILLY AUTO PARTS,1212.0,W MAIN ST,37087,LEBANON,Lebanon,9501,LEBANON,,7687.9877674279405,9500,9501,NORMAL,,36.8994142268657,-86.320719790959,36.212565454453795
SOUTHERN BANK,1213.0,W MAIN ST,37087,LEBANON,Lebanon,9501,LEBANON,,7399.874736691236,9500,9501,NORMAL,,28.387271642125558,-86.3202483844888,36.213262563170005
WALGREEN ,1303.0,W MAIN ST,37087,LEBANON,Lebanon,9501,LEBANON,,7439.833134318138,9500,9501,NORMAL,,43.57916931149934,-86.3212160244592,36.21349762701381
CIRCLE K,1309.0,W MAIN ST,37087,LEBANON,Lebanon,9501,LEBANON,,7401.1302662029375,9500,9501,NORMAL,,21.166954580114915,-86.3228359521497,36.2143066148295
MAIN STREET LANDSCAPING CO,1312.0,W MAIN ST,37087,LEBANON,Lebanon,9501,LEBANON,,7777.4340901537325,9500,9501,NORMAL,,29.652875063743867,-86.3237594001889,36.21354625149188
DR DARRYL MOORE,1314.0,W MAIN ST,37087,LEBANON,Lebanon,9501,LEBANON,,7765.273538560409,9500,9501,NORMAL,,23.19794637114745,-86.3239924815446,36.21369823589641
PEKING ,1316.0,W MAIN ST,37087,LEBANON,Lebanon,9501,LEBANON,,7783.65132300169,9500,9501,NORMAL,,13.59080702865326,-86.3242755759943,36.21377982631179
RUBY TUESDAY,1317.0,W MAIN ST,37087,LEBANON,Lebanon,9501,LEBANON,,7548.559322787971,9500,9501,NORMAL,,48.98122763361443,-86.3241401141374,36.21447408466941
TRAVEL WORLD,1322.0,W MAIN ST,37087,LEBANON,Lebanon,9501,LEBANON,,7790.509395492333,9500,9501,NORMAL,,14.128152886087666,-86.3247582304384,36.214006367516994
LUCKY NAILS,1320.0,W MAIN ST,37087,LEBANON,Lebanon,9501,LEBANON,,7780.074549479042,9500,9501,NORMAL,,10.103960374040863,-86.3246599630461,36.2139888783251
ADVANCE AUTO PARTS,1323.0,W MAIN ST,37087,LEBANON,Lebanon,9501,LEBANON,,7553.920714806174,9500,9501,NORMAL,,33.34266178728042,-86.3246324655683,36.214704061052416
WEST MAIN SHELL,1324.0,W MAIN ST,37087,LEBANON,Lebanon,9501,LEBANON,,7753.51063630433,9500,9501,NORMAL,,55.370892254608115,-86.3252039647561,36.2141421609818
ABSOLUTE RENTAL & SUPPLY,1325.0,W MAIN ST,37087,LEBANON,Lebanon,9501,LEBANON,,7275.112501933233,9500,9501,NORMAL,,44.76345569392709,-86.3246679668894,36.2154693955355
RAY'S SAFETY LANE,1326.0,W MAIN ST,37087,LEBANON,Lebanon,9501,LEBANON,,7667.652014991189,9500,9501,NORMAL,,58.60490710983547,-86.3255550853973,36.21437489850349
C & D REALTY ,1330.0,W MAIN ST,37087,LEBANON,Lebanon,9501,LEBANON,,7662.554491895651,9500,9501,NORMAL,,12.98850360595393,-86.3258577874201,36.21438927153959
FATMOS,1334.0,W MAIN ST,37087,LEBANON,Lebanon,9501,LEBANON,,7635.440390233602,9500,9501,NORMAL,,22.521195604138434,-86.3261159409994,36.2144663376504
WRIGHT PRINTING,1335.0,W MAIN ST,37087,LEBANON,Lebanon,9501,LEBANON,,7349.476700578402,9500,9501,NORMAL,,32.4784135565163,-86.3266580948889,36.21526468363561
OLD HICKORY CREDIT UNION,1401.0,W MAIN ST,37087,LEBANON,Lebanon,9501,LEBANON,,7252.277339516366,9500,9501,NORMAL,,9.232800826862938,-86.3272073016715,36.2155548341691
BANK OF AMERICA ,1416.0,W MAIN ST,37087,LEBANON,Lebanon,9501,LEBANON,,7015.697359280435,9500,9501,NORMAL,,16.143081107732694,-86.3293750129997,36.21544555774851
KRYSTAL,1423.0,W MAIN ST,37087,LEBANON,Lebanon,9501,LEBANON,,6967.723424278154,9500,9501,NORMAL,,19.203815900333836,-86.3298915650923,36.21660588866769
MCDONALDS,1420.0,W MAIN ST,37087,LEBANON,Lebanon,9501,LEBANON,,6558.1739361915925,9500,9501,NORMAL,,29.183457663844507,-86.3316289660458,36.2163390312579
VERIZON WIRELESS,1424.0,W MAIN ST,37087,LEBANON,Lebanon,9501,LEBANON,,6442.243888396778,9500,9501,NORMAL,,41.70584392360285,-86.3322515180241,36.216592266421834
KROGER,1418.0,W MAIN ST,37087,LEBANON,Lebanon,9501,LEBANON,,6562.402977373832,9500,9501,NORMAL,,37.726723066247864,-86.33068213830931,36.214754153780305
WENDYS,1445.0,W MAIN ST,37087,LEBANON,Lebanon,9501,LEBANON,,6583.469360126506,9500,9501,NORMAL,,25.289327340446395,-86.33222227167741,36.21731164607663
NAPA AUTO PARTS,1430.0,W MAIN ST,37087,LEBANON,Lebanon,9501,LEBANON,,6200.90864230011,9500,9501,NORMAL,,23.404185415622827,-86.3334092600552,36.21686824997012
ARBYS,1457.0,W MAIN ST,37087,LEBANON,Lebanon,9501,LEBANON,,6413.106344202123,9500,9501,NORMAL,,21.606189169127102,-86.333190737368,36.21766443883741
TRACTOR SUPPLY ,1455.0,W MAIN ST,37087,LEBANON,Lebanon,9501,LEBANON,,6454.110923572108,9500,9501,NORMAL,,53.21987810690079,-86.3328266588203,36.2186487631517
CO-OP,107.0,BABB DR,37087,LEBANON,Lebanon,9501,LEBANON,,6965.247472702697,9500,9501,NORMAL,,68.6799449277957,-86.3260418266876,36.216306579059506
STROUDS,1400.0,W BADDOUR PKWY,37087,LEBANON,Lebanon,9501,LEBANON,,6231.723823121305,9500,9501,NORMAL,,52.12105903814196,-86.3266222374188,36.21833661893251
PINNACLE BANK,1412.0,W BADDOUR PKWY,37087,LEBANON,Lebanon,9501,LEBANON,,6189.2845594300015,9500,9501,NORMAL,,32.445952375834835,-86.3274225390177,36.21849528863769
DOLLAR TREE,1500.0,W MAIN ST,37087,LEBANON,Lebanon,9501,LEBANON,,5778.204233627306,9500,9501,NORMAL,,24.01574533352127,-86.3357486970489,36.21755387546751
CENTERWELL SENIOR PRIMARY CARE,1436.0,W MAIN ST,37087,LEBANON,Lebanon,9501,LEBANON,,5925.728903919824,9500,9501,NORMAL,,46.22775318621063,-86.3349188179636,36.2173319528788
LEBANON ANIMAL HOSPITAL,1613.0,W MAIN ST,37087,LEBANON,Lebanon,9501,LEBANON,,5476.140330265827,9500,9501,NORMAL,,42.99472337207368,-86.3395662180844,36.21990732077811
FIRST TENNESSEE BANK,1615.0,W MAIN ST,37087,LEBANON,Lebanon,9501,LEBANON,,5363.462348977553,9500,9501,NORMAL,,42.5835547293268,-86.3399835885638,36.22017397577349
FIRST FREEDOM BANK,1620.0,W MAIN ST,37087,LEBANON,Lebanon,9501,LEBANON,,5080.167076469659,9500,9501,NORMAL,,28.932558459765524,-86.3412131764727,36.21917231949811
PURPLE GATE,,,,,,9501,LEBANON,,2031.6851970627522,9500,9501,NORMAL,,,-86.27240531730001,36.196339738421415
YELLOW GATE,,,,,,9501,LEBANON,,1719.4886643021655,9500,9501,NORMAL,,,-86.2712728580011,36.19645753991811
RESTROOM #5,,,,,,9501,LEBANON,,1813.1539745229404,9500,9501,NORMAL,,,-86.2715331452965,36.19664425429452
GREEN GATE,,,,,,9501,LEBANON,,1102.5364585820557,9500,9501,NORMAL,,,-86.26860172108,36.19699532383911
LEBANON PUBLIC SAFETY ,,,,,,9501,LEBANON,,920.9654905829426,9500,9501,WATCH,,,-86.2681440034779,36.196660600068576
MAIN FIRST-AID,,,,,,9501,LEBANON,,1266.7229032766281,9500,9501,NORMAL,,,-86.2680684835757,36.1979922872331
WEMA/SHERIFF COMMAND,,,,,,9501,LEBANON,,1190.9538137070715,9500,9501,NORMAL,,,-86.2680394417444,36.197755806119595
RESTROOM #6,,,,,,9501,LEBANON,,1389.1623776048748,9500,9501,NORMAL,,,-86.2685349773492,36.198136229780715
CARNIVAL COMMAND,,,,,,9501,LEBANON,,1157.3339612056475,9500,9501,NORMAL,,,-86.2675224479301,36.197989682418495
CAMPING AREA FOOD VENDORS,,,,,,9501,LEBANON,,1219.684845662517,9500,9501,NORMAL,,,-86.2675803486739,36.19840923079939
BUZZARD ROOST DAVID HALE ,945.0,E BADDOUR PKWY,37087,LEBANON,Lebanon,9501,LEBANON,,860.5322802830948,9500,9501,WATCH,,416.2636302412278,-86.2663745812873,36.198190612791684
CAMPING FOR AG WORKERS,,,,,,9501,LEBANON,,972.6086558970344,9500,9501,WATCH,,,-86.2667279998794,36.19830428955451
VETERANS CORNER STAGE,,,,,,9501,LEBANON,,1790.8810477045893,9500,9501,NORMAL,,,-86.2703992266481,36.19820074355317
RESTROOM #4 & FIRST AID,,,,,,9501,LEBANON,,1768.9601268800218,9500,9501,NORMAL,,,-86.270492704438,36.19800595644911
LIONS CLUB,,,,,,9501,LEBANON,,1893.8149394221148,9500,9501,NORMAL,,,-86.2706962948348,36.1983526869087
TENT #2,,,,,,9501,LEBANON,,1965.9350807198714,9500,9501,NORMAL,,,-86.2707114187368,36.19864642703891
BLDG F PAGEANT PAVILION,,,,,,9501,LEBANON,,1959.2408657767485,9500,9501,NORMAL,,,-86.2710068609741,36.19832146901251
ROTARY CLUB,,,,,,9501,LEBANON,,2118.691290761933,9500,9501,NORMAL,,,-86.2714642607676,36.19855698621729
BLDG B TURNER EVANS,943.0,E BADDOUR PKWY,37087,LEBANON,Lebanon,9501,LEBANON,,2249.307113599427,9500,9501,NORMAL,,464.2476394779107,-86.2719493305782,36.198624568876404
RESTROOM #1,943.0,E BADDOUR PKWY,37087,LEBANON,Lebanon,9501,LEBANON,,2419.49131255681,9500,9501,NORMAL,,358.0823239944081,-86.2727256271671,36.19851217596828
FAIR OFFICE,943.0,E BADDOUR PKWY,37087,LEBANON,Lebanon,9501,LEBANON,,2366.8523586678066,9500,9501,NORMAL,,432.848918715843,-86.2726637446188,36.198311474404704
ORANGE GATE,,,,,,9501,LEBANON,,2338.9588086643944,9500,9501,NORMAL,,,-86.2727287609384,36.19805434014041
RABBITS & POULTRY BARN,,,,,,9501,LEBANON,,2201.7872393600805,9500,9501,NORMAL,,,-86.2720445342162,36.19826900072321
BLDG C YOUTH/EDUCATION ,943.0,E BADDOUR PKWY,37087,LEBANON,Lebanon,9501,LEBANON,,2329.6362031477033,9500,9501,NORMAL,,390.4880726998814,-86.271974056965,36.1989716998468
BLDG D EAST/WEST EXHIBIT,943.0,E BADDOUR PKWY,37087,LEBANON,Lebanon,9501,LEBANON,,2279.1229055431613,9500,9501,NORMAL,,385.58972367370836,-86.2718855488876,36.1992427808801
HANDICAP PARKING,943.0,E BADDOUR PKWY,37087,LEBANON,Lebanon,9501,LEBANON,,2553.2384260923723,9500,9501,NORMAL,,348.6064302643508,-86.27327622985861,36.198472779074
TENT #3,943.0,E BADDOUR PKWY,37087,LEBANON,Lebanon,9501,LEBANON,,2418.1819376954622,9500,9501,NORMAL,,241.46337021417017,-86.2724827707186,36.1990697492539
F11,943.0,E BADDOUR PKWY,37087,LEBANON,Lebanon,9501,LEBANON,,2735.6293380103493,9500,9501,NORMAL,,406.97661150954394,-86.2739541755698,36.19850557992249
F15,945.0,E BADDOUR PKWY,37087,LEBANON,Lebanon,9501,LEBANON,,2690.8271221692885,9500,9501,NORMAL,,480.46625274727126,-86.2740093562792,36.1981277458278
F16,943.0,E BADDOUR PKWY,37087,LEBANON,Lebanon,9501,LEBANON,,2575.865297397009,9500,9501,NORMAL,,491.0739039576997,-86.2735847960876,36.1981197709766
F10,945.0,E BADDOUR PKWY,37087,LEBANON,Lebanon,9501,LEBANON,,2898.465469510637,9500,9501,NORMAL,,261.0317366641561,-86.274523120959,36.19858310082281
F9,945.0,E BADDOUR PKWY,37087,LEBANON,Lebanon,9501,LEBANON,,2963.96804243391,9500,9501,NORMAL,,132.09001849164173,-86.27498475783182,36.1986793388064
F20,,,,,,9501,LEBANON,,2412.715742411691,9500,9501,NORMAL,,,-86.2732728956303,36.1975807954983
F19,,,,,,9501,LEBANON,,2551.7561868651505,9500,9501,NORMAL,,,-86.2737578820117,36.197625479692
F18 ,950.0,E BADDOUR PKWY,37087,LEBANON,Lebanon,9501,LEBANON,,2723.344768101877,9500,9501,NORMAL,,418.01369372888774,-86.2743792159713,36.19762406938779
F17 ,950.0,E BADDOUR PKWY,37087,LEBANON,Lebanon,9501,LEBANON,,2874.4664146579385,9500,9501,NORMAL,,259.9236826826585,-86.2749205437363,36.19762665300809
RED GATE,943.0,E BADDOUR PKWY,37087,LEBANON,Lebanon,9501,LEBANON,,2475.3755862184844,9500,9501,NORMAL,,230.938799940917,-86.2726398288753,36.19896191245519
HANDICAP PARKING,943.0,E BADDOUR PKWY,37087,LEBANON,Lebanon,9501,LEBANON,,2392.0410843249306,9500,9501,NORMAL,,78.64909461173578,-86.272914843418,36.19937143002967
F5,945.0,E BADDOUR PKWY,37087,LEBANON,Lebanon,9501,LEBANON,,2742.0417293859546,9500,9501,NORMAL,,210.1910305156067,-86.274865554629,36.19941707974311
F6,943.0,E BADDOUR PKWY,37087,LEBANON,Lebanon,9501,LEBANON,,2633.2951991807286,9500,9501,NORMAL,,311.58196914856575,-86.2742239534733,36.19934700296389
GATE #2 (MAIN),945.0,E BADDOUR PKWY,37087,LEBANON,Lebanon,9501,LEBANON,,2990.98742673519,9500,9501,NORMAL,,89.4454819251203,-86.2755732070304,36.19902202061831
GATE #1,932.0,E BADDOUR PKWY,37087,LEBANON,Lebanon,9501,LEBANON,,2717.9872821388194,9500,9501,NORMAL,,248.32286123458687,-86.2756302555792,36.2001998450748
F1,925.0,E BADDOUR PKWY,37087,LEBANON,Lebanon,9501,LEBANON,,2511.834959213767,9500,9501,NORMAL,,199.53114194557494,-86.2748421921124,36.2003160982892
F2,927.0,E BADDOUR PKWY,37087,LEBANON,Lebanon,9501,LEBANON,,2371.1516260310054,9500,9501,NORMAL,,142.94058437175542,-86.2742126399013,36.2003294520337
RESTROOM #2,943.0,E BADDOUR PKWY,37087,LEBANON,Lebanon,9501,LEBANON,,2103.3439840922306,9500,9501,NORMAL,,318.7475767859899,-86.2724317908313,36.20006403258889
AG CENTER OFFICE,943.0,E BADDOUR PKWY,37087,LEBANON,Lebanon,9501,LEBANON,,2138.9993622850925,9500,9501,NORMAL,,288.693192304,-86.2724343317293,36.1999471852808
MOTOR SPORTS ARENA,,,,,,9501,LEBANON,,1768.1520063455575,9500,9501,NORMAL,,,-86.2714835687833,36.20066468313381
SMALL CAMPGROUNDS,,,,,,9501,LEBANON,,1720.7658582700606,9500,9501,NORMAL,,,-86.2705472121382,36.2004354862835
GENTRY BLDG ,914.0,TENNESSEE BLVD,37087,LEBANON,Lebanon,9501,LEBANON,,1692.290375024862,9500,9501,NORMAL,,416.19242858852454,-86.272327659972,36.20144013743901
RESTROOM,914.0,TENNESSEE BLVD,37087,LEBANON,Lebanon,9501,LEBANON,,1668.523419336536,9500,9501,NORMAL,,386.49218184636766,-86.2723161693286,36.20152123666091
BALLPARK,914.0,TENNESSEE BLVD,37087,LEBANON,Lebanon,9501,LEBANON,,1745.1115429771498,9500,9501,NORMAL,,369.0821802281971,-86.2729418030145,36.201755832361414
CHECKERED BOARD GATE,914.0,TENNESSEE BLVD,37087,LEBANON,Lebanon,9501,LEBANON,,1356.2267815012656,9500,9501,NORMAL,,38.68427333329163,-86.2720832428439,36.2025971215856
WILSON COUNTY EXHIBITION CNTER ,,,,,,9501,LEBANON,,1533.3814324469752,9500,9501,NORMAL,,,-86.268778992979,36.20061678380988
SMALL ANIMALS ,970.0,TENNESSEE BLVD,37087,LEBANON,Lebanon,9501,LEBANON,,1506.1064897577405,9500,9501,NORMAL,,471.9257854951842,-86.2681906180738,36.200627629816694
LARGE ANIMALS ,970.0,TENNESSEE BLVD,37087,LEBANON,Lebanon,9501,LEBANON,,1416.4807349051382,9500,9501,NORMAL,,490.3972284903759,-86.2677197156705,36.20057621568951
CARINVAL CAMPING AREA,100.0,STEVE ARMISTEAD LN,37087,LEBANON,Lebanon,9501,LEBANON,,719.6181468493758,9500,9501,WATCH,,465.1597678446972,-86.2653924191934,36.200009449143
AG CENTER STORAGE,945.0,E BADDOUR PKWY,37087,LEBANON,Lebanon,9501,LEBANON,,301.5704880664548,9500,9501,WATCH,,305.8522456928932,-86.2647268811954,36.197349781194795
SHERIFF STORAGE,945.0,E BADDOUR PKWY,37087,LEBANON,Lebanon,9501,LEBANON,,553.0118799782477,9500,9501,WATCH,,90.35457437290445,-86.2655813271764,36.1973822419392
SHOOTING RANGE,945.0,E BADDOUR PKWY,37087,LEBANON,Lebanon,9501,LEBANON,,701.8644910343514,9500,9501,WATCH,,137.9935980177618,-86.2660827830777,36.19742692072462
B52,945.0,E BADDOUR PKWY,37087,LEBANON,Lebanon,9501,LEBANON,,593.466307588836,9500,9501,WATCH,,213.27610119729098,-86.2661414794726,36.1966828200916
CELL TOWER,945.0,E BADDOUR PKWY,37087,LEBANON,Lebanon,9501,LEBANON,,467.4938767263437,9500,9501,WATCH,,391.8860478188198,-86.2664082928415,36.19623966342589
B60,945.0,E BADDOUR PKWY,37087,LEBANON,Lebanon,9501,LEBANON,,354.8573711153089,9500,9501,WATCH,,381.6473641731369,-86.2649964242181,36.19631144451664
B61,,,,,,9501,LEBANON,,215.49021019549093,9500,9501,HIGH,BOUNDARY_RISK,,-86.2651731476053,36.195670096370414
 ,,,,,,9501,LEBANON,,10.983860589339615,9500,9501,CRITICAL,BOUNDARY_RISK,,-86.26539016372152,36.19511450206889
B62,,,,,,9501,LEBANON,,10.983860589339615,9500,9501,CRITICAL,BOUNDARY_RISK,,-86.26539016372152,36.19511450206889
B53,945.0,E BADDOUR PKWY,37087,LEBANON,Lebanon,9501,LEBANON,,353.4416112789152,9500,9501,WATCH,,465.55310224487977,-86.2662409873755,36.19595713978381
B55,,,,,,9501,LEBANON,,268.7746744830357,9500,9501,WATCH,,,-86.26664316536692,36.194825986384124
B56,,,,,,9501,LEBANON,,295.2424341668197,9500,9501,WATCH,,,-86.2667887808441,36.19438691205803
B68,,,,,,9500,(Unincorporated),,51.944075502059555,9500,9501,HIGH,BOUNDARY_RISK,,-86.2645606429781,36.19491641021649
B74,,,,,,9500,(Unincorporated),,87.26102707453713,9500,9501,HIGH,BOUNDARY_RISK,,-86.263813055123,36.194808358268396
B75,,,,,,9500,(Unincorporated),,364.461437602339,9500,9501,WATCH,,,-86.2639928927148,36.19404014760839
B76,,,,,,9500,(Unincorporated),,403.00431214984957,9500,9501,WATCH,,,-86.264079812683,36.1936393568648
 ,,,,,,9501,LEBANON,,689.2830988866781,9500,9501,WATCH,,,-86.2678409733079,36.19583914325711
B45,,,,,,9501,LEBANON,,660.1924370024103,9500,9501,WATCH,,,-86.2678518396845,36.1955720521517
B46,,,,,,9501,LEBANON,,649.0630985721425,9500,9501,WATCH,,,-86.2678974914735,36.19515227475879
B48,,,,,,9501,LEBANON,,658.3529824213452,9500,9501,WATCH,,,-86.2679785411602,36.19476103210392
B49,,,,,,9501,LEBANON,,657.8230688639206,9500,9501,WATCH,,,-86.26801287614741,36.1944748132359
B49,106.0,PEYTON CT,37087,LEBANON,Lebanon,9501,LEBANON,,649.0279574179626,9500,9501,WATCH,,489.6529900554974,-86.2680292862155,36.194107558861724
B50,106.0,PEYTON CT,37087,LEBANON,Lebanon,9501,LEBANON,,646.364586322837,9500,9501,WATCH,,360.16030085470106,-86.2680751146092,36.1937402400356
B54,,,,,,9501,LEBANON,,241.0412501418626,9500,9501,HIGH,BOUNDARY_RISK,,-86.2664331956827,36.195374891094616
B78,,,,,,9500,(Unincorporated),,308.68806163634093,9500,9501,WATCH,,,-86.2629851797804,36.194618447841705
B77,460.0,PEYTON RD,37087,LEBANON,Lebanon,9500,(Unincorporated),,108.92622635537039,9500,9501,HIGH,POSTAL_CITY_EXPOSURE,367.63576571844266,-86.2642331331137,36.192825102602804
B59,208.0,PEYTON CT,37087,LEBANON,Lebanon,9501,LEBANON,,324.62521895811943,9500,9501,WATCH,,207.19781355830898,-86.2670582274244,36.19320311400379
B58,360.0,PEYTON RD,37087,LEBANON,Lebanon,9501,LEBANON,,328.0174388952214,9500,9501,WATCH,,387.9501419853306,-86.26699170617921,36.19371641194098
B57,,,,,,9501,LEBANON,,318.5575896810888,9500,9501,WATCH,,,-86.2669058809051,36.194088587214296
B51,106.0,PEYTON CT,37087,LEBANON,Lebanon,9501,LEBANON,,634.3514275329447,9500,9501,WATCH,,199.04902514737708,-86.2681061863225,36.193266413284
 ,106.0,PEYTON CT,37087,LEBANON,Lebanon,9501,LEBANON,,650.4123733573067,9500,9501,WATCH,,490.61372633037206,-86.2680337266021,36.194109743516215
PREFERRED PARKING,,,,,,9501,LEBANON,,751.7963646461748,9500,9501,WATCH,,,-86.2678337284408,36.19621429355661
B80,,,,,,9500,(Unincorporated),,317.4679623827871,9500,9501,WATCH,,,-86.2628077502532,36.1951341783378
PARKING OFFICE,1017.0,SPARTA PIKE,37087,LEBANON,Lebanon,9501,LEBANON,,2409.777342690803,9500,9501,NORMAL,,207.52914100790105,-86.2737642158192,36.19610713720949
F30,1017.0,SPARTA PIKE,37087,LEBANON,Lebanon,9501,LEBANON,,2300.5207492504546,9500,9501,NORMAL,,320.0399047019308,-86.2733552467353,36.1962644886917
F25,1017.0,SPARTA PIKE,37087,LEBANON,Lebanon,9501,LEBANON,,2329.8972784204016,9500,9501,NORMAL,,466.20254401464024,-86.2733285954719,36.19672619384542
F24,1017.0,SPARTA PIKE,37087,LEBANON,Lebanon,9501,LEBANON,,2448.0115890055217,9500,9501,NORMAL,,446.60445330293953,-86.2737241821018,36.19678252621551
F23,715.0,PARK AVE,37087,LEBANON,Lebanon,9501,LEBANON,,2630.434188479718,9500,9501,NORMAL,,447.3038007304619,-86.2743550030358,36.19680398591651
F22,715.0,PARK AVE,37087,LEBANON,Lebanon,9501,LEBANON,,2774.2311770359447,9500,9501,NORMAL,,304.5575626108678,-86.2748539741478,36.196810481893
F28,1001.0,SPARTA PIKE,37087,LEBANON,Lebanon,9501,LEBANON,,2667.4995435947344,9500,9501,NORMAL,,240.21895364341512,-86.2746213757962,36.196246354985014
B30,,,,,,9501,LEBANON,,1530.0450393886485,9500,9501,NORMAL,,,-86.2707653700454,36.19596892012341
B38,,,,,,9501,LEBANON,,1163.2599011253658,9500,9501,NORMAL,,,-86.269503704858,36.1959145142924
B39,,,,,,9501,LEBANON,,1133.0184902368894,9500,9501,NORMAL,,,-86.2694930344151,36.195544459768506
B31,,,,,,9501,LEBANON,,1471.091633953807,9500,9501,NORMAL,,,-86.2706370843691,36.195618205862
B41 (1 OF 2),,,,,,9501,LEBANON,,1124.3113786342594,9500,9501,NORMAL,,,-86.26950247392742,36.195263541288206
B41,,,,,,9501,LEBANON,,1116.1097983638515,9500,9501,NORMAL,,,-86.2695063250008,36.1950117271787
B43,175.0,PEYTON RD,37087,LEBANON,Lebanon,9501,LEBANON,,1061.195051809064,9500,9501,NORMAL,,410.6076825792915,-86.2694235093271,36.194187819306975
B35,125.0,PEYTON RD,37087,LEBANON,Lebanon,9501,LEBANON,,1271.5038296270352,9500,9501,NORMAL,,390.58098642011316,-86.270143621595,36.194174764571386
B34,,,,,,9501,LEBANON,,1333.1275594155575,9500,9501,NORMAL,,,-86.2702728256611,36.1947963603638
B37,131.0,PEYTON RD,37087,LEBANON,Lebanon,9501,LEBANON,,1227.7404344873119,9500,9501,NORMAL,,162.597801258863,-86.2701264220113,36.19327059017161
BLDG G SCHOOL EXHIBITS,,,,,,9501,LEBANON,,1816.854711341445,9500,9501,NORMAL,,,-86.2702737155741,36.198429326524014
ENTERTAINMENT STAGE,943.0,E BADDOUR PKWY,37087,LEBANON,Lebanon,9501,LEBANON,,2279.1225984620273,9500,9501,NORMAL,,447.2063055907369,-86.2717723984283,36.198956280432284
GENERAL STORE/ BACK PORCH STAGE,,,,,,9501,LEBANON,,1755.6269475876106,9500,9501,NORMAL,,,-86.2707636279395,36.197617617678894
FORBES CABIN,,,,,,9501,LEBANON,,1738.8394452080622,9500,9501,NORMAL,,,-86.2709272550206,36.197289139426985
KITCHEN,,,,,,9501,LEBANON,,1722.165392183459,9500,9501,NORMAL,,,-86.27080517098211,36.1973771639533
SMOKEHOUSE,,,,,,9501,LEBANON,,1686.8870511233088,9500,9501,NORMAL,,,-86.2707529632991,36.19725137834709
JAIL,,,,,,9501,LEBANON,,1671.5429887269433,9500,9501,NORMAL,,,-86.2707526507647,36.1971598125547
LAW OFFICE,,,,,,9501,LEBANON,,1643.641525482938,9500,9501,NORMAL,,,-86.27065844451032,36.19714094819711
PARTHENON PRESS,,,,,,9501,LEBANON,,1603.5647822328701,9500,9501,NORMAL,,,-86.2705078069978,36.197137469934205
BLACKSMITH SHOP/ BROOM FACTORY,,,,,,9501,LEBANON,,1543.289476573709,9500,9501,NORMAL,,,-86.2702677859126,36.197149453119806
DORIS BLAND PAVILLION,,,,,,9501,LEBANON,,1544.4542335468832,9500,9501,NORMAL,,,-86.2702022248791,36.19724879620679
PETTING STABLE,,,,,,9501,LEBANON,,1575.1361153137068,9500,9501,NORMAL,,,-86.2702121461928,36.1973975689857
TOWN HALL,,,,,,9501,LEBANON,,1617.1475015849862,9500,9501,NORMAL,,,-86.2702316108954,36.19758447152371
BARN MUSEUM,,,,,,9501,LEBANON,,1528.1093825194685,9500,9501,NORMAL,,,-86.269916029076,36.19752413397091
WORKING BLACKSMITH SHOP,,,,,,9501,LEBANON,,1461.6929820713958,9500,9501,NORMAL,,,-86.2696289246234,36.197532406191996
CIVIL WAR MUSEUM,,,,,,9501,LEBANON,,1369.1395405386395,9500,9501,NORMAL,,,-86.2692006577955,36.197556253162
SAWMILL,,,,,,9501,LEBANON,,1526.3167560172283,9500,9501,NORMAL,,,-86.2697190200292,36.1977267818266
SCHOOL,,,,,,9501,LEBANON,,1763.4391011155687,9500,9501,NORMAL,,,-86.27111500303862,36.1971322931584
DRUG STORE,,,,,,9501,LEBANON,,1698.3324254021431,9500,9501,NORMAL,,,-86.270921714404,36.197044976342305
DOCTOR'S OFFICE,,,,,,9501,LEBANON,,1661.4951651160538,9500,9501,NORMAL,,,-86.2707992400043,36.197018544750904
WILSON BANK & TRUST,,,,,,9501,LEBANON,,1626.413881830694,9500,9501,NORMAL,,,-86.2706721230042,36.19701119900779
POST OFFICE,,,,,,9501,LEBANON,,1598.3308564377685,9500,9501,NORMAL,,,-86.270573236311,36.196999974940994
WEAVING HOUSE,,,,,,9501,LEBANON,,1562.8412085813889,9500,9501,NORMAL,,,-86.2704507881101,36.19698117280309
MELROSE CHURCH,,,,,,9501,LEBANON,,1468.0473377076964,9500,9501,NORMAL,,,-86.2701070832887,36.196955235831815
CARTMELL CABIN,,,,,,9501,LEBANON,,1506.138444133049,9500,9501,NORMAL,,,-86.2700562808716,36.1972414928458
VETERANS BUILDING,,,,,,9501,LEBANON,,1706.1702451108738,9500,9501,NORMAL,,,-86.2702846109579,36.19794298624029
LUMBER OFFICE,,,,,,9501,LEBANON,,1622.5876186115995,9500,9501,NORMAL,,,-86.2700019130585,36.19786349793841
WHEELER SCHOOL,,,,,,9501,LEBANON,,1580.2537873378524,9500,9501,NORMAL,,,-86.2698089482903,36.197871560040205
BAYS BREAD,,,,,,9501,LEBANON,,1593.1919208614918,9500,9501,NORMAL,,,-86.2697246737468,36.19800528174801
MASTER GARDENERS,,,,,,9501,LEBANON,,1619.328613851991,9500,9501,NORMAL,,,-86.2696123908562,36.1982077401072
BARBER SHOP,,,,,,9501,LEBANON,,1577.3197164010844,9500,9501,NORMAL,,,-86.2694146796051,36.19820436647909
SN COOK HARDWARE,,,,,,9501,LEBANON,,1553.5324099904094,9500,9501,NORMAL,,,-86.2693110876456,36.19819429644739
AC WHARTON STORE,,,,,,9501,LEBANON,,1534.522149550576,9500,9501,NORMAL,,,-86.2691728076111,36.1982266527326
WCOR RADIO,,,,,,9501,LEBANON,,1502.108620553091,9500,9501,NORMAL,,,-86.2690972743007,36.198161961850104
ANTIQUE CAR MUSEUM,,,,,,9501,LEBANON,,1453.648120206303,9500,9501,NORMAL,,,-86.2689107207206,36.198117739249604
CLAY SERVICE STATION,,,,,,9501,LEBANON,,1375.1908130914328,9500,9501,NORMAL,,,-86.2687594857038,36.197938759765414
DEDMAN STORE/JOHNSON DAIRY,,,,,,9501,LEBANON,,1327.2425550319442,9500,9501,NORMAL,,,-86.2686790653765,36.19782066594522
TELEPHONE MUSEUM,,,,,,9501,LEBANON,,1375.2256756672762,9500,9501,NORMAL,,,-86.2695525218697,36.1972120963302
WOODCARVERS,,,,,,9501,LEBANON,,1356.3326143522434,9500,9501,NORMAL,,,-86.2695475170203,36.1971243568457
DOAKS CROSSROADS STORE,,,,,,9501,LEBANON,,1320.8681960396607,9500,9501,NORMAL,,,-86.2693172081997,36.1972240671163
STORAGE SHED,,,,,,9501,LEBANON,,1434.1749669730473,9500,9501,NORMAL,,,-86.2696753852656,36.197352986200585
TUCKERS GAP R&R,,,,,,9501,LEBANON,,1378.4020108067373,9500,9501,NORMAL,,,-86.26981029397551,36.1968834102576
JORDAN HOUSE/FAIR MUSEUM,,,,,,9501,LEBANON,,1672.2335846375158,9500,9501,NORMAL,,,-86.27093981242251,36.196831282368
FIDDLERS GROVE PAVILION,,,,,,9501,LEBANON,,1781.0127521403938,9500,9501,NORMAL,,,-86.2713165179603,36.19687240435473
GRISTMILL,,,,,,9501,LEBANON,,1539.191974151307,9500,9501,NORMAL,,,-86.2704736601848,36.19678654467193
RICE CABIN,,,,,,9501,LEBANON,,1556.4655481885131,9500,9501,NORMAL,,,-86.2706750863111,36.19649994987849
CENTURY FARM THOMPSON CABIN,,,,,,9501,LEBANON,,1679.1705026894087,9500,9501,NORMAL,,,-86.2710585350169,36.196632213099385
HAGAR GEORGE CABIN,,,,,,9501,LEBANON,,1541.9976837380284,9500,9501,NORMAL,,,-86.2694705427162,36.19802110978959
LIGON & BOBO FUNERAL HOME,,,,,,9501,LEBANON,,1529.9420073441936,9500,9501,NORMAL,,,-86.2693234587287,36.19809469040202
MCFARLAND HOSPITAL,,,,,,9501,LEBANON,,1497.4384102690713,9500,9501,NORMAL,,,-86.2692061419931,36.19806252284779
MIDWAY,,,,,,9501,LEBANON,,1818.9433555439816,9500,9501,NORMAL,,,-86.2695663696643,36.19920934287109
BELL HOUSE,,,,,,9501,LEBANON,,1509.6620064737433,9500,9501,NORMAL,,,-86.2702613814757,36.1969618418011
HEE HAW,,,,,,9501,LEBANON,,1366.654315305821,9500,9501,NORMAL,,,-86.2698993590172,36.196666219656215
COBBLER SHOP,,,,,,9501,LEBANON,,1445.6384235313292,9500,9501,NORMAL,,,-86.2702716198192,36.1965081996439
FIDDLERS GROVE,,,,,,9501,LEBANON,,1640.2074174032687,9500,9501,NORMAL,,,-86.2704752685639,36.19739129937461
MARTINS BBQ ,200.0,CROSSINGS LN,37122,MT JULIET,Mt. Juliet,9503,MT. JULIET,,874.6958900874223,9500,9503,WATCH,,29.784730516264094,-86.5154347687647,36.1652434265992
BLUE OASIS PET HOSPITAL,200.0,CROSSINGS LN,37122,MT JULIET,Mt. Juliet,9503,MT. JULIET,,925.295687911564,9500,9503,WATCH,,27.414972498111982,-86.5154387628095,36.1654055602844
BATTERIES PLUS ,200.0,CROSSINGS LN,37122,MT JULIET,Mt. Juliet,9503,MT. JULIET,,957.4618573879806,9500,9503,WATCH,,27.91205202063616,-86.5154217226527,36.1654986306484
TAZIKIS,200.0,CROSSINGS LN,37122,MT JULIET,Mt. Juliet,9503,MT. JULIET,,992.4368081557419,9500,9503,WATCH,,25.581378107159562,-86.515407685293,36.16560122704598
MCCLAIN CHRISTIAN,528.0,VANCE LN,37087,LEBANON,Unincorporated,9500,(Unincorporated),,5282.494677435212,9500,9501,NORMAL,POSTAL_CITY_EXPOSURE,29.265264563391902,-86.2474353478171,36.233980535429396
PILOT,921.0,MURFREESBORO RD,37090,LEBANON,Lebanon,9501,LEBANON,,3591.8835393914733,9500,9501,NORMAL,,21.368402128948293,-86.2995360393055,36.179166729319
SHELL,924.0,MURFREESBORO RD,37090,LEBANON,Lebanon,9501,LEBANON,,3848.6239763287545,9500,9501,NORMAL,,5.100455469662655,-86.3008967905156,36.17935410826799
WHITE ROOM,1001.0,MURFREESBORO RD,37090,LEBANON,Lebanon,9501,LEBANON,,3327.7590056830845,9500,9501,NORMAL,,77.82939441053288,-86.3005117717058,36.17784574820121
O'CHARLEYS ,902.0,MURFREESBORO RD,37090,LEBANON,Lebanon,9501,LEBANON,,4285.445914827893,9500,9501,NORMAL,,2.8058576164452096,-86.3004674103871,36.18091943503519
KNIGHTS INN ,903.0,MURFREESBORO RD,37090,LEBANON,Lebanon,9501,LEBANON,,4015.8212221854765,9500,9501,NORMAL,,37.53545894757015,-86.29930214496851,36.18053775036062
CLEAN ENERGY,113.0,ALLIGOOD WAY,37090,LEBANON,Lebanon,9501,LEBANON,,3902.418936761176,9500,9501,NORMAL,,30.668683549831886,-86.2979719691838,36.18060132318261
MIDDLE TENNESSEE OCCUPATIONAL,936.0,MURFREESBORO RD,37090,LEBANON,Lebanon,9501,LEBANON,,3729.202056511615,9500,9501,NORMAL,,8.553557025341922,-86.30135319741862,36.1787139129685
FETCHO'S PRECISION AUTO BODY ,1020.0,MURFREESBORO RD,37090,LEBANON,Lebanon,9501,LEBANON,,3049.93635541931,9500,9501,NORMAL,,19.20033870922711,-86.3023573797084,36.17671792626201
UAW LOCAL,1038.0,MURFREESBORO RD,37090,LEBANON,Lebanon,9501,LEBANON,,2747.8149122194536,9500,9501,NORMAL,,7.374364376443495,-86.3026001078493,36.17558227647691
CARTIME AUTO SALE & REPAIR,1044.0,MURFREESBORO RD,37090,LEBANON,Lebanon,9501,LEBANON,,2644.7555130629494,9500,9501,NORMAL,,13.822077143980554,-86.3026808208943,36.17515285652101
SONIC,1050.0,MURFREESBORO RD,37090,LEBANON,Lebanon,9501,LEBANON,,2533.1422770627128,9500,9501,NORMAL,,13.596361742788629,-86.3028464115954,36.1747690066634
GOLDEN BEAR LIQUORS,1051.0,MURFREESBORO RD,37090,LEBANON,Lebanon,9501,LEBANON,,2668.7331010885923,9500,9501,NORMAL,,24.78137949091081,-86.3015978735342,36.174371529408496
UNITED AUTO WORKERS,151.0,MADDOX SIMPSON PKWY,37090,LEBANON,Lebanon,9501,LEBANON,,2219.6052291100655,9500,9501,NORMAL,,10.266345088925815,-86.2992229941782,36.1747742280201
MIDDLE TENNESSEE ELECTRIC,201.0,MADDOX SIMPSON PKWY,37090,LEBANON,Lebanon,9501,LEBANON,,1843.502508607668,9500,9501,NORMAL,,56.20782204229389,-86.2981102728838,36.174198967494
SIMPLY STORAGE,136.0,MADDOX SIMPSON PKWY,37090,LEBANON,Lebanon,9501,LEBANON,,2215.3030953585585,9500,9501,NORMAL,,64.47479213574896,-86.3006570458873,36.17321403472461
THP/DRIVERS LICENSE,204.0,MADDOX SIMPSON PKWY,37090,LEBANON,Lebanon,9501,LEBANON,,1467.5961025207303,9500,9501,NORMAL,,77.672314051961,-86.2979452018254,36.172846862973806
RED DOT STORAGE,211.0,MADDOX SIMPSON PKWY,37090,LEBANON,Lebanon,9501,LEBANON,,1274.7626868563711,9500,9501,NORMAL,,19.54743757091594,-86.2954542910741,36.17367453960088
LOCHINVAR,300.0,MADDOX SIMPSON PKWY,37090,LEBANON,Lebanon,9501,LEBANON,,678.5412304434229,9500,9501,WATCH,,57.05721103521548,-86.2896692519428,36.17158534424891
DANNY HERMAN TRUCKING,400.0,MADDOX SIMPSON PKWY,37090,LEBANON,Lebanon,9501,LEBANON,,1455.4661342735774,9500,9501,NORMAL,,19.42257083762251,-86.2853510033073,36.17460969124642
SCHOOL BUS SHOP,349.0,MADDOX SIMPSON PKWY,37090,LEBANON,Lebanon,9501,LEBANON,,1380.1127983819783,9500,9501,NORMAL,,44.73262532311466,-86.2880382088466,36.173374793067296
PFG/LESTER ,401.0,MADDOX SIMPSON PKWY,37090,LEBANON,Lebanon,9501,LEBANON,,1648.9247658678264,9500,9501,NORMAL,,169.68161657027886,-86.2868124751172,36.1753540196461
LIFEWAY,535.0,MADDOX SIMPSON PKWY,37090,LEBANON,Lebanon,9501,LEBANON,,1099.6521381956588,9500,9501,NORMAL,,190.58672452071323,-86.2856908418462,36.177508488593304
WATER & WASTE AUTHORITY,680.0,MADDOX SIMPSON PKWY,37090,LEBANON,Lebanon,9501,LEBANON,,124.27358366984873,9500,9501,HIGH,BOUNDARY_RISK,28.088238402343887,-86.2817531220286,36.17815966081871
FAMOUS FOOTWEAR,625.0,MADDOX SIMPSON PKWY,37090,LEBANON,Lebanon,9501,LEBANON,,1518.1201509496059,9500,9501,NORMAL,,307.9828695958579,-86.283980142386,36.18208320661929
WYTHE-WILL DISTRIBUTION,675.0,MADDOX SIMPSON PKWY,37090,LEBANON,Lebanon,9501,LEBANON,,318.3920088904149,9500,9501,WATCH,,151.6782580993708,-86.2802130128273,36.180467663459915
PFG LESTER,825.0,MADDOX SIMPSON PKWY,37090,LEBANON,Lebanon,9501,LEBANON,,773.8119247936819,9500,9501,WATCH,,184.7606753711067,-86.2754347314977,36.18305872768341
SPECIALTY BREADS,770.0,MADDOX SIMPSON PKWY,37090,LEBANON,Lebanon,9501,LEBANON,,569.6707445157901,9500,9501,WATCH,,139.78606925179605,-86.2768297255446,36.1812556902369
CRACKER BARREL DISTR,900.0,HUTCHINSON PL,37090,LEBANON,Lebanon,9501,LEBANON,,1180.1128499019942,9500,9501,NORMAL,,76.94020617603725,-86.2809790649886,36.1828313429677
PROSPECT,960.0,MADDOX SIMPSON PKWY,37090,LEBANON,Lebanon,9501,LEBANON,,415.8156744068184,9500,9501,WATCH,,127.42807963149771,-86.2703076456511,36.18316808205019
AMERICAN CORRUGATED ,1001.0,MADDOX SIMPSON PKWY,37090,LEBANON,Lebanon,9501,LEBANON,,811.5573940768229,9500,9501,WATCH,,235.55250462654257,-86.2698325653804,36.184278386787014
ROYAL CANIN,1501.0,CAINSVILLE RD,37090,LEBANON,Lebanon,9501,LEBANON,,1264.9301812089604,9500,9501,NORMAL,,284.04859684999576,-86.2734380440113,36.185862042158504
NASHVILLE REFRIGERATED SERVICES,918.0,ARCTIC DR,37090,LEBANON,Lebanon,9501,LEBANON,,655.4867914186153,9500,9501,WATCH,,231.2217093522966,-86.2713926370722,36.18425676766499
UNCLE PETES,1210.0,SPARTA PIKE,37090,LEBANON,Lebanon,9501,LEBANON,,963.6422194765063,9500,9501,WATCH,,43.86536701506983,-86.2675472995774,36.185222025222
NEW MOON BBQ,711.0,PARK AVE,37087,LEBANON,Lebanon,9501,LEBANON,,3219.2756385843404,9500,9501,NORMAL,,19.79362275510888,-86.2762142597501,36.1974360982426
HOME DEPOT,955.0,S HARTMANN DR,37090,LEBANON,Lebanon,9501,LEBANON,,4666.035076829797,9500,9501,NORMAL,,30.023423395483924,-86.3217330936126,36.186010212744605
SHELL,911.0,S HARTMANN DR,37090,LEBANON,Lebanon,9501,LEBANON,,3969.1405375347404,9500,9501,NORMAL,,43.49300011779778,-86.3254090767566,36.187221243670905
CHILIS,909.0,S HARTMANN DR,37090,LEBANON,Lebanon,9501,LEBANON,,4113.617199556259,9500,9501,NORMAL,,16.82401164998376,-86.3253407878538,36.1877841773475
WILSON COUNTY MOTORS,903.0,S HARTMANN DR,37090,LEBANON,Lebanon,9501,LEBANON,,4740.263947311172,9500,9501,NORMAL,,43.62432379096037,-86.3244539767851,36.189557957828285
HARTMANN PLANTATION,2000.0,HARTMANN PLANTATION CT,37090,LEBANON,Lebanon,9501,LEBANON,,3418.1891930323386,9500,9501,NORMAL,,123.78492315046962,-86.3379662484606,36.1922438667581
CIRCLE K,667.0,S HARTMANN DR,37087,LEBANON,Lebanon,9501,LEBANON,,4835.507720098466,9500,9501,NORMAL,,19.341161232617477,-86.332380056921,36.19636267679701
FIRESTONE,1928.0,LEEVILLE PIKE,37090,LEBANON,Lebanon,9501,LEBANON,,5118.2859895022875,9500,9501,NORMAL,,44.65902482023073,-86.331598187277,36.195117239788985
FAIRVIEW CHURCH,1660.0,LEEVILLE PIKE,37090,LEBANON,Lebanon,9501,LEBANON,,6007.792535197262,9500,9501,NORMAL,,29.392417816314126,-86.3274694012511,36.195500495238996
COLLEGE HILLS CHURCH OF CHRIST,1401.0,LEEVILLE PIKE,37090,LEBANON,Lebanon,9501,LEBANON,,7580.801843179827,9500,9501,NORMAL,,53.120111855857864,-86.3221915398136,36.19807281766281
JOURNEY CHURCH,1240.0,LEEVILLE PIKE,37090,LEBANON,Lebanon,9501,LEBANON,,7373.572355453428,9500,9501,NORMAL,,47.600136579832956,-86.3208582594519,36.1966227592733
WINFREE BRYANT MIDDLE SCHOOL,1213.0,LEEVILLE PIKE,37090,LEBANON,Lebanon,9501,LEBANON,,8074.181363231311,9500,9501,NORMAL,,161.15379346023485,-86.3207474840514,36.200657675217286
NATIONAL GUARD,1010.0,LEEVILLE PIKE,37090,LEBANON,Lebanon,9501,LEBANON,,7432.590528822169,9500,9501,NORMAL,,55.26267844192841,-86.3173401506596,36.1942173864224
AAMCO TRANSMISSION,1621.0,W MAIN ST,37087,LEBANON,Lebanon,9501,LEBANON,,5264.468229161266,9500,9501,NORMAL,,11.346239032674696,-86.3405624875071,36.22031993786441
FIRESTONE ,1623.0,W MAIN ST,37087,LEBANON,Lebanon,9501,LEBANON,,5176.321113471685,9500,9501,NORMAL,,13.918447066729039,-86.3408534608968,36.220427183827205
ADVANCE CHIROPACTIC ,1606.0,W MAIN ST,37087,LEBANON,Lebanon,9501,LEBANON,,5393.510798435562,9500,9501,NORMAL,,21.098571941089975,-86.3393504905706,36.2190853208533
VANDERBILT HEALTH,1616.0,W MAIN ST,37087,LEBANON,Lebanon,9501,LEBANON,,5162.171446579843,9500,9501,NORMAL,,14.249080335564825,-86.3400722625343,36.21874647758053
GREENTREE POINT,1648.0,W MAIN ST,37087,LEBANON,Lebanon,9501,LEBANON,,5090.4990169273815,9500,9501,NORMAL,,206.35100750666902,-86.341695505717,36.220111383906605
TACO BELL,1672.0,W MAIN ST,37087,LEBANON,Lebanon,9501,LEBANON,,4363.865561124714,9500,9501,NORMAL,,9.302208460650865,-86.3444250748932,36.22088765984382
SNOW WHITE,1714.0,W MAIN ST,37087,LEBANON,Lebanon,9501,LEBANON,,3581.243304841519,9500,9501,NORMAL,,7.823195036518804,-86.3471773638942,36.2220014553837
PUBLIX,1703.0,W MAIN ST,37087,LEBANON,Lebanon,9501,LEBANON,,3503.322832215978,9500,9501,NORMAL,,26.417879936000684,-86.3453267109288,36.22332956984891
ASCEND FEDERAL CREDIT UNION,1719.0,W MAIN ST,37087,LEBANON,Lebanon,9501,LEBANON,,3681.255228730088,9500,9501,NORMAL,,27.05320766420909,-86.3459955613034,36.22228240437491
MAPLE HILL CHURCH OF CHRIST,102.0,MAPLE HILL RD,37087,LEBANON,Lebanon,9501,LEBANON,,3222.314004346656,9500,9501,NORMAL,,47.3666276315836,-86.3472995601855,36.22309202010441
SPORT CLIPS,1701.0,W MAIN ST,37087,LEBANON,Lebanon,9501,LEBANON,,3633.803371696319,9500,9501,NORMAL,,18.064852139499088,-86.3448907708283,36.22316443363142
FRESENIUS,1701.0,W MAIN ST,37087,LEBANON,Lebanon,9501,LEBANON,,3742.490382760162,9500,9501,NORMAL,,17.917261701993535,-86.3445187518041,36.2230359721057
NAILS SO HAPPY,1705.0,W MAIN ST,37087,LEBANON,Lebanon,9501,LEBANON,,3365.8653905101455,9500,9501,NORMAL,,23.84050425759811,-86.3457870039649,36.223506433699484
SPORTS VILLAGE,1735.0,W MAIN ST,37087,LEBANON,Lebanon,9501,LEBANON,,2368.7484278467855,9500,9501,NORMAL,,35.57878912952469,-86.3502042864423,36.2245107641209
CUMBERLAND ANIMAL HOSP,1975.0,LEBANON RD,37087,LEBANON,Lebanon,9501,LEBANON,,1822.2042364417723,9500,9501,NORMAL,,5.083993770703631,-86.35558457934,36.225952458890916
MILLER TANNER ASSOCIATES,2070.0,LEBANON RD,37087,LEBANON,Lebanon,9501,LEBANON,,2167.536882575433,9500,9501,NORMAL,,26.62459177067726,-86.3576217342165,36.22582340404521
BETHLEHEM UNITED METHODIST CHURCH,2102.0,LEBANON RD,37087,LEBANON,Lebanon,9501,LEBANON,,2466.4894043980485,9500,9501,NORMAL,,66.41303079325428,-86.3585378801256,36.225365723028716
FRANKLIN'S GROCERY,3961.0,LEBANON RD,37087,LEBANON,Lebanon,9501,LEBANON,,2204.4475238037985,9500,9501,NORMAL,,60.02114970740811,-86.3882270066432,36.23513390742799
BRIDGE FELLOWSHIP CHURCH,5066.0,LEBANON RD,37090,LEBANON,Lebanon,9501,LEBANON,,877.4755535977299,9500,9501,WATCH,,25.434026939864527,-86.4059402884438,36.23807587500929
SUPERIOR DRIVER SOURCE,4314.0,LEBANON RD,37090,LEBANON,Lebanon,9501,LEBANON,,1922.5969698063986,9500,9501,NORMAL,,34.22424186431339,-86.3943521025205,36.236580541482276
LEBANON FIRE #3,4300.0,LEBANON RD,37090,LEBANON,Lebanon,9501,LEBANON,,2012.5792797276083,9500,9501,NORMAL,,56.022927954661526,-86.3939646902193,36.2364261450716
WEST HAVEN BAPTIST CHURCH,5860.0,LEBANON RD,37090,LEBANON,Lebanon,9501,LEBANON,,288.3536376043594,9500,9501,WATCH,,234.63129981716438,-86.4196090263307,36.2337320904763
BURDINE SUPPLY,6966.0,LEBANON RD,37122,LEBANON,Unincorporated,9500,(Unincorporated),,925.6667604645863,9500,9501,WATCH,POSTAL_CITY_EXPOSURE,27.018608267702394,-86.4399571903814,36.2331904237926
CENTENNIAL ROOFING,7104.0,LEBANON RD,37122,MT JULIET,Unincorporated,9500,(Unincorporated),,1152.5167753305939,9500,9501,NORMAL,POSTAL_CITY_EXPOSURE,8.896617689668194,-86.4416039656077,36.23335037698699
COOKS UNITED METHODIST,7919.0,LEBANON RD,37122,LEBANON,Unincorporated,9500,(Unincorporated),,3798.7210144426326,9500,9501,NORMAL,POSTAL_CITY_EXPOSURE,85.6719809605293,-86.4557074974646,36.23650278652071
WEST ELEMENTARY,9315.0,LEBANON RD,37122,MT JULIET,Unincorporated,9500,(Unincorporated),,143.557579520586,9500,9503,HIGH,POSTAL_CITY_EXPOSURE,68.05977150564567,-86.4799420926298,36.2314014448338
MIDDLE TENN ELECTRIC,9172.0,LEBANON RD,37122,MT JULIET,Unincorporated,9500,(Unincorporated),,763.9640789141883,9500,9503,WATCH,POSTAL_CITY_EXPOSURE,49.69138015785975,-86.47744462162031,36.230350706405
WELDING TECHNIQUES & SERVICES IN,9485.0,LEBANON RD,37122,MT JULIET,Mt. Juliet,9503,MT. JULIET,,73.73821566467691,9500,9503,HIGH,BOUNDARY_RISK,38.67867199593966,-86.48292915969292,36.2316413458976
A-TEAM SERVICES INC,9621.0,LEBANON RD,37122,MT JULIET,Mt. Juliet,9503,MT. JULIET,,189.39575330297134,9500,9503,HIGH,BOUNDARY_RISK,31.442485051289086,-86.4844766909406,36.23289036110161
SILVER SPRINGS BAPTIST CHURCH,9938.0,LEBANON RD,37122,MT JULIET,Mt. Juliet,9503,MT. JULIET,,552.308696962468,9500,9503,WATCH,,134.32909168092417,-86.4910388459109,36.23130867911001
JOY CHURCH,10085.0,LEBANON RD,37122,MT JULIET,Mt. Juliet,9503,MT. JULIET,,401.3294599945003,9500,9503,WATCH,,86.79604104204327,-86.49274993337922,36.2338498130748
MINCHEYS LANDSCAPING ,10425.0,LEBANON RD,37122,MT JULIET,Mt. Juliet,9503,MT. JULIET,,152.63017637044743,9500,9503,HIGH,BOUNDARY_RISK,49.732158064640814,-86.4993990155264,36.23167621823659
PARRISH AND ASSOCIATES,10572.0,LEBANON RD,37122,MT JULIET,Mt. Juliet,9503,MT. JULIET,,559.5112488348412,9500,9503,WATCH,,24.57213977944594,-86.5017476279018,36.23054575846739
GOLDEN BEAR GAS STATION,10576.0,LEBANON RD,37122,MT JULIET,Mt. Juliet,9503,MT. JULIET,,674.6892323037388,9500,9503,WATCH,,45.387607757742806,-86.5022045203145,36.230562936287015
TRIGREEN EQUIPMENT,10768.0,LEBANON RD,37122,MT JULIET,Mt. Juliet,9503,MT. JULIET,,813.0302899637961,9500,9503,WATCH,,41.07541526235216,-86.5040992627552,36.23064184127902
MT JULIET LITTLE LEAGUE,10835.0,LEBANON RD,37122,MT JULIET,Mt. Juliet,9503,MT. JULIET,,485.0207942434797,9500,9503,WATCH,,192.48250076968867,-86.5071411848526,36.231627747671205
WEST WILSON UTILITY DISTRICT,10960.0,LEBANON RD,37122,MT JULIET,Mt. Juliet,9503,MT. JULIET,,1181.9401057700088,9500,9503,NORMAL,,80.38267925176214,-86.5090961653081,36.23054076527469
CEDAR STONE BANK,4140.0,N MT JULIET RD,37122,MT JULIET,Mt. Juliet,9503,MT. JULIET,,1925.6432378829802,9500,9503,NORMAL,,33.86002128396611,-86.5142238110488,36.22981608671081
REGIONS BANK,4116.0,N MT JULIET RD,37122,MT JULIET,Mt. Juliet,9503,MT. JULIET,,2153.1299617452455,9500,9503,NORMAL,,39.326722463287034,-86.51431899603,36.229192717682324
WILSON CENTRAL HIGH SCHOOL,419.0,WILDCAT WAY,37090,LEBANON,Lebanon,9501,LEBANON,,493.29223035435126,9500,9501,WATCH,,198.3914626359084,-86.3950228361109,36.1334681221191
LEVITON ,103.0,LEVITON DR,37090,LEBANON,Lebanon,9501,LEBANON,,492.12764721392136,9500,9501,WATCH,,374.46060368312214,-86.4090715748476,36.12705733869019
PERMOBIL,300.0,DUKE DR,37090,LEBANON,Lebanon,9501,LEBANON,,425.12595591752574,9500,9501,WATCH,,162.47426910168943,-86.4075705580986,36.124615838126694
AMAZON,,,,,,9501,LEBANON,,448.81894056764736,9500,9501,WATCH,,,-86.4090206428334,36.1199094833237
PRIME SOURCE BUILDING PRODUCTS,498.0,BRIDGESTONE PKWY,37090,LEBANON,Lebanon,9501,LEBANON,,1219.8451113353326,9500,9501,NORMAL,,151.49866125445405,-86.3967724791477,36.1381743010827
GXO,610.0,BRIDGESTONE PKWY,37090,LEBANON,Lebanon,9501,LEBANON,,352.0924574133834,9500,9501,WATCH,,80.82062805871125,-86.3938232987989,36.13814148201838
VISTEON CORPORATION,340.0,BRIDGESTONE PKWY,37090,LEBANON,Lebanon,9501,LEBANON,,1463.5385296440766,9500,9501,NORMAL,,365.4026493960148,-86.3987412388645,36.140575276018374
CARLEX GLASS AMERICA,340.0,BRIDGESTONE PKWY,37090,LEBANON,Lebanon,9501,LEBANON,,1332.019914983838,9500,9501,NORMAL,,466.307048174224,-86.3990623553247,36.14082602561789
BRIDGESTONE FIRESTONE,201.0,BRIDGESTONE PKWY,37090,LEBANON,Lebanon,9501,LEBANON,,1448.8411820922818,9500,9501,NORMAL,,237.68166988476375,-86.3968346140772,36.1430767769547
GENESCO,635.0,GENESCO PKWY,37090,LEBANON,Lebanon,9501,LEBANON,,1036.3775003719832,9500,9501,NORMAL,,61.95769824854039,-86.3953111620844,36.1649243809176
GLADEVILLE BAPTIST ,9000.0,STEWARTS FERRY PIKE,37122,MT JULIET,Unincorporated,9500,(Unincorporated),,1233.2520988394747,9500,9501,NORMAL,POSTAL_CITY_EXPOSURE,105.41352265781221,-86.4161707411186,36.112376430980376
GLADEVILLE UNITED METHODIST CHURCH,8770.0,STEWARTS FERRY PIKE,37122,MT JULIET,Unincorporated,9500,(Unincorporated),,2285.3317876107453,9500,9501,NORMAL,POSTAL_CITY_EXPOSURE,23.52247044476485,-86.4200660923983,36.11256042968858
GLADEVILLE ELEMENTARY SCHOOL,8840.0,STEWARTS FERRY PIKE,37122,MT JULIET,Unincorporated,9500,(Unincorporated),,1971.9257882349061,9500,9501,NORMAL,POSTAL_CITY_EXPOSURE,188.79820013689712,-86.4187457179691,36.11204168835841
US POST OFFICE,8736.0,STEWARTS FERRY PIKE,37122,MT JULIET,Unincorporated,9500,(Unincorporated),,2497.7558038822085,9500,9501,NORMAL,POSTAL_CITY_EXPOSURE,61.65154081291861,-86.4208176157074,36.11260582557021
DOLLAR GENERAL STORE,8702.0,STEWARTS FERRY PIKE,37122,MT JULIET,Unincorporated,9500,(Unincorporated),,2723.434567714248,9500,9501,NORMAL,POSTAL_CITY_EXPOSURE,128.29649259889956,-86.4215208309669,36.11232103459759
GLADEVILLE SMOKE SHOP,8702.0,STEWARTS FERRY PIKE,37122,MT JULIET,Unincorporated,9500,(Unincorporated),,2665.387618688535,9500,9501,NORMAL,POSTAL_CITY_EXPOSURE,131.7007446425212,-86.4213126618383,36.1123017314
WEMA,8814.0,STEWARTS FERRY PIKE,37122,MT JULIET,Unincorporated,9500,(Unincorporated),,2080.155983591586,9500,9501,NORMAL,POSTAL_CITY_EXPOSURE,42.28362885719409,-86.4194035534665,36.11273475003209
WILSON BANK & TRUST,8875.0,STEWARTS FERRY PIKE,37122,MT JULIET,Unincorporated,9500,(Unincorporated),,1720.407635562911,9500,9501,NORMAL,POSTAL_CITY_EXPOSURE,32.17691987195536,-86.4182557935477,36.11309642359961
COUNTRY HAVEN CAFE,8975.0,STEWARTS FERRY PIKE,37122,MT JULIET,Unincorporated,9500,(Unincorporated),,1238.5260659786122,9500,9501,NORMAL,POSTAL_CITY_EXPOSURE,24.42274033816462,-86.416445091481,36.1127993696361
HEAD RUSH BARBER AND STYLE,8960.0,STEWARTS FERRY PIKE,37122,MT JULIET,Unincorporated,9500,(Unincorporated),,1368.6971456168499,9500,9501,NORMAL,POSTAL_CITY_EXPOSURE,19.426035334210155,-86.4167300280707,36.11243878864091
GLADEVILLE MOTORS,9005.0,STEWARTS FERRY PIKE,37122,MT JULIET,Unincorporated,9500,(Unincorporated),,1101.7036554659367,9500,9501,NORMAL,POSTAL_CITY_EXPOSURE,12.128264963901405,-86.4159505240682,36.1128172908114
R & C CONSTRUCTION CO,1520.0,GLADEVILLE RD,37122,MT JULIET,Unincorporated,9500,(Unincorporated),,1039.0864636441283,9500,9501,NORMAL,POSTAL_CITY_EXPOSURE,21.265753355620244,-86.4157804270771,36.11293004913159
GLADEVILLE CHURCH OF CHRIST,1435.0,GLADEVILLE RD,37122,MT JULIET,Unincorporated,9500,(Unincorporated),,692.8874384846046,9500,9501,WATCH,POSTAL_CITY_EXPOSURE,26.541561957789607,-86.414895499832,36.11392203366279
GLADESVILLE MISSIONARY BAPTIST C,932.0,GLADEVILLE RD,37122,MT JULIET,Unincorporated,9500,(Unincorporated),,1588.609772944269,9500,9501,NORMAL,POSTAL_CITY_EXPOSURE,106.91431808477441,-86.4171390315445,36.12119625590539
WILSON SPORTING GOODS,320.0,ALDI BLVD,37122,MT JULIET,Unincorporated,9500,(Unincorporated),,3031.7644644578595,7500,9500,NORMAL,POSTAL_CITY_EXPOSURE,169.2076153057147,-86.43767357529201,36.064642217175404
VIJON INC,130.0,MADDOX RD,37122,MT JULIET,Unincorporated,9500,(Unincorporated),,2668.1687936324206,7500,9500,NORMAL,POSTAL_CITY_EXPOSURE,311.8079383725014,-86.4428687616867,36.06635543062811
BIG G EXPRESS,193.0,ALDI BLVD,37122,MT JULIET,Unincorporated,9500,(Unincorporated),,4063.5209771430345,7500,9500,NORMAL,POSTAL_CITY_EXPOSURE,189.06470056020817,-86.434841841098,36.066496254183505
ALDI INC,2080.0,ALDI BLVD,37122,MT JULIET,Unincorporated,9500,(Unincorporated),,1494.4980127542276,7500,9500,NORMAL,POSTAL_CITY_EXPOSURE,285.87713663962455,-86.436335262108,36.058615879590896
DENSO,648.0,COUCHVILLE PIKE,37122,MT JULIET,Unincorporated,9500,(Unincorporated),,5525.582417281668,7500,9500,NORMAL,POSTAL_CITY_EXPOSURE,212.75397963408375,-86.4331833760269,36.07045115454813
DOLLAR GENERAL,3288.0,S MT JULIET RD,37076,HERMITAGE,Unincorporated,9500,(Unincorporated),DAVIDSON,2163.410918911402,1900,9500,NORMAL,CROSS_COUNTY_POSTAL,58.44420297103299,-86.5194215657735,36.124859186753156
GEODIS,549.0,ALDI BLVD,37122,MT JULIET,Unincorporated,9500,(Unincorporated),,2320.299507438745,7500,9500,NORMAL,POSTAL_CITY_EXPOSURE,108.0345637079933,-86.4355262931237,36.06097637088592
PIZZA HUT,673.0,S MT JULIET RD,37122,MT JULIET,Mt. Juliet,9503,MT. JULIET,,1413.6961825574474,9500,9503,NORMAL,,21.52860475972405,-86.5129671107284,36.1607427334309
PRECISION EYE CARE,667.0,S MT JULIET RD,37122,MT JULIET,Mt. Juliet,9503,MT. JULIET,,1442.275502731182,9500,9503,NORMAL,,16.26188398088572,-86.5129386803886,36.16091959738571
PUBLIX,665.0,S MT JULIET RD,37122,MT JULIET,Mt. Juliet,9503,MT. JULIET,,1411.6184588959402,9500,9503,NORMAL,,41.17204996045337,-86.5128381122366,36.161206146759184
NAILS 1ST,653.0,S MT JULIET RD,37122,MT JULIET,Mt. Juliet,9503,MT. JULIET,,1311.8986625582552,9500,9503,NORMAL,,7.640470178156475,-86.5126659569193,36.162233198025596
MORI MORI,649.0,S MT JULIET RD,37122,MT JULIET,Mt. Juliet,9503,MT. JULIET,,1316.6520210643348,9500,9503,NORMAL,,18.54260685083302,-86.5125804444212,36.16247011056679
PRIDE CLEANERS,633.0,S MT JULIET RD,37122,MT JULIET,Mt. Juliet,9503,MT. JULIET,,1477.5082391427704,9500,9503,NORMAL,,10.828039545902822,-86.5120344119004,36.1624323676503
SOUTHEASTERN DENTAL,631.0,S MT JULIET RD,37122,MT JULIET,Mt. Juliet,9503,MT. JULIET,,1502.102169234424,9500,9503,NORMAL,,13.75947119338415,-86.5119474317889,36.16244227550421
FIRST FREEDOM BANK,2008.0,PROVIDENCE PKWY,37122,MT JULIET,Mt. Juliet,9503,MT. JULIET,,1013.1882701554407,9500,9503,NORMAL,,44.25519770801731,-86.5135666044543,36.1636297798818
JONATHAN'S GRILLE,613.0,S MT JULIET RD,37122,MT JULIET,Mt. Juliet,9503,MT. JULIET,,1497.2056519182943,9500,9503,NORMAL,,60.07128603693662,-86.5118848780152,36.16332120706823
HOLIDAY INN EXPRESS,565.0,S MT JULIET RD,37122,MT JULIET,Mt. Juliet,9503,MT. JULIET,,747.3228552954234,9500,9503,WATCH,,65.38527118777269,-86.5144275971127,36.16331392525141
REGIONS BANK,1990.0,PROVIDENCE PKWY,37122,MT JULIET,Mt. Juliet,9503,MT. JULIET,,532.4871763144979,9500,9503,WATCH,,20.7742891363662,-86.5153751746608,36.16388809350782
ZAXBY'S,719.0,S MT JULIET RD,37122,MT JULIET,Mt. Juliet,9503,MT. JULIET,,785.6179568662939,9500,9503,WATCH,,54.64791388116146,-86.5148866481511,36.15966185507621
SONIC DRIVE IN,713.0,S MT JULIET RD,37122,MT JULIET,Mt. Juliet,9503,MT. JULIET,,988.2500456895752,9500,9503,WATCH,,25.51069192085022,-86.5149647030271,36.160271018697
WILSON BANK & TRUST,709.0,S MT JULIET RD,37122,MT JULIET,Mt. Juliet,9503,MT. JULIET,,1049.078144053028,9500,9503,NORMAL,,31.712193186470294,-86.5147168259891,36.1606812689456
MCDONALDS,625.0,S MT JULIET RD,37122,MT JULIET,Mt. Juliet,9503,MT. JULIET,,927.2727880199486,9500,9503,WATCH,,38.45932090883867,-86.5146752776416,36.1613481731439
PETSMART,401.0,S MT JULIET RD,37122,MT JULIET,Mt. Juliet,9503,MT. JULIET,,2629.9530265163376,9500,9503,NORMAL,,90.5936290836754,-86.5081408956962,36.1642402081392
HAVERTY'S FURNITURE,401.0,S MT JULIET RD,37122,MT JULIET,Mt. Juliet,9503,MT. JULIET,,2681.514540423435,9500,9503,NORMAL,,82.15075351456343,-86.5080469218288,36.1646278576988
STAPLES,401.0,S MT JULIET RD,37122,MT JULIET,Mt. Juliet,9503,MT. JULIET,,2718.9747514193587,9500,9503,NORMAL,,85.67321425849006,-86.5080162814414,36.16498662580481
JCPENNEY,401.0,S MT JULIET RD,37122,MT JULIET,Mt. Juliet,9503,MT. JULIET,,2799.820605214351,9500,9503,NORMAL,,105.87880684884165,-86.5079448344018,36.16558593058952
ROSS,401.0,S MT JULIET RD,37122,MT JULIET,Mt. Juliet,9503,MT. JULIET,,2727.8585439413528,9500,9503,NORMAL,,89.03907456019837,-86.5078364760013,36.166299849604314
OLD NAVY,401.0,S MT JULIET RD,37122,MT JULIET,Mt. Juliet,9503,MT. JULIET,,2617.514102020611,9500,9503,NORMAL,,67.19894951393083,-86.5077490311449,36.16660544194561
RACK ROOM SHOES,401.0,S MT JULIET RD,37122,MT JULIET,Mt. Juliet,9503,MT. JULIET,,2575.4648441245804,9500,9503,NORMAL,,25.394229363853654,-86.5092997473493,36.1665762464127
CHICOS,401.0,S MT JULIET RD,37122,MT JULIET,Mt. Juliet,9503,MT. JULIET,,2289.7963863612035,9500,9503,NORMAL,,14.616357827129937,-86.5100225424496,36.166004483212824
TALBOTS,401.0,S MT JULIET RD,37122,MT JULIET,Mt. Juliet,9503,MT. JULIET,,2212.883103233907,9500,9503,NORMAL,,20.921173003726675,-86.5100894974942,36.165623622895794
SOMA INTIMATES,401.0,S MT JULIET RD,37122,MT JULIET,Mt. Juliet,9503,MT. JULIET,,2177.021950344434,9500,9503,NORMAL,,13.943904364407313,-86.5101128566731,36.16541463632001
FULIN'S ASIAN CUISINE,401.0,S MT JULIET RD,37122,MT JULIET,Mt. Juliet,9503,MT. JULIET,,2097.7541111701107,9500,9503,NORMAL,,17.741946879179995,-86.5102197239487,36.1650212077347
COMFORT SUITES,904.0,MURFREESBORO RD,37090,LEBANON,Lebanon,9501,LEBANON,,4409.828150719986,9500,9501,NORMAL,,73.98671972096726,-86.3008076951117,36.181163166369615
LA QUINTA INN & SUITES,140.0,DIXIE AVE,37090,LEBANON,Lebanon,9501,LEBANON,,4365.151536106083,9500,9501,NORMAL,,48.40127409387615,-86.3017594070011,36.18118242545061
TRAVEL INN,914.0,MURFREESBORO RD,37090,LEBANON,Lebanon,9501,LEBANON,,4135.469335513486,9500,9501,NORMAL,,114.20008897873488,-86.30118921538931,36.18013209475782
LEBANON AUTO SALES AND REPAIR,107.0,DIXIE AVE,37090,LEBANON,Lebanon,9501,LEBANON,,3975.681638394568,9500,9501,NORMAL,,32.906671963862806,-86.3026520015752,36.18038405893069
MIDDLE TENNESSEE ELECTRIC CORP,1050.0,SE TATER PEELER RD,37090,LEBANON,Lebanon,9501,LEBANON,,4154.297384525863,9500,9501,NORMAL,,142.20735512189253,-86.2964022145226,36.18161854189072
LOGAN'S,1006.0,CUMBERLAND CENTER BLVD,37087,LEBANON,Lebanon,9501,LEBANON,,4449.473307508631,9500,9501,NORMAL,,37.376040895758216,-86.2953383433098,36.18325516765311
SONIC,6651.0,EASTGATE BLVD,37090,LEBANON,Lebanon,9501,LEBANON,,801.9588389339189,9500,9501,WATCH,,39.21069638541258,-86.4108612889307,36.18823849362431
WOOD SPRINGS SUITES,205.0,S EASTGATE CT,37090,LEBANON,Lebanon,9501,LEBANON,,1485.1010449300027,9500,9501,NORMAL,,42.57369374724796,-86.4116379390896,36.185177078874716
SLEEP INN AND SUITES,150.0,S EASTGATE CT,37090,LEBANON,Lebanon,9501,LEBANON,,1427.1300206714407,9500,9501,NORMAL,,103.0547312070233,-86.41084316053322,36.186202279400106
NASHVILLE AUTO AUCTIONS,8400.0,EASTGATE BLVD,37122,MT JULIET,Lebanon,9501,LEBANON,,1486.9068270818234,9500,9501,NORMAL,POSTAL_CITY_EXPOSURE,76.90946964142469,-86.4442353091532,36.184149297929416
GENESEE A & B,8111.0,EASTGATE BLVD,37122,MT JULIET,Lebanon,9501,LEBANON,,833.9143249115572,9500,9501,WATCH,POSTAL_CITY_EXPOSURE,81.13608656617333,-86.4368035084947,36.1858990140082
HEARTLAND EXPRESS,8100.0,EASTGATE BLVD,37122,MT JULIET,Lebanon,9501,LEBANON,,1420.6828035913666,9500,9501,NORMAL,POSTAL_CITY_EXPOSURE,105.41226640830789,-86.4359410346881,36.184397005150196
TRUCKER HEAVEN,8037.0,EASTGATE BLVD,37122,MT JULIET,Lebanon,9501,LEBANON,,1131.4378436265868,9500,9501,NORMAL,POSTAL_CITY_EXPOSURE,53.73036527996543,-86.4354875464936,36.1853772601969
NCS,7650.0,EASTGATE BLVD,37122,MT JULIET,Lebanon,9501,LEBANON,,1790.7480157696734,9500,9501,NORMAL,POSTAL_CITY_EXPOSURE,92.25671794771284,-86.4286359191383,36.18451162931641
CENTRAL FREIGHT LINES,7250.0,EASTGATE BLVD,37122,MT JULIET,Lebanon,9501,LEBANON,,1291.2595820941651,9500,9501,NORMAL,POSTAL_CITY_EXPOSURE,85.01504892746887,-86.4225958688556,36.185059431279704
RITCHIE BROTHERS AUCTIONEERS,748.0,LEEVILLE RD,37090,LEBANON,Lebanon,9501,LEBANON,,330.24700147365064,9500,9501,WATCH,,123.27172213532683,-86.425599756199,36.181117236661514
MENS WAREHOUSE,401.0,S MT JULIET RD,37122,MT JULIET,Mt. Juliet,9503,MT. JULIET,,1851.1811830898228,9500,9503,NORMAL,,22.34762004856784,-86.5120900333195,36.16639043614591
SEPHORA,401.0,S MT JULIET RD,37122,MT JULIET,Mt. Juliet,9503,MT. JULIET,,2025.952596437255,9500,9503,NORMAL,,15.598498923585238,-86.511262609729,36.1662908829611
LENSCRAFTERS,401.0,S MT JULIET RD,37122,MT JULIET,Mt. Juliet,9503,MT. JULIET,,2188.8498723530056,9500,9503,NORMAL,,29.902911599322934,-86.5118828266036,36.16756733691042
SALSARITA'S MT JULIET,401.0,S MT JULIET RD,37122,MT JULIET,Mt. Juliet,9503,MT. JULIET,,2114.4144745788176,9500,9503,NORMAL,,26.688582073776868,-86.5119401041352,36.16732863702979
"CORI""S DOG HOUSE",401.0,S MT JULIET RD,37122,MT JULIET,Mt. Juliet,9503,MT. JULIET,,2147.155102027989,9500,9503,NORMAL,,24.437089033101817,-86.5119143146289,36.167433667510004
ATT,401.0,S MT JULIET RD,37122,MT JULIET,Mt. Juliet,9503,MT. JULIET,,1671.1810930493873,9500,9503,NORMAL,,27.380375113686117,-86.51220887321341,36.165684529492395
SHELL,88.0,N MT JULIET RD,37122,MT JULIET,Mt. Juliet,9503,MT. JULIET,,2667.190880054796,9500,9503,NORMAL,,46.151291111612395,-86.5138790622789,36.17264962380239
MCDONALD'S/ BP STATION,126.0,N MT JULIET RD,37122,MT JULIET,Mt. Juliet,9503,MT. JULIET,,2607.5879444362386,9500,9503,NORMAL,,17.913224007337686,-86.5138293346414,36.17334034254161
7-ELEVEN,125.0,N MT JULIET RD,37122,MT JULIET,Mt. Juliet,9503,MT. JULIET,,2204.2383998954333,9500,9503,NORMAL,,37.39280984793749,-86.5124337203198,36.1732700331335
CHEDDARS,50.0,OLD PLEASANT GROVE RD,37122,MT JULIET,Mt. Juliet,9503,MT. JULIET,,2554.006649981152,9500,9503,NORMAL,,28.161492882931825,-86.51372626861692,36.174381675526895
FIRESTONE,40.0,OLD PLEASANT GROVE RD,37122,MT JULIET,Mt. Juliet,9503,MT. JULIET,,2854.547970232382,9500,9503,NORMAL,,22.84970197634732,-86.5147426730626,36.174118651379615
VISIONWORKS,20.0,OLD PLEASANT GROVE RD,37122,MT JULIET,Mt. Juliet,9503,MT. JULIET,,2517.4722848405027,9500,9503,NORMAL,,43.03099249801502,-86.5135257421026,36.17522611830842
PADDOCK PLACE DENTAL,20.0,OLD PLEASANT GROVE RD,37122,MT JULIET,Mt. Juliet,9503,MT. JULIET,,2538.5723005639766,9500,9503,NORMAL,,19.84863775509526,-86.5136142150552,36.17512167629489
PEPE WHOLESALE PIZZA,6821.0,EASTGATE BLVD,37090,LEBANON,Lebanon,9501,LEBANON,,1267.9134081183042,9500,9501,NORMAL,,43.883285829426065,-86.41405916422671,36.187400860021704
RESA POWER NASHVILLE,6961.0,EASTGATE BLVD,37090,LEBANON,Lebanon,9501,LEBANON,,1372.3897581965082,9500,9501,NORMAL,,108.19499618670508,-86.4168282800156,36.187047956557
SCHNEIDER,6980.0,EASTGATE BLVD,37090,LEBANON,Lebanon,9501,LEBANON,,1305.8522559652351,9500,9501,NORMAL,,206.4352967668439,-86.4181993202922,36.18580420614101
TRACER ELECTRONICS,6981.0,EASTGATE BLVD,37090,LEBANON,Lebanon,9501,LEBANON,,1352.5646749809498,9500,9501,NORMAL,,28.80669014224085,-86.4179163091171,36.1869587329134
MR IMPORT AND EXPORT,7873.0,EASTGATE BLVD,37122,MT JULIET,Lebanon,9501,LEBANON,,1459.3625283729361,9500,9501,NORMAL,POSTAL_CITY_EXPOSURE,117.3027224374474,-86.433435388043,36.1855415934856
WEMA,371.0,MADDOX SIMPSON PKWY,37090,LEBANON,Lebanon,9501,LEBANON,,1737.8816436550703,9500,9501,NORMAL,,76.55655861741445,-86.28692001933261,36.17430205779921
WILSON COUNTY TRANSPRTATION,985.0,N MT JULIET RD,37122,MT JULIET,Mt. Juliet,9503,MT. JULIET,,586.3580086088296,9500,9503,WATCH,,55.01120323233507,-86.5063041994352,36.18441899162248
WEST WILSON MIDDLE SCHOOL,935.0,N MT JULIET RD,37122,MT JULIET,Mt. Juliet,9503,MT. JULIET,,1296.939503822066,9500,9503,NORMAL,,98.63206169331158,-86.5099801079425,36.18408875750701
STONER CREEK ELEMENTARY,1035.0,N MT JULIET RD,37122,MT JULIET,Mt. Juliet,9503,MT. JULIET,,286.447079392186,9500,9503,WATCH,,88.41644784373476,-86.5023438544633,36.1844298129624
MT JULIET CHRISTIAN ,725.0,N MT JULIET RD,37122,MT JULIET,Mt. Juliet,9503,MT. JULIET,,1664.6448417149022,9500,9503,NORMAL,,15.22225096500345,-86.5092178699331,36.181368809496405
FIRST BAPTIST CHURCH,735.0,N MT JULIET RD,37122,MT JULIET,Mt. Juliet,9503,MT. JULIET,,1949.0703889234176,9500,9503,NORMAL,,25.488470925992928,-86.5101615360192,36.18174635451909
LOWES,300.0,PLEASANT GROVE RD,37122,MT JULIET,Mt. Juliet,9503,MT. JULIET,,3182.335041737527,9500,9503,NORMAL,,80.08854929776629,-86.5147084653341,36.17940926129549
WALMART,300.0,PLEASANT GROVE RD,37122,MT JULIET,Mt. Juliet,9503,MT. JULIET,,3561.769107400304,9500,9503,NORMAL,,123.20069870416734,-86.5201340095455,36.17923339472392
ACADEMY SPORTS,549.0,PLEASANT GROVE RD,37122,MT JULIET,Mt. Juliet,9503,MT. JULIET,,4252.421372195784,9500,9503,NORMAL,,38.97303223720981,-86.5204228179796,36.1757316117256
MT JULIET HIGH SCHOOL,1875.0,GOLDEN BEAR GTWY,37122,MT JULIET,Unincorporated,9500,(Unincorporated),,142.33765430549326,9500,9503,HIGH,POSTAL_CITY_EXPOSURE,103.86478957662533,-86.4950635474044,36.21612252321771
SHELL,20.0,BENDERS FERRY RD,37122,MT JULIET,Mt. Juliet,9503,MT. JULIET,,328.9118799768398,9500,9503,WATCH,,50.33365611327602,-86.4909358919463,36.231953563687405
ENTERPRISE RENT-A-CAR,10945.0,LEBANON RD,37122,MT JULIET,Mt. Juliet,9503,MT. JULIET,,878.2048065299443,9500,9503,WATCH,,23.941997470662493,-86.5086406735928,36.23128944485309
GERBER COLLISION & GLASS,10975.0,LEBANON RD,37122,MT JULIET,Mt. Juliet,9503,MT. JULIET,,942.8393838669108,9500,9503,WATCH,,31.672663850545167,-86.5091117478364,36.23131416671751
HARDEES,101.0,LINEBERRY BLVD,37122,MT JULIET,Mt. Juliet,9503,MT. JULIET,,1186.495623664845,9500,9503,NORMAL,,28.28638990046522,-86.5106047324338,36.23134220227189
AUTOZONE,11067.0,LEBANON RD,37122,MT JULIET,Mt. Juliet,9503,MT. JULIET,,1223.2998871927957,9500,9503,NORMAL,,30.005172923342744,-86.5110383809352,36.23140522775321
ACTION MARKETING & ASSOC,11163.0,LEBANON RD,37122,MT JULIET,Mt. Juliet,9503,MT. JULIET,,1421.9217638352422,9500,9503,NORMAL,,14.545736430525613,-86.5123604182435,36.231304723801195
MT JULIET ANIMAL CLINIC,11161.0,LEBANON RD,37122,MT JULIET,Mt. Juliet,9503,MT. JULIET,,1393.3239268307502,9500,9503,NORMAL,,37.05090160505267,-86.5120068864558,36.2312513789482
MCDONALDS,11279.0,LEBANON RD,37122,MT JULIET,Mt. Juliet,9503,MT. JULIET,,1377.0981299538093,9500,9503,NORMAL,,27.043609415621514,-86.5143681102677,36.23132755995401
SUNTRUST,11359.0,LEBANON RD,37122,MT JULIET,Mt. Juliet,9503,MT. JULIET,,1487.5100687727054,9500,9503,NORMAL,,14.029609126426463,-86.5158690141391,36.23127229998579
VALVOLINE,11431.0,LEBANON RD,37122,MT JULIET,Mt. Juliet,9503,MT. JULIET,,1643.491856764886,9500,9503,NORMAL,,18.43429000192686,-86.5170533775407,36.231266262980185
FIRST BANK MORTGAGE,1008.0,MEB CT,37122,MT JULIET,Mt. Juliet,9503,MT. JULIET,,1427.625511193146,9500,9503,NORMAL,,41.44279054958188,-86.5174077904968,36.2322263143013
BIKERS CHOICE,11493.0,LEBANON RD,37122,MT JULIET,Mt. Juliet,9503,MT. JULIET,,1861.3646663543911,9500,9503,NORMAL,,25.43826692659876,-86.5182720118816,36.23125380643871
BURGER KING,11547.0,LEBANON RD,37122,MT JULIET,Mt. Juliet,9503,MT. JULIET,,2052.915721428636,9500,9503,NORMAL,,39.42028732251003,-86.5192077061841,36.231255892361794
WILSON BANK & TRUST,11835.0,LEBANON RD,37122,MT JULIET,Mt. Juliet,9503,MT. JULIET,,3026.6410957251683,9500,9503,NORMAL,,23.54560329796751,-86.5234507468855,36.23164278381001
O'REILLY AUTO PARTS,11841.0,LEBANON RD,37122,MT JULIET,Mt. Juliet,9503,MT. JULIET,,3189.9360666824655,9500,9503,NORMAL,,37.89008128634029,-86.5239713675633,36.231486652218905
 ,96.0,THELMA DR,37122,MT JULIET,Unincorporated,9500,(Unincorporated),,504.34288782364104,9500,9503,WATCH,POSTAL_CITY_EXPOSURE,86.24417684106963,-86.5451845034321,36.22729782358841
COUNTRYSIDE ANIMAL HOSPITAL,49.0,NONAVILLE RD,37122,MT JULIET,Mt. Juliet,9503,MT. JULIET,,2362.857935020355,9500,9503,NORMAL,,38.96699671471992,-86.5318183406712,36.23138312097661
SOCCER FIELD,219.0,S TARVER AVE,37087,LEBANON,Lebanon,9501,LEBANON,,9160.708207057602,9500,9501,NORMAL,,238.52546339681106,-86.3015354177022,36.20372105421241
SOFTBALL FIELD,223.0,S TARVER AVE,37087,LEBANON,Lebanon,9501,LEBANON,,9066.141340234914,9500,9501,NORMAL,,114.89330995137672,-86.3010555161938,36.2034799833282
EDWARD LABRY HALL,323.0,MCCLAIN AVE,37087,LEBANON,Lebanon,9501,LEBANON,,8845.019059508066,9500,9501,NORMAL,,19.96439608719084,-86.3001666839009,36.2030901811491
DALLAS FLOYD RECREATION CENTER,319.0,MCCLAIN AVE,37087,LEBANON,Lebanon,9501,LEBANON,,8611.260999231066,9500,9501,NORMAL,,50.19936177460983,-86.2994178550514,36.203310462753294
W.P. BONE HALL,315.0,MCCLAIN AVE,37087,LEBANON,Lebanon,9501,LEBANON,,8439.385016151864,9500,9501,NORMAL,,37.08951636152539,-86.2987759704681,36.203179091580914
LEARNING COMMONS MARY WHITE HALL,307.0,MCCLAIN AVE,37087,LEBANON,Lebanon,9501,LEBANON,,8231.352836225793,9500,9501,NORMAL,,43.2072356498212,-86.29812251924942,36.203414388826786
JUSTIN POTTER HALL,218.0,S GREENWOOD ST,37087,LEBANON,Lebanon,9501,LEBANON,,8124.3127130737485,9500,9501,NORMAL,,16.553221278810707,-86.2979927907994,36.204250055835196
EDWARD POTTER HALL,298.0,S GREENWOOD ST,37087,LEBANON,Lebanon,9501,LEBANON,,8073.534876952646,9500,9501,NORMAL,,55.3803674977455,-86.2974438050925,36.20303349084921
MITCHELL STUDENT CENTER,1.0,CUMBERLAND SQ,37087,LEBANON,Lebanon,9501,LEBANON,,8287.657417103961,9500,9501,NORMAL,,58.567674797734405,-86.2987082010212,36.20446527955251
JUNE AND BILL HEYDEL FINE ARTS CENTER,11.0,CUMBERLAND SQ,37087,LEBANON,Lebanon,9501,LEBANON,,8175.505401669224,9500,9501,NORMAL,,28.50774167882556,-86.2986930729174,36.2052294137204
CATRON ALUMNI HOUSE,404.0,W SPRING ST,37087,LEBANON,Lebanon,9501,LEBANON,,8443.568781432057,9500,9501,NORMAL,,32.49302075209133,-86.2997315795331,36.20535846586761
DORIS AND HARRY VISE LIBRARY,10.0,CUMBERLAND SQ,37087,LEBANON,Lebanon,9501,LEBANON,,8592.354352889262,9500,9501,NORMAL,,37.02655511424218,-86.2999942023365,36.204782667213195
JENNINGS BATTING FACILITY,406.0,W SPRING ST,37087,LEBANON,Lebanon,9501,LEBANON,,8684.87134275721,9500,9501,NORMAL,,5.349126885636202,-86.3005027835318,36.2051371733054
TOMMY GRAY TENNIS COURTS,406.0,W SPRING ST,37087,LEBANON,Lebanon,9501,LEBANON,,8786.01049422835,9500,9501,NORMAL,,181.9214612912969,-86.3006398398186,36.2046580204234
BASEBALL PRESSBOX,217.0,S TARVER AVE,37087,LEBANON,Lebanon,9501,LEBANON,,8848.709454606762,9500,9501,NORMAL,,130.35865047677353,-86.3009583015895,36.2048432195346
STOCKTON HUNT STADIUM,217.0,S TARVER AVE,37087,LEBANON,Lebanon,9501,LEBANON,,8883.502105731995,9500,9501,NORMAL,,148.36189104435527,-86.3012455966828,36.20518873603339
DONNELL-KIRK SOCCER FIELDHOUSE,219.0,S TARVER AVE,37087,LEBANON,Lebanon,9501,LEBANON,,9175.222238840908,9500,9501,NORMAL,,21.29090479919672,-86.3018741290443,36.204280094051605
BASEBALL FIELDHOUSE,217.0,S TARVER AVE,37087,LEBANON,Lebanon,9501,LEBANON,,8978.962155827561,9500,9501,NORMAL,,3.933338326878397,-86.3014100551631,36.20479821797291
MEMORIAL HALL,321.0,MCCLAIN AVE,37087,LEBANON,Lebanon,9501,LEBANON,,8680.014583918392,9500,9501,NORMAL,,34.769352084266515,-86.2999005679051,36.203985515797086
RUDY HOUSE,310.0,W SPRING ST,37087,LEBANON,Lebanon,9501,LEBANON,,7957.596641528753,9500,9501,NORMAL,,38.09490971215452,-86.2978382376798,36.20511992971958
PRE-K LEARNING CENTER,308.0,W SPRING ST,37087,LEBANON,Lebanon,9501,LEBANON,,7812.770846731592,9500,9501,NORMAL,,12.223118875172686,-86.297433526901,36.20536637402918
WILSON COUNTY BAPTIST ASSOCIATION,317.0,W SPRING ST,37087,LEBANON,Lebanon,9501,LEBANON,,8076.430789880708,9500,9501,NORMAL,,5.570582766622741,-86.2986643019232,36.20592350776429
CUMBERLAND ARTS ACADEMY,311.0,W SPRING ST,37087,LEBANON,Lebanon,9501,LEBANON,,7862.5499255365685,9500,9501,NORMAL,,13.99443030469314,-86.2978149310667,36.20576651051141
"COMMONS 1""DORMS""",250.0,S GREENWOOD ST,37087,LEBANON,Lebanon,9501,LEBANON,,7847.6726988741275,9500,9501,NORMAL,,54.316811267129424,-86.2967579630189,36.2033522563037
"COMMONS 2 ""DORMS""",317.0,S GREENWOOD ST,37087,LEBANON,Lebanon,9501,LEBANON,,8112.886726004886,9500,9501,NORMAL,,54.386230524437444,-86.2971522453905,36.201895137992494
STARBUCKS WAREHOUSE,1009.0,HIXSON BLVD,37090,LEBANON,Lebanon,9501,LEBANON,,715.5158819151713,9500,9501,WATCH,,294.5198367613457,-86.39836141533722,36.12273925542979
ASSEMBLY HALL,175.0,WPA RD,37090,LEBANON,Unincorporated,9500,(Unincorporated),,24180.292224260316,9500,9501,NORMAL,POSTAL_CITY_EXPOSURE,402.0107327984586,-86.3233266710397,36.08432897058562
RANGER RESIDENCE,675.0,CEDAR FOREST RD,37090,LEBANON,Unincorporated,9500,(Unincorporated),,22530.092318473384,9500,9501,NORMAL,POSTAL_CITY_EXPOSURE,19.239994014784514,-86.3252314524136,36.08916966999771
SHELTER #1,105.0,WPA RD,37090,LEBANON,Unincorporated,9500,(Unincorporated),,23120.568632466937,9500,9501,NORMAL,POSTAL_CITY_EXPOSURE,325.4243475577565,-86.3245364418405,36.0874260930803
SHELTER #2,105.0,WPA RD,37090,LEBANON,Unincorporated,9500,(Unincorporated),,23178.789536095628,9500,9501,NORMAL,POSTAL_CITY_EXPOSURE,267.64883558550537,-86.32442164954,36.08724863678808
CABIN # 10 /RESIDENT HALL,105.0,WPA RD,37090,LEBANON,Unincorporated,9500,(Unincorporated),,23222.58718686579,9500,9501,NORMAL,POSTAL_CITY_EXPOSURE,10.969732397925114,-86.3235925881101,36.0870203250406
CABIN # 11 /RESIDENT HALL,155.0,WPA RD,37090,LEBANON,Unincorporated,9500,(Unincorporated),,23341.052960733352,9500,9501,NORMAL,POSTAL_CITY_EXPOSURE,8.977974355592115,-86.3228608638742,36.0866037965827
SHELTER #4,105.0,WPA RD,37090,LEBANON,Unincorporated,9500,(Unincorporated),,23452.5963996199,9500,9501,NORMAL,POSTAL_CITY_EXPOSURE,385.57595426161066,-86.324742660732,36.08652930332211
FOREST LODGE,161.0,WPA RD,37090,LEBANON,Unincorporated,9500,(Unincorporated),,23661.302506256943,9500,9501,NORMAL,POSTAL_CITY_EXPOSURE,348.3381173756361,-86.3242061710513,36.085878014021894
CABIN # 12 /RESIDENT HALL,165.0,WPA RD,37090,LEBANON,Unincorporated,9500,(Unincorporated),,23518.248599743118,9500,9501,NORMAL,POSTAL_CITY_EXPOSURE,9.202348175261253,-86.3224997726611,36.0860714663129
PARK RESIDENCE,175.0,WPA RD,37090,LEBANON,Unincorporated,9500,(Unincorporated),,23825.259371966702,9500,9501,NORMAL,POSTAL_CITY_EXPOSURE,30.89694745712331,-86.322338076828,36.08520282263498
PARK MAINTANCE,1010.0,CEDAR FOREST RD,37090,LEBANON,Unincorporated,9500,(Unincorporated),,23437.03703523779,9500,9501,NORMAL,POSTAL_CITY_EXPOSURE,26.381067457395332,-86.3204748068621,36.08609291346071
CAMPGROUND #3 SHOWERS/RESTROOM,1010.0,CEDAR FOREST RD,37090,LEBANON,Unincorporated,9500,(Unincorporated),,23851.862424907744,9500,9501,NORMAL,POSTAL_CITY_EXPOSURE,420.2872520680567,-86.3205241910105,36.084950885501115
PLAYGROUND,175.0,WPA RD,37090,LEBANON,Unincorporated,9500,(Unincorporated),,24096.1789909929,9500,9501,NORMAL,POSTAL_CITY_EXPOSURE,264.8636389840496,-86.3228256248173,36.08450526926521
NATURE CENTER,,,,,,9500,(Unincorporated),,23882.542310195702,9500,9501,NORMAL,,,-86.3246795603508,36.085324000468724
SHELTER #7,200.0,WPA RD,37090,LEBANON,Unincorporated,9500,(Unincorporated),,24305.384034455394,9500,9501,NORMAL,POSTAL_CITY_EXPOSURE,428.63033362694983,-86.3235095779815,36.08400316144578
CAMPER CHECK IN/STORE,200.0,WPA RD,37090,LEBANON,Unincorporated,9500,(Unincorporated),,24538.911010288877,9500,9501,NORMAL,POSTAL_CITY_EXPOSURE,39.148273806583376,-86.3222608226638,36.083217670487386
ENTRANCE CAMPGROUND #2,511.0,GROUP LODGE RD,37090,LEBANON,Unincorporated,9500,(Unincorporated),,24584.537282062865,9500,9501,NORMAL,POSTAL_CITY_EXPOSURE,341.76096774898,-86.321191413594,36.08298628011419
ENTRANCE CAMPGROUND #3,200.0,WPA RD,37090,LEBANON,Unincorporated,9500,(Unincorporated),,24548.90169789223,9500,9501,NORMAL,POSTAL_CITY_EXPOSURE,318.61365709565376,-86.3213218912508,36.08309703581329
ENTRANCE CAMPGROUND #1,200.0,WPA RD,37090,LEBANON,Unincorporated,9500,(Unincorporated),,24606.165127151824,9500,9501,NORMAL,POSTAL_CITY_EXPOSURE,180.13601008642596,-86.3218712432752,36.082991873727515
CAMPGROUND #1 RESTROOM,200.0,WPA RD,37090,LEBANON,Unincorporated,9500,(Unincorporated),,24602.82230984387,7500,9500,NORMAL,POSTAL_CITY_EXPOSURE,290.0113669528359,-86.3230700689815,36.082697330013
RANGER RESIDENCE,511.0,GROUP LODGE RD,37090,LEBANON,Unincorporated,9500,(Unincorporated),,24845.692881304843,7500,9500,NORMAL,POSTAL_CITY_EXPOSURE,27.538313328505406,-86.3211198894853,36.08200511351428
CAMPGROUND #2 SHOWERS/RESTROOM,,,,,,9500,(Unincorporated),,24427.393307523955,9500,9501,NORMAL,,,-86.3198579383041,36.08330499812332
GROUP LODGE,,,,,,9500,(Unincorporated),,23764.08790972916,7500,9500,NORMAL,,,-86.3238177101573,36.0799968943057
SHELTER #6,175.0,WPA RD,37090,LEBANON,Unincorporated,9500,(Unincorporated),,24047.81157108202,9500,9501,NORMAL,POSTAL_CITY_EXPOSURE,332.47611949952085,-86.3234042891083,36.0847057278324
SHELTER #5,161.0,WPA RD,37090,LEBANON,Unincorporated,9500,(Unincorporated),,23627.808116603297,9500,9501,NORMAL,POSTAL_CITY_EXPOSURE,135.87985387871336,-86.3232027443199,36.085847839768604
SPLASH PAD,1600.0,CEDAR FOREST RD,37090,LEBANON,Unincorporated,9500,(Unincorporated),,25275.649828986414,9500,9501,NORMAL,POSTAL_CITY_EXPOSURE,57.17376731261108,-86.3173236680121,36.08079827369221
CABIN #1,1600.0,CEDAR FOREST RD,37090,LEBANON,Unincorporated,9500,(Unincorporated),,25119.3005882951,9500,9501,NORMAL,POSTAL_CITY_EXPOSURE,490.4147084033102,-86.315550181352,36.081148822083
CABIN #2,,,,,,9500,(Unincorporated),,25147.938676045604,9500,9501,NORMAL,,,-86.3153465922955,36.0810628387653
CABIN #3,,,,,,9500,(Unincorporated),,25204.55240859478,9500,9501,NORMAL,,,-86.3147832557763,36.08088926638951
CABIN #8,,,,,,9500,(Unincorporated),,25301.11336009281,9500,9501,NORMAL,,,-86.3144425974622,36.0806145107595
CABIN #7,,,,,,9500,(Unincorporated),,25254.13387967463,9500,9501,NORMAL,,,-86.3142844616247,36.0807396671285
CABIN #6,,,,,,9500,(Unincorporated),,25222.024208723586,9500,9501,NORMAL,,,-86.3139799133536,36.08082094086003
CABIN #5,,,,,,9500,(Unincorporated),,25117.268727757564,9500,9501,NORMAL,,,-86.3139736138626,36.08110867426329
CABIN #4,,,,,,9500,(Unincorporated),,25057.953572809703,9500,9501,NORMAL,,,-86.3142865948022,36.08127887914791
FRISBEE GOLF,1600.0,CEDAR FOREST RD,37090,LEBANON,Unincorporated,9500,(Unincorporated),,25045.06593719916,9500,9501,NORMAL,POSTAL_CITY_EXPOSURE,244.82210949257276,-86.3169746379401,36.08141491239121
LIMESTONES SINK TRAIL,,,,,,9500,(Unincorporated),,25138.17515871824,7500,9500,NORMAL,,,-86.3162228003514,36.078634601898095
SHELTER #9,,,,,,9500,(Unincorporated),,24638.71531407757,7500,9500,NORMAL,,,-86.3169469223751,36.0771666166018
RESTROOMS,,,,,,9500,(Unincorporated),,24531.18161577096,7500,9500,NORMAL,,,-86.317233702547,36.07698478185561
SHELTER #10,,,,,,9500,(Unincorporated),,24536.894888425843,7500,9500,NORMAL,,,-86.31693305669282,36.07669655114681
HIDDEN SPRINGS TRAIL,,,,,,9500,(Unincorporated),,24797.614987454108,7500,9500,NORMAL,,,-86.3159063931525,36.07678727055843
RANGERS RESIDENCE,1300.0,STABLES RD,37090,LEBANON,Unincorporated,9500,(Unincorporated),,23771.889258313753,7500,9500,NORMAL,POSTAL_CITY_EXPOSURE,12.526469095266295,-86.317497122087,36.07380280278651
CEDARS OFLEBANON STABLES,1301.0,STABLES RD,37090,LEBANON,Unincorporated,9500,(Unincorporated),,23361.695530964756,7500,9500,NORMAL,POSTAL_CITY_EXPOSURE,47.253976243532804,-86.3171400368361,36.0714255456064
HORSE TRAIL,1301.0,STABLES RD,37090,LEBANON,Unincorporated,9500,(Unincorporated),,23475.689220044496,7500,9500,NORMAL,POSTAL_CITY_EXPOSURE,131.0307326263083,-86.3167590899482,36.071527147483316
SHELTER #11,,,,,,9500,(Unincorporated),,24503.88046728165,7500,9500,NORMAL,,,-86.3164477231901,36.07603164654051
CARETAKER,465.0,NOEL DR,37122,MT JULIET,Unincorporated,9500,(Unincorporated),,2136.3339982185853,8305,9500,NORMAL,POSTAL_CITY_EXPOSURE,453.8255981877552,-86.55062042497012,36.28152920920422
FIRE PIT,610.0,BEACON HILL LN,37122,MT JULIET,Unincorporated,9500,(Unincorporated),,1286.469362566758,8305,9500,NORMAL,POSTAL_CITY_EXPOSURE,247.78094526506425,-86.553523656065,36.281269869847485
BASKETBALL COURT,904.0,GLEN CT,37122,MT JULIET,Unincorporated,9500,(Unincorporated),,1269.3669490946957,8305,9500,NORMAL,POSTAL_CITY_EXPOSURE,235.49016734145607,-86.5535618743561,36.28168173581201
STORAGE AND OLD CARETAKER HOUSE,426.0,BEACON HILL DR,37122,MT JULIET,Unincorporated,9500,(Unincorporated),,856.808759545502,8305,9500,WATCH,POSTAL_CITY_EXPOSURE,333.9648428446932,-86.55497050338302,36.2818059470767
BUNK HOUSE,904.0,GLEN CT,37122,MT JULIET,Unincorporated,9500,(Unincorporated),,1002.6091256890172,8305,9500,NORMAL,POSTAL_CITY_EXPOSURE,256.2348245824723,-86.5545189940506,36.2820970204312
POOL HOUSE,904.0,GLEN CT,37122,MT JULIET,Unincorporated,9500,(Unincorporated),,1115.1584193205874,8305,9500,NORMAL,POSTAL_CITY_EXPOSURE,148.79583959036853,-86.5541943865898,36.28237549157329
PAVILION,904.0,GLEN CT,37122,MT JULIET,Unincorporated,9500,(Unincorporated),,1176.1697028713836,8305,9500,NORMAL,POSTAL_CITY_EXPOSURE,80.52032210764649,-86.5539662507295,36.28229870753691
SMALL POOL,904.0,GLEN CT,37122,MT JULIET,Unincorporated,9500,(Unincorporated),,1200.3009777717298,8305,9500,NORMAL,POSTAL_CITY_EXPOSURE,92.10426349272599,-86.5539265841559,36.282488885529595
MAIN POOL,904.0,GLEN CT,37122,MT JULIET,Unincorporated,9500,(Unincorporated),,1423.7193703121513,8305,9500,NORMAL,POSTAL_CITY_EXPOSURE,251.57756062690513,-86.5532523849699,36.282910881363286
MAIN POOL HOUSE,904.0,GLEN CT,37122,MT JULIET,Unincorporated,9500,(Unincorporated),,1372.542038078045,8305,9500,NORMAL,POSTAL_CITY_EXPOSURE,205.94999921753106,-86.5534120867127,36.28283718445919
PAVILION,904.0,GLEN CT,37122,MT JULIET,Unincorporated,9500,(Unincorporated),,1275.035309262404,8305,9500,NORMAL,POSTAL_CITY_EXPOSURE,218.76220276670492,-86.5537670099292,36.282917681292815
CHALET,904.0,GLEN CT,37122,MT JULIET,Unincorporated,9500,(Unincorporated),,1375.729618431062,8305,9500,NORMAL,POSTAL_CITY_EXPOSURE,131.80799292916575,-86.5533307810237,36.2825305292496
BASEBALL FIELD,505.0,BEACON HILL CT,37122,MT JULIET,Unincorporated,9500,(Unincorporated),,1985.8753422094333,8305,9500,NORMAL,POSTAL_CITY_EXPOSURE,278.1225161198423,-86.5511505334255,36.28118914933521
FIREHOUSE SUBS,650.0,S MT JULIET RD,37122,MT JULIET,Mt. Juliet,9503,MT. JULIET,,565.3596876027831,9500,9503,WATCH,,10.017928920675624,-86.51595386297662,36.1615765622279
NTB,301.0,N MT JULIET RD,37122,MT JULIET,Mt. Juliet,9503,MT. JULIET,,2222.4778842947826,9500,9503,NORMAL,,18.87946107673626,-86.5123841250052,36.175770082260804
ALDI,315.0,N MT JULIET RD,37122,MT JULIET,Mt. Juliet,9503,MT. JULIET,,2070.644484638695,9500,9503,NORMAL,,28.805902540545187,-86.511754176097,36.17614236181591
ARBYS RESTAURANT,245.0,N MT JULIET RD,37122,MT JULIET,Mt. Juliet,9503,MT. JULIET,,2249.4851793032344,9500,9503,NORMAL,,21.280086861107538,-86.5126740586807,36.1747560700906
SUPER SPEED WASH,457.0,N MT JULIET RD,37122,MT JULIET,Mt. Juliet,9503,MT. JULIET,,2322.1304393828364,9500,9503,NORMAL,,39.65999832031495,-86.5122657643319,36.17744610595083
MT JULIET FAMILY WORSHIP,495.0,N MT JULIET RD,37122,MT JULIET,Mt. Juliet,9503,MT. JULIET,,2229.633738891844,9500,9503,NORMAL,,72.36271896104654,-86.5116962294673,36.1783408246003
BOB PARKS,547.0,N MT JULIET RD,37122,MT JULIET,Mt. Juliet,9503,MT. JULIET,,2282.7142991077953,9500,9503,NORMAL,,5.993434401010685,-86.5115855831252,36.17940132075571
PINNACLE FINANCIAL PARTNERS,551.0,N MT JULIET RD,37122,MT JULIET,Mt. Juliet,9503,MT. JULIET,,2261.2313908948436,9500,9503,NORMAL,,23.11147922472789,-86.5114951557693,36.1799452465254
LAFEVER ENTERPRISES INC,684.0,N MT JULIET RD,37122,MT JULIET,Mt. Juliet,9503,MT. JULIET,,2592.4892968579948,9500,9503,NORMAL,,29.87032880298209,-86.5125627937004,36.18111964395458
COMPREHENSIVE SLEEP,780.0,N MT JULIET RD,37122,MT JULIET,Mt. Juliet,9503,MT. JULIET,,2150.3197970662136,9500,9503,NORMAL,,19.064081978721976,-86.5122043844259,36.182590720835115
TENNESSEE IMPLANT ORAL SURGERY,904.0,N MT JULIET RD,37122,MT JULIET,Mt. Juliet,9503,MT. JULIET,,1713.9606034063909,9500,9503,NORMAL,,55.057139744544,-86.5117700742831,36.18420786314781
PHARMACARE PRESCRIPTION ,1097.0,WESTON DR,37122,MT JULIET,Mt. Juliet,9503,MT. JULIET,,1536.2467388012449,9500,9503,NORMAL,,44.799827654123625,-86.51179576828731,36.1858882699858
ELIJAH BROWN DENTISTRY,1097.0,WESTON DR,37122,MT JULIET,Mt. Juliet,9503,MT. JULIET,,1551.2308188680256,9500,9503,NORMAL,,13.965708926770496,-86.5118806465324,36.186027288107404
BOND MEMORIAL CHAPEL,1098.0,WESTON DR,37122,MT JULIET,Mt. Juliet,9503,MT. JULIET,,1464.6938997717427,9500,9503,NORMAL,,37.34792958237905,-86.5116632869577,36.18662339440751
SMOOTHIE KING,1283.0,N MT JULIET RD,37122,MT JULIET,Mt. Juliet,9503,MT. JULIET,,653.6874300240839,9500,9503,WATCH,,36.871866745532955,-86.5121499529121,36.1895902927171
EURO FIX,1355.0,N MT JULIET RD,37122,MT JULIET,Mt. Juliet,9503,MT. JULIET,,338.58007217015114,9500,9503,WATCH,,20.77063292101806,-86.5122932301667,36.1905315842086
WILSON BANK & TRUST,1476.0,N MT JULIET RD,37122,MT JULIET,Mt. Juliet,9503,MT. JULIET,,940.237821179914,9500,9503,WATCH,,55.694227300760936,-86.5160828285868,36.19231721269443
FAITH IS THE VICTORY CHURCH,1491.0,N MT JULIET RD,37122,MT JULIET,Mt. Juliet,9503,MT. JULIET,,285.35969380613153,9500,9503,WATCH,,10.349237803127833,-86.5138767862049,36.192116565062406
MAIL AND PACKAGE CENTER,1483.0,N MT JULIET RD,37122,MT JULIET,Mt. Juliet,9503,MT. JULIET,,279.33376868072617,9500,9503,WATCH,,14.814432011232398,-86.513871485646,36.192025020988396
DOLLAR GENERAL,11222.0,LEBANON RD,37122,MT JULIET,Mt. Juliet,9503,MT. JULIET,,1721.8781499954925,9500,9503,NORMAL,,23.073386782052918,-86.514148359952,36.2303752098117
NATIONWIDE CARPETS,4115.0,N MT JULIET RD,37122,MT JULIET,Mt. Juliet,9503,MT. JULIET,,2707.0713519257215,9500,9503,NORMAL,,76.56301221486488,-86.5136810196531,36.22767742908059
NOOK,11853.0,LEBANON RD,37122,MT JULIET,Mt. Juliet,9503,MT. JULIET,,3292.7386160140068,9500,9503,NORMAL,,28.608113663511734,-86.5245288158724,36.23183251502441
PELICAN SNOBALLS,11853.0,LEBANON RD,37122,MT JULIET,Mt. Juliet,9503,MT. JULIET,,3321.113208522697,9500,9503,NORMAL,,32.990933259050195,-86.5245393387838,36.23164361515462
SELLARS FUNERAL HOME,2229.0,N MT JULIET RD,37122,MT JULIET,Mt. Juliet,9503,MT. JULIET,,2335.246893122871,9500,9503,NORMAL,,33.4441644914124,-86.5176327339329,36.20106828148301
ASCEND FEDERAL CREDIT ,300.0,PLEASANT GROVE RD,37122,MT JULIET,Mt. Juliet,9503,MT. JULIET,,3444.7427867820256,9500,9503,NORMAL,,47.758910271618305,-86.515976499395,36.17812373625612
BARN,,,,,,9500,(Unincorporated),,15759.365661408727,2100,9500,NORMAL,,,-86.10880600761782,36.04735686991
VETERAN'S MEMORIAL PLAZA,304.0,E MAIN ST,37087,LEBANON,Lebanon,9501,LEBANON,,4585.483137749465,9500,9501,NORMAL,,42.78503870084579,-86.2864876378845,36.20731429499309
BAKER'S SCHOOL OF AERONAUTICS,100.0,GLIDEPATH WAY,37090,LEBANON,Lebanon,9501,LEBANON,,4425.488507846938,9500,9501,NORMAL,,27.229629866027267,-86.3192185793955,36.18445242519867
FARM CREDIT SERVICES,1212.0,S HARTMANN DR,37090,LEBANON,Lebanon,9501,LEBANON,,840.7928871506795,9500,9501,WATCH,,50.04980726051097,-86.309121142367,36.1735114965818
HOME RUN MARKET,7790.0,HIGHWAY 109 N,37087,LEBANON,Unincorporated,9500,(Unincorporated),,11519.42427842197,8300,9500,NORMAL,POSTAL_CITY_EXPOSURE,49.062008089969865,-86.4442012985366,36.2921929182279
GENESIS CAREER COLLEGE,1505.0,NOAH CT,37087,LEBANON,Lebanon,9501,LEBANON,,4942.033780338958,9500,9501,NORMAL,,51.98607691669824,-86.3378588235421,36.21600929324039
LEBANON HIGH SCHOOL,500.0,BLUE DEVIL BLVD,37087,LEBANON,Lebanon,9501,LEBANON,,4706.859691749946,9500,9501,NORMAL,,134.78693646880745,-86.3328543315323,36.205787386652
GOODWILL,1985.0,PROVIDENCE PKWY,37122,MT JULIET,Mt. Juliet,9503,MT. JULIET,,628.1286795384224,9500,9503,WATCH,,38.06354671859541,-86.516500602921,36.1648662876139
BUILDING 2,209.0,ROLLINGWOOD DR,37087,LEBANON,Lebanon,9501,LEBANON,,5528.139881826942,9500,9501,NORMAL,,10.793978067795498,-86.3341227646305,36.214043242284106
BUILDING 8,309.0,ROLLINGWOOD DR,37087,LEBANON,Lebanon,9501,LEBANON,,5655.644379965275,9500,9501,NORMAL,,17.86844348867059,-86.3336297284434,36.2140058567594
BUILDING 14,409.0,ROLLINGWOOD DR,37087,LEBANON,Lebanon,9501,LEBANON,,5770.879921753566,9500,9501,NORMAL,,17.931203709472076,-86.33315112966432,36.21390285473321
BUILDING 15,509.0,ROLLINGWOOD DR,37087,LEBANON,Lebanon,9501,LEBANON,,5907.622406929897,9500,9501,NORMAL,,13.356226134137218,-86.3326560958757,36.2139149493768
BUILDING 21,209.0,ROLLINGWOOD XING,37087,LEBANON,Lebanon,9501,LEBANON,,5921.635456425536,9500,9501,NORMAL,,20.509018650793873,-86.3324849858902,36.213669338705216
BUILDING 20,309.0,ROLLINGWOOD XING,37087,LEBANON,Lebanon,9501,LEBANON,,5863.055097990664,9500,9501,NORMAL,,21.395845491820367,-86.3325454083011,36.21334225429871
BUILDING 19,409.0,ROLLINGWOOD XING,37087,LEBANON,Lebanon,9501,LEBANON,,5797.883036263621,9500,9501,NORMAL,,25.38871621914728,-86.3326144411001,36.21296364149971
BUILDING 18,408.0,HILLCREEK DR,37087,LEBANON,Lebanon,9501,LEBANON,,5714.2115677245365,9500,9501,NORMAL,,41.49556148264213,-86.3328705059523,36.21286001958309
BUILDING 17,310.0,ROLLINGWOOD XING,37087,LEBANON,Lebanon,9501,LEBANON,,5761.738472418879,9500,9501,NORMAL,,15.706395672823684,-86.3328292452409,36.21316010630508
BUILDING 16,208.0,ROLLINGWOOD XING,37087,LEBANON,Lebanon,9501,LEBANON,,5816.239607273718,9500,9501,NORMAL,,17.695165796090013,-86.3327906821117,36.21350680277238
BUILDING 12,303.0,RIDGECREEK XING,37087,LEBANON,Lebanon,9501,LEBANON,,5636.256541372575,9500,9501,NORMAL,,33.77943276134066,-86.3333208580897,36.2132451896124
BUILDING 13,207.0,RIDGECREEK XING,37087,LEBANON,Lebanon,9501,LEBANON,,5700.384161831326,9500,9501,NORMAL,,28.232129112370508,-86.3332409979441,36.21356731990482
BUILDING 10,308.0,RIDGECREEK XING,37087,LEBANON,Lebanon,9501,LEBANON,,5559.331949269473,9500,9501,NORMAL,,4.984022647722466,-86.3336140636842,36.213275855611585
BUILDING 9,208.0,RIDGECREEK XING,37087,LEBANON,Lebanon,9501,LEBANON,,5627.985387676732,9500,9501,NORMAL,,10.156528679177061,-86.33353254092461,36.21362231228591
BUILDING 11,308.0,HILLCREEK DR,37087,LEBANON,Lebanon,9501,LEBANON,,5534.778986100298,9500,9501,NORMAL,,27.88112868490737,-86.3335277003005,36.212891232120306
BUILDING 5,208.0,HILLCREEK DR,37087,LEBANON,Lebanon,9501,LEBANON,,5351.765917407042,9500,9501,NORMAL,,25.10673418021366,-86.334196917829,36.21291227343589
BUILDING 6,309.0,CREEKWOOD XING,37087,LEBANON,Lebanon,9501,LEBANON,,5449.674682276339,9500,9501,NORMAL,,25.411163213155525,-86.3339970441266,36.21324332146782
BUILDING 4,306.0,CREEKWOOD XING,37087,LEBANON,Lebanon,9501,LEBANON,,5329.7131469099595,9500,9501,NORMAL,,35.622484713970074,-86.3344705114824,36.21331640799231
BUILDING 3,208.0,CREEKWOOD XING,37087,LEBANON,Lebanon,9501,LEBANON,,5403.973727211538,9500,9501,NORMAL,,32.1750265210164,-86.3343944331588,36.213697188085
BUILDING 7,207.0,CREEKWOOD XING,37087,LEBANON,Lebanon,9501,LEBANON,,5527.4993814501595,9500,9501,NORMAL,,23.351474956045394,-86.3339229043494,36.21366558600391
ROLLINGWOOD APTS OFFICE,100.0,ROLLINGWOOD DR,37087,LEBANON,Lebanon,9501,LEBANON,,5289.605117269261,9500,9501,NORMAL,,12.855565849376394,-86.3347993168785,36.2136636363505
2563 Golden Bear Gateway,2563.0,GOLDEN BEAR GTWY,37122,MT JULIET,Mt. Juliet,9503,MT. JULIET,,2942.806909689097,9500,9503,NORMAL,,234.24677144959108,-86.491942529646,36.20313208810252
GLASS CREEK VILLAGE APARTMENTS,401.0,OLD PLEASANT GROVE RD,37122,MT JULIET,Mt. Juliet,9503,MT. JULIET,,3976.837286311351,9500,9503,NORMAL,,139.4543757431126,-86.5201619736688,36.17450874900243
CHRIST BORN AGAIN CHURCH,445.0,RICHMOND RD,37184,WATERTOWN,Unincorporated,9500,(Unincorporated),,3920.470095815834,8000,9500,NORMAL,POSTAL_CITY_EXPOSURE,26.986167852650237,-86.0934992623264,36.141823115002815
MURPHY EXPRESS,603.0,S CUMBERLAND ST,37087,LEBANON,Lebanon,9501,LEBANON,,6600.074037699765,9500,9501,NORMAL,,50.659461645344045,-86.2932349024571,36.19412245311621
LEBANON TRAIN STATION,324.0,W BADDOUR PKWY,37087,LEBANON,Lebanon,9501,LEBANON,,7041.656320734827,9500,9501,NORMAL,,26.069983011876463,-86.2969670588479,36.21217297557537
SURGERY CENTER OF LEBANON,1608.0,GREENTREE POINTE CIR,37087,LEBANON,Lebanon,9501,LEBANON,,4711.344986099888,9500,9501,NORMAL,,243.0791666253097,-86.3441944432857,36.219435669388005
BANK TENNESSEE,355.0,S HARTMANN DR,37087,LEBANON,Lebanon,9501,LEBANON,,6160.854797088873,9500,9501,NORMAL,,12.519711686512386,-86.3271918678759,36.20218133669868
THE LARKINS BUILDING,1030.0,W MAIN ST,37087,LEBANON,Lebanon,9501,LEBANON,,7682.7356071019,9500,9501,NORMAL,,28.9034491391003,-86.316426782586,36.21141786718451
PAVILION ASSISTED LIVING,1409.0,CORNERSTONE PL,37087,LEBANON,Lebanon,9501,LEBANON,,4342.650294871292,9500,9501,NORMAL,,116.10775581331939,-86.3289436998476,36.223806914596196
HARTMANN COMMONS,103.0,PHYSICIANS WAY,37090,LEBANON,Lebanon,9501,LEBANON,,2541.105670987531,9500,9501,NORMAL,,97.73688356167922,-86.3267527726708,36.18005668712972
KENWALL STEEL,3116.0,HIGHWAY 109 N,37122,MT JULIET,Lebanon,9501,LEBANON,,485.7709126851733,9500,9501,WATCH,POSTAL_CITY_EXPOSURE,41.6005981962423,-86.4283071544071,36.22466910053051
BUILDING #2  HAMILTON STATION CROSSINGS,2.0,HAMILTON STATION CROSSINGS,37087,LEBANON,Lebanon,9501,LEBANON,,311.39973624462675,9500,9501,WATCH,,9.0175581641555,-86.3647326683389,36.23357309473929
BUILDING #1  HAMILTON STATION CROSSINGS,1.0,HAMILTON STATION CROSSINGS,37087,LEBANON,Lebanon,9501,LEBANON,,516.3399356134481,9500,9501,WATCH,,9.43867072510913,-86.3654277001899,36.23356938645408
SOUTHEAST IMPRESSIONS,114.0,Leeville PIKE,37087,LEBANON,Lebanon,9501,LEBANON,,7546.16694086249,9500,9501,NORMAL,,29.971681302605617,-86.2942293374981,36.1999215475954
SPEEDWAY,1135.0,MURFREESBORO RD,37090,LEBANON,Lebanon,9501,LEBANON,,2480.515061360374,9500,9501,NORMAL,,110.77029441297861,-86.302036201367,36.1733451490302
ASURION,650.0,S MT JULIET RD,37122,MT JULIET,Mt. Juliet,9503,MT. JULIET,,578.8193566890296,9500,9503,WATCH,,11.401612171107514,-86.5159800578818,36.161475852271096
GREAT CLIPS,650.0,S MT JULIET RD,37122,MT JULIET,Mt. Juliet,9503,MT. JULIET,,571.7715794788239,9500,9503,WATCH,,11.442701406505654,-86.5159696045588,36.16152450609512
HELEN NAILS,640.0,S MT JULIET RD,37122,MT JULIET,Mt. Juliet,9503,MT. JULIET,,526.7461508988837,9500,9503,WATCH,,13.348097177078422,-86.5159116512617,36.1618242955034
BLUE COAST BURRITO,640.0,S MT JULIET RD,37122,MT JULIET,Mt. Juliet,9503,MT. JULIET,,513.2580269840291,9500,9503,WATCH,,15.014644235063178,-86.5159088987584,36.16189583528469
TIRE DISCOUNTERS,401.0,S MT JULIET RD,37122,MT JULIET,Mt. Juliet,9503,MT. JULIET,,1992.2081609047216,9500,9503,NORMAL,,34.63796908460035,-86.509219783159,36.1699754845647
NATURAL NAILS TOO,5015.0,CROSSINGS CIR,37122,MT JULIET,Mt. Juliet,9503,MT. JULIET,,1423.7210968844352,9500,9503,NORMAL,,13.466485171285928,-86.5150391882574,36.16676999637339
PROVIDENCE MEDICAL PAVILION,5002.0,CROSSINGS CIR,37122,MT JULIET,Mt. Juliet,9503,MT. JULIET,,1506.9509654962105,9500,9503,NORMAL,,139.3956519373213,-86.5167702301849,36.167322722179776
CENTENNIAL PEDIATRICS,5003.0,CROSSINGS CIR,37122,MT JULIET,Mt. Juliet,9503,MT. JULIET,,1423.4385773285346,9500,9503,NORMAL,,55.734674650045825,-86.5159070328896,36.16699734412858
UNITY YOGA,141.0,ADAMS LN,37122,MT JULIET,Mt. Juliet,9503,MT. JULIET,,2158.7663753846787,9500,9503,NORMAL,,5.105004492171954,-86.5167241543137,36.16911678303011
SOUTHBEACH TANNING,141.0,ADAMS LN,37122,MT JULIET,Mt. Juliet,9503,MT. JULIET,,2192.7039332206177,9500,9503,NORMAL,,4.064152370850481,-86.5167087572672,36.1692092741567
ALTERATIONS,141.0,ADAMS LN,37122,MT JULIET,Mt. Juliet,9503,MT. JULIET,,2222.0485172400763,9500,9503,NORMAL,,4.011549260955714,-86.51668927656192,36.169288811939296
TA STAFFING,151.0,ADAMS LN,37122,MT JULIET,Mt. Juliet,9503,MT. JULIET,,2445.158595768827,9500,9503,NORMAL,,18.07454755883495,-86.5166439225928,36.1699008102244
THE AXE SHACK,151.0,ADAMS LN,37122,MT JULIET,Mt. Juliet,9503,MT. JULIET,,2403.870884345157,9500,9503,NORMAL,,19.728884455552887,-86.5170174417316,36.169813365704904
INSPIRE,151.0,ADAMS LN,37122,MT JULIET,Mt. Juliet,9503,MT. JULIET,,2340.46199341585,9500,9503,NORMAL,,2.216538895488861,-86.517421183466,36.1696704698154
MARGARITA HOUSE,151.0,ADAMS LN,37122,MT JULIET,Mt. Juliet,9503,MT. JULIET,,2268.972730165981,9500,9503,NORMAL,,15.829468206273777,-86.5174693333437,36.16947759011791
PORTER PAINTS,151.0,ADAMS LN,37122,MT JULIET,Mt. Juliet,9503,MT. JULIET,,2209.1731257529636,9500,9503,NORMAL,,17.52010546251719,-86.5175176955971,36.1693171401377
US BANK,300.0,PLEASANT GROVE RD,37122,MT JULIET,Mt. Juliet,9503,MT. JULIET,,2664.233697868304,9500,9503,NORMAL,,30.770039150584775,-86.512865692758,36.179775662879486
VALVOLINE,300.0,PLEASANT GROVE RD,37122,MT JULIET,Mt. Juliet,9503,MT. JULIET,,2641.013660161755,9500,9503,NORMAL,,35.73750088485407,-86.5129545092574,36.1789549961594
MURPHY EXPRESS,355.0,PLEASANT GROVE RD,37122,MT JULIET,Mt. Juliet,9503,MT. JULIET,,2605.922924560702,9500,9503,NORMAL,,64.03735398980358,-86.51323094785221,36.17751965699021
LONGHORN,355.0,PLEASANT GROVE RD,37122,MT JULIET,Mt. Juliet,9503,MT. JULIET,,2589.2141432858352,9500,9503,NORMAL,,28.669129865821958,-86.5134966377576,36.176353071887114
FAMILY CARE URGENT CARE,355.0,PLEASANT GROVE RD,37122,MT JULIET,Mt. Juliet,9503,MT. JULIET,,2600.057287082254,9500,9503,NORMAL,,18.94255923069088,-86.5136423314772,36.1759604297754
BROOKSIDE LANDING,1550.0,N MT JULIET RD,37122,MT JULIET,Mt. Juliet,9503,MT. JULIET,,1312.2026364468961,9500,9503,NORMAL,,54.79596209473806,-86.517165725906,36.1934488037614
TRUIST,1691.0,N MT JULIET RD,37122,MT JULIET,Mt. Juliet,9503,MT. JULIET,,1230.8327449473343,9500,9503,NORMAL,,40.5167531985902,-86.5167585293426,36.1941640052033
AVENUE ANIMAL HOSPITAL,1725.0,N MT JULIET RD,37122,MT JULIET,Mt. Juliet,9503,MT. JULIET,,1375.2420972157663,9500,9503,NORMAL,,26.82989804855057,-86.5172072950423,36.19441007683722
WHITTS BBQ,1767.0,N MT JULIET RD,37122,MT JULIET,Mt. Juliet,9503,MT. JULIET,,1538.2527425122594,9500,9503,NORMAL,,24.164748831168634,-86.51769883482851,36.194718915431494
MT JULIET CHURCH OF CHRIST,1940.0,N MT JULIET RD,37122,MT JULIET,Mt. Juliet,9503,MT. JULIET,,2316.5871281098407,9500,9503,NORMAL,,102.326989992091,-86.519968605043,36.19702599173711
TOWN CENTER,2025.0,N MT JULIET RD,37122,MT JULIET,Mt. Juliet,9503,MT. JULIET,,1951.4485645310356,9500,9503,NORMAL,,54.51668819013829,-86.5186013284821,36.1976126218625
YUMMY PHO BAC,2037.0,N MT JULIET RD,37122,MT JULIET,Mt. Juliet,9503,MT. JULIET,,2028.8634593522067,9500,9503,NORMAL,,22.655215962555268,-86.518697536359,36.19813800766679
JETS PIZZA,2037.0,N MT JULIET RD,37122,MT JULIET,Mt. Juliet,9503,MT. JULIET,,2025.3229085593532,9500,9503,NORMAL,,12.121764013294335,-86.5186423777462,36.198242415018704
KAT'S BAR AND GRILL,2037.0,N MT JULIET RD,37122,MT JULIET,Mt. Juliet,9503,MT. JULIET,,2045.396059668464,9500,9503,NORMAL,,20.97060582320662,-86.5186705688849,36.198343978703576
CHILDRENS CLINIC EAST,2025.0,N MT JULIET RD,37122,MT JULIET,Mt. Juliet,9503,MT. JULIET,,1953.2302364841769,9500,9503,NORMAL,,88.64652995086516,-86.5186336298015,36.1975132857617
FARM BUREAU,2037.0,N MT JULIET RD,37122,MT JULIET,Mt. Juliet,9503,MT. JULIET,,2056.449848508111,9500,9503,NORMAL,,23.046774778668453,-86.5186475139964,36.19848104625311
LOCAL JOES CAFE,2037.0,N MT JULIET RD,37122,MT JULIET,Mt. Juliet,9503,MT. JULIET,,2073.6078504716,9500,9503,NORMAL,,31.496779198793934,-86.5186619446002,36.1985796606834
MT JULIET CITY HALL,2425.0,N MT JULIET RD,37122,MT JULIET,Mt. Juliet,9503,MT. JULIET,,3112.7900453659445,9500,9503,NORMAL,,21.022004460870512,-86.5178371214024,36.20364483144241
 ,2442.0,N MT JULIET RD,37122,MT JULIET,Mt. Juliet,9503,MT. JULIET,,3322.3927865896694,9500,9503,NORMAL,,76.80805727803757,-86.5187666374827,36.203827313601316
US POST OFFICE,2491.0,N MT JULIET RD,37122,MT JULIET,Mt. Juliet,9503,MT. JULIET,,3396.254508502977,9500,9503,NORMAL,,41.65821032445442,-86.5171737452922,36.20500324104809
ANIMAL CARE CENTER,2701.0,N MT JULIET RD,37122,MT JULIET,Mt. Juliet,9503,MT. JULIET,,3816.813988784102,9500,9503,NORMAL,,21.68534443981161,-86.5158465737579,36.207358456319575
CEDAR CREEK POST ACUTE,2650.0,N MT JULIET RD,37122,MT JULIET,Mt. Juliet,9503,MT. JULIET,,3330.680537961939,9500,9503,NORMAL,,45.4808539224995,-86.5187180365014,36.207714997058204
BLANKENSHIP CPA,2672.0,N MT JULIET RD,37122,MT JULIET,Mt. Juliet,9503,MT. JULIET,,3740.1097397426943,9500,9503,NORMAL,,6.577971197898987,-86.5172863565949,36.20718413908821
DUNN COMMERCIAL GROUP,2612.0,N MT JULIET RD,37122,MT JULIET,Mt. Juliet,9503,MT. JULIET,,3555.461713238029,9500,9503,NORMAL,,2.743443469336363,-86.5178736558099,36.20667089478611
GRACE UNITED METHODIST CHURCH,2905.0,N MT JULIET RD,37122,MT JULIET,Mt. Juliet,9503,MT. JULIET,,4354.230594673829,9500,9503,NORMAL,,82.64977681626092,-86.5145028625347,36.210036001588016
MT JULIET FOOD MARKET,2190.0,N MT JULIET RD,37122,MT JULIET,Mt. Juliet,9503,MT. JULIET,,2524.6628487641633,9500,9503,NORMAL,,9.179302605699984,-86.5191523752541,36.20042625848652
OAKLAND PLACE,2160.0,N MT JULIET RD,37122,MT JULIET,Mt. Juliet,9503,MT. JULIET,,2460.345855472384,9500,9503,NORMAL,,53.328012780434456,-86.5191909379472,36.2000609705519
CRASH CHAMPIONS COLLISION REPAIR,220.0,INDUSTRIAL DR,37122,MT JULIET,Mt. Juliet,9503,MT. JULIET,,2055.12978279743,9500,9503,NORMAL,,76.7323731977996,-86.5161096227312,36.2010871364851
MT JULIET ANIMAL SHELTER,115.0,INDUSTRIAL DR,37122,MT JULIET,Mt. Juliet,9503,MT. JULIET,,2125.6242810542435,9500,9503,NORMAL,,14.001738903236074,-86.5155069442617,36.20160954136121
SHELTER INSURANCE,2334.0,N MT JULIET RD,37122,MT JULIET,Mt. Juliet,9503,MT. JULIET,,2931.4235432432265,9500,9503,NORMAL,,20.568065834073735,-86.51876642489101,36.202449250461704
CITY OF MT JULIET FINANCE & SEWER ACCOUNTING,2365.0,N MT JULIET RD,37122,MT JULIET,Mt. Juliet,9503,MT. JULIET,,2941.577224634926,9500,9503,NORMAL,,32.23548527716835,-86.5182012998503,36.202864203378404
DEACONESS HOME CARE,2442.0,N MT JULIET RD,37122,MT JULIET,Mt. Juliet,9503,MT. JULIET,,3327.855520580515,9500,9503,NORMAL,,19.435060966778156,-86.51856447848232,36.203961919265105
ASHWOOD STATION,2502.0,N MT JULIET RD,37122,MT JULIET,Mt. Juliet,9503,MT. JULIET,,3442.6641473456716,9500,9503,NORMAL,,67.16207268319388,-86.5182118003588,36.205155991992605
MT JULIET AME,2564.0,N MT JULIET RD,37122,MT JULIET,Mt. Juliet,9503,MT. JULIET,,3285.7050533783904,9500,9503,NORMAL,,45.6691908167718,-86.518730904257,36.2057327444224
THE FRAME CORNER,2896.0,N MT JULIET RD,37122,MT JULIET,Mt. Juliet,9503,MT. JULIET,,3964.2484438888205,9500,9503,NORMAL,,20.631846364930773,-86.5167659220361,36.21028477992002
CELEBRATION LUTHERAN CHURCH,3425.0,N MT JULIET RD,37122,MT JULIET,Mt. Juliet,9503,MT. JULIET,,4671.43867351907,9500,9503,NORMAL,,73.75703126321966,-86.5150513366032,36.217757424785
COVENANT FELLOWSHIP CHURCH OF NAZARENE,3290.0,N MT JULIET RD,37122,MT JULIET,Mt. Juliet,9503,MT. JULIET,,3971.0976529162963,9500,9503,NORMAL,,38.12471186556834,-86.5172725894646,36.2162367086871
FAULKNER LANDING,3384.0,N MT JULIET RD,37122,MT JULIET,Mt. Juliet,9503,MT. JULIET,,4475.042261999572,9500,9503,NORMAL,,48.39059975286079,-86.5157165601706,36.2177290242316
FIT PHYSIQUES,3384.0,N MT JULIET RD,37122,MT JULIET,Mt. Juliet,9503,MT. JULIET,,4325.226972342252,9500,9503,NORMAL,,11.479721421519347,-86.5162129439785,36.217603289559015
MERLE NORMAN,3384.0,N MT JULIET RD,37122,MT JULIET,Mt. Juliet,9503,MT. JULIET,,4437.655656249986,9500,9503,NORMAL,,11.248976116755943,-86.5158406708818,36.2176998798424
DOUBLE IMAGE SALON,3384.0,N MT JULIET RD,37122,MT JULIET,Mt. Juliet,9503,MT. JULIET,,4442.67758682765,9500,9503,NORMAL,,12.59373744697065,-86.5158312526551,36.217772028281
WORLD FINANCE,3384.0,N MT JULIET RD,37122,MT JULIET,Mt. Juliet,9503,MT. JULIET,,4444.939108288591,9500,9503,NORMAL,,8.381783884641843,-86.51583024964981,36.2178349841784
MORTGAGE SOLUTIONS,3384.0,N MT JULIET RD,37122,MT JULIET,Mt. Juliet,9503,MT. JULIET,,4449.423959627395,9500,9503,NORMAL,,6.056549926506726,-86.5158207122841,36.217888819926
CANDLE LAB,3384.0,N MT JULIET RD,37122,MT JULIET,Mt. Juliet,9503,MT. JULIET,,4451.395883524229,9500,9503,NORMAL,,2.953947422963677,-86.5158181404652,36.2179277464517
BIG STAR CIGAR,3384.0,N MT JULIET RD,37122,MT JULIET,Mt. Juliet,9503,MT. JULIET,,4459.866049974633,9500,9503,NORMAL,,6.522033315034362,-86.5157944411798,36.217975920705896
DUBE ORTHOPEDICS,3500.0,N MT JULIET RD,37122,MT JULIET,Mt. Juliet,9503,MT. JULIET,,4468.550451283423,9500,9503,NORMAL,,13.06207813018734,-86.5158460184347,36.218739132595196
NATIONWIDE INSURANCE,4099.0,N MT JULIET RD,37122,MT JULIET,Mt. Juliet,9503,MT. JULIET,,2817.933844480793,9500,9503,NORMAL,,8.934717880164598,-86.5137259429284,36.227370969627195
COURTNEYS ,4066.0,N MT JULIET RD,37122,MT JULIET,Mt. Juliet,9503,MT. JULIET,,2910.3847865549324,9500,9503,NORMAL,,16.41117855077111,-86.5147626795837,36.22712734045751
SHILOH MUSIC,4056.0,N MT JULIET RD,37122,MT JULIET,Mt. Juliet,9503,MT. JULIET,,3003.4908272519824,9500,9503,NORMAL,,15.446605812552141,-86.5148203678453,36.226874143346805
TIDWELL'S TOTS CHILD CARE,4041.0,N MT JULIET RD,37122,MT JULIET,Mt. Juliet,9503,MT. JULIET,,3003.7478250396643,9500,9503,NORMAL,,11.72110209030937,-86.5133799934773,36.2268133136225
SHORT CAKE CAKERY,4037.0,N MT JULIET RD,37122,MT JULIET,Mt. Juliet,9503,MT. JULIET,,3058.9571014457297,9500,9503,NORMAL,,14.961267004465855,-86.5134166066092,36.226649865471316
BENIKI NAIL SALON,4035.0,N MT JULIET RD,37122,MT JULIET,Mt. Juliet,9503,MT. JULIET,,3079.3313778503566,9500,9503,NORMAL,,14.9751612273187,-86.513425619345,36.22658725784011
LIBERTY TAX,3993.0,N MT JULIET RD,37122,MT JULIET,Mt. Juliet,9503,MT. JULIET,,3362.061355701058,9500,9503,NORMAL,,28.67215733855383,-86.5138617203158,36.225869662902305
GOURMET DONUTS,3993.0,N MT JULIET RD,37122,MT JULIET,Mt. Juliet,9503,MT. JULIET,,3335.1897167554553,9500,9503,NORMAL,,18.189741682351773,-86.5138565643413,36.22594598903761
MT JULIET DISCOUNT TOBACCO,3991.0,N MT JULIET RD,37122,MT JULIET,Mt. Juliet,9503,MT. JULIET,,3386.7660134991934,9500,9503,NORMAL,,20.95778431838901,-86.5138894977754,36.2257962912154
NEXT QUALITY HAIRCUTS,3975.0,N MT JULIET RD,37122,MT JULIET,Mt. Juliet,9503,MT. JULIET,,3426.537626260347,9500,9503,NORMAL,,17.978473234241285,-86.513909325153,36.225658858208796
SUPERIOR,312.0,BABB DR,37087,LEBANON,Lebanon,9501,LEBANON,,2325.7010513405717,9500,9501,NORMAL,,24.3007513110442,-86.323405516144,36.2293171523868
DOLLAR GENERAL,1229.0,N MT JULIET RD,37122,MT JULIET,Mt. Juliet,9503,MT. JULIET,,819.6224980046238,9500,9503,WATCH,,19.75398481243965,-86.5111154514139,36.1886746521889
ALLSTATE INSURANCE,1275.0,N MT JULIET RD,37122,MT JULIET,Mt. Juliet,9503,MT. JULIET,,301.6353124784425,9500,9503,WATCH,,23.349047122123586,-86.5108121944094,36.1902320952398
HOUSTONS MEATS,3930.0,N MT JULIET RD,37122,MT JULIET,Mt. Juliet,9503,MT. JULIET,,3682.109093165833,9500,9503,NORMAL,,15.71298606408293,-86.5148926462886,36.225009878010816
CRESTVIEW COMMONS,3735.0,N MT JULIET RD,37122,MT JULIET,Mt. Juliet,9503,MT. JULIET,,4473.600469130095,9500,9503,NORMAL,,31.15997618589987,-86.5142462197882,36.22219201784521
MT JULIET AUTO SPA,1002.0,CHARLIE DANIELS PKWY,37122,MT JULIET,Mt. Juliet,9503,MT. JULIET,,4634.759759131015,9500,9503,NORMAL,,18.453176108738244,-86.5140018512546,36.221539504832
CITY OF MT JULIET POLICE DEPT,1019.0,CHARLIE DANIELS PKWY,37122,MT JULIET,Mt. Juliet,9503,MT. JULIET,,4316.262336228033,9500,9503,NORMAL,,54.57763834423772,-86.5127649337733,36.22197155209701
PRECISION POOLS,3939.0,N MT JULIET RD,37122,MT JULIET,Mt. Juliet,9503,MT. JULIET,,3587.6593824406964,9500,9503,NORMAL,,46.554965749946724,-86.5139525530326,36.225084957915314
SONIC,3655.0,N MT JULIET RD,37122,MT JULIET,Mt. Juliet,9503,MT. JULIET,,4732.163198710935,9500,9503,NORMAL,,30.250739247557572,-86.514521174778,36.221488269881306
MOSS'S FLOWER SHOP,3690.0,N MT JULIET RD,37122,MT JULIET,Mt. Juliet,9503,MT. JULIET,,4713.052488808755,9500,9503,NORMAL,,10.024616570976711,-86.5154176182858,36.221844353065016
MT JULIET SALON,3690.0,N MT JULIET RD,37122,MT JULIET,Mt. Juliet,9503,MT. JULIET,,4721.190882622199,9500,9503,NORMAL,,8.063858981066375,-86.5154190329879,36.2216877576603
BILLY GOATS COFFEE,3690.0,N MT JULIET RD,37122,MT JULIET,Mt. Juliet,9503,MT. JULIET,,4733.58515154351,9500,9503,NORMAL,,7.016510326426303,-86.5153939444009,36.221594772139
Sutton Properties,3650.0,N MT JULIET RD,37122,MT JULIET,Mt. Juliet,9503,MT. JULIET,,4775.248415163062,9500,9503,NORMAL,,2.0734655627718617,-86.5151961070274,36.2210447950834
TENTHIRTYFIVE,3590.0,N  MT JULIET RD,37122,MT JULIET,Mt. Juliet,9503,MT. JULIET,,4664.034548050992,9500,9503,NORMAL,,3.747941438476372,-86.5153616977284,36.220110776075195
NUTRITION OUTLET,3588.0,N  MT JULIET RD,37122,MT JULIET,Mt. Juliet,9503,MT. JULIET,,4638.687469162579,9500,9503,NORMAL,,3.9375865353750443,-86.515444422801,36.22008852294622
SASSY DAISY BOUTIQUE,3586.0,N  MT JULIET RD,37122,MT JULIET,Mt. Juliet,9503,MT. JULIET,,4608.791073458238,9500,9503,NORMAL,,2.241867708808469,-86.5155417071405,36.2200606379562
DOCTORS DIET PROGRAM,3584.0,N  MT JULIET RD,37122,MT JULIET,Mt. Juliet,9503,MT. JULIET,,4581.72852268827,9500,9503,NORMAL,,2.1249053495347576,-86.5156290975464,36.2200316505526
ANDERSON INSURANCE,3582.0,N  MT JULIET RD,37122,MT JULIET,Mt. Juliet,9503,MT. JULIET,,4554.316652697121,9500,9503,NORMAL,,2.2086028006027343,-86.5157168069708,36.2199976832763
SIGNARAMA,3580.0,N  MT JULIET RD,37122,MT JULIET,Mt. Juliet,9503,MT. JULIET,,4539.118831683822,9500,9503,NORMAL,,3.043274203985389,-86.5157673697246,36.21998935981819
INVIGORATE HEALTH,3578.0,N  MT JULIET RD,37122,MT JULIET,Mt. Juliet,9503,MT. JULIET,,4527.754185470785,9500,9503,NORMAL,,2.3213730944215007,-86.5158003907445,36.21995666152902
CANDIED RIB COMPANY,3560.0,N  MT JULIET RD,37122,MT JULIET,Mt. Juliet,9503,MT. JULIET,,4598.575184924016,9500,9503,NORMAL,,6.565822168702526,-86.5155306059047,36.2197952838455
DRAGONFLY CONSIGNMENT,3548.0,N  MT JULIET RD,37122,MT JULIET,Mt. Juliet,9503,MT. JULIET,,4589.920651662362,9500,9503,NORMAL,,2.3328351012448065,-86.5155407337499,36.2196693374596
BARBER SHOP,3556.0,N  MT JULIET RD,37122,MT JULIET,Mt. Juliet,9503,MT. JULIET,,4594.943001830241,9500,9503,NORMAL,,0.42810017391671257,-86.5155311736452,36.219719739529104
LEE COMPANY,3530.0,N MT JULIET RD,37122,MT JULIET,Mt. Juliet,9503,MT. JULIET,,4546.530244780715,9500,9503,NORMAL,,17.560250694128328,-86.5156480171632,36.219364962576414
FRANKLIN FAMILY EYE CARE,3458.0,N MT JULIET RD,37122,MT JULIET,Mt. Juliet,9503,MT. JULIET,,4462.100267998744,9500,9503,NORMAL,,12.116614844136432,-86.5158218839918,36.21830561314962
WEST WILSON FAMILY PRACTICE CENTER,3500.0,N MT JULIET RD,37122,MT JULIET,Mt. Juliet,9503,MT. JULIET,,4459.762509143053,9500,9503,NORMAL,,10.34822541410382,-86.5159087790378,36.21904826102297
BUILDING 1,401.0,OLD PLEASANT GROVE RD,37122,MT JULIET,Mt. Juliet,9503,MT. JULIET,,3581.171148011827,9500,9503,NORMAL,,28.51085303725825,-86.5199146065682,36.1733846359835
BUILDING 2,401.0,OLD PLEASANT GROVE RD,37122,MT JULIET,Mt. Juliet,9503,MT. JULIET,,3409.0207914983944,9500,9503,NORMAL,,28.771523881135117,-86.5200138220583,36.17291832653621
GARAGE,401.0,OLD PLEASANT GROVE RD,37122,MT JULIET,Mt. Juliet,9503,MT. JULIET,,2253.200252496531,9500,9503,NORMAL,,70.26810432055413,-86.5218961613552,36.16992145850381
GARAGE,401.0,OLD PLEASANT GROVE RD,37122,MT JULIET,Mt. Juliet,9503,MT. JULIET,,2554.1446932628423,9500,9503,NORMAL,,123.32703873441388,-86.5197237569966,36.1705164819039
GARAGE,401.0,OLD PLEASANT GROVE RD,37122,MT JULIET,Mt. Juliet,9503,MT. JULIET,,2778.8215696129637,9500,9503,NORMAL,,68.02015494505841,-86.5190093187244,36.171060641522914
GARAGE,401.0,OLD PLEASANT GROVE RD,37122,MT JULIET,Mt. Juliet,9503,MT. JULIET,,2983.94843921957,9500,9503,NORMAL,,69.07924540243226,-86.52139738600701,36.17189231341451
CLUBHOUSE,401.0,OLD PLEASANT GROVE RD,37122,MT JULIET,Mt. Juliet,9503,MT. JULIET,,3865.631000969441,9500,9503,NORMAL,,27.01907160374037,-86.5205387282743,36.1742419551953
POOL,401.0,OLD PLEASANT GROVE RD,37122,MT JULIET,Mt. Juliet,9503,MT. JULIET,,3784.753964878713,9500,9503,NORMAL,,76.45129928335689,-86.5205725750168,36.174021474955886
CEMETERY,406.0,KRISEN CT,37122,MT JULIET,Unincorporated,9500,(Unincorporated),,2218.1045413022475,1900,9500,NORMAL,POSTAL_CITY_EXPOSURE,115.76225571436574,-86.5135897848159,36.14177414743871
BUILDING 17 - 1700's,1712.0,FAWNS CREEK XING,37122,MT JULIET,Mt. Juliet,9503,MT. JULIET,,3090.4287782566903,9500,9503,NORMAL,,7.275576240973564,-86.5037645558599,36.1630860411553
BUILDING 18 - 1800's,1815.0,FAWNS CREEK XING,37122,MT JULIET,Mt. Juliet,9503,MT. JULIET,,3005.8419315481433,9500,9503,NORMAL,,13.873041027702344,-86.5039613914116,36.16271735493969
BUILDING 16 - 1600's,1626.0,FAWNS CREEK XING,37122,MT JULIET,Mt. Juliet,9503,MT. JULIET,,2888.2941336043245,9500,9503,NORMAL,,10.202008908237303,-86.5032650328946,36.1626776232932
CLUBHOUSE,3400.0,FAWNS CREEK XING,37122,MT JULIET,Mt. Juliet,9503,MT. JULIET,,2906.0105499955016,9500,9503,NORMAL,,32.815307291150596,-86.5039063942958,36.162419797918496
POOL,2033.0,FAWNS CREEK XING,37122,MT JULIET,Mt. Juliet,9503,MT. JULIET,,2950.650055662857,9500,9503,NORMAL,,65.38341524599088,-86.5041563819732,36.162431530976704
BUILDING 19 - 1900's,1934.0,FAWNS CREEK XING,37122,MT JULIET,Mt. Juliet,9503,MT. JULIET,,3044.6380664411367,9500,9503,NORMAL,,15.61367471052785,-86.5045599278254,36.16251675693259
BUILDING 20 - 2000's,2034.0,FAWNS CREEK XING,37122,MT JULIET,Mt. Juliet,9503,MT. JULIET,,2849.4854737285823,9500,9503,NORMAL,,12.34960030909333,-86.5040607803246,36.1621470630763
BUILDING 21 - 2100's,2134.0,FAWNS CREEK XING,37122,MT JULIET,Mt. Juliet,9503,MT. JULIET,,2713.41437398526,9500,9503,NORMAL,,15.42332546376116,-86.5042394889754,36.16157156388499
BUILDING 22 - 2200's,2234.0,FAWNS CREEK XING,37122,MT JULIET,Mt. Juliet,9503,MT. JULIET,,2841.0735034277873,9500,9503,NORMAL,,11.830526952489604,-86.5047372323051,36.1616934804304
DEERFIELD APARTMENTS FAWN CREEK CROSSING,1620.0,FAWNS CREEK XING,37122,MT JULIET,Mt. Juliet,9503,MT. JULIET,,2815.4350881587175,9500,9503,NORMAL,,130.6734377692701,-86.5026440732387,36.16271327438971
BUILDING 23 - 2300's,2327.0,FAWNS CREEK XING,37122,MT JULIET,Mt. Juliet,9503,MT. JULIET,,2661.3788120837967,9500,9503,NORMAL,,15.736782384835836,-86.5047384878338,36.1610283230766
DEERFIELD APARTMENTS,2000.0,BUCKHEAD TRL,37122,MT JULIET,Mt. Juliet,9503,MT. JULIET,,3230.094051587245,9500,9503,NORMAL,,19.749151392651928,-86.5055252667635,36.16255244370421
CLUBHOUSE,2000.0,BUCKHEAD TRL,37122,MT JULIET,Mt. Juliet,9503,MT. JULIET,,3179.924218009706,9500,9503,NORMAL,,53.22026675528128,-86.505551407723,36.162353556493606
PLAYGROUND,1515.0,BUCKHEAD TRL,37122,MT JULIET,Mt. Juliet,9503,MT. JULIET,,2633.3371427003012,9500,9503,NORMAL,,141.13353815910872,-86.5053806009319,36.16035592425351
CARWASH,1518.0,BUCKHEAD TRL,37122,MT JULIET,Mt. Juliet,9503,MT. JULIET,,2612.1649271058354,9500,9503,NORMAL,,132.36033723240408,-86.5054226787098,36.160221735214215
DOG PARK,1119.0,BUCKHEAD TRL,37122,MT JULIET,Mt. Juliet,9503,MT. JULIET,,2667.0076377447285,9500,9503,NORMAL,,94.21149007628065,-86.5053449247455,36.1605334061289
BUILDING #3 GASTON PARK DR,3.0,GASTON PARK DR,37087,LEBANON,Lebanon,9501,LEBANON,,691.8776896997427,9500,9501,WATCH,,8.243096995539915,-86.3659616019695,36.23316965646691
BUILDING #4 GASTON PARK DR,4.0,GASTON PARK DR,37087,LEBANON,Lebanon,9501,LEBANON,,613.9760055962726,9500,9501,WATCH,,11.19516741122636,-86.3656906307025,36.23317350879752
BUILDING #5 GASTON PARK DR,5.0,GASTON PARK DR,37087,LEBANON,Lebanon,9501,LEBANON,,536.0274709745192,9500,9501,WATCH,,11.37750987875079,-86.3654150082266,36.23317104795691
BUILDING #6 HAMILTON STATION BLVD,6.0,HAMILTON STATION CROSSINGS,37087,LEBANON,Lebanon,9501,LEBANON,,345.7453752966821,9500,9501,WATCH,,10.155393895240234,-86.364742772527,36.23320651338002
BUILDING #7 HAMILTON STATION BLVD,7.0,HAMILTON STATION CROSSINGS,37087,LEBANON,Lebanon,9501,LEBANON,,283.8904411790449,9500,9501,WATCH,,11.253631720099229,-86.3645053886555,36.233205122822014
BUILDING #12 HAMILTON STATION CROSSINGS,12.0,HAMILTON STATION CROSSINGS,37087,LEBANON,Lebanon,9501,LEBANON,,495.9444609030094,9500,9501,WATCH,,10.915689040051213,-86.3647158857264,36.232531377837404
BUILDING #11 GASTON PARK DR,11.0,GASTON PARK DR,37087,LEBANON,Lebanon,9501,LEBANON,,642.3476367153403,9500,9501,WATCH,,8.416968031853761,-86.3654142005763,36.2325381608205
BUILDING #10 GASTON PARK DR,10.0,GASTON PARK DR,37087,LEBANON,Lebanon,9501,LEBANON,,707.2038314639623,9500,9501,WATCH,,7.798932359958325,-86.3656852208224,36.2325408140323
BUILDING #9 GASTON PARK DR,9.0,GASTON PARK DR,37087,LEBANON,Lebanon,9501,LEBANON,,776.4301319485196,9500,9501,WATCH,,6.764493902211897,-86.3659626554216,36.2325439906456
OFFICE,100.0,HAMILTON STATION CROSSINGS,37087,LEBANON,Lebanon,9501,LEBANON,,409.73813618881735,9500,9501,WATCH,,25.774204712163282,-86.3647110723487,36.23285084772429
BUILDING #18 HAMILTON STATION CROSSINGS,18.0,HAMILTON STATION CROSSINGS,37087,LEBANON,Lebanon,9501,LEBANON,,590.0541693561902,9500,9501,WATCH,,11.10618291500731,-86.3647003062133,36.23220991108028
BUILDING #19 HAMILTON STATION CROSSINGS,19.0,HAMILTON STATION CROSSINGS,37087,LEBANON,Lebanon,9501,LEBANON,,649.536205453435,9500,9501,WATCH,,11.339381067545535,-86.3646989589528,36.23202220785619
BUILDING # 17 BRONSON POINTE,17.0,BRONSON POINTE,37087,LEBANON,Lebanon,9501,LEBANON,,854.2397066427056,9500,9501,WATCH,,4.606062199734289,-86.3653840706496,36.2317069645589
BUILDING #20 HAMILTON STATION CROSSINGS,20.0,HAMILTON STATION CROSSINGS,37087,LEBANON,Lebanon,9501,LEBANON,,712.8853445421028,9500,9501,WATCH,,10.663050975991728,-86.3647005997946,36.231828743048794
BUILDING # 16 BRONSON POINTE,16.0,BRONSON POINTE,37087,LEBANON,Lebanon,9501,LEBANON,,896.9769224607232,9500,9501,WATCH,,6.493529152712415,-86.3656214229081,36.23170801551171
BUILDING # 15 BRONSON POINTE,15.0,BRONSON POINTE,37087,LEBANON,Lebanon,9501,LEBANON,,969.4996177965036,9500,9501,WATCH,,10.612674498673803,-86.3659801432296,36.2317023446806
BUILDING # 14 BRONSON POINTE,14.0,BRONSON POINTE,37087,LEBANON,Lebanon,9501,LEBANON,,1017.7084705671115,9500,9501,NORMAL,,12.554240625667433,-86.3662122148448,36.231706023137505
BUILDING # 21 BRONSON POINTE,21.0,BRONSON POINTE,37087,LEBANON,Lebanon,9501,LEBANON,,1120.557693078105,9500,9501,NORMAL,,10.80835534881351,-86.3664297493166,36.23148095082772
BUILDING # 22 BRONSON POINTE,22.0,BRONSON POINTE,37087,LEBANON,Lebanon,9501,LEBANON,,1067.1833049398017,9500,9501,NORMAL,,11.804231219585168,-86.3661808091054,36.231486225377516
BUILDING # 23 BRONSON POINTE,23.0,BRONSON POINTE,37087,LEBANON,Lebanon,9501,LEBANON,,1007.0396947636909,9500,9501,NORMAL,,9.765421190437669,-86.3658625600633,36.2314772626294
BUILDING # 24 BRONSON POINTE,24.0,BRONSON POINTE,37087,LEBANON,Lebanon,9501,LEBANON,,963.1566937669373,9500,9501,WATCH,,10.58432161226979,-86.3656203881323,36.23147637454201
BUILDING # 25 BRONSON POINTE,25.0,BRONSON POINTE,37087,LEBANON,Lebanon,9501,LEBANON,,921.4117910603774,9500,9501,WATCH,,11.333545740688805,-86.36538786161051,36.2314848674403
BUILDING #26 HAMILTON STATION CROSSINGS,26.0,HAMILTON STATION CROSSINGS,37087,LEBANON,Lebanon,9501,LEBANON,,861.379515977751,9500,9501,WATCH,,12.092765621761309,-86.3646968571625,36.2313855635958
BUILDING #29 HAMILTON STATION CROSSINGS,29.0,HAMILTON STATION CROSSINGS,37087,LEBANON,Lebanon,9501,LEBANON,,1096.1763201596657,9500,9501,NORMAL,,11.68096996021601,-86.3654490466789,36.230955859339716
BUILDING #30 HAMILTON STATION CROSSINGS,30.0,HAMILTON STATION CROSSINGS,37087,LEBANON,Lebanon,9501,LEBANON,,1156.6654941723882,9500,9501,NORMAL,,11.747970330425359,-86.3654548039122,36.230770644484
BUILDING #28 HAMILTON STATION CROSSINGS,28.0,HAMILTON STATION CROSSINGS,37087,LEBANON,Lebanon,9501,LEBANON,,1017.7259124819183,9500,9501,NORMAL,,13.129085630833469,-86.3646946028933,36.230931490026414
BUILDING #27 HAMILTON STATION CROSSINGS,27.0,HAMILTON STATION CROSSINGS,37087,LEBANON,Lebanon,9501,LEBANON,,941.6816396757818,9500,9501,WATCH,,12.725454741842585,-86.3646878426792,36.23114910348411
BUILDING #8 HAMILTON STATION BLVD,8.0,HAMILTON STATION CROSSINGS,37087,LEBANON,Lebanon,9501,LEBANON,,219.3559419498513,9500,9501,HIGH,BOUNDARY_RISK,9.772958744681246,-86.36423568587,36.2332047259725
BUILDING #13 HAMILTON STATION CROSSINGS,13.0,HAMILTON STATION CROSSINGS,37087,LEBANON,Lebanon,9501,LEBANON,,445.7069939060486,9500,9501,WATCH,,8.088951080755725,-86.3644070294401,36.232530702139904
BUILDING #31 HAMILTON STATION CROSSINGS,31.0,HAMILTON STATION CROSSINGS,37087,LEBANON,Lebanon,9501,LEBANON,,1438.1410192062806,9500,9501,NORMAL,,11.309045835780198,-86.3662119436581,36.2302279962047
BUILDING #32 HAMILTON STATION CROSSINGS,32.0,HAMILTON STATION CROSSINGS,37087,LEBANON,Lebanon,9501,LEBANON,,1395.4763636038979,9500,9501,NORMAL,,12.250864297010704,-86.3659504071345,36.230240904952815
BUILDING #33 HAMILTON STATION CROSSINGS,33.0,HAMILTON STATION CROSSINGS,37087,LEBANON,Lebanon,9501,LEBANON,,1365.0855532565574,9500,9501,NORMAL,,12.868915404812624,-86.3657190981113,36.23023763285431
LEBANON DENTAL CARE,1715.0,W MAIN ST,37087,LEBANON,Lebanon,9501,LEBANON,,3836.0805678441093,9500,9501,NORMAL,,18.541846045359133,-86.3454064115388,36.222102676217794
LEBANON MARKET,14860.0,LEBANON RD,37138,OLD HICKORY,Mt. Juliet,9503,MT. JULIET,DAVIDSON,367.10852682243416,9500,9503,WATCH,CROSS_COUNTY_POSTAL,13.134313143615195,-86.5745303446923,36.21831965098791
APPLE COLLISION CENTER,14920.0,LEBANON RD,37138,OLD HICKORY,Mt. Juliet,9503,MT. JULIET,DAVIDSON,323.63697403936095,9500,9503,WATCH,CROSS_COUNTY_POSTAL,38.51744185898291,-86.5756044502328,36.218092678659794
A&B AUTOMOTIVE,14904.0,LEBANON RD,37138,OLD HICKORY,Mt. Juliet,9503,MT. JULIET,DAVIDSON,365.8090355918342,9500,9503,WATCH,CROSS_COUNTY_POSTAL,29.239440708472305,-86.5753308315843,36.21816532837721
ENVIROMENTAL EQUIPMENT SOLUTIONS,1745.0,SE TATER PEELER RD,37090,LEBANON,Lebanon,9501,LEBANON,,2762.310232357961,9500,9501,NORMAL,,14.991264061742488,-86.2912839662659,36.1783309765398
CVS,1228.0,W  MAIN ST,37087,LEBANON,Lebanon,9501,LEBANON,,7727.951709361799,9500,9501,NORMAL,,8.57343673392567,-86.321447285241,36.21271079899489
 ,309.0,CARVER LN,37087,LEBANON,Lebanon,9501,LEBANON,,1133.9802676804961,9500,9501,NORMAL,,2.8901464116343405,-86.3316759362504,36.234099574567814
COOKSEYS MARKET,4721.0,CARTHAGE HWY,37087,LEBANON,Unincorporated,9500,(Unincorporated),,18971.98426467574,8000,9500,NORMAL,POSTAL_CITY_EXPOSURE,28.25664473213865,-86.1853578082198,36.23540941452601
BUILDERS FIRSTSOURCE,300.0,PRYOR CREEK RD,37090,LEBANON,Lebanon,9501,LEBANON,,571.0225044540722,9500,9501,WATCH,,196.06278708195035,-86.4255319398902,36.22714022251671
LEGENDS CARWASH,92.0,BELINDA PKWY,37122,MT JULIET,Mt. Juliet,9503,MT. JULIET,,1020.1029855520375,9500,9503,NORMAL,,48.787596451814174,-86.49972958755191,36.170505127555515
WEMA Station,40.0,RUTLEDGE LN,37087,LEBANON,Unincorporated,9500,(Unincorporated),,72.50473778738848,9500,9501,HIGH,POSTAL_CITY_EXPOSURE,35.375093011613096,-86.2885411485309,36.24279763960121
OPMT VISION CENTER,1715.0,W MAIN ST,37087,LEBANON,Lebanon,9501,LEBANON,,3794.94509813981,9500,9501,NORMAL,,17.990217267479178,-86.3455629992434,36.222149474506004
Wood-Tex Products,6906.0,LEBANON RD,37122,MT JULIET,Unincorporated,9500,(Unincorporated),,858.1165936521057,9500,9501,WATCH,POSTAL_CITY_EXPOSURE,64.62869517021436,-86.4393851676171,36.233102747491316
 ,33.0,NONAVILLE RD,37122,MT JULIET,Mt. Juliet,9503,MT. JULIET,,2686.3808160037165,9500,9503,NORMAL,,140.4570841857249,-86.5306884542103,36.2314755605679
PAPA MURPHYS,1416.0,W MAIN ST,37087,LEBANON,Lebanon,9501,LEBANON,,6945.173543474759,9500,9501,NORMAL,,15.491116298526867,-86.3294346140164,36.2150610976216
CHINA WOK,1418.0,W MAIN ST,37087,LEBANON,Lebanon,9501,LEBANON,,6437.027246704274,9500,9501,NORMAL,,21.39971421344358,-86.3312024826427,36.214865127950326
T-MOBILE,1418.0,W MAIN ST,37087,LEBANON,Lebanon,9501,LEBANON,,6369.165469071218,9500,9501,NORMAL,,12.552214692867137,-86.3315768397176,36.215087563361614
PETCO,1418.0,W MAIN ST,37087,LEBANON,Lebanon,9501,LEBANON,,6430.57886158446,9500,9501,NORMAL,,15.368494492037721,-86.3315493483215,36.215437950020494
SUN TAN CITY,1418.0,W MAIN ST,37087,LEBANON,Lebanon,9501,LEBANON,,6371.394998425455,9500,9501,NORMAL,,12.209064678206207,-86.3316149202065,36.21516923942361
DISCOUNT LIQUOR AND WINE,1418.0,W MAIN ST,37087,LEBANON,Lebanon,9501,LEBANON,,6373.466129582334,9500,9501,NORMAL,,22.520152778023245,-86.3316478916285,36.2152400435046
EXPRESS OIL CHANGE,1415.0,W MAIN ST,37087,LEBANON,Lebanon,9501,LEBANON,,7096.654571449571,9500,9501,NORMAL,,46.67317406243354,-86.3286353491787,36.216092110271816
GIFTS ON MAIN,1403.0,W MAIN ST,37087,LEBANON,Lebanon,9501,LEBANON,,7228.19047157177,9500,9501,NORMAL,,16.886899029248678,-86.3273640475209,36.215629536191216
COIFFURE'S BY DON,1411.0,W MAIN ST,37087,LEBANON,Lebanon,9501,LEBANON,,7165.964476949765,9500,9501,NORMAL,,12.852393036715979,-86.3275832143173,36.2158141227901
THOMAS KITCHEN & BATH INC,1342.0,W MAIN ST,37087,LEBANON,Lebanon,9501,LEBANON,,7459.83596846126,9500,9501,NORMAL,,31.036951761431975,-86.3274363129414,36.21479180626741
LITTLE CAESARS PIZZA,1342.0,W MAIN ST,37087,LEBANON,Lebanon,9501,LEBANON,,7461.774849664774,9500,9501,NORMAL,,54.39790421077887,-86.3273936717317,36.2147115228456
SCRUB HUB,1342.0,W MAIN ST,37087,LEBANON,Lebanon,9501,LEBANON,,7526.350500342401,9500,9501,NORMAL,,2.2617243883957694,-86.3271960448455,36.21479047022099
SERVPRO,1342.0,W MAIN ST,37087,LEBANON,Lebanon,9501,LEBANON,,7539.326474773012,9500,9501,NORMAL,,9.795845958748298,-86.3270916697533,36.214759390931704
JABBOK ALTERATIONS,1340.0,W MAIN ST,37087,LEBANON,Lebanon,9501,LEBANON,,7564.465352760088,9500,9501,NORMAL,,28.952092434607994,-86.326693519618,36.214674796461985
UTOPIAN SALON,1340.0,W MAIN ST,37087,LEBANON,Lebanon,9501,LEBANON,,7567.818569695911,9500,9501,NORMAL,,41.83149985266978,-86.3267866732363,36.2146687368943
ONCE NEW CONSIGNMENT ,1340.0,W MAIN ST,37087,LEBANON,Lebanon,9501,LEBANON,,7552.083393786332,9500,9501,NORMAL,,62.57812880948055,-86.3268316558499,36.21471362907089
ONCE NEW CONSIGNMENT ,1340.0,W MAIN ST,37087,LEBANON,Lebanon,9501,LEBANON,,7590.549264679494,9500,9501,NORMAL,,42.62578862563602,-86.326531933151,36.21459827443672
LEBANON PAWN,1331.0,W MAIN ST,37087,LEBANON,Lebanon,9501,LEBANON,,7411.147719674383,9500,9501,NORMAL,,39.198111751873974,-86.32577593685352,36.215079497263424
GG'S JEWELRY,1331.0,W MAIN ST,37087,LEBANON,Lebanon,9501,LEBANON,,7402.834026769115,9500,9501,NORMAL,,41.51447987636139,-86.325831580787,36.21510258004471
MO'CARA,1331.0,W MAIN ST,37087,LEBANON,Lebanon,9501,LEBANON,,7386.995979704349,9500,9501,NORMAL,,74.3180731128378,-86.3259769090156,36.21514720177039
VALVOLINE,1327.0,W MAIN ST,37087,LEBANON,Lebanon,9501,LEBANON,,7475.289227012441,9500,9501,NORMAL,,9.479559434060173,-86.3255011571601,36.214903554088515
HYUNDAI,1310.0,W MAIN ST,37087,LEBANON,Lebanon,9501,LEBANON,,7753.234967325883,9500,9501,NORMAL,,40.51438561493775,-86.3232249965391,36.2133733420141
BURGER KING,100.0,HARTMANN DR,37087,LEBANON,Lebanon,9501,LEBANON,,7498.140476299118,9500,9501,NORMAL,,34.28798569748266,-86.3224152598569,36.213811894499706
DOMINO'S,1020.0,W MAIN ST,37087,LEBANON,Lebanon,9501,LEBANON,,7694.547773708099,9500,9501,NORMAL,,14.86005143326626,-86.3152600107531,36.2111805379688
WRIGHT FARMS,502.0,AUGUSTA LN,37122,MT JULIET,Unincorporated,9500,(Unincorporated),,1934.4238640255992,9500,9503,NORMAL,POSTAL_CITY_EXPOSURE,216.8830191551425,-86.4965142613358,36.14881336649371
SPEEDWAY,610.0,N CUMBERLAND ST,37087,LEBANON,Lebanon,9501,LEBANON,,5004.80469807092,9500,9501,NORMAL,,17.275908149281598,-86.2905209212061,36.215305053323604
CES-CITY ELECTRIC SUPPLY,300.0,N CUMBERLAND ST,37087,LEBANON,Lebanon,9501,LEBANON,,5417.379197042822,9500,9501,NORMAL,,64.21213623697545,-86.2909762049619,36.21062027258274
KIA OF LEBANON,200.0,S  HARTMANN DR,37087,LEBANON,Lebanon,9501,LEBANON,,7892.371479066489,9500,9501,NORMAL,,122.04844831334273,-86.3229822336876,36.2094261593068
GIBBS PHARMACY,1427.0,W BADDOUR PKWY,37087,LEBANON,Lebanon,9501,LEBANON,,5740.3623950305255,9500,9501,NORMAL,,21.829297547870127,-86.3301662594835,36.22009338082779
VANDERBILT SURGERY CENTER,1401.0,W BADDOUR PKWY,37087,LEBANON,Lebanon,9501,LEBANON,,5916.330373046173,9500,9501,NORMAL,,33.791529216844154,-86.3266943697564,36.21920681231911
LEBANON SURGERY CENTER,1414.0,W BADDOUR PKWY,37087,LEBANON,Lebanon,9501,LEBANON,,6203.856714251181,9500,9501,NORMAL,,41.92165293676341,-86.3281330086343,36.21851318220891
LEBANON MEDICAL CENTER,1420.0,W BADDOUR PKWY,37087,LEBANON,Lebanon,9501,LEBANON,,6124.042399608796,9500,9501,NORMAL,,37.41048521900821,-86.3289697026515,36.21882907902831
UNIVERSITY PLACE,1430.0,W BADDOUR PKWY,37087,LEBANON,Lebanon,9501,LEBANON,,6050.403218179381,9500,9501,NORMAL,,88.32993570752714,-86.3297352588725,36.21914729929261
LEBANON BARBER SHOP,1303.0,W BADDOUR PKWY,37087,LEBANON,Lebanon,9501,LEBANON,,5905.913450725773,9500,9501,NORMAL,,37.319927833338326,-86.3227244795095,36.21918815910409
HOLLISTER,12011.0,VOLUNTEER BLVD,37122,MT JULIET,Mt. Juliet,9503,MT. JULIET,,3534.574731354193,9500,9503,NORMAL,,22.56368855641039,-86.4652846906644,36.17918290027469
LIFESTYLE COMMUNITIES,1101.0,WESTWOOD BLVD,37122,MT JULIET,Mt. Juliet,9503,MT. JULIET,,2524.5677402337146,9500,9503,NORMAL,,81.61614874018579,-86.508402447267,36.16327943888251
WATKINS APARTMENTS,900.0,CARTHAGE HWY,37087,LEBANON,Lebanon,9501,LEBANON,,259.52441344157535,9500,9501,WATCH,,24.35288108661954,-86.2716933332388,36.21114441070121
SUGGS CREEK GENERAL STORE,4429.0,STEWARTS FERRY PIKE,37122,MT JULIET,Unincorporated,9500,(Unincorporated),,8880.26299696254,1900,9500,NORMAL,POSTAL_CITY_EXPOSURE,34.95325637902513,-86.4952393344739,36.1188992533544
DIALYSIS CLINIC,2029.0,N MT JULIET RD,37122,MT JULIET,Mt. Juliet,9503,MT. JULIET,,1588.1880711180224,9500,9503,NORMAL,,64.21979901910449,-86.5174222974623,36.197309388406
FARMERS MARKET,143.0,S MAPLE ST,37087,LEBANON,Lebanon,9501,LEBANON,,6360.386901745731,9500,9501,NORMAL,,10.482020419381671,-86.2924437443093,36.2060933554508
FAKES & HOOKER,150.0,S MAPLE ST,37087,LEBANON,Lebanon,9501,LEBANON,,6580.988422141705,9500,9501,NORMAL,,109.51540206682814,-86.293040514645,36.20570138851691
ADAMS WHOLESALE,149.0,S MAPLE ST,37087,LEBANON,Lebanon,9501,LEBANON,,6471.556658142472,9500,9501,NORMAL,,35.300661051213034,-86.2926663937605,36.205765844559814
CARQUEST AUTO PARTS,152.0,S MAPLE ST,37087,LEBANON,Lebanon,9501,LEBANON,,6625.8575010674485,9500,9501,NORMAL,,66.28732293260953,-86.293098812597,36.2053916999722
KLEAN WAY CLEANERS,210.0,S MAPLE ST,37087,LEBANON,Lebanon,9501,LEBANON,,6793.810525468361,9500,9501,NORMAL,,16.191990953749567,-86.2933819745554,36.204329124324595
TOMMYS CAR CARE,207.0,S MAPLE ST,37087,LEBANON,Lebanon,9501,LEBANON,,6617.103012737506,9500,9501,NORMAL,,62.42698904336146,-86.2928313547264,36.20454365875618
LA HISPANA GROCERIES,214.0,S MAPLE ST,37087,LEBANON,Lebanon,9501,LEBANON,,6800.517002097076,9500,9501,NORMAL,,20.996993947755634,-86.2933306955996,36.204099758423
JOHNSON MONUMENT,215.0,S MAPLE ST,37087,LEBANON,Lebanon,9501,LEBANON,,6690.423690827925,9500,9501,NORMAL,,23.23211792988498,-86.2929148773985,36.204015352332505
ANTIQUES ON MAPLE,218.0,S MAPLE ST,37087,LEBANON,Lebanon,9501,LEBANON,,6834.205501419252,9500,9501,NORMAL,,25.161854681781744,-86.2933388579668,36.2037798992889
ATTIC INSULATORS,217.0,S MAPLE ST,37087,LEBANON,Lebanon,9501,LEBANON,,6750.31518259712,9500,9501,NORMAL,,27.21334428293049,-86.2930182186123,36.2037123452155
DWIGHT BARBER SHOP,225.0,S MAPLE ST,37087,LEBANON,Lebanon,9501,LEBANON,,6793.772377138446,9500,9501,NORMAL,,15.260503849073423,-86.293064372223,36.20342523668651
KODI KLIP,102.0,NEWBY ST,37087,LEBANON,Lebanon,9501,LEBANON,,6720.135356771967,9500,9501,NORMAL,,17.72026605588129,-86.2924457765772,36.202580778401604
STEVE MULL PLUMBING,302.0,S MAPLE ST,37087,LEBANON,Lebanon,9501,LEBANON,,6892.661412873841,9500,9501,NORMAL,,19.652428946534485,-86.2933821642739,36.203338707069996
GT TOWING,315.0,S MAPLE ST,37087,LEBANON,Lebanon,9501,LEBANON,,6980.214078994729,9500,9501,NORMAL,,17.868687003197916,-86.29330111083021,36.20239591441799
SOUTH MAPLE THIRFT,307.0,S MAPLE ST,37087,LEBANON,Lebanon,9501,LEBANON,,6844.536629175316,9500,9501,NORMAL,,54.949752762132555,-86.29298639629431,36.20278959091771
B C & M CLIMATE CONTROL,319.0,S MAPLE ST,37087,LEBANON,Lebanon,9501,LEBANON,,7102.071512101266,9500,9501,NORMAL,,30.968096354278195,-86.2935921115374,36.2020701234951
CUMBERLAND UNIVERSITY ESPORTS,216.0,LEEVILLE PIKE,37087,LEBANON,Lebanon,9501,LEBANON,,8159.731150416812,9500,9501,NORMAL,,9.960531962969508,-86.2965488169765,36.20024183342339
PHOENIX PLAZA,124.0,LEEVILLE PIKE,37087,LEBANON,Lebanon,9501,LEBANON,,7724.007334968924,9500,9501,NORMAL,,17.278065177052806,-86.2949618051946,36.20015845384678
MAPLE MANOR,420.0,S MAPLE ST,37087,LEBANON,Lebanon,9501,LEBANON,,8282.627883283194,9500,9501,NORMAL,,61.16418135682498,-86.2964665345782,36.1989794467807
WILSON COUNTY MEMORIAL PARK,815.0,S MAPLE ST,37087,LEBANON,Lebanon,9501,LEBANON,,7866.11530144934,9500,9501,NORMAL,,243.509940623071,-86.3010749956752,36.19267416305299
CEDAR GROVE CEMETERY,755.0,S MAPLE ST,37087,LEBANON,Lebanon,9501,LEBANON,,7898.9621190351645,9500,9501,NORMAL,,464.36767326139386,-86.2997954696077,36.19406767038429
WILSON COUNTY FUNERAL HOME AND MEMORIAL PARK,618.0,S MAPLE ST,37087,LEBANON,Lebanon,9501,LEBANON,,8174.708443925807,9500,9501,NORMAL,,36.46902505720334,-86.2990594576242,36.19577695312191
CEDAR GROVE CEMETERY,609.0,S MAPLE ST,37087,LEBANON,Lebanon,9501,LEBANON,,8050.463507226597,9500,9501,NORMAL,,15.829684502964502,-86.2983735314744,36.19583237645359
LEBANON MONUMENT CO,603.0,S MAPLE ST,37087,LEBANON,Lebanon,9501,LEBANON,,8145.637940732036,9500,9501,NORMAL,,26.05376987162111,-86.2980693471194,36.19640669580259
ZIPS,1110.0,S MAPLE ST,37087,LEBANON,Lebanon,9501,LEBANON,,6527.675175443498,9500,9501,NORMAL,,42.90292674416122,-86.3036716185451,36.18852685953201
STASH HOUSE VAPE AND SMOKE,415.0,N MT JULIET RD,37122,MT JULIET,Mt. Juliet,9503,MT. JULIET,,2287.087149227,9500,9503,NORMAL,,23.509107730331255,-86.5123100833918,36.176847842955695
MR BEST CLEANERS,1201.0,N MT JULIET RD,37122,MT JULIET,Mt. Juliet,9503,MT. JULIET,,891.5527811585532,9500,9503,WATCH,,7.717220909163364,-86.5109461184711,36.18840928113332
MIXED GRILL GYROS,1265.0,N MT JULIET RD,37122,MT JULIET,Mt. Juliet,9503,MT. JULIET,,358.89333146271457,9500,9503,WATCH,,35.945985833058906,-86.5108142639275,36.19001045188671
SEMS STORAGE,400.0,QUARRY LOOP RD,37122,MT JULIET,Lebanon,9501,LEBANON,,90.03926829038767,9500,9501,HIGH,POSTAL_CITY_EXPOSURE,16.588637824531265,-86.4308063080714,36.230677346223686
SQUARE DEAL,315.0,E MAIN ST,37087,LEBANON,Lebanon,9501,LEBANON,,4307.008892358668,9500,9501,NORMAL,,26.079848254540238,-86.28559253079712,36.207652214956994
STEED BROTHERS,309.0,E MAIN ST,37087,LEBANON,Lebanon,9501,LEBANON,,4369.946425766163,9500,9501,NORMAL,,21.302940677278304,-86.28588365508712,36.20771558762389
SPARKLE CLEANERS,319.0,E MAIN ST,37087,LEBANON,Lebanon,9501,LEBANON,,4214.144965802307,9500,9501,NORMAL,,15.81305952511712,-86.2852678244147,36.20762821201641
MT JULIET HELP CENTER,3425.0,N MT JULIET RD,37122,MT JULIET,Mt. Juliet,9503,MT. JULIET,,4696.433286719501,9500,9503,NORMAL,,23.04624993799819,-86.51487756616122,36.21692261432309
CLUB HOUSE,1039.0,CHATSWORTH DR,37138,OLD HICKORY,Mt. Juliet,9503,MT. JULIET,DAVIDSON,569.8219577329435,9500,9503,WATCH,CROSS_COUNTY_POSTAL,4.827304955671764,-86.5755318686477,36.21281549578921
 ,2013.0,ABBINGDON WAY,37138,OLD HICKORY,Mt. Juliet,9503,MT. JULIET,DAVIDSON,618.4640002366278,9500,9503,WATCH,CROSS_COUNTY_POSTAL,51.016583837477334,-86.5747945476084,36.212769806577
HOBBY LOBBY,66.0,BELINDA PKWY,37122,MT JULIET,Mt. Juliet,9503,MT. JULIET,,898.3024543287755,9500,9503,WATCH,,71.73945774116802,-86.5055017758196,36.171046982870195
TYREE ACCESS BOAT DOCK ,1278.0,TYREE ACCESS RD,37087,LEBANON,Unincorporated,9500,(Unincorporated),,7236.108324114593,8300,9500,NORMAL,POSTAL_CITY_EXPOSURE,54.75495733255493,-86.4641946366869,36.30334536916883
RIVERVIEW ACCESS ,431.0,BRAID DR,37122,MT JULIET,Unincorporated,9500,(Unincorporated),,5317.835245902628,8300,9500,NORMAL,POSTAL_CITY_EXPOSURE,26.482111678768792,-86.4746401870858,36.3038281179262
WHIZ KIDS,503.0,COLES FERRY PIKE,37087,LEBANON,Lebanon,9501,LEBANON,,5533.51835709163,9500,9501,NORMAL,,17.09001246842631,-86.2952817532137,36.218050711705594
CALLIS VENTURES,111.0,N GREENWOOD ST,37087,LEBANON,Lebanon,9501,LEBANON,,6810.313864101998,9500,9501,NORMAL,,18.399703129898207,-86.2956399782874,36.210006110429
LEBANON GIRLS SOFTBALL ASSOCIATION,651.0,CAINSVILLE RD,37087,LEBANON,Lebanon,9501,LEBANON,,4691.583656892519,9500,9501,NORMAL,,55.12001897567816,-86.2817597403317,36.19458318814131
FIELD #4 VETERANS FIELD,410.0,BAIRD PARK CIR,37087,LEBANON,Lebanon,9501,LEBANON,,4892.436381585426,9500,9501,NORMAL,,80.53355883481807,-86.2821601849258,36.196668046692615
FIELD #5 BABE RUTH ..LIONS CLUB,421.0,BAIRD PARK CIR,37087,LEBANON,Lebanon,9501,LEBANON,,5384.951629880556,9500,9501,NORMAL,,57.30873887843722,-86.2843079299872,36.1974321608567
FIELD #6 LEBANON YOUTH BASEBALL..ROTARY DIXIE YOUTH,423.0,BAIRD PARK CIR,37087,LEBANON,Lebanon,9501,LEBANON,,5621.56445336991,9500,9501,NORMAL,,26.402052308345088,-86.2850964525507,36.197193375559515
FIELD #7 LEBANON YOUTH BASEBALL ROTARY DIXIE YOUTH,507.0,PARK DR,37087,LEBANON,Lebanon,9501,LEBANON,,5970.4410713185325,9500,9501,NORMAL,,79.05406928760785,-86.28596395558492,36.19653662890649
FIELD #8 LEBANON YOUTH BASEBALL ROTARY DIXIE YOUTH,511.0,PARK DR,37087,LEBANON,Lebanon,9501,LEBANON,,6078.489382584035,9500,9501,NORMAL,,65.72985133656323,-86.2863019099368,36.19588113177651
FIELD #9 LEBANON YOUTH BASEBALL ROTARY DIXIE YOUTH,513.0,PARK DR,37087,LEBANON,Lebanon,9501,LEBANON,,5871.291769762972,9500,9501,NORMAL,,79.98006240282066,-86.2856343633281,36.1955942800391
FIELD #2,651.0,CAINSVILLE RD,37087,LEBANON,Lebanon,9501,LEBANON,,4792.444179931112,9500,9501,NORMAL,,45.7854237168561,-86.2820993403537,36.19461472885968
FIELD # 1,655.0,CAINSVILLE RD,37087,LEBANON,Lebanon,9501,LEBANON,,4573.90288639252,9500,9501,NORMAL,,61.48007343097405,-86.2813693822676,36.1945067443658
FIELD #3,653.0,CAINSVILLE RD,37087,LEBANON,Lebanon,9501,LEBANON,,4697.591000698708,9500,9501,NORMAL,,51.63690680443047,-86.28173548740212,36.1948778771504
HAROLD DEAN GREER RECREATION CENTER,416.0,BAIRD PARK CIR,37087,LEBANON,Lebanon,9501,LEBANON,,5145.247041761568,9500,9501,NORMAL,,49.76964730701754,-86.2830425698354,36.19651632842919
LEBANON YOUTH BASEBALL KIWANIS,415.0,GULF ST,37087,LEBANON,Lebanon,9501,LEBANON,,5853.518702906564,9500,9501,NORMAL,,54.81726085942551,-86.287128604708,36.198487573577594
FIELD #11 LEBANON YOUTH BASEBALL KIWANIS,415.0,GULF ST,37087,LEBANON,Lebanon,9501,LEBANON,,5787.681064161716,9500,9501,NORMAL,,47.76631157910018,-86.2870695934456,36.1987652730124
FIELD #10 LEBANON YOUTH BASEBALL KIWANIS,417.0,GULF ST,37087,LEBANON,Lebanon,9501,LEBANON,,5923.510396187931,9500,9501,NORMAL,,45.36231269464205,-86.2871899211351,36.1981965158914
IMMANUEL BAPTIST,214.0,CASTLE HEIGHTS AVE,37087,LEBANON,Lebanon,9501,LEBANON,,9604.739069680114,9500,9501,NORMAL,,47.8326552748421,-86.3084501135458,36.205599207436194
SECOND GYM,214.0,CASTLE HEIGHTS AVE,37087,LEBANON,Lebanon,9501,LEBANON,,9424.43531158335,9500,9501,NORMAL,,181.22331554633752,-86.3088718936007,36.20607732321831
GYM,707.0,WESTWOOD DR,37087,LEBANON,Lebanon,9501,LEBANON,,9580.889193498855,9500,9501,NORMAL,,166.25032668642612,-86.3093672801641,36.2056319616526
MOTHERS DAY OUT,214.0,CASTLE HEIGHTS AVE,37087,LEBANON,Lebanon,9501,LEBANON,,9616.014240314424,9500,9501,NORMAL,,135.02887348913413,-86.3090543551741,36.205544249020605
YOUTH BUILDING,298.0,CASTLE HEIGHTS AVE,37087,LEBANON,Lebanon,9501,LEBANON,,9782.891840170789,9500,9501,NORMAL,,9.91448982872524,-86.3083747832796,36.2051125760495
SHUTES BRANCH MOUNTAIN BIKE,131.0,SHUTES BRANCH RD,37138,OLD HICKORY,Unincorporated,9500,(Unincorporated),DAVIDSON,3471.9167169966404,8305,9500,NORMAL,CROSS_COUNTY_POSTAL,29.18305193783511,-86.56779582127251,36.24664257773681
STARBUCKS,604.0,S CUMBERLAND ST,37087,LEBANON,Lebanon,9501,LEBANON,,6643.235868951196,9500,9501,NORMAL,,30.810770578844924,-86.2944038955676,36.193519550865105
HAMPTON INN,1065.0,FRANKLIN RD,37087,LEBANON,Lebanon,9501,LEBANON,,4040.8433386614124,9500,9501,NORMAL,,41.37593031653535,-86.3212622666142,36.183630815105104
OUTBACK,1125.0,FRANKLIN RD,37087,LEBANON,Lebanon,9501,LEBANON,,4124.141107714373,9500,9501,NORMAL,,42.19381115210023,-86.3225433557129,36.18401607912872
AMERICAN JEWELRY CO,401.0,S MT JULIET RD,37122,MT JULIET,Mt. Juliet,9503,MT. JULIET,,1652.312037558975,9500,9503,NORMAL,,9.664828995722823,-86.5129266833536,36.1663328308831
VERIZON,703.0,S CUMBERLAND ST,37087,LEBANON,Lebanon,9501,LEBANON,,5618.000512556686,9500,9501,NORMAL,,19.222100109953672,-86.2959452583762,36.18808498127011
BOOT BARN,1008.0,CUMBERLAND CENTER BLVD,37087,LEBANON,Lebanon,9501,LEBANON,,4195.047682897544,9500,9501,NORMAL,,39.294475247306345,-86.2943780683831,36.183226390528716
ANYTIME FITNESS,200.0,MADDOX SIMPSON PKWY,37090,LEBANON,Lebanon,9501,LEBANON,,1776.5928515155533,9500,9501,NORMAL,,29.035189319784667,-86.299085111945,36.17300891368529
MAYEKAWA MYCOM,130.0,SMART PARK DR,37090,LEBANON,Lebanon,9501,LEBANON,,1866.773983720112,9500,9501,NORMAL,,66.62005900783424,-86.2916110758092,36.1751742427372
TCT STAINLESS STEEL,711.0,MADDOX SIMPSON PKWY,37090,LEBANON,Lebanon,9501,LEBANON,,445.4481617125651,9500,9501,WATCH,,94.44769607389753,-86.2789620825221,36.181039897655005
CHEROKEE STEEL INC,902.0,HUTCHINSON PL,37090,LEBANON,Lebanon,9501,LEBANON,,925.147877713746,9500,9501,WATCH,,61.30546040577056,-86.2779994530307,36.18231832214718
PFG LESTER & RYDER TRUCK LEASING,905.0,HUTCHINSON PL,37090,LEBANON,Lebanon,9501,LEBANON,,1431.5539946278282,9500,9501,NORMAL,,37.1196347633475,-86.2779690390394,36.1837119144771
METOKOTE,1540.0,CAINSVILLE RD,37090,LEBANON,Lebanon,9501,LEBANON,,1200.2970538832249,9500,9501,NORMAL,,176.75380546466707,-86.2756035531236,36.18490102128982
SOUTH HALL,303.0,MCCLAIN AVE,37087,LEBANON,Lebanon,9501,LEBANON,,8416.244179001898,9500,9501,NORMAL,,95.903166645191,-86.29854156518,36.202719546476
C.U. LAWLER HOUSE,310.0,MCCLAIN AVE,37087,LEBANON,Lebanon,9501,LEBANON,,8414.984709965018,9500,9501,NORMAL,,30.34585835769015,-86.2984236250081,36.2024016468842
SGA HOUSE,235.0,CUMBERLAND DR,37087,LEBANON,Lebanon,9501,LEBANON,,7979.4943188778425,9500,9501,NORMAL,,14.826734637303012,-86.2969575585955,36.202604417079215
SOFTBALL FIELDHOUSE,223.0,S TARVER AVE,37087,LEBANON,Lebanon,9501,LEBANON,,8974.002010545712,9500,9501,NORMAL,,21.598732248383072,-86.3007431094767,36.20352134261638
C.U. DIRECTOR OF RESIDENCE,203.0,S GREENWOOD ST,37087,LEBANON,Lebanon,9501,LEBANON,,7584.835553490826,9500,9501,NORMAL,,26.02380786443677,-86.2964951786107,36.205182983063814
C. U. PRESIDENT RESIDENCE,516.0,W SPRING ST,37087,LEBANON,Lebanon,9501,LEBANON,,9520.880115914066,9500,9501,NORMAL,,46.47253668305512,-86.304236388649,36.2060038429546
CUMBERLAND SKIN DERMATOLOGY,107.0,GLIDEPATH WAY,37090,LEBANON,Lebanon,9501,LEBANON,,4143.281392645199,9500,9501,NORMAL,,26.83064843104713,-86.3196344892295,36.18371897019169
MARISTONE,140.0,PROVIDENCE TRL,37122,MT JULIET,Mt. Juliet,9503,MT. JULIET,,2260.732006522564,9500,9503,NORMAL,,71.85137579657209,-86.5041808248812,36.16674672309581
SHUTES BRANCH,5181.0,SAUNDERSVILLE RD,37138,OLD HICKORY,Unincorporated,9500,(Unincorporated),DAVIDSON,2688.893544661759,8305,9500,NORMAL,CROSS_COUNTY_POSTAL,88.69089124951454,-86.5702638654255,36.247742227396316
PRIMEROSE SCHOOL,111.0,BELINDA PKWY,37122,MT JULIET,Mt. Juliet,9503,MT. JULIET,,1312.7625343219086,9500,9503,NORMAL,,71.06041904402944,-86.4998507721382,36.169682057465
PROVIDENCE ANIMAL HOSPITAL,113.0,BELINDA PKWY,37122,MT JULIET,Mt. Juliet,9503,MT. JULIET,,1288.8543306671165,9500,9503,NORMAL,,42.59156505817325,-86.4991752141843,36.16981838888769
BUILDING 11,307.0,CAINSVILLE CT,37087,LEBANON,Lebanon,9501,LEBANON,,6116.81948774883,9500,9501,NORMAL,,21.693376412184104,-86.2873285557032,36.1953776026009
BUILDING 1,307.0,CAINSVILLE CT,37087,LEBANON,Lebanon,9501,LEBANON,,6077.972319576108,9500,9501,NORMAL,,21.414061074994905,-86.2876049178211,36.19516758365331
BUILDING 2,307.0,CAINSVILLE CT,37087,LEBANON,Lebanon,9501,LEBANON,,6139.259390782393,9500,9501,NORMAL,,21.559988918959995,-86.2879496315392,36.19522875906011
BUILDING 4,307.0,CAINSVILLE CT,37087,LEBANON,Lebanon,9501,LEBANON,,6186.483407964688,9500,9501,NORMAL,,19.575952978577995,-86.2882045739972,36.19527751064913
BUILDING 6,307.0,CAINSVILLE CT,37087,LEBANON,Lebanon,9501,LEBANON,,6241.256321952928,9500,9501,NORMAL,,19.431462716673188,-86.2884836822089,36.19533812642951
BUILDING 9,307.0,CAINSVILLE CT,37087,LEBANON,Lebanon,9501,LEBANON,,6290.240625316009,9500,9501,NORMAL,,19.42872248468837,-86.2887348117852,36.195389986264495
BUILDING 10,307.0,CAINSVILLE CT,37087,LEBANON,Lebanon,9501,LEBANON,,6238.931990684714,9500,9501,NORMAL,,23.024703387999534,-86.2888250146184,36.19519733838101
BUILDING 8 ,307.0,CAINSVILLE CT,37087,LEBANON,Lebanon,9501,LEBANON,,6191.686000783996,9500,9501,NORMAL,,26.371152772297684,-86.288563921134,36.19515623447732
BUILDING 7 ,307.0,CAINSVILLE CT,37087,LEBANON,Lebanon,9501,LEBANON,,6145.843250438239,9500,9501,NORMAL,,21.284286861359593,-86.2883228158342,36.195109834376595
BUILDING 5,307.0,CAINSVILLE CT,37087,LEBANON,Lebanon,9501,LEBANON,,6101.594388679853,9500,9501,NORMAL,,20.163965365596432,-86.2880787821754,36.19506773337381
BUILDING 3,307.0,CAINSVILLE CT,37087,LEBANON,Lebanon,9501,LEBANON,,6058.544345137551,9500,9501,NORMAL,,22.786555518403855,-86.2878121352387,36.19503570213292
EXPRESS PULL N SAVE,464.0,CAINSVILLE RD,37087,LEBANON,Lebanon,9501,LEBANON,,5636.656575145527,9500,9501,NORMAL,,129.63951327170767,-86.2862855161018,36.19429412279481
HARRIS SCRAP METAL,464.0,CAINSVILLE RD,37087,LEBANON,Lebanon,9501,LEBANON,,5704.124386038347,9500,9501,NORMAL,,21.743477193889817,-86.2867093697148,36.194357975501184
BROOKS HOUSE,219.0,VIRGINIA AVE,37087,LEBANON,Lebanon,9501,LEBANON,,3355.7510988336758,9500,9501,NORMAL,,54.16452717016601,-86.2832605671158,36.2096620157218
WILSON COUNTY CIVIC CENTER,321.0,E MARKET ST,37087,LEBANON,Lebanon,9501,LEBANON,,3939.0293014603362,9500,9501,NORMAL,,30.47685583781369,-86.2849271950121,36.20877689597453
ORGAIN READY MIX,1673.0,SE TATER PEELER RD,37090,LEBANON,Lebanon,9501,LEBANON,,2830.346308899496,9500,9501,NORMAL,,86.11832888063589,-86.2913415308912,36.179247781201006
A1 FUNCYCLES,5776.0,E DIVISION ST,37122,LEBANON,Lebanon,9501,LEBANON,,102.30031215341542,9500,9501,HIGH,BOUNDARY_RISK,53.13478212805802,-86.4210448522529,36.1900097399287
TRINITY RECYCLING,5690.0,E DIVISION ST,37122,LEBANON,Lebanon,9501,LEBANON,,45.27007318499628,9500,9501,CRITICAL,BOUNDARY_RISK,94.50546541297203,-86.4225409350836,36.190054588088415
STONEBRIDGE,100.0,STONEBRIDGE BLVD,37090,LEBANON,Lebanon,9501,LEBANON,,533.3223910091433,9500,9501,WATCH,,91.77230028305443,-86.3821216501982,36.185422002210295
DUNLAP RV CENTER,1010.0,SAFARI CAMP RD,37090,LEBANON,Lebanon,9501,LEBANON,,502.8048076290006,9500,9501,WATCH,,55.12504839048181,-86.3920783304868,36.18413088896361
AQUA SPORT MARINE,6016.0,LEEVILLE PIKE,37090,LEBANON,Lebanon,9501,LEBANON,,2068.7576181023046,9500,9501,NORMAL,,51.10131216348963,-86.3998044707467,36.185669810348294
MACHELLE'S TOTAL LOOK,307.0,W MAIN ST,37087,LEBANON,Lebanon,9501,LEBANON,,7219.08081255823,9500,9501,NORMAL,,7.354409812990313,-86.2968070588515,36.209069804782295
ADELITA'S HOMEMADE ICE CREAM ,307.0,W MAIN ST,37087,LEBANON,Lebanon,9501,LEBANON,,7229.587127640077,9500,9501,NORMAL,,6.4718716662675835,-86.296819997924,36.208989295500686
STATE FARM,307.0,W MAIN ST,37087,LEBANON,Lebanon,9501,LEBANON,,7242.214147804181,9500,9501,NORMAL,,19.079197885142552,-86.2968358281766,36.208895068638206
ATT STORE,604.0,S CUMBERLAND ST,37087,LEBANON,Lebanon,9501,LEBANON,,6667.434749659317,9500,9501,NORMAL,,38.38439678039537,-86.29432082063292,36.193663021352016
MATTRESS,604.0,S CUMBERLAND ST,37087,LEBANON,Lebanon,9501,LEBANON,,6693.874552439055,9500,9501,NORMAL,,24.587297665330656,-86.2942636530254,36.1937957399593
SEATS STUDIO,,,,,,9501,LEBANON,,1700.7476029876211,9500,9501,NORMAL,,,-86.2701298571552,36.198076443293886
ELZIE D PATTON ELEMENTARY,1003.0,WOODRIDGE PL,37122,MT JULIET,Mt. Juliet,9503,MT. JULIET,,4334.160544767157,9500,9503,NORMAL,,14.011100401118025,-86.5099680776835,36.218704141285606
MT JULIET MIDDLE SCHOOL,3565.0,N MT JULIET RD,37122,MT JULIET,Mt. Juliet,9503,MT. JULIET,,4984.522398025644,9500,9503,NORMAL,,244.96702390617227,-86.5142941280253,36.220277474893706
HARBOR OF LOVE CHAPEL,707.0,MULBERRY ST,37087,LEBANON,Lebanon,9501,LEBANON,,3443.7739620671573,9500,9501,NORMAL,,77.61107481677848,-86.2852313766811,36.2167469898697
TENNESSEE COLLEGE OF APPLIED TECHNOLOGY,415.0,TENNESSEE BLVD,37087,LEBANON,Lebanon,9501,LEBANON,,4646.940233804641,9500,9501,NORMAL,,129.83136971335858,-86.2838961120166,36.20058707741841
FINCHUM WELDING,2516.0,NONAVILLE RD,37122,MT JULIET,Unincorporated,9500,(Unincorporated),,30.946667418197986,9500,9503,CRITICAL,POSTAL_CITY_EXPOSURE,192.2324630160459,-86.5221891359588,36.265049292677496
A+STORAGE,166.0,BELINDA PKWY,37122,MT JULIET,Mt. Juliet,9503,MT. JULIET,,791.8866903205417,9500,9503,WATCH,,74.40653872954312,-86.4910442218708,36.17203703077038
GRACE BAPTIST CHURCH,201.0,BELINDA PKWY,37122,MT JULIET,Mt. Juliet,9503,MT. JULIET,,1236.0196580430604,9500,9503,NORMAL,,66.11810375483249,-86.4902689225111,36.17088719829711
SUBWAY,8736.0,STEWARTS FERRY PIKE,37122,MT JULIET,Unincorporated,9500,(Unincorporated),,2648.7702842588983,9500,9501,NORMAL,POSTAL_CITY_EXPOSURE,150.29482208094444,-86.4212404033621,36.11225625108181
NISSAN,100.0,LOGISTICS DR,37090,LEBANON,Unincorporated,9500,(Unincorporated),,7551.154688385925,7500,9500,NORMAL,POSTAL_CITY_EXPOSURE,66.43724804588334,-86.4247750004027,36.0723910614149
FLOWERS BAKING,160.0,N EASTGATE CT,37090,LEBANON,Lebanon,9501,LEBANON,,695.9789773772633,9500,9501,WATCH,,76.45717488084217,-86.4110296504742,36.18885116670871
VERIZON CELL TOWER,14861.0,CENTRAL PIKE,37090,LEBANON,Lebanon,9501,LEBANON,,187.95684928482314,9500,9501,HIGH,BOUNDARY_RISK,473.8574722046194,-86.403935141403,36.13557221180161
THE PAVILION THS,1406.0,CORNERSTONE PL,37087,LEBANON,Lebanon,9501,LEBANON,,4307.418399043018,9500,9501,NORMAL,,33.26331740604898,-86.3272350489892,36.223673461947705
COOKS PEST CONTROL,1215.0,S HARTMANN DR,37090,LEBANON,Lebanon,9501,LEBANON,,1212.53554032628,9500,9501,NORMAL,,50.041420106758906,-86.3088476080562,36.174530303845195
WESTGATE APARTMENTS,1407.0,TOSHIBA DR,37087,LEBANON,Lebanon,9501,LEBANON,,1326.191545795806,9500,9501,NORMAL,,99.08215957618894,-86.323827641731,36.23211312292661
WESTGATE APARTMENTS,1413.0,TOSHIBA DR,37087,LEBANON,Lebanon,9501,LEBANON,,1175.8336982512874,9500,9501,NORMAL,,39.48112144832394,-86.3248196096487,36.23228119024861
WILLOW TREE,1416.0,ALHAMBRA DR,37087,LEBANON,Lebanon,9501,LEBANON,,493.9519872307684,9500,9501,WATCH,,155.24465485822898,-86.3244532215042,36.23450253039619
PEDIATRIC DENTISTRY,103.0,PHYSICIANS WAY,37090,LEBANON,Lebanon,9501,LEBANON,,2468.3392136012026,9500,9501,NORMAL,,19.224961796416004,-86.3264595519565,36.179824068684105
TENNESSEE ONCOLOGY,103.0,PHYSICIANS WAY,37090,LEBANON,Lebanon,9501,LEBANON,,2439.173953019884,9500,9501,NORMAL,,6.783028158465144,-86.3269427789133,36.17979355887302
CHILDRENS CLINIC EAST,103.0,PHYSICIANS WAY,37090,LEBANON,Lebanon,9501,LEBANON,,2440.094566604462,9500,9501,NORMAL,,14.397473195655891,-86.3271183466908,36.1798108395219
TOTTS LANDING,322.0,MCCLAIN AVE,37087,LEBANON,Lebanon,9501,LEBANON,,8895.445623781336,9500,9501,NORMAL,,25.073105836100748,-86.3001647026527,36.2025372510435
CITY OF LEBANON NATURAL GAS,215.0,MADDOX SIMPSON PKWY,37090,LEBANON,Lebanon,9501,LEBANON,,1663.0855609000587,9500,9501,NORMAL,,155.08661092559436,-86.2940509840851,36.1749396831356
PROVIDENCE UNITED METHODIST,2293.0,S  RUTLAND RD,37122,MT JULIET,Mt. Juliet,9503,MT. JULIET,,1946.5310992899315,9500,9503,NORMAL,,29.200228885871628,-86.4734783517666,36.1671926368263
COURTYARD BY MARRIOTT,1980.0,PROVIDENCE PKWY,37122,MT JULIET,Mt. Juliet,9503,MT. JULIET,,326.1645979877921,9500,9503,WATCH,,65.35353578139608,-86.5179160445927,36.16414781010601
R&M PRINTING,7819.0,LEBANON RD,37122,LEBANON,Unincorporated,9500,(Unincorporated),,3725.624091832986,9500,9501,NORMAL,POSTAL_CITY_EXPOSURE,22.86803604280711,-86.4541065630309,36.23573468338371
KINSLOW VET,109.0,SOUTHSIDE PARK DR,37090,LEBANON,Lebanon,9501,LEBANON,,1693.3384946862495,9500,9501,NORMAL,,44.078462411123276,-86.3007486669872,36.171058957569116
FARM BUREAU,117.0,SOUTHSIDE PARK DR,37090,LEBANON,Lebanon,9501,LEBANON,,1278.444193472944,9500,9501,NORMAL,,47.56583905585706,-86.3006595881069,36.16990315169562
JYI,115.0,STUMPY LN,37090,LEBANON,Lebanon,9501,LEBANON,,138.1436254329667,9500,9501,HIGH,BOUNDARY_RISK,17.149688196235825,-86.3100631051379,36.16755013686218
GUN SHOP,3973.0,N MT JULIET RD,37122,MT JULIET,Mt. Juliet,9503,MT. JULIET,,3415.9345765607964,9500,9503,NORMAL,,8.398211794729125,-86.51381986323611,36.22562927534619
PANDA EXPRESS,300.0,PLEASANT GROVE RD,37122,MT JULIET,Mt. Juliet,9503,MT. JULIET,,2630.9171872409515,9500,9503,NORMAL,,27.004092288774597,-86.5130018808265,36.17865793223841
STARBUCKS,621.0,S MT JULIET RD,37122,MT JULIET,Mt. Juliet,9503,MT. JULIET,,789.9045185657711,9500,9503,WATCH,,21.761310407309143,-86.5143393849179,36.1627183211704
SUPERCUTS,621.0,S MT JULIET RD,37122,MT JULIET,Mt. Juliet,9503,MT. JULIET,,792.5749901666668,9500,9503,WATCH,,21.653753701990112,-86.51434474038122,36.162666790801794
MOE'S,621.0,S MT JULIET RD,37122,MT JULIET,Mt. Juliet,9503,MT. JULIET,,806.0099581985179,9500,9503,WATCH,,13.944009320168762,-86.514374504821,36.16245419069998
CEDAR CREEK MARINA,9120.0,SAUNDERSVILLE RD,37122,MT JULIET,Mt. Juliet,9503,MT. JULIET,,54.74319685670519,9500,9503,HIGH,BOUNDARY_RISK,102.10187506536785,-86.511437169237,36.273788858891834
CEADR CREEK ACCESS/CAMPGROUNDS,9264.0,SAUNDERSVILLE RD,37122,MT JULIET,Unincorporated,9500,(Unincorporated),,422.9805184267629,9500,9503,WATCH,POSTAL_CITY_EXPOSURE,298.4217075610053,-86.5112565437508,36.277743114563194
CATO WAREHOUSE,1010.0,MADDOX SIMPSON PKWY,37090,LEBANON,Lebanon,9501,LEBANON,,466.5848299633866,9500,9501,WATCH,,60.95566169772277,-86.2686600162019,36.18300964859082
KHS AMERICA,12020.0,VOLUNTEER BLVD,37122,MT JULIET,Mt. Juliet,9503,MT. JULIET,,2462.2301370196815,9500,9503,NORMAL,,88.95248027840518,-86.47089795626111,36.17941842056789
BENTLEY'S,11674.0,LEBANON RD,37122,MT JULIET,Mt. Juliet,9503,MT. JULIET,,2685.328241173914,9500,9503,NORMAL,,18.693957328257905,-86.521483219336,36.2307653868554
TDS,11646.0,LEBANON RD,37122,MT JULIET,Mt. Juliet,9503,MT. JULIET,,2564.7268092362724,9500,9503,NORMAL,,24.166906763566114,-86.5208727074849,36.23066535561211
STARBUCKS,11309.0,LEBANON RD,37122,MT JULIET,Mt. Juliet,9503,MT. JULIET,,1402.1400373775386,9500,9503,NORMAL,,13.073893553050755,-86.5150699824491,36.23133102122101
CROSSROADS SALON,6000.0,TROUSDALE FERRY PIKE,37090,LEBANON,Unincorporated,9500,(Unincorporated),,19480.674034265838,8000,9500,NORMAL,POSTAL_CITY_EXPOSURE,19.396294790067877,-86.1744853751523,36.198830179247395
LITTLE PAWS,14374.0,LEBANON RD,37138,OLD HICKORY,Mt. Juliet,9503,MT. JULIET,DAVIDSON,172.03937678740084,9500,9503,HIGH,CROSS_COUNTY_POSTAL,12.873275551867339,-86.5661249062613,36.21988556764121
HDP MOTORCYCLE,14346.0,LEBANON RD,37138,OLD HICKORY,Mt. Juliet,9503,MT. JULIET,DAVIDSON,148.31383284499455,9500,9503,HIGH,CROSS_COUNTY_POSTAL,36.829226938216664,-86.5656863047027,36.21991776292271
AUTO SALES,14330.0,LEBANON RD,37138,OLD HICKORY,Mt. Juliet,9503,MT. JULIET,DAVIDSON,118.1993815218323,9500,9503,HIGH,CROSS_COUNTY_POSTAL,24.303686321896702,-86.5654487670816,36.2198856824857
WATERTOWN HIGH SCHOOL,9360.0,SPARTA PIKE,37184,WATERTOWN,Watertown,9500,(Unincorporated),,472.1649308006235,9500,9502,WATCH,POSTAL_CITY_EXPOSURE,116.87050709510004,-86.1261766751452,36.09642222514469
DOLLY'S GROOMERS AND DOGWASH,485.0,N MT JULIET RD,37122,MT JULIET,Mt. Juliet,9503,MT. JULIET,,2300.324767148628,9500,9503,NORMAL,,9.979141838085264,-86.51210050761841,36.1777687128589
MT JULIET CHURCH OF GOD,495.0,N MT JULIET RD,37122,MT JULIET,Mt. Juliet,9503,MT. JULIET,,2393.4135562555125,9500,9503,NORMAL,,93.21148898848904,-86.5122492764243,36.17839760642189
PROVIDENCE DENTAL CARE,684.0,N MT JULIET RD,37122,MT JULIET,Mt. Juliet,9503,MT. JULIET,,2575.820463679514,9500,9503,NORMAL,,14.72858343837531,-86.5125740548566,36.18119599952732
FAMILY CARE,754.0,N MT JULIET RD,37122,MT JULIET,Mt. Juliet,9503,MT. JULIET,,2266.7502757777274,9500,9503,NORMAL,,11.935498628539579,-86.5123353911167,36.18222523489592
PULMONARY PRACTICE,780.0,N MT JULIET RD,37122,MT JULIET,Mt. Juliet,9503,MT. JULIET,,2177.8074044395967,9500,9503,NORMAL,,26.217798761835773,-86.5122490298256,36.18251651725652
MT JULIET EN,878.0,N MT JULIET RD,37122,MT JULIET,Mt. Juliet,9503,MT. JULIET,,1812.1550532224505,9500,9503,NORMAL,,15.827649131545007,-86.5119557940262,36.18392077526151
PRIORITY PEST,1316.0,CLEARVIEW DR,37122,MT JULIET,Mt. Juliet,9503,MT. JULIET,,1653.910094375903,9500,9503,NORMAL,,36.428178423946754,-86.5118445949793,36.184739627022786
ORTHODINTIST DR SHANE,1323.0,CLEARVIEW DR,37122,MT JULIET,Mt. Juliet,9503,MT. JULIET,,1534.6105393542198,9500,9503,NORMAL,,33.64681370678041,-86.5116026796833,36.1851765491749
THE VALLEY CENTER MALL,1315.0,N MT JULIET RD,37122,MT JULIET,Mt. Juliet,9503,MT. JULIET,,515.905199934964,9500,9503,WATCH,,113.50854400797358,-86.5115499993275,36.190053664484324
ROBINSON CROSSING,1400.0,N  MT JULIET RD,37122,MT JULIET,Mt. Juliet,9503,MT. JULIET,,498.75604629802564,9500,9503,WATCH,,50.764149569662095,-86.5143545324678,36.1903613888457
LASATERS - SUITE 100,1400.0,N  MT JULIET RD,37122,MT JULIET,Mt. Juliet,9503,MT. JULIET,,461.8220609585318,9500,9503,WATCH,,9.197648188374409,-86.5143904510843,36.190578133483406
SMITH CHIROPRACTIC - SUITE 104,1400.0,N  MT JULIET RD,37122,MT JULIET,Mt. Juliet,9503,MT. JULIET,,462.8664366986703,9500,9503,WATCH,,15.150344169283725,-86.5141918734921,36.190360655029
RAINBOW PLACE,1477.0,N MT JULIET RD,37122,MT JULIET,Mt. Juliet,9503,MT. JULIET,,385.580365747637,9500,9503,WATCH,,94.36084034925041,-86.5142563607096,36.1918962749967
JONES FAMILY PARK,1476.0,N MT JULIET RD,37122,MT JULIET,Mt. Juliet,9503,MT. JULIET,,736.3261632159043,9500,9503,WATCH,,243.12113655173562,-86.515359328145,36.192473626733424
A.O.S.,2025.0,N MT JULIET RD,37122,MT JULIET,Mt. Juliet,9503,MT. JULIET,,1981.5923333756405,9500,9503,NORMAL,,71.1829791219256,-86.5187178708174,36.19756778088969
MT JULIET SENIOR CENTER,2034.0,N MT JULIET RD,37122,MT JULIET,Mt. Juliet,9503,MT. JULIET,,2381.5669555076215,9500,9503,NORMAL,,17.274348864586308,-86.519912095701,36.19822853686579
KW KELLER WILLIAMS,2033.0,N MT JULIET RD,37122,MT JULIET,Mt. Juliet,9503,MT. JULIET,,1940.4142413767493,9500,9503,NORMAL,,33.87149610764172,-86.5184178523052,36.198049086096205
TREEHOUSE LEARNING ACADEMY,25.0,W DIVISION ST,37122,MT JULIET,Mt. Juliet,9503,MT. JULIET,,2470.206297334473,9500,9503,NORMAL,,17.354105223703016,-86.5195985108146,36.19953705692061
MT JULIET TRAIN STATION,22.0,E DIVISION ST,37122,LEBANON,Mt. Juliet,9503,MT. JULIET,,1789.884130911342,9500,9503,NORMAL,POSTAL_CITY_EXPOSURE,60.14597107874065,-86.5170015070686,36.1993925404504
CHARLIE DANIELS PARK,1075.0,CHARLIE DANIELS PKWY,37122,MT JULIET,Mt. Juliet,9503,MT. JULIET,,3518.2746222677188,9500,9503,NORMAL,,17.920954280282473,-86.5090720431085,36.2231053334755
Aspen Roofing,3650.0,N MT JULIET RD,37122,MT JULIET,Mt. Juliet,9503,MT. JULIET,,4764.706970263611,9500,9503,NORMAL,,0.7340113996877388,-86.5152136143025,36.220975180792216
C&S INSURNACE,3618.0,N MT JULIET RD,37122,MT JULIET,Mt. Juliet,9503,MT. JULIET,,4709.562868629173,9500,9503,NORMAL,,15.281678337314569,-86.5153076570968,36.220593254402104
CPA'S,3618.0,N MT JULIET RD,37122,MT JULIET,Mt. Juliet,9503,MT. JULIET,,4685.367222686421,9500,9503,NORMAL,,12.959836047856456,-86.5153924451937,36.22059861549538
TOWN SQUARE,3560.0,N  MT JULIET RD,37122,MT JULIET,Mt. Juliet,9503,MT. JULIET,,4679.62062176962,9500,9503,NORMAL,,85.54931411928104,-86.515266500862,36.2198752080205
MT JULIET BEER,11125.0,LEBANON RD,37122,MT JULIET,Mt. Juliet,9503,MT. JULIET,,1360.5720467124145,9500,9503,NORMAL,,12.467535675968815,-86.5117370722307,36.23124687061819
CMS TELECOM SERVICES,11117.0,LEBANON RD,37122,MT JULIET,Mt. Juliet,9503,MT. JULIET,,1167.4399819262017,9500,9503,NORMAL,,10.682248219881322,-86.5116162388655,36.23178762040832
KFC,11001.0,LEBANON RD,37122,MT JULIET,Mt. Juliet,9503,MT. JULIET,,1076.7209358734037,9500,9503,NORMAL,,9.448602048489503,-86.5099765339655,36.231353512375506
SIX1FIVE SPORTS TRAINING,139.0,LINEBERRY BLVD,37122,MT JULIET,Mt. Juliet,9503,MT. JULIET,,658.8047486988233,9500,9503,WATCH,,64.14170674376307,-86.5093353152419,36.23240617125321
PRIDE CLEANERS,11226.0,LEBANON RD,37122,MT JULIET,Mt. Juliet,9503,MT. JULIET,,1681.581129020851,9500,9503,NORMAL,,10.325319032545806,-86.514674004868,36.2305076530561
DOMINOS,11362.0,LEBANON RD,37122,MT JULIET,Mt. Juliet,9503,MT. JULIET,,1781.285470557557,9500,9503,NORMAL,,3.4150333572724874,-86.51632718035,36.230550195848096
CARQUEST,11366.0,LEBANON RD,37122,MT JULIET,Mt. Juliet,9503,MT. JULIET,,1766.6304548329438,9500,9503,NORMAL,,8.740154157694484,-86.5160585193793,36.2305131918506
PINNACLE ,11400.0,LEBANON RD,37122,MT JULIET,Mt. Juliet,9503,MT. JULIET,,1813.6984132244088,9500,9503,NORMAL,,11.84967396216654,-86.5167513361482,36.23060179570429
BENSON ORTHO,11462.0,LEBANON RD,37122,MT JULIET,Mt. Juliet,9503,MT. JULIET,,1923.0599738240182,9500,9503,NORMAL,,5.605892481598885,-86.5174763711159,36.23057580050531
GOODYEAR,11472.0,LEBANON RD,37122,MT JULIET,Mt. Juliet,9503,MT. JULIET,,2041.7465697866812,9500,9503,NORMAL,,24.403376757681976,-86.5180124975548,36.23046667540951
DOLLAR TREE,11520.0,LEBANON RD,37122,MT JULIET,Mt. Juliet,9503,MT. JULIET,,2138.6644792184866,9500,9503,NORMAL,,19.376501882063007,-86.5187478715934,36.23058179256731
CRACKER BARREL HANGER,760.0,FRANKLIN RD,37090,LEBANON,Lebanon,9501,LEBANON,,5873.443125928864,9500,9501,NORMAL,,20.57580848032967,-86.3145519770492,36.18791386164709
LIFE FLIGHT,760.0,FRANKLIN RD,37090,LEBANON,Lebanon,9501,LEBANON,,6274.582086025272,9500,9501,NORMAL,,25.672857374664318,-86.3137614176487,36.1889372043037
SUNTRUST,240.0,W MAIN ST,37087,LEBANON,Lebanon,9501,LEBANON,,6928.295790592105,9500,9501,NORMAL,,34.78999386572482,-86.2954878831526,36.208164010191105
FESSENDEN HOUSE,236.0,W main ST,37087,LEBANON,Lebanon,9501,LEBANON,,6775.705385542247,9500,9501,NORMAL,,23.43489511249197,-86.2949322218203,36.20812416411899
WILSON COUNTY MUSEUM,236.0,W main ST,37087,LEBANON,Lebanon,9501,LEBANON,,6781.45922886029,9500,9501,NORMAL,,12.983261199850928,-86.2949415297384,36.20809514508221
THE COTTAGE ON MAIN,230.0,W MAIN ST,37087,LEBANON,Lebanon,9501,LEBANON,,6678.596500593626,9500,9501,NORMAL,,36.14296421027085,-86.2945476937078,36.2080228540184
LaGuardo Baptist,268.0,TYREE ACCESS RD,37087,LEBANON,Unincorporated,9500,(Unincorporated),,10655.337121186214,8300,9500,NORMAL,POSTAL_CITY_EXPOSURE,37.39022504570661,-86.4476352742389,36.30036763478969
PARK OFFICE,328.0,CEDAR FOREST RD,37090,LEBANON,Unincorporated,9500,(Unincorporated),,21639.369286271187,9500,9501,NORMAL,POSTAL_CITY_EXPOSURE,18.38070264232038,-86.3309622968639,36.091560019351824
WONDER PORCELAIN GROUP,,,,,,9501,LEBANON,,915.5823102670058,9500,9501,WATCH,,,-86.4272393883228,36.22073973476021
REMAR,6200.0,E DIVISION ST,37090,LEBANON,Lebanon,9501,LEBANON,,195.4595663118922,9500,9501,HIGH,BOUNDARY_RISK,86.12789403823447,-86.4133956815994,36.1902976660738
JACKSON HILLS,308.0,COLT AVE,37122,MT JULIET,Mt. Juliet,9503,MT. JULIET,,699.6991357812603,9500,9503,WATCH,,138.8841121477325,-86.4936416517136,36.21272532762693
FAIRFIELD INN,1145.0,FRANKLIN RD,37090,LEBANON,Lebanon,9501,LEBANON,,3740.3429102595805,9500,9501,NORMAL,,32.71532819832403,-86.3247562066298,36.18523052495791
EDWARD JONES,11313.0,LEBANON RD,37122,MT JULIET,Mt. Juliet,9503,MT. JULIET,,1250.7157003425593,9500,9503,NORMAL,,10.874002174531311,-86.5151305353284,36.231768242094915
HELIPAD IF U RECEIVE A CALL PAGE OUT WATERTOWN,215.0,OLD STATESVILLE RD,37184,WATERTOWN,Watertown,9502,WATERTOWN,,260.5126379769669,9500,9502,WATCH,,485.5490247118943,-86.1385639062198,36.09495499470401
AAA STORAGE,1060.0,SE TATER PEELER RD,37090,LEBANON,Lebanon,9501,LEBANON,,4143.681611692621,9500,9501,NORMAL,,45.457717938536305,-86.2951665223688,36.181715925817805
BECKWITH CROSSING,6274.0,BECKWITH RD,37122,MT JULIET,Unincorporated,9500,(Unincorporated),,8.81160268161285,9500,9503,CRITICAL,POSTAL_CITY_EXPOSURE,239.34983421890988,-86.4610662403124,36.15816856621384
HOME2SUITES,110.0,PROVIDENCE TRL,37122,MT JULIET,Mt. Juliet,9503,MT. JULIET,,1568.366257009112,9500,9503,NORMAL,,44.208886449404666,-86.5040087541813,36.16864365414861
THE MERIDIAN AT PROVIDENCE,120.0,PROVIDENCE TRL,37122,MT JULIET,Mt. Juliet,9503,MT. JULIET,,1869.2516117719292,9500,9503,NORMAL,,21.265406912869906,-86.5047591685008,36.167896153699594
BUILDING 1,120.0,PROVIDENCE TRL,37122,MT JULIET,Mt. Juliet,9503,MT. JULIET,,1920.8483643858333,9500,9503,NORMAL,,10.299310487161737,-86.5038812913447,36.16766593068019
BUILDING 10,120.0,PROVIDENCE TRL,37122,MT JULIET,Mt. Juliet,9503,MT. JULIET,,1966.4212028729432,9500,9503,NORMAL,,22.331378117159566,-86.5049231423202,36.16765084554682
POOL,120.0,PROVIDENCE TRL,37122,MT JULIET,Mt. Juliet,9503,MT. JULIET,,1886.264599226099,9500,9503,NORMAL,,81.83799932072797,-86.50508740543502,36.16790745307793
BUILDING 9,120.0,PROVIDENCE TRL,37122,MT JULIET,Mt. Juliet,9503,MT. JULIET,,2121.119518816597,9500,9503,NORMAL,,4.9273157885546075,-86.5055767238191,36.167346939128
 ,120.0,PROVIDENCE TRL,37122,MT JULIET,Mt. Juliet,9503,MT. JULIET,,2084.254219814373,9500,9503,NORMAL,,21.91876371821913,-86.5061760884291,36.167622981517106
BUILDING 5,120.0,PROVIDENCE TRL,37122,MT JULIET,Mt. Juliet,9503,MT. JULIET,,1955.5546480245375,9500,9503,NORMAL,,54.80128371774785,-86.5062618075404,36.1680367454896
MAIL,120.0,PROVIDENCE TRL,37122,MT JULIET,Mt. Juliet,9503,MT. JULIET,,2006.0217053065483,9500,9503,NORMAL,,76.37958874689093,-86.5043340658671,36.16746230519072
MAINTENANCE,120.0,PROVIDENCE TRL,37122,MT JULIET,Mt. Juliet,9503,MT. JULIET,,1789.9362739431851,9500,9503,NORMAL,,221.8038408419785,-86.5062831409003,36.16854913846593
PLAYGROUND,120.0,PROVIDENCE TRL,37122,MT JULIET,Mt. Juliet,9503,MT. JULIET,,1995.0056748834177,9500,9503,NORMAL,,30.96932493766447,-86.5056040741499,36.1677161936917
CLUBHOUSE,1001.0,PROVIDENCE PKWY,37122,MT JULIET,Mt. Juliet,9503,MT. JULIET,,683.8411445415267,9500,9503,WATCH,,11.902713172009433,-86.5196839606296,36.16532721637731
GROUND UP RECYCLING,,,,,,9501,LEBANON,,859.6532316822094,9500,9501,WATCH,,,-86.3184699296399,36.23605866928771
HORACE LURTON HALL,317.0,S GREENWOOD ST,37087,LEBANON,Lebanon,9501,LEBANON,,8165.965717495232,9500,9501,NORMAL,,41.53294564093435,-86.2972355365833,36.20164137754182
HOWELL JACKSON HALL,250.0,S GREENWOOD ST,37087,LEBANON,Lebanon,9501,LEBANON,,7857.938492304523,9500,9501,NORMAL,,107.97483373234877,-86.29674337869,36.2032026122803
AUTO UNION,102.0,TRINITY DR,37087,LEBANON,Lebanon,9501,LEBANON,,5323.60631335254,9500,9501,NORMAL,,19.76716417199324,-86.3391331734264,36.2186757325233
HAEMONETICS,549.0,ALDI BLVD,37122,MT JULIET,Unincorporated,9500,(Unincorporated),,2763.3019710646377,7500,9500,NORMAL,POSTAL_CITY_EXPOSURE,67.18744814766396,-86.4329032768186,36.0608663320761
ZIPS,1137.0,N CASTLE HEIGHTS AVE,37087,LEBANON,Lebanon,9501,LEBANON,,2627.107759407391,9500,9501,NORMAL,,30.556203143306153,-86.2910796692397,36.225758651708105
CASTLE HEIGHTS BARBER SHOP,1137.0,N CASTLE HEIGHTS AVE,37087,LEBANON,Lebanon,9501,LEBANON,,2594.980815941857,9500,9501,NORMAL,,17.413914235381615,-86.290931503959,36.22580288412001
INTERSTATE BATTERIES,3729.0,HIGHWAY 109 N,37087,LEBANON,Lebanon,9501,LEBANON,,320.03720980223306,9500,9501,WATCH,,44.82579191120155,-86.4293514238152,36.235294711830306
PAPA JOHNS,621.0,S MT JULIET RD,37122,MT JULIET,Mt. Juliet,9503,MT. JULIET,,802.6038652696636,9500,9503,WATCH,,15.931289010919434,-86.514356424549,36.162528864521505
CEDAR CREEK COMMONS,1040.0,CHARLIE DANIELS PKWY,37122,MT JULIET,Mt. Juliet,9503,MT. JULIET,,4302.613561814456,9500,9503,NORMAL,,46.89618144244027,-86.5092199196802,36.22087592093181
WILSON BANK & TRUST,200.0,TENNESSEE BLVD,37087,LEBANON,Lebanon,9501,LEBANON,,6516.506561449508,9500,9501,NORMAL,,28.179770853805604,-86.290425153007,36.199766074465
STAYBRIDGE,69.0,BELINDA PKWY,37122,MT JULIET,Mt. Juliet,9503,MT. JULIET,,1683.4247092711396,9500,9503,NORMAL,,30.25581023363051,-86.506590661426,36.16902677605371
TRITIUM WAREHOUSE,1420.0,TOSHIBA DR,37087,LEBANON,Lebanon,9501,LEBANON,,2469.4816388578115,9500,9501,NORMAL,,49.96456231979339,-86.3293173789048,36.22926146533558
TAKE 5 CARWASH,108.0,E ADAMS AVE,37087,LEBANON,Lebanon,9501,LEBANON,,6423.728115935695,9500,9501,NORMAL,,38.17093580457972,-86.2923789490305,36.19403341017259
Smile Solutions,335.0,S HARTMANN DR,37087,LEBANON,Lebanon,9501,LEBANON,,6480.272522977383,9500,9501,NORMAL,,30.429718919093588,-86.3261517603529,36.20304609743971
THE CHURCH OF JOEL,1018.0,MURFREESBORO RD,37090,LEBANON,Lebanon,9501,LEBANON,,3047.872258697245,9500,9501,NORMAL,,18.285483421527587,-86.3026348808552,36.17697532856521
PROVIDENCE STATION,1982.0,PROVIDENCE PKWY,37122,MT JULIET,Mt. Juliet,9503,MT. JULIET,,331.7384775763957,9500,9503,WATCH,,82.1046160769693,-86.5172159492275,36.16411369329442
CULVER'S,35.0,OLD PLEASANT GROVE RD,37122,MT JULIET,Mt. Juliet,9503,MT. JULIET,,2861.3023884568756,9500,9503,NORMAL,,29.376887245292576,-86.5146301261049,36.17561796071092
DAIRY QUEEN,1502.0,W MAIN ST,37087,LEBANON,Lebanon,9501,LEBANON,,5638.578438291523,9500,9501,NORMAL,,25.207363319433146,-86.3369583343547,36.21813070598192
BIOLIFE,540.0,PLEASANT GROVE RD,37122,MT JULIET,Mt. Juliet,9503,MT. JULIET,,3767.5820296636225,9500,9503,NORMAL,,58.68882006493532,-86.520816591613,36.177379327210105
ROCKY WILLIAMS DODGE,600.0,PLEASANT GROVE RD,37122,MT JULIET,Mt. Juliet,9503,MT. JULIET,,3525.7800989405673,9500,9503,NORMAL,,39.398015594818986,-86.5232846033106,36.1763134848723
6302 Water Meter,6300.0,BECKWITH RD,37122,MT JULIET,Mt. Juliet,9503,MT. JULIET,,8.44073243828757,9500,9503,CRITICAL,BOUNDARY_RISK,17.059086818881365,-86.4599402376296,36.158150189092
WEMA STATION 11,13151.0,CAINSVILLE RD,37184,NORENE,Unincorporated,9500,(Unincorporated),WILSON,22567.63184562096,7500,9500,NORMAL,,70.0071886287665,-86.2417326645769,36.029372996104506
MACC AUTO SALES AND REPAIR,6925.0,E OLD MURFREESBORO RD,37090,LEBANON,Unincorporated,9500,(Unincorporated),,15412.693963012143,9500,9501,NORMAL,POSTAL_CITY_EXPOSURE,59.28365105164707,-86.32853532313,36.1100000452875
LEBANON WINE & SPIRITS,111.0,S HARTMANN DR,37087,LEBANON,Lebanon,9501,LEBANON,,7869.391199517631,9500,9501,NORMAL,,9.933674267684045,-86.3215677811372,36.2123276765006
MINUTE MART,657.0,COUCHVILLE PIKE,37122,MT JULIET,Unincorporated,9500,(Unincorporated),,4913.827330779155,7500,9500,NORMAL,POSTAL_CITY_EXPOSURE,136.346074924808,-86.4344026585857,36.069092578975074
DAIRY QUEEN,1420.0,N  MT JULIET RD,37122,MT JULIET,Mt. Juliet,9503,MT. JULIET,,571.6224075095494,9500,9503,WATCH,,53.50734638091602,-86.5149860316326,36.191226663285306
MY PLACE HOTEL,1004.0,CUMBERLAND CENTER BLVD,37087,LEBANON,Lebanon,9501,LEBANON,,4684.36719450442,9500,9501,NORMAL,,46.34627477809902,-86.2960957242301,36.18347243997091
Meter 16A Wheeler St,35.0,HEAD HOMES,37087,LEBANON,Lebanon,9501,LEBANON,,2798.1194028869318,9500,9501,NORMAL,,56.96061116226442,-86.2787423596155,36.203600255056394
Meter 43A Wheeler St ,43.0,HEAD HOMES,37087,LEBANON,Lebanon,9501,LEBANON,,2824.541862709566,9500,9501,NORMAL,,58.7196772273712,-86.2791863681117,36.204363479014404
Meter 80A Upton Hts,80.0,UPTON HTS,37087,LEBANON,Lebanon,9501,LEBANON,,4061.2002616673453,9500,9501,NORMAL,,103.1765026836715,-86.2872911595646,36.21714740874659
Meter 1527A Inman Ct,1527.0,INMAN CT,37087,LEBANON,Lebanon,9501,LEBANON,,2332.5089967906056,9500,9501,NORMAL,,44.650576920386136,-86.2790951392307,36.2095539986821
Meter 1506A Inman Ct,1505.0,INMAN CT,37087,LEBANON,Lebanon,9501,LEBANON,,2200.9725001071183,9500,9501,NORMAL,,40.92950708000746,-86.2789706501229,36.21001073118821
Train Station,1000.0,GASTON PARK DR,37087,LEBANON,Lebanon,9501,LEBANON,,197.10009908777405,9500,9501,HIGH,BOUNDARY_RISK,44.308818426660096,-86.3684907290446,36.234082996087615
LEASING OFFICE,1123.0,WESTWOOD BLVD,37122,MT JULIET,Mt. Juliet,9503,MT. JULIET,,2626.360906748246,9500,9503,NORMAL,,13.104149502717444,-86.5080891623585,36.16256542623799
LEBANON BEST SERVICES (PLANNED),1124.0,SPARTA PIKE,37087,LEBANON,Lebanon,9501,LEBANON,,2032.7134749825143,9500,9501,NORMAL,,18.602683851912264,-86.2726737841315,36.19171946105691
EDS AUTO REPAIR AND TOWING,1504.0,W MAIN ST,37087,LEBANON,Lebanon,9501,LEBANON,,5208.592549407227,9500,9501,NORMAL,,30.531249338547138,-86.3382661826552,36.217540315088904
OFFICE,100.0,BARTONS RUN TRCE,37090,LEBANON,Lebanon,9501,LEBANON,,2037.5298627463192,9500,9501,NORMAL,,27.287411220360774,-86.328413643835,36.178782740897404
BLDG 7,7101.0,BARTONS RUN TRCE,37090,LEBANON,Lebanon,9501,LEBANON,,1846.8959470944653,9500,9501,NORMAL,,20.462300947637882,-86.3299381500997,36.17830096044237
GARAGE-A,8102.0,BARTONS RUN TRCE,37090,LEBANON,Lebanon,9501,LEBANON,,1773.160844694712,9500,9501,NORMAL,,87.53469492443824,-86.3302357967673,36.17858199931981
GARAGE-B,19100.0,BARTONS RUN TRCE,37090,LEBANON,Lebanon,9501,LEBANON,,1402.0032482711952,9500,9501,NORMAL,,74.3108478864076,-86.3299974570848,36.17707323554321
GARAGE-C,20100.0,BARTONS RUN TRCE,37090,LEBANON,Lebanon,9501,LEBANON,,1288.602694532761,9500,9501,NORMAL,,73.33230075459664,-86.3304230623524,36.176723689571
GARAGE-D,26101.0,BARTONS RUN TRCE,37090,LEBANON,Lebanon,9501,LEBANON,,1300.437076257057,9500,9501,NORMAL,,89.09267245296304,-86.3312694562868,36.176775737282
GARAGE-E,33101.0,BARTONS RUN TRCE,37090,LEBANON,Lebanon,9501,LEBANON,,1317.4558585389445,9500,9501,NORMAL,,91.47330425461662,-86.33192429339002,36.177228909293085
GARAGE-F,44101.0,BARTONS RUN TRCE,37090,LEBANON,Lebanon,9501,LEBANON,,1258.7701861381406,9500,9501,NORMAL,,87.51338396078961,-86.3320835500172,36.17785918259041
BLDG 40,40100.0,BARTONS RUN TRCE,37090,LEBANON,Lebanon,9501,LEBANON,,1190.6788033029527,9500,9501,NORMAL,,27.61381583612115,-86.3322617382169,36.178268833368
ST THOMAS EMERGENCY CARE,108.0,PROVIDENCE TRL,37122,MT JULIET,Mt. Juliet,9503,MT. JULIET,,1260.573580112003,9500,9503,NORMAL,,31.77385576184308,-86.5036692040789,36.16947406525771
DOLLAR GENERAL STORE,1261.0,HUNTERS POINT PIKE,37087,LEBANON,Lebanon,9501,LEBANON,,1644.5335206540985,9500,9501,NORMAL,,66.39173235402896,-86.2896485616721,36.2281979924178
MUSKET CORPORATION,615.0,RAILROAD AVE,37087,LEBANON,Lebanon,9501,LEBANON,,3726.7180087416205,9500,9501,NORMAL,,60.77231038476107,-86.2786016699734,36.192755660572004
BP STATION,2300.0,NONAVILLE RD,37122,MT JULIET,Mt. Juliet,9503,MT. JULIET,,111.15881118682275,9500,9503,HIGH,BOUNDARY_RISK,27.137029572435655,-86.5218920046101,36.262356399431205
CIRCLE K,5500.0,SAUNDERSVILLE RD,37122,MT JULIET,Unincorporated,9500,(Unincorporated),,3815.6618743229533,8305,9500,NORMAL,POSTAL_CITY_EXPOSURE,30.501164420480904,-86.558384187321,36.255545135933005
 ,5417.0,VANDERBILT RD,37138,OLD HICKORY,Unincorporated,9500,(Unincorporated),DAVIDSON,3125.705906322578,8305,9500,NORMAL,CROSS_COUNTY_POSTAL,150.47517673739208,-86.56036102933501,36.2565660949476
AFFORDABLE VETERINARY CARE,11314.0,LEBANON RD,37122,MT JULIET,Mt. Juliet,9503,MT. JULIET,,1804.1206090273715,9500,9503,NORMAL,,15.472703261846066,-86.5151909709319,36.23022568831849
SPRINGDALE ELEMENTARY SCHOOL,5675.0,CENTRAL PIKE,37122,MT JULIET,Unincorporated,9500,(Unincorporated),,297.16142809425503,9500,9503,WATCH,POSTAL_CITY_EXPOSURE,174.3135448584411,-86.5511494313965,36.16915656286211
CANDLEWOOD SUITES,110.0,WILLARD HAGAN DR,37090,LEBANON,Lebanon,9501,LEBANON,,2984.4790785407554,9500,9501,NORMAL,,112.20333049635242,-86.3277194146741,36.18520436831421
134,1679.0,MURFREESBORO RD,37090,LEBANON,Unincorporated,9500,(Unincorporated),,337.1814181522602,9500,9501,WATCH,POSTAL_CITY_EXPOSURE,440.6249325097725,-86.3078298009594,36.15334273805951
135,1679.0,MURFREESBORO RD,37090,LEBANON,Unincorporated,9500,(Unincorporated),,304.8941571844226,9500,9501,WATCH,POSTAL_CITY_EXPOSURE,472.9941527916875,-86.3077231356923,36.15332214441009
136,1679.0,MURFREESBORO RD,37090,LEBANON,Unincorporated,9500,(Unincorporated),,280.2771742802486,9500,9501,WATCH,POSTAL_CITY_EXPOSURE,497.7203736205843,-86.3076422082535,36.1533044672847
137,,,,,,9500,(Unincorporated),,249.4170969832553,9500,9501,HIGH,BOUNDARY_RISK,,-86.3075428469166,36.1532719322477
138,,,,,,9500,(Unincorporated),,216.4169389561334,9500,9501,HIGH,BOUNDARY_RISK,,-86.30743974137812,36.15322152320589
139,,,,,,9500,(Unincorporated),,187.6967432731737,9500,9501,HIGH,BOUNDARY_RISK,,-86.3073405187363,36.153224757276085
140,,,,,,9500,(Unincorporated),,132.93418546752724,9500,9501,HIGH,BOUNDARY_RISK,,-86.3071710950606,36.15313278640499
127,1679.0,MURFREESBORO RD,37090,LEBANON,Unincorporated,9500,(Unincorporated),,357.1830309163009,9500,9501,WATCH,POSTAL_CITY_EXPOSURE,406.8995707928071,-86.3079067030862,36.15361128135629
128,1679.0,MURFREESBORO RD,37090,LEBANON,Unincorporated,9500,(Unincorporated),,308.6737437424384,9500,9501,WATCH,POSTAL_CITY_EXPOSURE,463.42488727497835,-86.3077160163536,36.153571706374805
129,,,,,,9500,(Unincorporated),,268.3771865209971,9500,9501,WATCH,,,-86.3075559028139,36.15353014703839
130,,,,,,9500,(Unincorporated),,222.93958798338753,9500,9501,HIGH,BOUNDARY_RISK,,-86.3074075649557,36.15349237157401
131,,,,,,9500,(Unincorporated),,181.8399077504793,9500,9501,HIGH,BOUNDARY_RISK,,-86.3072710470588,36.153469827562105
132,,,,,,9500,(Unincorporated),,122.70290937167273,9500,9501,HIGH,BOUNDARY_RISK,,-86.3070825881076,36.153397817208095
133,,,,,,9500,(Unincorporated),,58.77148387098183,9500,9501,HIGH,BOUNDARY_RISK,,-86.3068822802675,36.153302944095124
119 ,1639.0,MURFREESBORO RD,37090,LEBANON,Unincorporated,9500,(Unincorporated),,362.5149595406974,9500,9501,WATCH,POSTAL_CITY_EXPOSURE,387.9155570070326,-86.3079735428582,36.1538629194261
120,1639.0,MURFREESBORO RD,37090,LEBANON,Unincorporated,9500,(Unincorporated),,316.2213066840705,9500,9501,WATCH,POSTAL_CITY_EXPOSURE,397.2978662072469,-86.3078158762633,36.15384615292431
121,1639.0,MURFREESBORO RD,37090,LEBANON,Unincorporated,9500,(Unincorporated),,267.43021984284064,9500,9501,WATCH,POSTAL_CITY_EXPOSURE,426.32912877963355,-86.307643948458,36.1537912700527
122,1639.0,MURFREESBORO RD,37090,LEBANON,Unincorporated,9500,(Unincorporated),,239.1728697814876,9500,9501,HIGH,POSTAL_CITY_EXPOSURE,438.11583591291657,-86.3075451092803,36.1537800761372
123,1639.0,MURFREESBORO RD,37090,LEBANON,Unincorporated,9500,(Unincorporated),,203.32019400992456,9500,9501,HIGH,POSTAL_CITY_EXPOSURE,461.49045427056,-86.3074132664953,36.15374988950721
124 ,,,,,,9500,(Unincorporated),,151.9103810870748,9500,9501,HIGH,BOUNDARY_RISK,,-86.3071918833097,36.15367987023409
125,,,,,,9500,(Unincorporated),,119.71858116797867,9500,9501,HIGH,BOUNDARY_RISK,,-86.3070601577975,36.153680205478
126,,,,,,9500,(Unincorporated),,97.01021756764506,9500,9501,HIGH,BOUNDARY_RISK,,-86.3069516819658,36.15360989842139
111,1639.0,MURFREESBORO RD,37090,LEBANON,Unincorporated,9500,(Unincorporated),,294.9204755480193,9500,9501,WATCH,POSTAL_CITY_EXPOSURE,342.56381018188347,-86.3077341834582,36.154010419001516
112,1639.0,MURFREESBORO RD,37090,LEBANON,Unincorporated,9500,(Unincorporated),,269.8498529846753,9500,9501,WATCH,POSTAL_CITY_EXPOSURE,350.8324208441961,-86.307649480714,36.154004912045
113,1639.0,MURFREESBORO RD,37090,LEBANON,Unincorporated,9500,(Unincorporated),,235.20769700255815,9500,9501,HIGH,POSTAL_CITY_EXPOSURE,363.4771940206235,-86.3075318533051,36.154001395977794
114,1639.0,MURFREESBORO RD,37090,LEBANON,Unincorporated,9500,(Unincorporated),,188.4936628075152,9500,9501,HIGH,POSTAL_CITY_EXPOSURE,396.6025265865601,-86.3073787883151,36.1539579105052
115,1639.0,MURFREESBORO RD,37090,LEBANON,Unincorporated,9500,(Unincorporated),,146.56943168596712,9500,9501,HIGH,POSTAL_CITY_EXPOSURE,433.5896220490005,-86.3072421440897,36.153902937186686
116,1639.0,MURFREESBORO RD,37090,LEBANON,Unincorporated,9500,(Unincorporated),,105.52902546306827,9500,9501,HIGH,POSTAL_CITY_EXPOSURE,463.1284638486242,-86.3071032655469,36.1538784910546
117,1639.0,MURFREESBORO RD,37090,LEBANON,Unincorporated,9500,(Unincorporated),,65.04062685199312,9500,9501,HIGH,POSTAL_CITY_EXPOSURE,498.06617440350766,-86.306959646106,36.15384451891711
118,,,,,,9500,(Unincorporated),,40.96341156146042,9500,9501,CRITICAL,BOUNDARY_RISK,,-86.3068749730931,36.1538466413049
118 A,,,,,,9500,(Unincorporated),,44.0353725272778,9500,9501,CRITICAL,BOUNDARY_RISK,,-86.3067566982552,36.1536752543179
 7,1639.0,MURFREESBORO RD,37090,LEBANON,Unincorporated,9500,(Unincorporated),,356.54771317044236,9500,9501,WATCH,POSTAL_CITY_EXPOSURE,257.5443007168183,-86.3079137827784,36.154223616966284
8,1639.0,MURFREESBORO RD,37090,LEBANON,Unincorporated,9500,(Unincorporated),,298.90360787410077,9500,9501,WATCH,POSTAL_CITY_EXPOSURE,271.8760850733069,-86.3077185087964,36.15421457715161
9 ,1639.0,MURFREESBORO RD,37090,LEBANON,Unincorporated,9500,(Unincorporated),,240.7759726647408,9500,9501,HIGH,POSTAL_CITY_EXPOSURE,315.30981619077954,-86.3075300635604,36.154146381550106
10 ,1639.0,MURFREESBORO RD,37090,LEBANON,Unincorporated,9500,(Unincorporated),,198.1682345614668,9500,9501,HIGH,POSTAL_CITY_EXPOSURE,344.12794651527884,-86.3073888182276,36.15411812679681
 11,1639.0,MURFREESBORO RD,37090,LEBANON,Unincorporated,9500,(Unincorporated),,148.33561908315494,9500,9501,HIGH,POSTAL_CITY_EXPOSURE,381.9684447066395,-86.3072240206889,36.15408230187741
12,1639.0,MURFREESBORO RD,37090,LEBANON,Unincorporated,9500,(Unincorporated),,95.00364651634703,9500,9501,HIGH,POSTAL_CITY_EXPOSURE,428.9996420118592,-86.3070497475501,36.154029331173206
14,1639.0,MURFREESBORO RD,37090,LEBANON,Unincorporated,9500,(Unincorporated),,42.49505402576311,9500,9501,CRITICAL,POSTAL_CITY_EXPOSURE,472.69376462665514,-86.3068755484022,36.153995436738825
16 ,1639.0,MURFREESBORO RD,37090,LEBANON,Unincorporated,9500,(Unincorporated),,358.8840852606443,9500,9501,WATCH,POSTAL_CITY_EXPOSURE,197.98825757741366,-86.3078979605273,36.15438962208919
17 ,1639.0,MURFREESBORO RD,37090,LEBANON,Unincorporated,9500,(Unincorporated),,332.02281108182547,9500,9501,WATCH,POSTAL_CITY_EXPOSURE,208.55397798679238,-86.3078085162499,36.15437458943762
18 ,1639.0,MURFREESBORO RD,37090,LEBANON,Unincorporated,9500,(Unincorporated),,300.0359018268787,9500,9501,WATCH,POSTAL_CITY_EXPOSURE,231.18430031052074,-86.3077048686579,36.1543367012463
19 ,1639.0,MURFREESBORO RD,37090,LEBANON,Unincorporated,9500,(Unincorporated),,272.4025857148715,9500,9501,WATCH,POSTAL_CITY_EXPOSURE,247.83811702522232,-86.3076130644612,36.154319765624706
20 ,1639.0,MURFREESBORO RD,37090,LEBANON,Unincorporated,9500,(Unincorporated),,241.9287099797679,9500,9501,HIGH,POSTAL_CITY_EXPOSURE,268.3927926957202,-86.3075118435621,36.1543009477904
21 ,1639.0,MURFREESBORO RD,37090,LEBANON,Unincorporated,9500,(Unincorporated),,209.13947656701234,9500,9501,HIGH,POSTAL_CITY_EXPOSURE,293.64143313077926,-86.3074035449157,36.154276424076905
22 ,1639.0,MURFREESBORO RD,37090,LEBANON,Unincorporated,9500,(Unincorporated),,178.4699288479551,9500,9501,HIGH,POSTAL_CITY_EXPOSURE,314.6544966475252,-86.30730001581821,36.1542690568884
23,1639.0,MURFREESBORO RD,37090,LEBANON,Unincorporated,9500,(Unincorporated),,145.71134232023672,9500,9501,HIGH,POSTAL_CITY_EXPOSURE,346.2430639383346,-86.3071940097187,36.15422926632289
 24,1639.0,MURFREESBORO RD,37090,LEBANON,Unincorporated,9500,(Unincorporated),,114.1361036726109,9500,9501,HIGH,POSTAL_CITY_EXPOSURE,374.8872773600976,-86.3070903995132,36.154200915412304
25,1639.0,MURFREESBORO RD,37090,LEBANON,Unincorporated,9500,(Unincorporated),,85.53555495646344,9500,9501,HIGH,POSTAL_CITY_EXPOSURE,397.3611829717674,-86.3069939283878,36.15419353090191
15,1639.0,MURFREESBORO RD,37090,LEBANON,Unincorporated,9500,(Unincorporated),,390.5505634766795,9500,9501,WATCH,POSTAL_CITY_EXPOSURE,182.5135458623844,-86.3080005645458,36.15442716850131
 39,1639.0,MURFREESBORO RD,37090,LEBANON,Unincorporated,9500,(Unincorporated),,66.57949815241079,9500,9501,HIGH,POSTAL_CITY_EXPOSURE,378.9799204519435,-86.3069036041805,36.15437273400139
 38,1639.0,MURFREESBORO RD,37090,LEBANON,Unincorporated,9500,(Unincorporated),,93.95554355636013,9500,9501,HIGH,POSTAL_CITY_EXPOSURE,356.84424725756145,-86.3069976760469,36.1543677253233
37,1639.0,MURFREESBORO RD,37090,LEBANON,Unincorporated,9500,(Unincorporated),,116.12139788368381,9500,9501,HIGH,POSTAL_CITY_EXPOSURE,336.1904836365376,-86.3070712393495,36.1543818454664
36 ,1639.0,MURFREESBORO RD,37090,LEBANON,Unincorporated,9500,(Unincorporated),,144.42342501308013,9500,9501,HIGH,POSTAL_CITY_EXPOSURE,310.4585440185499,-86.3071653931623,36.154398297858094
35,1639.0,MURFREESBORO RD,37090,LEBANON,Unincorporated,9500,(Unincorporated),,170.98281107799184,9500,9501,HIGH,POSTAL_CITY_EXPOSURE,284.61823741973984,-86.3072522349159,36.15442430669672
34,1639.0,MURFREESBORO RD,37090,LEBANON,Unincorporated,9500,(Unincorporated),,197.14952283305982,9500,9501,HIGH,POSTAL_CITY_EXPOSURE,263.50065855932866,-86.3073404719975,36.15443123611271
33 ,1639.0,MURFREESBORO RD,37090,LEBANON,Unincorporated,9500,(Unincorporated),,221.45069253843505,9500,9501,HIGH,POSTAL_CITY_EXPOSURE,240.73814914469315,-86.3074199522489,36.1544548788773
32 ,1639.0,MURFREESBORO RD,37090,LEBANON,Unincorporated,9500,(Unincorporated),,249.23230973833265,9500,9501,HIGH,POSTAL_CITY_EXPOSURE,213.52339475832272,-86.3075097669856,36.15448922641101
31,1639.0,MURFREESBORO RD,37090,LEBANON,Unincorporated,9500,(Unincorporated),,269.1402734876218,9500,9501,WATCH,POSTAL_CITY_EXPOSURE,197.7181153677969,-86.3075759699987,36.15450098030049
30 ,1639.0,MURFREESBORO RD,37090,LEBANON,Unincorporated,9500,(Unincorporated),,292.8564241600206,9500,9501,WATCH,POSTAL_CITY_EXPOSURE,178.283347583477,-86.3076539673886,36.1545210505399
 29,1639.0,MURFREESBORO RD,37090,LEBANON,Unincorporated,9500,(Unincorporated),,324.4712844940571,9500,9501,WATCH,POSTAL_CITY_EXPOSURE,161.7503158106008,-86.3077613028883,36.15452435300511
28 ,1639.0,MURFREESBORO RD,37090,LEBANON,Unincorporated,9500,(Unincorporated),,346.0517939923997,9500,9501,WATCH,POSTAL_CITY_EXPOSURE,150.46148626691462,-86.3078333823507,36.1545349003175
 27,1639.0,MURFREESBORO RD,37090,LEBANON,Unincorporated,9500,(Unincorporated),,371.8904015797805,9500,9501,WATCH,POSTAL_CITY_EXPOSURE,141.3467585478981,-86.3079201586031,36.15454421683612
26 ,1639.0,MURFREESBORO RD,37090,LEBANON,Unincorporated,9500,(Unincorporated),,398.10207458059176,9500,9501,WATCH,POSTAL_CITY_EXPOSURE,126.13940970647933,-86.3080041054168,36.15458215512451
INNOVATIVE TRADE SERVICES,303.0,TENNESSEE BLVD,37184,WATERTOWN,Watertown,9502,WATERTOWN,,75.72197437995831,9500,9502,HIGH,BOUNDARY_RISK,34.53736082827262,-86.1608608689123,36.100303733959485
THE GARDENS MEMORY CARE,1016.0,CHARLIE DANIELS PKWY,37122,MT JULIET,Mt. Juliet,9503,MT. JULIET,,4479.761090539571,9500,9503,NORMAL,,27.028630686927347,-86.5117730957023,36.22108501931041
PROVIDENCE PLACE ASSISTED LIVING,1020.0,CHARLIE DANIELS PKWY,37122,MT JULIET,Mt. Juliet,9503,MT. JULIET,,4376.6831911554,9500,9503,NORMAL,,78.12121792914805,-86.5106471419558,36.22103613237869
DOLLAR GENERAL,1010.0,MURFREESBORO RD,37090,LEBANON,Lebanon,9501,LEBANON,,3228.9456526364916,9500,9501,NORMAL,,11.310299139083252,-86.3020287277339,36.177167142139496
49 ,1639.0,MURFREESBORO RD,37090,LEBANON,Unincorporated,9500,(Unincorporated),,58.851825143531684,9500,9501,HIGH,POSTAL_CITY_EXPOSURE,363.6680029195484,-86.3068529213708,36.1545425020121
48,1639.0,MURFREESBORO RD,37090,LEBANON,Unincorporated,9500,(Unincorporated),,86.12480883140111,9500,9501,HIGH,POSTAL_CITY_EXPOSURE,335.8520405701464,-86.3069424025457,36.154567074081505
47,1639.0,MURFREESBORO RD,37090,LEBANON,Unincorporated,9500,(Unincorporated),,116.43402413114809,9500,9501,HIGH,POSTAL_CITY_EXPOSURE,306.2945398176539,-86.3070436088908,36.15458207744879
46,1639.0,MURFREESBORO RD,37090,LEBANON,Unincorporated,9500,(Unincorporated),,146.18763851788452,9500,9501,HIGH,POSTAL_CITY_EXPOSURE,275.2023633184461,-86.3071401849566,36.15461616922263
45,1639.0,MURFREESBORO RD,37090,LEBANON,Unincorporated,9500,(Unincorporated),,176.08485745278668,9500,9501,HIGH,POSTAL_CITY_EXPOSURE,247.40457326718717,-86.30724135336871,36.15462163461779
44,1639.0,MURFREESBORO RD,37090,LEBANON,Unincorporated,9500,(Unincorporated),,204.18154698010443,9500,9501,HIGH,POSTAL_CITY_EXPOSURE,216.6513762980935,-86.3073309097327,36.154665282914486
43,1639.0,MURFREESBORO RD,37090,LEBANON,Unincorporated,9500,(Unincorporated),,236.88875647121125,9500,9501,HIGH,POSTAL_CITY_EXPOSURE,184.4594559515898,-86.307439202608,36.15468789876571
42,1639.0,MURFREESBORO RD,37090,LEBANON,Unincorporated,9500,(Unincorporated),,264.5529674092249,9500,9501,WATCH,POSTAL_CITY_EXPOSURE,160.2217805201623,-86.3075333006836,36.15468956604628
41,1639.0,MURFREESBORO RD,37090,LEBANON,Unincorporated,9500,(Unincorporated),,292.92727508276334,9500,9501,WATCH,POSTAL_CITY_EXPOSURE,130.77419023281414,-86.3076251718319,36.1547236694217
40,1639.0,MURFREESBORO RD,37090,LEBANON,Unincorporated,9500,(Unincorporated),,319.6136852448295,9500,9501,WATCH,POSTAL_CITY_EXPOSURE,98.59149208020072,-86.3077077297954,36.15478259610231
58 ,1639.0,MURFREESBORO RD,37090,LEBANON,Unincorporated,9500,(Unincorporated),,71.2846820600612,9500,9501,HIGH,POSTAL_CITY_EXPOSURE,336.992751711847,-86.3068540350365,36.154830553208775
57,1639.0,MURFREESBORO RD,37090,LEBANON,Unincorporated,9500,(Unincorporated),,94.56465303142912,9500,9501,HIGH,POSTAL_CITY_EXPOSURE,313.6980038941229,-86.3069339975675,36.15482653487881
56,1639.0,MURFREESBORO RD,37090,LEBANON,Unincorporated,9500,(Unincorporated),,125.64554560886485,9500,9501,HIGH,POSTAL_CITY_EXPOSURE,282.620916319492,-86.3070375631443,36.154843440191314
55,1639.0,MURFREESBORO RD,37090,LEBANON,Unincorporated,9500,(Unincorporated),,152.4248347719883,9500,9501,HIGH,POSTAL_CITY_EXPOSURE,255.859027199104,-86.3071270015358,36.154856566388816
54,1639.0,MURFREESBORO RD,37090,LEBANON,Unincorporated,9500,(Unincorporated),,186.64471307006926,9500,9501,HIGH,POSTAL_CITY_EXPOSURE,222.10306121778243,-86.3072377199795,36.15489825205118
53,1639.0,MURFREESBORO RD,37090,LEBANON,Unincorporated,9500,(Unincorporated),,217.56127094724357,9500,9501,HIGH,POSTAL_CITY_EXPOSURE,191.3613882975263,-86.30734127205301,36.15491134215701
52,1639.0,MURFREESBORO RD,37090,LEBANON,Unincorporated,9500,(Unincorporated),,245.60625767530507,9500,9501,HIGH,POSTAL_CITY_EXPOSURE,164.18178058364202,-86.3074331138209,36.1549378157907
51,1639.0,MURFREESBORO RD,37090,LEBANON,Unincorporated,9500,(Unincorporated),,275.03018648100954,9500,9501,WATCH,POSTAL_CITY_EXPOSURE,136.2695332566828,-86.3075296598083,36.1549642764655
50,1639.0,MURFREESBORO RD,37090,LEBANON,Unincorporated,9500,(Unincorporated),,303.1370795703382,9500,9501,WATCH,POSTAL_CITY_EXPOSURE,107.7981481263217,-86.307626088672,36.154960215714716
67 ,1639.0,MURFREESBORO RD,37090,LEBANON,Unincorporated,9500,(Unincorporated),,54.725400948438406,9500,9501,HIGH,POSTAL_CITY_EXPOSURE,360.32345368276793,-86.3067723834675,36.1550062643221
66,1639.0,MURFREESBORO RD,37090,LEBANON,Unincorporated,9500,(Unincorporated),,76.03981743281122,9500,9501,HIGH,POSTAL_CITY_EXPOSURE,341.3132506717616,-86.3068407179635,36.15503661314042
65,1639.0,MURFREESBORO RD,37090,LEBANON,Unincorporated,9500,(Unincorporated),,107.1207100260679,9500,9501,HIGH,POSTAL_CITY_EXPOSURE,311.8015632027232,-86.3069442837946,36.155053518532085
64,1639.0,MURFREESBORO RD,37090,LEBANON,Unincorporated,9500,(Unincorporated),,135.49501766794734,9500,9501,HIGH,POSTAL_CITY_EXPOSURE,287.24231638579454,-86.307036155111,36.15508762235261
63,1639.0,MURFREESBORO RD,37090,LEBANON,Unincorporated,9500,(Unincorporated),,163.65328781198244,9500,9501,HIGH,POSTAL_CITY_EXPOSURE,261.18625920059503,-86.3071302979473,36.15510073657819
62,1639.0,MURFREESBORO RD,37090,LEBANON,Unincorporated,9500,(Unincorporated),,201.1050697066915,9500,9501,HIGH,POSTAL_CITY_EXPOSURE,227.81385554136412,-86.3072550502396,36.155121402762
61 ,1639.0,MURFREESBORO RD,37090,LEBANON,Unincorporated,9500,(Unincorporated),,228.326676334551,9500,9501,HIGH,POSTAL_CITY_EXPOSURE,203.16561312136082,-86.3073468183491,36.1551287999437
80,1639.0,MURFREESBORO RD,37090,LEBANON,Unincorporated,9500,(Unincorporated),,64.0579639213086,9500,9501,HIGH,POSTAL_CITY_EXPOSURE,376.33459527297236,-86.3067715018587,36.155234468717104
79 ,1639.0,MURFREESBORO RD,37090,LEBANON,Unincorporated,9500,(Unincorporated),,90.25681730367646,9500,9501,HIGH,POSTAL_CITY_EXPOSURE,354.0250003275209,-86.3068583110208,36.15525213236749
78 ,1639.0,MURFREESBORO RD,37090,LEBANON,Unincorporated,9500,(Unincorporated),,105.53357868361448,9500,9501,HIGH,POSTAL_CITY_EXPOSURE,337.0036059116841,-86.3069126475289,36.15523649453859
76 ,1639.0,MURFREESBORO RD,37090,LEBANON,Unincorporated,9500,(Unincorporated),,166.71802317225814,9500,9501,HIGH,POSTAL_CITY_EXPOSURE,291.1892748880318,-86.3071128218792,36.15529559919891
75 ,1639.0,MURFREESBORO RD,37090,LEBANON,Unincorporated,9500,(Unincorporated),,194.04260489924818,9500,9501,HIGH,POSTAL_CITY_EXPOSURE,265.69762022270186,-86.3072068902111,36.155289398020415
74 ,1639.0,MURFREESBORO RD,37090,LEBANON,Unincorporated,9500,(Unincorporated),,229.87703591409766,9500,9501,HIGH,POSTAL_CITY_EXPOSURE,240.14103303054043,-86.3073260569945,36.1553105560103
73 ,1639.0,MURFREESBORO RD,37090,LEBANON,Unincorporated,9500,(Unincorporated),,256.8735523888599,9500,9501,WATCH,POSTAL_CITY_EXPOSURE,217.5486291228338,-86.307418664299,36.15530674308801
71 ,1639.0,MURFREESBORO RD,37090,LEBANON,Unincorporated,9500,(Unincorporated),,275.30147558297074,9500,9501,WATCH,POSTAL_CITY_EXPOSURE,168.92635639520978,-86.30769955611422,36.1553286800731
69,1639.0,MURFREESBORO RD,37090,LEBANON,Unincorporated,9500,(Unincorporated),,303.51610602819153,9500,9501,WATCH,POSTAL_CITY_EXPOSURE,126.90056431573645,-86.30791692469361,36.15527208878901
93 ,1639.0,MURFREESBORO RD,37090,LEBANON,Unincorporated,9500,(Unincorporated),,61.5689475810404,9500,9501,HIGH,POSTAL_CITY_EXPOSURE,412.1267032644394,-86.3067354893393,36.155426516932394
77 ,1639.0,MURFREESBORO RD,37090,LEBANON,Unincorporated,9500,(Unincorporated),,136.1449211663404,9500,9501,HIGH,POSTAL_CITY_EXPOSURE,311.6200575280613,-86.3070141674774,36.15525650446289
68 ,1639.0,MURFREESBORO RD,37090,LEBANON,Unincorporated,9500,(Unincorporated),,258.66301508245425,9500,9501,WATCH,POSTAL_CITY_EXPOSURE,175.127262866122,-86.308036199184,36.155408002535516
59 ,1639.0,MURFREESBORO RD,37090,LEBANON,Unincorporated,9500,(Unincorporated),,299.46331028274227,9500,9501,WATCH,POSTAL_CITY_EXPOSURE,137.13051127912328,-86.3080738771205,36.155298819371694
72,1639.0,MURFREESBORO RD,37090,LEBANON,Unincorporated,9500,(Unincorporated),,275.0380796077234,9500,9501,WATCH,POSTAL_CITY_EXPOSURE,188.1012073674453,-86.3075683236654,36.15531643589769
70,1639.0,MURFREESBORO RD,37090,LEBANON,Unincorporated,9500,(Unincorporated),,276.9827243049375,9500,9501,WATCH,POSTAL_CITY_EXPOSURE,156.035211576056,-86.3078283319781,36.15533675759681
92,1639.0,MURFREESBORO RD,37090,LEBANON,Unincorporated,9500,(Unincorporated),,90.49630328480625,9500,9501,HIGH,POSTAL_CITY_EXPOSURE,391.9464766132329,-86.3068302305777,36.155453757824006
91,1639.0,MURFREESBORO RD,37090,LEBANON,Unincorporated,9500,(Unincorporated),,136.83472179639227,9500,9501,HIGH,POSTAL_CITY_EXPOSURE,350.75814311782455,-86.306988991073,36.155448584668605
90,1639.0,MURFREESBORO RD,37090,LEBANON,Unincorporated,9500,(Unincorporated),,161.7461308758262,9500,9501,HIGH,POSTAL_CITY_EXPOSURE,324.58378761543554,-86.3070771178264,36.1554264231956
94,1639.0,MURFREESBORO RD,37090,LEBANON,Unincorporated,9500,(Unincorporated),,144.95514360938066,9500,9501,HIGH,POSTAL_CITY_EXPOSURE,379.0023286273454,-86.3069965902577,36.15558877779121
89,1639.0,MURFREESBORO RD,37090,LEBANON,Unincorporated,9500,(Unincorporated),,175.84542410420596,9500,9501,HIGH,POSTAL_CITY_EXPOSURE,320.10277606559777,-86.3072317020494,36.15555765692211
88,1639.0,MURFREESBORO RD,37090,LEBANON,Unincorporated,9500,(Unincorporated),,194.45220747707918,9500,9501,HIGH,POSTAL_CITY_EXPOSURE,294.84470318067275,-86.3072973916795,36.1555126598247
87,1639.0,MURFREESBORO RD,37090,LEBANON,Unincorporated,9500,(Unincorporated),,202.1630488366842,9500,9501,HIGH,POSTAL_CITY_EXPOSURE,277.0867895915899,-86.3073667289718,36.155498175944196
86,1639.0,MURFREESBORO RD,37090,LEBANON,Unincorporated,9500,(Unincorporated),,192.13052252495575,9500,9501,HIGH,POSTAL_CITY_EXPOSURE,271.8916575556476,-86.3074503757555,36.155534208334984
85,1639.0,MURFREESBORO RD,37090,LEBANON,Unincorporated,9500,(Unincorporated),,182.05486804529818,9500,9501,HIGH,POSTAL_CITY_EXPOSURE,270.7931197642748,-86.3075234336389,36.15556931323029
84,1639.0,MURFREESBORO RD,37090,LEBANON,Unincorporated,9500,(Unincorporated),,190.28362677702995,9500,9501,HIGH,POSTAL_CITY_EXPOSURE,251.7449250092236,-86.3076351231352,36.155557582724704
83,1639.0,MURFREESBORO RD,37090,LEBANON,Unincorporated,9500,(Unincorporated),,191.57879112690176,9500,9501,HIGH,POSTAL_CITY_EXPOSURE,242.10599595844542,-86.3077551228883,36.15556586114539
82,1639.0,MURFREESBORO RD,37090,LEBANON,Unincorporated,9500,(Unincorporated),,189.03974992194154,9500,9501,HIGH,POSTAL_CITY_EXPOSURE,241.7663076971275,-86.3078363358767,36.155580915733495
98,1639.0,MURFREESBORO RD,37090,LEBANON,Unincorporated,9500,(Unincorporated),,168.18344731682856,9500,9501,HIGH,POSTAL_CITY_EXPOSURE,262.54355512977395,-86.3079335547692,36.155648242327786
95,1635.0,MURFREESBORO RD,37090,LEBANON,Unincorporated,9500,(Unincorporated),,212.34984448765485,9500,9501,HIGH,POSTAL_CITY_EXPOSURE,226.21094803197465,-86.3082467213238,36.1555569765244
96,1635.0,MURFREESBORO RD,37090,LEBANON,Unincorporated,9500,(Unincorporated),,188.66150790092883,9500,9501,HIGH,POSTAL_CITY_EXPOSURE,219.2435775128294,-86.3081834392907,36.155616274391186
97,1635.0,MURFREESBORO RD,37090,LEBANON,Unincorporated,9500,(Unincorporated),,159.20145682003096,9500,9501,HIGH,POSTAL_CITY_EXPOSURE,213.5536893393989,-86.3081131595525,36.15569085271329
SHOP,1639.0,MURFREESBORO RD,37090,LEBANON,Unincorporated,9500,(Unincorporated),,90.87431294111384,9500,9501,HIGH,POSTAL_CITY_EXPOSURE,384.0689749690207,-86.307245554581,36.15579416932881
102,1639.0,MURFREESBORO RD,37090,LEBANON,Unincorporated,9500,(Unincorporated),,90.10300002548601,9500,9501,HIGH,POSTAL_CITY_EXPOSURE,366.1947517826482,-86.30739381539,36.15581096053499
103,1635.0,MURFREESBORO RD,37090,LEBANON,Unincorporated,9500,(Unincorporated),,99.58198585921792,9500,9501,HIGH,POSTAL_CITY_EXPOSURE,337.715710258089,-86.3075584391827,36.15580100319832
104,1635.0,MURFREESBORO RD,37090,LEBANON,Unincorporated,9500,(Unincorporated),,96.82780748376908,9500,9501,HIGH,POSTAL_CITY_EXPOSURE,314.8723444985126,-86.3076337723836,36.155816072005805
106,1635.0,MURFREESBORO RD,37090,LEBANON,Unincorporated,9500,(Unincorporated),,104.24068537842582,9500,9501,HIGH,POSTAL_CITY_EXPOSURE,258.9046199406248,-86.3078360701772,36.1558155561475
107,1635.0,MURFREESBORO RD,37090,LEBANON,Unincorporated,9500,(Unincorporated),,35.24785198310845,9500,9501,CRITICAL,POSTAL_CITY_EXPOSURE,230.3742959536717,-86.3078721093348,36.156010044396105
108,1635.0,MURFREESBORO RD,37090,LEBANON,Unincorporated,9500,(Unincorporated),,33.52839727268994,9500,9501,CRITICAL,POSTAL_CITY_EXPOSURE,193.77297027997358,-86.307994495777,36.15602690087082
109,1635.0,MURFREESBORO RD,37090,LEBANON,Unincorporated,9500,(Unincorporated),,21.731394523534153,9500,9501,CRITICAL,POSTAL_CITY_EXPOSURE,154.3791697737543,-86.3081240491429,36.1560723535225
110,1635.0,MURFREESBORO RD,37090,LEBANON,Unincorporated,9500,(Unincorporated),,27.849477421805997,9500,9501,CRITICAL,POSTAL_CITY_EXPOSURE,127.4761768976456,-86.3082157602768,36.15606448846952
105,1635.0,MURFREESBORO RD,37090,LEBANON,Unincorporated,9500,(Unincorporated),,100.01707079787356,9500,9501,HIGH,POSTAL_CITY_EXPOSURE,290.61005246225744,-86.3077208075328,36.1558158501082
1,1649.0,MURFREESBORO RD,37090,LEBANON,Unincorporated,9500,(Unincorporated),,249.84590183797658,9500,9501,HIGH,POSTAL_CITY_EXPOSURE,113.98478310502888,-86.3090469693993,36.15446757202281
2,1649.0,MURFREESBORO RD,37090,LEBANON,Unincorporated,9500,(Unincorporated),,223.8635192100165,9500,9501,HIGH,POSTAL_CITY_EXPOSURE,131.0541283246368,-86.30910844070911,36.15454753549872
3,1649.0,MURFREESBORO RD,37090,LEBANON,Unincorporated,9500,(Unincorporated),,257.32399957684976,9500,9501,WATCH,POSTAL_CITY_EXPOSURE,155.32950089920783,-86.3089815007059,36.154568845227715
4,1649.0,MURFREESBORO RD,37090,LEBANON,Unincorporated,9500,(Unincorporated),,270.90722527512236,9500,9501,WATCH,POSTAL_CITY_EXPOSURE,199.6305002258812,-86.3088948529931,36.1546682646654
5,1649.0,MURFREESBORO RD,37090,LEBANON,Unincorporated,9500,(Unincorporated),,297.6864844855015,9500,9501,WATCH,POSTAL_CITY_EXPOSURE,124.73836485573024,-86.3089078751112,36.154387807235416
STORED TRAILERS,,,,,,9500,(Unincorporated),,7.7949546522412945,9500,9501,CRITICAL,BOUNDARY_RISK,,-86.3065084477215,36.15573118364661
STORED TRAILERS,,,,,,9500,(Unincorporated),,17.37984993352232,9500,9501,CRITICAL,BOUNDARY_RISK,,-86.30682246813991,36.1559557263288
GRAPHIC PACKAGING,1442.0,TOSHIBA DR,37087,LEBANON,Lebanon,9501,LEBANON,,2434.8102170669463,9500,9501,NORMAL,,81.93420112375864,-86.3313997126572,36.23041743997371
149 WATER METER,147.0,HICKORY STATION LN,37122,MT JULIET,Mt. Juliet,9503,MT. JULIET,,2831.4043075869013,9500,9503,NORMAL,,45.37740158868395,-86.5234067474892,36.199457924185
BLUSH BOOT CAMP,401.0,S MT JULIET RD,37122,MT JULIET,Mt. Juliet,9503,MT. JULIET,,2212.192367733861,9500,9503,NORMAL,,28.711504333500816,-86.5097779217601,36.16493241035502
TRANSCANADA/CPG,610.0,NW RUTLAND RD,37122,MT JULIET,Unincorporated,9500,(Unincorporated),,86.91885949726509,9500,9503,HIGH,POSTAL_CITY_EXPOSURE,16.854214287271056,-86.5025622160545,36.178890208892604
TRANSCANADA/CPG,475.0,N DENNY RD,37087,LEBANON,Unincorporated,9500,(Unincorporated),,1538.6730875702976,8300,9500,NORMAL,POSTAL_CITY_EXPOSURE,53.91101452619299,-86.3562971627821,36.305251349357015
TRANSCANADA/CPG,4600.0,CAIRO BEND RD,37087,LEBANON,Unincorporated,9500,(Unincorporated),,6941.611706570391,8300,9500,NORMAL,POSTAL_CITY_EXPOSURE,37.694975525747275,-86.3776092730528,36.29332655197181
TRANSCANADA/CPG,4670.0,HIGHWAY 109 N,37122,MT JULIET,Unincorporated,9500,(Unincorporated),,118.39481290234144,9500,9501,HIGH,POSTAL_CITY_EXPOSURE,83.58281775593207,-86.4351726388825,36.24785811764541
ROCK BOTTOM STABLES,594.0,NORTHERN RD,37122,MT JULIET,Unincorporated,9500,(Unincorporated),,5164.345304162796,9500,9501,NORMAL,POSTAL_CITY_EXPOSURE,147.31222808336452,-86.4516250661218,36.268882966193495
TAKE 5 CAR WASH,1710.0,W MAIN ST,37087,LEBANON,Lebanon,9501,LEBANON,,3816.081411726744,9500,9501,NORMAL,,61.32476093838178,-86.3465412119083,36.22155501841281
SIMPLY STORAGE ,1141.0,MURFREESBORO RD,37090,LEBANON,Lebanon,9501,LEBANON,,2128.7060456921513,9500,9501,NORMAL,,57.05636112174526,-86.302034652847,36.17237004402921
WALTONS GROVE,51.0,KILKENNY WAY,37122,MT JULIET,Mt. Juliet,9503,MT. JULIET,,47.010641680738686,9500,9503,CRITICAL,BOUNDARY_RISK,59.64255125196436,-86.4610745136056,36.15370771181103
BLDG #1,502.0,FAIRVIEW AVE,37087,LEBANON,Lebanon,9501,LEBANON,,6331.711537008532,9500,9501,NORMAL,,20.554278722075075,-86.2950322051964,36.21544261496182
BLDG #2,502.0,FAIRVIEW AVE,37087,LEBANON,Lebanon,9501,LEBANON,,6332.956829911368,9500,9501,NORMAL,,26.030146827660843,-86.2961043758345,36.2155359443319
BLDG #3,502.0,FAIRVIEW AVE,37087,LEBANON,Lebanon,9501,LEBANON,,6416.374183308425,9500,9501,NORMAL,,29.879162092087213,-86.2961374050811,36.2152914545794
BLDG #4,502.0,FAIRVIEW AVE,37087,LEBANON,Lebanon,9501,LEBANON,,6342.871610949365,9500,9501,NORMAL,,26.69495015564199,-86.2950555838845,36.215185499385704
CLUB HOUSE & GYM,502.0,FAIRVIEW AVE,37087,LEBANON,Lebanon,9501,LEBANON,,6539.264953844991,9500,9501,NORMAL,,52.65489265492835,-86.2956576931834,36.21445750294121
SOUTHERN BANK OF TENNESSEE,675.0,N MT JULIET RD,37122,MT JULIET,Mt. Juliet,9503,MT. JULIET,,2271.8092743343072,9500,9503,NORMAL,,21.217829476552954,-86.5113950292726,36.1809183565035
1,2100.0,SAFARI CAMP RD,37090,LEBANON,Unincorporated,9500,(Unincorporated),,10.09679591580202,9500,9501,CRITICAL,POSTAL_CITY_EXPOSURE,17.010646621138584,-86.3695915124802,36.1835361154775
2,2100.0,SAFARI CAMP RD,37090,LEBANON,Unincorporated,9500,(Unincorporated),,71.44847769980605,9500,9501,HIGH,POSTAL_CITY_EXPOSURE,15.954626939068165,-86.369544739267,36.18336669709009
4,2100.0,SAFARI CAMP RD,37090,LEBANON,Unincorporated,9500,(Unincorporated),,152.85837535429246,9500,9501,HIGH,POSTAL_CITY_EXPOSURE,12.458854235295052,-86.3694778048521,36.18314180130792
 ,2100.0,SAFARI CAMP RD,37090,LEBANON,Unincorporated,9500,(Unincorporated),,152.85837535429246,9500,9501,HIGH,POSTAL_CITY_EXPOSURE,12.458854235295052,-86.3694778048521,36.18314180130792
3,2100.0,SAFARI CAMP RD,37090,LEBANON,Unincorporated,9500,(Unincorporated),,120.4113642288976,9500,9501,HIGH,POSTAL_CITY_EXPOSURE,11.608996212055862,-86.3695017526344,36.183231387231004
5,2100.0,SAFARI CAMP RD,37090,LEBANON,Unincorporated,9500,(Unincorporated),,186.5670085062499,9500,9501,HIGH,POSTAL_CITY_EXPOSURE,12.907280838860956,-86.3694373662217,36.1830484508845
 ,2100.0,SAFARI CAMP RD,37090,LEBANON,Unincorporated,9500,(Unincorporated),,186.5670085062499,9500,9501,HIGH,POSTAL_CITY_EXPOSURE,12.907280838860956,-86.3694373662217,36.1830484508845
6,2100.0,SAFARI CAMP RD,37090,LEBANON,Unincorporated,9500,(Unincorporated),,218.41018011685352,9500,9501,HIGH,POSTAL_CITY_EXPOSURE,10.259184103773485,-86.3694251925351,36.18296073684573
7,2100.0,SAFARI CAMP RD,37090,LEBANON,Unincorporated,9500,(Unincorporated),,243.14830454463925,9500,9501,HIGH,POSTAL_CITY_EXPOSURE,14.493996583755543,-86.3693919298965,36.18289216393799
8,2100.0,SAFARI CAMP RD,37090,LEBANON,Unincorporated,9500,(Unincorporated),,279.1929095908825,9500,9501,WATCH,POSTAL_CITY_EXPOSURE,15.72275606499285,-86.3693844087982,36.182792989873114
 ,2100.0,SAFARI CAMP RD,37090,LEBANON,Unincorporated,9500,(Unincorporated),,279.1929095908825,9500,9501,WATCH,POSTAL_CITY_EXPOSURE,15.72275606499285,-86.3693844087982,36.182792989873114
9,2100.0,SAFARI CAMP RD,37090,LEBANON,Unincorporated,9500,(Unincorporated),,318.1407918701703,9500,9501,WATCH,POSTAL_CITY_EXPOSURE,15.759869091877077,-86.3693933230356,36.18268613559551
10,2100.0,SAFARI CAMP RD,37090,LEBANON,Unincorporated,9500,(Unincorporated),,358.44145492406057,9500,9501,WATCH,POSTAL_CITY_EXPOSURE,15.800818570366646,-86.3693975148017,36.18257547900139
13,2100.0,SAFARI CAMP RD,37090,LEBANON,Unincorporated,9500,(Unincorporated),,82.14388219991173,9500,9501,HIGH,POSTAL_CITY_EXPOSURE,46.93203511302528,-86.3686149825106,36.18330944923281
14,2100.0,SAFARI CAMP RD,37090,LEBANON,Unincorporated,9500,(Unincorporated),,106.77088009797433,9500,9501,HIGH,POSTAL_CITY_EXPOSURE,25.367256703138285,-86.3686123155185,36.18324173620869
15,2100.0,SAFARI CAMP RD,37090,LEBANON,Unincorporated,9500,(Unincorporated),,133.2689556146722,9500,9501,HIGH,POSTAL_CITY_EXPOSURE,17.763497189071,-86.3686103595479,36.1831688947445
16,2100.0,SAFARI CAMP RD,37090,LEBANON,Unincorporated,9500,(Unincorporated),,175.07791051413798,9500,9501,HIGH,POSTAL_CITY_EXPOSURE,21.85645958495715,-86.3686017351853,36.183053866646404
17,2100.0,SAFARI CAMP RD,37090,LEBANON,Unincorporated,9500,(Unincorporated),,226.0503657993389,9500,9501,HIGH,POSTAL_CITY_EXPOSURE,13.359037730446971,-86.3686439111141,36.18291455986721
18,2100.0,SAFARI CAMP RD,37090,LEBANON,Unincorporated,9500,(Unincorporated),,259.30161118609044,9500,9501,WATCH,POSTAL_CITY_EXPOSURE,15.77778156624561,-86.3686340718343,36.1828230236595
19,2100.0,SAFARI CAMP RD,37090,LEBANON,Unincorporated,9500,(Unincorporated),,288.73417580404373,9500,9501,WATCH,POSTAL_CITY_EXPOSURE,14.305782885714846,-86.3686701731283,36.182742792943
 ,2100.0,SAFARI CAMP RD,37090,LEBANON,Unincorporated,9500,(Unincorporated),,288.73417580404373,9500,9501,WATCH,POSTAL_CITY_EXPOSURE,14.305782885714846,-86.3686701731283,36.182742792943
11,2100.0,SAFARI CAMP RD,37090,LEBANON,Unincorporated,9500,(Unincorporated),,411.97674219365166,9500,9501,WATCH,POSTAL_CITY_EXPOSURE,5.206224895824246,-86.3694676002967,36.182429648930004
12,2100.0,SAFARI CAMP RD,37090,LEBANON,Unincorporated,9500,(Unincorporated),,449.41072747928354,9500,9501,WATCH,POSTAL_CITY_EXPOSURE,40.884944128466074,-86.369539191301,36.1823280868551
TE1,2100.0,SAFARI CAMP RD,37090,LEBANON,Unincorporated,9500,(Unincorporated),,433.7392654346921,9500,9501,WATCH,POSTAL_CITY_EXPOSURE,17.432935813429566,-86.3698179505796,36.18237618332981
29,2100.0,SAFARI CAMP RD,37090,LEBANON,Unincorporated,9500,(Unincorporated),,509.0340763682664,9500,9501,WATCH,POSTAL_CITY_EXPOSURE,18.023031314857207,-86.3701473662276,36.18217957431262
28,2100.0,SAFARI CAMP RD,37090,LEBANON,Unincorporated,9500,(Unincorporated),,511.46804414165126,9500,9501,WATCH,POSTAL_CITY_EXPOSURE,19.212148904414555,-86.3699914078431,36.18216574516982
27,2100.0,SAFARI CAMP RD,37090,LEBANON,Unincorporated,9500,(Unincorporated),,510.9242623035632,9500,9501,WATCH,POSTAL_CITY_EXPOSURE,21.47000705601827,-86.3698642710577,36.18216494241211
26,2100.0,SAFARI CAMP RD,37090,LEBANON,Unincorporated,9500,(Unincorporated),,514.2962977816908,9500,9501,WATCH,POSTAL_CITY_EXPOSURE,16.224138515771852,-86.3697385550349,36.18215340587269
25,2100.0,SAFARI CAMP RD,37090,LEBANON,Unincorporated,9500,(Unincorporated),,512.5567995868005,9500,9501,WATCH,POSTAL_CITY_EXPOSURE,19.406744084231132,-86.3696063671302,36.18215579699722
24,2100.0,SAFARI CAMP RD,37090,LEBANON,Unincorporated,9500,(Unincorporated),,516.3542641679326,9500,9501,WATCH,POSTAL_CITY_EXPOSURE,16.308313495673374,-86.3694795005669,36.18214307046529
23,2100.0,SAFARI CAMP RD,37090,LEBANON,Unincorporated,9500,(Unincorporated),,519.5661182966186,9500,9501,WATCH,POSTAL_CITY_EXPOSURE,16.080362272410998,-86.3693454526738,36.1821318230812
22,2100.0,SAFARI CAMP RD,37090,LEBANON,Unincorporated,9500,(Unincorporated),,516.5017348870566,9500,9501,WATCH,POSTAL_CITY_EXPOSURE,16.65815563250901,-86.3691849951443,36.18213416865011
21,2100.0,SAFARI CAMP RD,37090,LEBANON,Unincorporated,9500,(Unincorporated),,513.3894127546071,9500,9501,WATCH,POSTAL_CITY_EXPOSURE,19.03640882146192,-86.36902893706342,36.182133983386095
20,2100.0,SAFARI CAMP RD,37090,LEBANON,Unincorporated,9500,(Unincorporated),,511.39744248247007,9500,9501,WATCH,POSTAL_CITY_EXPOSURE,22.069907432560527,-86.36890561301371,36.18213595010051
39,2100.0,SAFARI CAMP RD,37090,LEBANON,Unincorporated,9500,(Unincorporated),,584.021841784011,9500,9501,WATCH,POSTAL_CITY_EXPOSURE,20.343291284675566,-86.37016149604061,36.181973718654
37,2100.0,SAFARI CAMP RD,37090,LEBANON,Unincorporated,9500,(Unincorporated),,580.1229380123457,9500,9501,WATCH,POSTAL_CITY_EXPOSURE,20.113597940535875,-86.3698859295466,36.181975199573806
31,2100.0,SAFARI CAMP RD,37090,LEBANON,Unincorporated,9500,(Unincorporated),,577.4791091013997,9500,9501,WATCH,POSTAL_CITY_EXPOSURE,23.557141728301346,-86.3690767834748,36.181959510610305
30,2100.0,SAFARI CAMP RD,37090,LEBANON,Unincorporated,9500,(Unincorporated),,571.3022759593098,9500,9501,WATCH,POSTAL_CITY_EXPOSURE,26.039223136173163,-86.3689767757458,36.1819732763819
49,2100.0,SAFARI CAMP RD,37090,LEBANON,Unincorporated,9500,(Unincorporated),,643.404032737833,9500,9501,WATCH,POSTAL_CITY_EXPOSURE,23.956790884932136,-86.3701438474784,36.181808746172905
48,2100.0,SAFARI CAMP RD,37090,LEBANON,Unincorporated,9500,(Unincorporated),,645.2778092383714,9500,9501,WATCH,POSTAL_CITY_EXPOSURE,25.595261196314393,-86.3700166674007,36.181798538338505
45,2100.0,SAFARI CAMP RD,37090,LEBANON,Unincorporated,9500,(Unincorporated),,644.6269478733617,9500,9501,WATCH,POSTAL_CITY_EXPOSURE,23.81967755771602,-86.3695997835117,36.181792794710596
43,2100.0,SAFARI CAMP RD,37090,LEBANON,Unincorporated,9500,(Unincorporated),,648.5084316311455,9500,9501,WATCH,POSTAL_CITY_EXPOSURE,24.99766205588677,-86.3693145609641,36.18177697569271
51,2100.0,SAFARI CAMP RD,37090,LEBANON,Unincorporated,9500,(Unincorporated),,710.5977784306949,9500,9501,WATCH,POSTAL_CITY_EXPOSURE,34.44861846959279,-86.369071206251,36.181593183224386
50,2100.0,SAFARI CAMP RD,37090,LEBANON,Unincorporated,9500,(Unincorporated),,704.6187387251067,9500,9501,WATCH,POSTAL_CITY_EXPOSURE,25.693059912131154,-86.3689356343304,36.1816056526498
53,2100.0,SAFARI CAMP RD,37090,LEBANON,Unincorporated,9500,(Unincorporated),,719.6027533878754,9500,9501,WATCH,POSTAL_CITY_EXPOSURE,20.161823389099,-86.3694973698948,36.181584936412996
 ,2100.0,SAFARI CAMP RD,37090,LEBANON,Unincorporated,9500,(Unincorporated),,748.3283265895207,9500,9501,WATCH,POSTAL_CITY_EXPOSURE,18.73922454877336,-86.3693958109052,36.181504173200906
 ,2100.0,SAFARI CAMP RD,37090,LEBANON,Unincorporated,9500,(Unincorporated),,748.3283265895207,9500,9501,WATCH,POSTAL_CITY_EXPOSURE,18.73922454877336,-86.3693958109052,36.181504173200906
54,2100.0,SAFARI CAMP RD,37090,LEBANON,Unincorporated,9500,(Unincorporated),,748.3283265895207,9500,9501,WATCH,POSTAL_CITY_EXPOSURE,18.73922454877336,-86.3693958109052,36.181504173200906
55,2100.0,SAFARI CAMP RD,37090,LEBANON,Unincorporated,9500,(Unincorporated),,771.4258932952853,9500,9501,WATCH,POSTAL_CITY_EXPOSURE,26.09504476766345,-86.3693267804322,36.181439461566406
56,2100.0,SAFARI CAMP RD,37090,LEBANON,Unincorporated,9500,(Unincorporated),,797.1165456761867,9500,9501,WATCH,POSTAL_CITY_EXPOSURE,23.01872902842806,-86.3692602561521,36.18136574421519
57,2100.0,SAFARI CAMP RD,37090,LEBANON,Unincorporated,9500,(Unincorporated),,844.4527526684062,9500,9501,WATCH,POSTAL_CITY_EXPOSURE,13.765048989310527,-86.3692137175401,36.1812322177943
58,2100.0,SAFARI CAMP RD,37090,LEBANON,Unincorporated,9500,(Unincorporated),,879.7987032066883,9500,9501,WATCH,POSTAL_CITY_EXPOSURE,14.689717188521037,-86.3691755059421,36.18113244898393
59,2100.0,SAFARI CAMP RD,37090,LEBANON,Unincorporated,9500,(Unincorporated),,907.5031697555447,9500,9501,WATCH,POSTAL_CITY_EXPOSURE,16.73111325179648,-86.3691228489541,36.18105365479931
60,2100.0,SAFARI CAMP RD,37090,LEBANON,Unincorporated,9500,(Unincorporated),,948.2216927029185,9500,9501,WATCH,POSTAL_CITY_EXPOSURE,15.559546453003337,-86.3690929089973,36.18094061329322
61,2100.0,SAFARI CAMP RD,37090,LEBANON,Unincorporated,9500,(Unincorporated),,991.9939164260577,9500,9501,WATCH,POSTAL_CITY_EXPOSURE,15.31474647612196,-86.3690431894595,36.18081883611159
62,2100.0,SAFARI CAMP RD,37090,LEBANON,Unincorporated,9500,(Unincorporated),,1024.7235996682668,9500,9501,NORMAL,POSTAL_CITY_EXPOSURE,15.02574789259872,-86.3690098907442,36.180727900625406
63,2100.0,SAFARI CAMP RD,37090,LEBANON,Unincorporated,9500,(Unincorporated),,1059.5005480223413,9500,9501,NORMAL,POSTAL_CITY_EXPOSURE,20.06008402054655,-86.3689434200105,36.18063060279711
64,2100.0,SAFARI CAMP RD,37090,LEBANON,Unincorporated,9500,(Unincorporated),,1087.3882280757732,9500,9501,NORMAL,POSTAL_CITY_EXPOSURE,18.074962306878085,-86.368918485226,36.1805534199258
82,2100.0,SAFARI CAMP RD,37090,LEBANON,Unincorporated,9500,(Unincorporated),,1501.1186133879783,9500,9501,NORMAL,POSTAL_CITY_EXPOSURE,14.754817565723958,-86.368756449959,36.17941313737419
99,2100.0,SAFARI CAMP RD,37090,LEBANON,Unincorporated,9500,(Unincorporated),,1261.9899868571983,9500,9501,NORMAL,POSTAL_CITY_EXPOSURE,19.256004272514108,-86.3683558113967,36.180061847156416
97,2100.0,SAFARI CAMP RD,37090,LEBANON,Unincorporated,9500,(Unincorporated),,1353.580583868121,9500,9501,NORMAL,POSTAL_CITY_EXPOSURE,17.432718925896346,-86.3684324519236,36.1798123194459
100,2100.0,SAFARI CAMP RD,37090,LEBANON,Unincorporated,9500,(Unincorporated),,1228.247354787124,9500,9501,NORMAL,POSTAL_CITY_EXPOSURE,19.374242541988274,-86.36832097947142,36.18015358284449
101,2100.0,SAFARI CAMP RD,37090,LEBANON,Unincorporated,9500,(Unincorporated),,1186.113398773451,9500,9501,NORMAL,POSTAL_CITY_EXPOSURE,23.43798747636513,-86.3683034578117,36.180268888196316
92,2100.0,SAFARI CAMP RD,37090,LEBANON,Unincorporated,9500,(Unincorporated),,1568.776341841587,9500,9501,NORMAL,POSTAL_CITY_EXPOSURE,13.048153464054991,-86.3686275643859,36.17922495752371
79,2100.0,SAFARI CAMP RD,37090,LEBANON,Unincorporated,9500,(Unincorporated),,1559.1121049487688,9500,9501,NORMAL,POSTAL_CITY_EXPOSURE,13.240030303355198,-86.3689343236576,36.179257478162384
P1,2100.0,SAFARI CAMP RD,37090,LEBANON,Unincorporated,9500,(Unincorporated),,1170.895842517555,9500,9501,NORMAL,POSTAL_CITY_EXPOSURE,13.061671078672166,-86.3688865637383,36.1803232408102
P3,2100.0,SAFARI CAMP RD,37090,LEBANON,Unincorporated,9500,(Unincorporated),,1234.9983834958493,9500,9501,NORMAL,POSTAL_CITY_EXPOSURE,18.895574466948727,-86.3688130204851,36.1801454717685
P2,2100.0,SAFARI CAMP RD,37090,LEBANON,Unincorporated,9500,(Unincorporated),,1201.1721764926183,9500,9501,NORMAL,POSTAL_CITY_EXPOSURE,20.012936324620725,-86.3688533935926,36.18023931294471
81,3581.0,BENDERS FERRY RD,37122,MT JULIET,Unincorporated,9500,(Unincorporated),,2394.7721210782825,9500,9503,NORMAL,POSTAL_CITY_EXPOSURE,412.2625141505807,-86.5026072057764,36.28088209753742
82,3581.0,BENDERS FERRY RD,37122,MT JULIET,Unincorporated,9500,(Unincorporated),,2381.4260301666764,9500,9503,NORMAL,POSTAL_CITY_EXPOSURE,408.2062956771629,-86.5026157588425,36.2808377101017
83,3581.0,BENDERS FERRY RD,37122,MT JULIET,Unincorporated,9500,(Unincorporated),,2369.211687454145,9500,9503,NORMAL,POSTAL_CITY_EXPOSURE,393.8153665564735,-86.5026101317506,36.28078622862392
 ,3581.0,BENDERS FERRY RD,37122,MT JULIET,Unincorporated,9500,(Unincorporated),,2369.211687454145,9500,9503,NORMAL,POSTAL_CITY_EXPOSURE,393.8153665564735,-86.5026101317506,36.28078622862392
84,3581.0,BENDERS FERRY RD,37122,MT JULIET,Unincorporated,9500,(Unincorporated),,2350.8294726322647,9500,9503,NORMAL,POSTAL_CITY_EXPOSURE,373.46357468069937,-86.50261678226362,36.28072039008421
85,3581.0,BENDERS FERRY RD,37122,MT JULIET,Unincorporated,9500,(Unincorporated),,2337.4663699587536,9500,9503,NORMAL,POSTAL_CITY_EXPOSURE,358.90070894544317,-86.50262198320411,36.2806725757162
86,3581.0,BENDERS FERRY RD,37122,MT JULIET,Unincorporated,9500,(Unincorporated),,2323.4525352098385,9500,9503,NORMAL,POSTAL_CITY_EXPOSURE,343.7836407975873,-86.5026251859374,36.2806203419491
87,3581.0,BENDERS FERRY RD,37122,MT JULIET,Unincorporated,9500,(Unincorporated),,2308.334611202257,9500,9503,NORMAL,POSTAL_CITY_EXPOSURE,327.81920785420476,-86.5026269378728,36.28056224815492
88,3581.0,BENDERS FERRY RD,37122,MT JULIET,Unincorporated,9500,(Unincorporated),,2296.5061521242687,9500,9503,NORMAL,POSTAL_CITY_EXPOSURE,315.6738328596765,-86.5026248629031,36.28051361328512
89,3581.0,BENDERS FERRY RD,37122,MT JULIET,Unincorporated,9500,(Unincorporated),,2286.1057568186225,9500,9503,NORMAL,POSTAL_CITY_EXPOSURE,305.3337255015826,-86.5026281518438,36.280474971398704
90,3581.0,BENDERS FERRY RD,37122,MT JULIET,Unincorporated,9500,(Unincorporated),,2275.798686450081,9500,9503,NORMAL,POSTAL_CITY_EXPOSURE,295.4331915137627,-86.502627888669,36.2804334819989
91,3581.0,BENDERS FERRY RD,37122,MT JULIET,Unincorporated,9500,(Unincorporated),,2185.870631011766,9500,9503,NORMAL,POSTAL_CITY_EXPOSURE,213.34301463341467,-86.5030377561007,36.28042033143201
92,3581.0,BENDERS FERRY RD,37122,MT JULIET,Unincorporated,9500,(Unincorporated),,2208.4789533122134,9500,9503,NORMAL,POSTAL_CITY_EXPOSURE,230.5647936557665,-86.5029264177654,36.28041793335159
93,3581.0,BENDERS FERRY RD,37122,MT JULIET,Unincorporated,9500,(Unincorporated),,2192.508277942278,9500,9503,NORMAL,POSTAL_CITY_EXPOSURE,221.73882781474057,-86.5030396950893,36.2804475069459
94,3581.0,BENDERS FERRY RD,37122,MT JULIET,Unincorporated,9500,(Unincorporated),,2220.55753433903,9500,9503,NORMAL,POSTAL_CITY_EXPOSURE,243.74931709589978,-86.5029160610628,36.28045660555541
95,3581.0,BENDERS FERRY RD,37122,MT JULIET,Unincorporated,9500,(Unincorporated),,2202.890530326057,9500,9503,NORMAL,POSTAL_CITY_EXPOSURE,235.37385885502817,-86.5030452781342,36.28049183468688
96,3581.0,BENDERS FERRY RD,37122,MT JULIET,Unincorporated,9500,(Unincorporated),,2232.3079952500475,9500,9503,NORMAL,POSTAL_CITY_EXPOSURE,256.2378206449093,-86.5029003665292,36.28048957630029
97,3581.0,BENDERS FERRY RD,37122,MT JULIET,Unincorporated,9500,(Unincorporated),,2214.040600548668,9500,9503,NORMAL,POSTAL_CITY_EXPOSURE,248.98134999345572,-86.5030419973741,36.28053190859429
98,3581.0,BENDERS FERRY RD,37122,MT JULIET,Unincorporated,9500,(Unincorporated),,2239.2721659209406,9500,9503,NORMAL,POSTAL_CITY_EXPOSURE,265.1636946137064,-86.5029094199033,36.2805238752208
99,3581.0,BENDERS FERRY RD,37122,MT JULIET,Unincorporated,9500,(Unincorporated),,2225.5922905989473,9500,9503,NORMAL,POSTAL_CITY_EXPOSURE,262.90774187401416,-86.5030369512931,36.280571988946505
100,3581.0,BENDERS FERRY RD,37122,MT JULIET,Unincorporated,9500,(Unincorporated),,2251.453739876938,9500,9503,NORMAL,POSTAL_CITY_EXPOSURE,279.93266388532555,-86.50291149505371,36.28057251098679
101,3581.0,BENDERS FERRY RD,37122,MT JULIET,Unincorporated,9500,(Unincorporated),,2235.7076719431384,9500,9503,NORMAL,POSTAL_CITY_EXPOSURE,275.5456370592423,-86.5030354210071,36.28060919328429
102,3581.0,BENDERS FERRY RD,37122,MT JULIET,Unincorporated,9500,(Unincorporated),,2260.0027390994933,9500,9503,NORMAL,POSTAL_CITY_EXPOSURE,290.8783061994809,-86.5029170326379,36.28060968591601
104,3581.0,BENDERS FERRY RD,37122,MT JULIET,Unincorporated,9500,(Unincorporated),,2270.437734611033,9500,9503,NORMAL,POSTAL_CITY_EXPOSURE,303.69247284539904,-86.5029172857687,36.280649744213704
106,3581.0,BENDERS FERRY RD,37122,MT JULIET,Unincorporated,9500,(Unincorporated),,2278.681380157798,9500,9503,NORMAL,POSTAL_CITY_EXPOSURE,314.09867478966385,-86.5029192621496,36.28068264143501
108,3581.0,BENDERS FERRY RD,37122,MT JULIET,Unincorporated,9500,(Unincorporated),,2288.0711880073536,9500,9503,NORMAL,POSTAL_CITY_EXPOSURE,325.77904460221544,-86.5029194891571,36.28071840821782
103,3581.0,BENDERS FERRY RD,37122,MT JULIET,Unincorporated,9500,(Unincorporated),,2246.3124324010423,9500,9503,NORMAL,POSTAL_CITY_EXPOSURE,289.92034842476755,-86.503041002948,36.28065352102793
105,3581.0,BENDERS FERRY RD,37122,MT JULIET,Unincorporated,9500,(Unincorporated),,2254.2601795344676,9500,9503,NORMAL,POSTAL_CITY_EXPOSURE,300.13553050578116,-86.5030411936809,36.280683565197805
107,3581.0,BENDERS FERRY RD,37122,MT JULIET,Unincorporated,9500,(Unincorporated),,2264.0608398660825,9500,9503,NORMAL,POSTAL_CITY_EXPOSURE,311.9120264416443,-86.5030361021754,36.2807164918311
80,3581.0,BENDERS FERRY RD,37122,MT JULIET,Unincorporated,9500,(Unincorporated),,2404.607269090976,9500,9503,NORMAL,POSTAL_CITY_EXPOSURE,378.31502313324313,-86.5026950123515,36.28098688164972
79,3581.0,BENDERS FERRY RD,37122,MT JULIET,Unincorporated,9500,(Unincorporated),,2397.9606058908234,9500,9503,NORMAL,POSTAL_CITY_EXPOSURE,366.68776837309446,-86.502746343385,36.2810004983257
78,3581.0,BENDERS FERRY RD,37122,MT JULIET,Unincorporated,9500,(Unincorporated),,2390.047313795051,9500,9503,NORMAL,POSTAL_CITY_EXPOSURE,355.9546996375367,-86.502800600338,36.28101124142721
77,3581.0,BENDERS FERRY RD,37122,MT JULIET,Unincorporated,9500,(Unincorporated),,2381.726592168041,9500,9503,NORMAL,POSTAL_CITY_EXPOSURE,338.17680743746405,-86.5028684569836,36.28103003442481
74,3581.0,BENDERS FERRY RD,37122,MT JULIET,Unincorporated,9500,(Unincorporated),,2338.560572388431,9500,9503,NORMAL,POSTAL_CITY_EXPOSURE,247.8448938660724,-86.5032460928908,36.281135288304206
 ,3581.0,BENDERS FERRY RD,37122,MT JULIET,Unincorporated,9500,(Unincorporated),,2338.560572388431,9500,9503,NORMAL,POSTAL_CITY_EXPOSURE,247.8448938660724,-86.5032460928908,36.281135288304206
 ,3581.0,BENDERS FERRY RD,37122,MT JULIET,Unincorporated,9500,(Unincorporated),,2338.560572388431,9500,9503,NORMAL,POSTAL_CITY_EXPOSURE,247.8448938660724,-86.5032460928908,36.281135288304206
75,3581.0,BENDERS FERRY RD,37122,MT JULIET,Unincorporated,9500,(Unincorporated),,2346.8058271721516,9500,9503,NORMAL,POSTAL_CITY_EXPOSURE,264.99888613393335,-86.5031682009128,36.28111272151642
76,3581.0,BENDERS FERRY RD,37122,MT JULIET,Unincorporated,9500,(Unincorporated),,2362.997019366503,9500,9503,NORMAL,POSTAL_CITY_EXPOSURE,297.19070607852797,-86.5030289564053,36.28107562636049
73,3581.0,BENDERS FERRY RD,37122,MT JULIET,Unincorporated,9500,(Unincorporated),,2332.2858103296144,9500,9503,NORMAL,POSTAL_CITY_EXPOSURE,233.8722487792994,-86.5033114578226,36.28115588035401
72,3581.0,BENDERS FERRY RD,37122,MT JULIET,Unincorporated,9500,(Unincorporated),,2325.3973693920007,9500,9503,NORMAL,POSTAL_CITY_EXPOSURE,221.69337563866938,-86.5033775441333,36.281174203690725
71,3581.0,BENDERS FERRY RD,37122,MT JULIET,Unincorporated,9500,(Unincorporated),,2319.022310231549,9500,9503,NORMAL,POSTAL_CITY_EXPOSURE,210.71730328639896,-86.5034424547704,36.28119300953599
70,3581.0,BENDERS FERRY RD,37122,MT JULIET,Unincorporated,9500,(Unincorporated),,2310.699717491562,9500,9503,NORMAL,POSTAL_CITY_EXPOSURE,199.00789425617018,-86.503526833253,36.281216503521314
69,3581.0,BENDERS FERRY RD,37122,MT JULIET,Unincorporated,9500,(Unincorporated),,2303.448730838854,9500,9503,NORMAL,POSTAL_CITY_EXPOSURE,189.77491507406722,-86.5036085688379,36.28124115211061
68,3581.0,BENDERS FERRY RD,37122,MT JULIET,Unincorporated,9500,(Unincorporated),,2297.088649087296,9500,9503,NORMAL,POSTAL_CITY_EXPOSURE,185.8404020648647,-86.5036722852825,36.28125733934892
61A,3581.0,BENDERS FERRY RD,37122,MT JULIET,Unincorporated,9500,(Unincorporated),,2268.206677583413,9500,9503,NORMAL,POSTAL_CITY_EXPOSURE,197.77696834591345,-86.5040254571606,36.281358876954606
61,3581.0,BENDERS FERRY RD,37122,MT JULIET,Unincorporated,9500,(Unincorporated),,2272.003854548762,9500,9503,NORMAL,POSTAL_CITY_EXPOSURE,192.31272837600835,-86.5039758901981,36.28134477671951
62,3581.0,BENDERS FERRY RD,37122,MT JULIET,Unincorporated,9500,(Unincorporated),,2276.581559107703,9500,9503,NORMAL,POSTAL_CITY_EXPOSURE,187.33364615199673,-86.5039183578367,36.281328563860406
63,3581.0,BENDERS FERRY RD,37122,MT JULIET,Unincorporated,9500,(Unincorporated),,2280.5546917335782,9500,9503,NORMAL,POSTAL_CITY_EXPOSURE,184.21779480394414,-86.5038741095444,36.28131730279228
64,3581.0,BENDERS FERRY RD,37122,MT JULIET,Unincorporated,9500,(Unincorporated),,2284.5634766357243,9500,9503,NORMAL,POSTAL_CITY_EXPOSURE,182.35827540134136,-86.5038263147388,36.281303910679405
65,3581.0,BENDERS FERRY RD,37122,MT JULIET,Unincorporated,9500,(Unincorporated),,2288.5716352029503,9500,9503,NORMAL,POSTAL_CITY_EXPOSURE,181.6366587508928,-86.5037802909338,36.281291225836114
66,3581.0,BENDERS FERRY RD,37122,MT JULIET,Unincorporated,9500,(Unincorporated),,2291.959145004082,9500,9503,NORMAL,POSTAL_CITY_EXPOSURE,182.20873378490631,-86.5037395721331,36.28127923533899
67,3581.0,BENDERS FERRY RD,37122,MT JULIET,Unincorporated,9500,(Unincorporated),,2294.2810541136723,9500,9503,NORMAL,POSTAL_CITY_EXPOSURE,184.24821599807848,-86.5037041503375,36.2812665062831
Section E,3581.0,BENDERS FERRY RD,37122,MT JULIET,Unincorporated,9500,(Unincorporated),,2349.1007307335135,9500,9503,NORMAL,POSTAL_CITY_EXPOSURE,374.73542127443574,-86.5026696046906,36.280756121102804
Section F,3581.0,BENDERS FERRY RD,37122,MT JULIET,Unincorporated,9500,(Unincorporated),,2229.6348269234686,9500,9503,NORMAL,POSTAL_CITY_EXPOSURE,275.7245992924016,-86.5030869745149,36.28062562160682
Section D,3581.0,BENDERS FERRY RD,37122,MT JULIET,Unincorporated,9500,(Unincorporated),,2319.2074681803524,9500,9503,NORMAL,POSTAL_CITY_EXPOSURE,286.1010355587114,-86.5032014958103,36.2810364701574
Section C,3581.0,BENDERS FERRY RD,37122,MT JULIET,Unincorporated,9500,(Unincorporated),,2124.3433911497364,9500,9503,NORMAL,POSTAL_CITY_EXPOSURE,350.9211684044282,-86.5044551067604,36.281112317077195
50,3581.0,BENDERS FERRY RD,37122,MT JULIET,Unincorporated,9500,(Unincorporated),,2082.0790596375064,9500,9503,NORMAL,POSTAL_CITY_EXPOSURE,419.2985553701138,-86.5047599969271,36.281124158869694
60,3581.0,BENDERS FERRY RD,37122,MT JULIET,Unincorporated,9500,(Unincorporated),,2207.70619115533,9500,9503,NORMAL,POSTAL_CITY_EXPOSURE,265.3830179028863,-86.5042485311934,36.281277708925
59,3581.0,BENDERS FERRY RD,37122,MT JULIET,Unincorporated,9500,(Unincorporated),,2196.2306173478237,9500,9503,NORMAL,POSTAL_CITY_EXPOSURE,278.6113818990424,-86.5042917273011,36.28126250713981
51,3581.0,BENDERS FERRY RD,37122,MT JULIET,Unincorporated,9500,(Unincorporated),,2094.425756065036,9500,9503,NORMAL,POSTAL_CITY_EXPOSURE,403.40287534098326,-86.5047070782501,36.2811386876515
58,3581.0,BENDERS FERRY RD,37122,MT JULIET,Unincorporated,9500,(Unincorporated),,2183.5440847746936,9500,9503,NORMAL,POSTAL_CITY_EXPOSURE,293.53953453706316,-86.5043413968912,36.2812465618573
52,3581.0,BENDERS FERRY RD,37122,MT JULIET,Unincorporated,9500,(Unincorporated),,2107.1347773022994,9500,9503,NORMAL,POSTAL_CITY_EXPOSURE,387.7794575610724,-86.504657118792,36.281155586888
53,3581.0,BENDERS FERRY RD,37122,MT JULIET,Unincorporated,9500,(Unincorporated),,2118.4686959026594,9500,9503,NORMAL,POSTAL_CITY_EXPOSURE,372.72160185127547,-86.5046041784044,36.28116653786109
54,3581.0,BENDERS FERRY RD,37122,MT JULIET,Unincorporated,9500,(Unincorporated),,2132.7666676467757,9500,9503,NORMAL,POSTAL_CITY_EXPOSURE,355.16869405726857,-86.5045468646747,36.28118466097139
55,3581.0,BENDERS FERRY RD,37122,MT JULIET,Unincorporated,9500,(Unincorporated),,2147.719363699343,9500,9503,NORMAL,POSTAL_CITY_EXPOSURE,337.0699176813048,-86.50448808592101,36.2812039824863
57,3581.0,BENDERS FERRY RD,37122,MT JULIET,Unincorporated,9500,(Unincorporated),,2172.7371796638317,9500,9503,NORMAL,POSTAL_CITY_EXPOSURE,306.3794514399028,-86.50438401476931,36.28123303061461
56,3581.0,BENDERS FERRY RD,37122,MT JULIET,Unincorporated,9500,(Unincorporated),,2160.9379219909465,9500,9503,NORMAL,POSTAL_CITY_EXPOSURE,320.8666722161092,-86.50443370213601,36.28121970867881
Section B,,,,,,9500,(Unincorporated),,1938.094040301652,9500,9503,NORMAL,,,-86.5049330002845,36.28074830864231
49,3581.0,BENDERS FERRY RD,37122,MT JULIET,Unincorporated,9500,(Unincorporated),,2027.1781989348653,9500,9503,NORMAL,POSTAL_CITY_EXPOSURE,475.3360305574699,-86.5048969937106,36.281013614107
48,3581.0,BENDERS FERRY RD,37122,MT JULIET,Unincorporated,9500,(Unincorporated),,2010.3277720778037,9500,9503,NORMAL,POSTAL_CITY_EXPOSURE,488.57795816595205,-86.5049108318464,36.28096682069531
40,,,,,,9500,(Unincorporated),,1857.440222260661,9500,9503,NORMAL,,,-86.5050471549224,36.2805456270623
41,,,,,,9500,(Unincorporated),,1882.356222159105,9500,9503,NORMAL,,,-86.50502875732951,36.28061628410041
47,,,,,,9500,(Unincorporated),,1992.368174858399,9500,9503,NORMAL,,,-86.5049281928996,36.28091810467664
46,,,,,,9500,(Unincorporated),,1971.53684998686,9500,9503,NORMAL,,,-86.5049466757385,36.280860799821504
42,,,,,,9500,(Unincorporated),,1904.0696056508118,9500,9503,NORMAL,,,-86.5050079304171,36.280675506654994
45,,,,,,9500,(Unincorporated),,1955.8760189996885,9500,9503,NORMAL,,,-86.5049629005579,36.280818764801
44,,,,,,9500,(Unincorporated),,1940.695958197355,9500,9503,NORMAL,,,-86.5049779527038,36.280777688170495
43,,,,,,9500,(Unincorporated),,1924.5494444114947,9500,9503,NORMAL,,,-86.5049894404762,36.28073185805902
Section A,,,,,,9500,(Unincorporated),,1765.8004129854135,9500,9503,NORMAL,,,-86.5050499941381,36.280251846272414
39,,,,,,9500,(Unincorporated),,1825.8671616724866,9500,9503,NORMAL,,,-86.5050742784998,36.280457764361216
30,,,,,,9500,(Unincorporated),,1651.9862413279775,9500,9503,NORMAL,,,-86.5052816393352,36.280000505797304
38,,,,,,9500,(Unincorporated),,1806.1531252601476,9500,9503,NORMAL,,,-86.505095144822,36.28040474113849
31,,,,,,9500,(Unincorporated),,1677.6412535779314,9500,9503,NORMAL,,,-86.5052449429375,36.2800650407617
37,,,,,,9500,(Unincorporated),,1785.907293168731,9500,9503,NORMAL,,,-86.5051195450747,36.2803517040446
32,,,,,,9500,(Unincorporated),,1697.9423671794323,9500,9503,NORMAL,,,-86.5052311822899,36.28012375708219
36,,,,,,9500,(Unincorporated),,1768.2625982818283,9500,9503,NORMAL,,,-86.5051386814009,36.2803044108075
35,,,,,,9500,(Unincorporated),,1750.796706460872,9500,9503,NORMAL,,,-86.5051595932455,36.2802585412885
34,,,,,,9500,(Unincorporated),,1735.0471457103513,9500,9503,NORMAL,,,-86.5051752218313,36.28021555522871
33,,,,,,9500,(Unincorporated),,1722.2343155053914,9500,9503,NORMAL,,,-86.5051891387109,36.28018116046921
Section G,3581.0,BENDERS FERRY RD,37122,MT JULIET,Unincorporated,9500,(Unincorporated),,2014.2327059880708,9500,9503,NORMAL,POSTAL_CITY_EXPOSURE,295.4614206901977,-86.5040566239389,36.2805191444826
1C,3581.0,BENDERS FERRY RD,37122,MT JULIET,Unincorporated,9500,(Unincorporated),,2181.981400414729,9500,9503,NORMAL,POSTAL_CITY_EXPOSURE,278.25115030888884,-86.5033949752681,36.28067450946501
1B,3581.0,BENDERS FERRY RD,37122,MT JULIET,Unincorporated,9500,(Unincorporated),,2164.256597967594,9500,9503,NORMAL,POSTAL_CITY_EXPOSURE,272.8230772183912,-86.5034626034063,36.28065753625451
2,3581.0,BENDERS FERRY RD,37122,MT JULIET,Unincorporated,9500,(Unincorporated),,2153.276774769812,9500,9503,NORMAL,POSTAL_CITY_EXPOSURE,272.51401366030984,-86.5035126374428,36.28065255857302
29,3581.0,BENDERS FERRY RD,37122,MT JULIET,Unincorporated,9500,(Unincorporated),,1917.0907546003946,9500,9503,NORMAL,POSTAL_CITY_EXPOSURE,418.6878871546216,-86.5046043585224,36.2805120907674
28,3581.0,BENDERS FERRY RD,37122,MT JULIET,Unincorporated,9500,(Unincorporated),,1933.0816541701774,9500,9503,NORMAL,POSTAL_CITY_EXPOSURE,399.69993851200127,-86.504521945371,36.280519587789016
26,3581.0,BENDERS FERRY RD,37122,MT JULIET,Unincorporated,9500,(Unincorporated),,1954.3974575197658,9500,9503,NORMAL,POSTAL_CITY_EXPOSURE,378.7204098033761,-86.5044219068273,36.28053431221531
4,3581.0,BENDERS FERRY RD,37122,MT JULIET,Unincorporated,9500,(Unincorporated),,2131.918616330027,9500,9503,NORMAL,POSTAL_CITY_EXPOSURE,273.0802737142539,-86.5036068011462,36.2806402440134
6,3581.0,BENDERS FERRY RD,37122,MT JULIET,Unincorporated,9500,(Unincorporated),,2109.863880050155,9500,9503,NORMAL,POSTAL_CITY_EXPOSURE,277.88200079384444,-86.5037083398395,36.28062980653599
8,3581.0,BENDERS FERRY RD,37122,MT JULIET,Unincorporated,9500,(Unincorporated),,2089.7004337885596,9500,9503,NORMAL,POSTAL_CITY_EXPOSURE,283.4505047392671,-86.503797198945,36.28061703628483
24,3581.0,BENDERS FERRY RD,37122,MT JULIET,Unincorporated,9500,(Unincorporated),,1979.7206205651642,9500,9503,NORMAL,POSTAL_CITY_EXPOSURE,355.65780597108244,-86.5043042147276,36.2805514948487
22,3581.0,BENDERS FERRY RD,37122,MT JULIET,Unincorporated,9500,(Unincorporated),,1997.0008129939683,9500,9503,NORMAL,POSTAL_CITY_EXPOSURE,340.20910425761787,-86.5042218155675,36.280561376242524
20,3581.0,BENDERS FERRY RD,37122,MT JULIET,Unincorporated,9500,(Unincorporated),,2018.6088981345952,9500,9503,NORMAL,POSTAL_CITY_EXPOSURE,325.51317254107397,-86.5041276835084,36.28057846042141
10,3581.0,BENDERS FERRY RD,37122,MT JULIET,Unincorporated,9500,(Unincorporated),,2076.7783650123574,9500,9503,NORMAL,POSTAL_CITY_EXPOSURE,289.24225829341424,-86.5038572369256,36.28061058652361
12,3581.0,BENDERS FERRY RD,37122,MT JULIET,Unincorporated,9500,(Unincorporated),,2066.735534696001,9500,9503,NORMAL,POSTAL_CITY_EXPOSURE,293.57331172367026,-86.503901664949,36.280603963885596
14,3581.0,BENDERS FERRY RD,37122,MT JULIET,Unincorporated,9500,(Unincorporated),,2055.737605333637,9500,9503,NORMAL,POSTAL_CITY_EXPOSURE,300.62704769172694,-86.5039552374389,36.2805996868402
16,3581.0,BENDERS FERRY RD,37122,MT JULIET,Unincorporated,9500,(Unincorporated),,2042.2952561171664,9500,9503,NORMAL,POSTAL_CITY_EXPOSURE,308.8312365284479,-86.5040173291957,36.2805920361188
18,3581.0,BENDERS FERRY RD,37122,MT JULIET,Unincorporated,9500,(Unincorporated),,2031.4611717581558,9500,9503,NORMAL,POSTAL_CITY_EXPOSURE,316.5483400057704,-86.5040688338081,36.28058657442659
27,3581.0,BENDERS FERRY RD,37122,MT JULIET,Unincorporated,9500,(Unincorporated),,1993.4341692607404,9500,9503,NORMAL,POSTAL_CITY_EXPOSURE,454.2693210879193,-86.5045504119562,36.28073502704662
25,3581.0,BENDERS FERRY RD,37122,MT JULIET,Unincorporated,9500,(Unincorporated),,2010.3136801180156,9500,9503,NORMAL,POSTAL_CITY_EXPOSURE,440.0474170002664,-86.5044703872036,36.28074776007979
23,3581.0,BENDERS FERRY RD,37122,MT JULIET,Unincorporated,9500,(Unincorporated),,2028.9324082210098,9500,9503,NORMAL,POSTAL_CITY_EXPOSURE,423.5922598442104,-86.50437739202232,36.28075864019541
 ,3581.0,BENDERS FERRY RD,37122,MT JULIET,Unincorporated,9500,(Unincorporated),,2046.1370584828608,9500,9503,NORMAL,POSTAL_CITY_EXPOSURE,407.24281926400624,-86.5042855463096,36.28076474617271
 ,3581.0,BENDERS FERRY RD,37122,MT JULIET,Unincorporated,9500,(Unincorporated),,2046.1370584828608,9500,9503,NORMAL,POSTAL_CITY_EXPOSURE,407.24281926400624,-86.5042855463096,36.28076474617271
 ,3581.0,BENDERS FERRY RD,37122,MT JULIET,Unincorporated,9500,(Unincorporated),,2046.1370584828608,9500,9503,NORMAL,POSTAL_CITY_EXPOSURE,407.24281926400624,-86.5042855463096,36.28076474617271
21,3581.0,BENDERS FERRY RD,37122,MT JULIET,Unincorporated,9500,(Unincorporated),,2046.1370584828608,9500,9503,NORMAL,POSTAL_CITY_EXPOSURE,407.24281926400624,-86.5042855463096,36.28076474617271
19,3581.0,BENDERS FERRY RD,37122,MT JULIET,Unincorporated,9500,(Unincorporated),,2067.997181972269,9500,9503,NORMAL,POSTAL_CITY_EXPOSURE,393.2450601621439,-86.5041843347466,36.280780428787274
17,3581.0,BENDERS FERRY RD,37122,MT JULIET,Unincorporated,9500,(Unincorporated),,2083.0490533182037,9500,9503,NORMAL,POSTAL_CITY_EXPOSURE,384.26226788407854,-86.5041137159893,36.2807902618687
15,3581.0,BENDERS FERRY RD,37122,MT JULIET,Unincorporated,9500,(Unincorporated),,2093.28499320832,9500,9503,NORMAL,POSTAL_CITY_EXPOSURE,376.1651326921157,-86.5040583621809,36.2807923996992
13,3581.0,BENDERS FERRY RD,37122,MT JULIET,Unincorporated,9500,(Unincorporated),,2106.931952359809,9500,9503,NORMAL,POSTAL_CITY_EXPOSURE,369.1152391303233,-86.5039936215886,36.2808003003092
11,3581.0,BENDERS FERRY RD,37122,MT JULIET,Unincorporated,9500,(Unincorporated),,2121.5739548933416,9500,9503,NORMAL,POSTAL_CITY_EXPOSURE,361.8079594155547,-86.5039253530739,36.2808091690859
7,3581.0,BENDERS FERRY RD,37122,MT JULIET,Unincorporated,9500,(Unincorporated),,2140.882172650414,9500,9503,NORMAL,POSTAL_CITY_EXPOSURE,351.31566047608356,-86.5038344176191,36.28081980137191
5,3581.0,BENDERS FERRY RD,37122,MT JULIET,Unincorporated,9500,(Unincorporated),,2158.0973715031882,9500,9503,NORMAL,POSTAL_CITY_EXPOSURE,342.46721936825395,-86.5037599910634,36.280832987345605
3,3581.0,BENDERS FERRY RD,37122,MT JULIET,Unincorporated,9500,(Unincorporated),,2178.347583794228,9500,9503,NORMAL,POSTAL_CITY_EXPOSURE,334.36760611631803,-86.5036699586374,36.28084647802751
1,3581.0,BENDERS FERRY RD,37122,MT JULIET,Unincorporated,9500,(Unincorporated),,2200.7231717764917,9500,9503,NORMAL,POSTAL_CITY_EXPOSURE,327.84538490893726,-86.50357109825661,36.28086119683648
1A,3581.0,BENDERS FERRY RD,37122,MT JULIET,Unincorporated,9500,(Unincorporated),,2217.5030021209095,9500,9503,NORMAL,POSTAL_CITY_EXPOSURE,325.10286407697674,-86.5034957666353,36.280871048288816
Guest Dock,3581.0,BENDERS FERRY RD,37122,MT JULIET,Unincorporated,9500,(Unincorporated),,1715.7272878473598,9500,9503,NORMAL,POSTAL_CITY_EXPOSURE,436.75218383032995,-86.5048724827115,36.279989260403305
Pavilion,3581.0,BENDERS FERRY RD,37122,MT JULIET,Unincorporated,9500,(Unincorporated),,1730.6161527325155,9500,9503,NORMAL,POSTAL_CITY_EXPOSURE,268.63637454929403,-86.50422807023561,36.27961281569821
Pool,3581.0,BENDERS FERRY RD,37122,MT JULIET,Unincorporated,9500,(Unincorporated),,1854.8186838551694,9500,9503,NORMAL,POSTAL_CITY_EXPOSURE,146.47394603376722,-86.5038759367102,36.2798121972165
Club House,3581.0,BENDERS FERRY RD,37122,MT JULIET,Unincorporated,9500,(Unincorporated),,1950.4987722589497,9500,9503,NORMAL,POSTAL_CITY_EXPOSURE,33.20975694109944,-86.5034372153532,36.2798259475688
Church,3581.0,BENDERS FERRY RD,37122,MT JULIET,Unincorporated,9500,(Unincorporated),,1632.4298605285449,9500,9503,NORMAL,POSTAL_CITY_EXPOSURE,199.84343579465218,-86.5040477875179,36.2790689422543
Tennis Court,3581.0,BENDERS FERRY RD,37122,MT JULIET,Unincorporated,9500,(Unincorporated),,2288.743964704558,9500,9503,NORMAL,POSTAL_CITY_EXPOSURE,356.2834045142013,-86.5020088497249,36.279887379277895
Trailer Storage,3581.0,BENDERS FERRY RD,37122,MT JULIET,Unincorporated,9500,(Unincorporated),,2644.384936731252,9500,9503,NORMAL,POSTAL_CITY_EXPOSURE,15.838624983409721,-86.5000223773388,36.279037067630206
1,3581.0,BENDERS FERRY RD,37122,MT JULIET,Unincorporated,9500,(Unincorporated),,2472.2685259826,9500,9503,NORMAL,POSTAL_CITY_EXPOSURE,20.88499038888488,-86.5036132629103,36.28181018518643
2,3581.0,BENDERS FERRY RD,37122,MT JULIET,Unincorporated,9500,(Unincorporated),,2497.593018862119,9500,9503,NORMAL,POSTAL_CITY_EXPOSURE,21.08553734065867,-86.5035428704509,36.28185578379921
3,3581.0,BENDERS FERRY RD,37122,MT JULIET,Unincorporated,9500,(Unincorporated),,2526.6361809261125,9500,9503,NORMAL,POSTAL_CITY_EXPOSURE,18.034881861855844,-86.5034459570376,36.28189910819741
4,3581.0,BENDERS FERRY RD,37122,MT JULIET,Unincorporated,9500,(Unincorporated),,2554.2271096299505,9500,9503,NORMAL,POSTAL_CITY_EXPOSURE,23.441958378644816,-86.5033667439346,36.28194712807747
5,3581.0,BENDERS FERRY RD,37122,MT JULIET,Unincorporated,9500,(Unincorporated),,2594.0257823394354,9500,9503,NORMAL,POSTAL_CITY_EXPOSURE,11.962594380506312,-86.5032198105549,36.2819978135824
7,3581.0,BENDERS FERRY RD,37122,MT JULIET,Unincorporated,9500,(Unincorporated),,2674.7467383486032,9500,9503,NORMAL,POSTAL_CITY_EXPOSURE,11.803543227598622,-86.5030589695161,36.28217731983172
8,3581.0,BENDERS FERRY RD,37122,MT JULIET,Unincorporated,9500,(Unincorporated),,2679.729489149084,9500,9503,NORMAL,POSTAL_CITY_EXPOSURE,11.463825595342522,-86.5031181884023,36.2822271479787
9,3581.0,BENDERS FERRY RD,37122,MT JULIET,Unincorporated,9500,(Unincorporated),,2694.2806128533693,9500,9503,NORMAL,POSTAL_CITY_EXPOSURE,4.574968277409418,-86.5031776042006,36.28230797281758
10,3581.0,BENDERS FERRY RD,37122,MT JULIET,Unincorporated,9500,(Unincorporated),,2697.2341315376734,9500,9503,NORMAL,POSTAL_CITY_EXPOSURE,9.065906422498955,-86.503292915421,36.2823790272731
11,3581.0,BENDERS FERRY RD,37122,MT JULIET,Unincorporated,9500,(Unincorporated),,2691.6531170708267,9500,9503,NORMAL,POSTAL_CITY_EXPOSURE,9.573453138851642,-86.5033873527619,36.28240963247138
13,3581.0,BENDERS FERRY RD,37122,MT JULIET,Unincorporated,9500,(Unincorporated),,2617.952112106639,9500,9503,NORMAL,POSTAL_CITY_EXPOSURE,4.805483531194557,-86.5036186529533,36.282287656485
12,3581.0,BENDERS FERRY RD,37122,MT JULIET,Unincorporated,9500,(Unincorporated),,2677.8788658941903,9500,9503,NORMAL,POSTAL_CITY_EXPOSURE,5.131101653714569,-86.5034854574276,36.2824145888555
6,3581.0,BENDERS FERRY RD,37122,MT JULIET,Unincorporated,9500,(Unincorporated),,2667.734512537802,9500,9503,NORMAL,POSTAL_CITY_EXPOSURE,21.971403118337676,-86.5030138917338,36.28212802941861
RV Lot,3581.0,BENDERS FERRY RD,37122,MT JULIET,Unincorporated,9500,(Unincorporated),,2587.4482397687757,9500,9503,NORMAL,POSTAL_CITY_EXPOSURE,6.64762437774752,-86.5034457592846,36.28209976348281
Dry Storage,3581.0,BENDERS FERRY RD,37122,MT JULIET,Unincorporated,9500,(Unincorporated),,2533.064068048509,9500,9503,NORMAL,POSTAL_CITY_EXPOSURE,101.74351365511029,-86.50394454098901,36.282173512099305
Fuel Docks,3581.0,BENDERS FERRY RD,37122,MT JULIET,Unincorporated,9500,(Unincorporated),,2576.300816356904,9500,9503,NORMAL,POSTAL_CITY_EXPOSURE,239.7287951432927,-86.5043870627936,36.28250033856601
The Boathouse at Benders Ferry,3621.0,BENDERS FERRY RD,37122,MT JULIET,Unincorporated,9500,(Unincorporated),,3031.5810513216247,9500,9503,NORMAL,POSTAL_CITY_EXPOSURE,24.359662735780898,-86.501097660378,36.2821335505889
9,3581.0,BENDERS FERRY RD,37122,MT JULIET,Unincorporated,9500,(Unincorporated),,2128.8190789472487,9500,9503,NORMAL,POSTAL_CITY_EXPOSURE,358.07920620678436,-86.5038881092609,36.2808113079405
Martha Gallatin Access Area,111.0,LAKE DR,37087,LEBANON,Unincorporated,9500,(Unincorporated),,1156.223643101956,8300,9500,NORMAL,POSTAL_CITY_EXPOSURE,360.5699559552543,-86.4387655833494,36.33569439812031
Explorer Island,,,,,,9500,(Unincorporated),,781.6965009490149,8300,9500,WATCH,,,-86.4744688149423,36.3191718727353
CAMP STAHLMAN,,,,,,9500,(Unincorporated),,3709.0712949754375,8300,9500,NORMAL,,,-86.467088228538,36.313070158919786
Staff Site,,,,,,9500,(Unincorporated),,3436.2636936103477,8300,9500,NORMAL,,,-86.4687062781299,36.3131640453832
Dining Hall,,,,,,9500,(Unincorporated),,2841.850003866781,8300,9500,NORMAL,,,-86.468911314597,36.31495159644012
Cooks Cabins,,,,,,9500,(Unincorporated),,3012.707490431114,8300,9500,NORMAL,,,-86.4679741081917,36.314905152901524
OA Lodge,,,,,,9500,(Unincorporated),,3168.485505141828,8300,9500,NORMAL,,,-86.4670023070809,36.31498759720979
Rifle,,,,,,9500,(Unincorporated),,3440.3507122732194,8300,9500,NORMAL,,,-86.4670773958807,36.31398106470261
Archery,,,,,,9500,(Unincorporated),,3394.693436920094,8300,9500,NORMAL,,,-86.4677125547894,36.31377116158011
Pump House,,,,,,9500,(Unincorporated),,2156.483946163989,8300,9500,NORMAL,,,-86.4696487153082,36.316828880831395
CRIPPLE CRAB,1284.0,CREIGHTON LN,37087,LEBANON,Unincorporated,9500,(Unincorporated),,4119.458129678214,8300,9500,NORMAL,POSTAL_CITY_EXPOSURE,309.8741301471793,-86.4623881129584,36.31469296396347
RANGERS HOUSE,1260.0,CREIGHTON LN,37087,LEBANON,Unincorporated,9500,(Unincorporated),,4479.230767910218,8300,9500,NORMAL,POSTAL_CITY_EXPOSURE,29.437866420731023,-86.4624730884761,36.313351380182006
Ampitheatre,,,,,,9500,(Unincorporated),,3462.3209309561266,8300,9500,NORMAL,,,-86.464617555902,36.315541035514606
Shower House 3,,,,,,9500,(Unincorporated),,2393.4381277902226,8300,9500,NORMAL,,,-86.4700730653985,36.315822778912306
Camp Office,,,,,,9500,(Unincorporated),,2841.331741263015,8300,9500,NORMAL,,,-86.4703691877062,36.31433670461521
Trading Post,,,,,,9500,(Unincorporated),,2628.324066984064,8300,9500,NORMAL,,,-86.4712669571491,36.31468849399301
Shower House 1,,,,,,9500,(Unincorporated),,2906.901504920413,8300,9500,NORMAL,,,-86.4711121456085,36.3139236853102
Site 1,,,,,,9500,(Unincorporated),,2943.472502852249,8300,9500,NORMAL,,,-86.4707467718188,36.31391795438011
Shower House 2,,,,,,9500,(Unincorporated),,2389.875667035818,8300,9500,NORMAL,,,-86.4733586501972,36.314656480110116
Site 17,,,,,,9500,(Unincorporated),,2943.1467096690785,8300,9500,NORMAL,,,-86.4714262702507,36.313734087969905
Site 4,,,,,,9500,(Unincorporated),,2713.802443516191,8300,9500,NORMAL,,,-86.472377254382,36.31411665978601
Site 5,,,,,,9500,(Unincorporated),,2546.3164681089747,8300,9500,NORMAL,,,-86.4730648213388,36.3142975759119
Site 10,,,,,,9500,(Unincorporated),,2223.308249006732,8300,9500,NORMAL,,,-86.474122385523,36.3147631728396
Site 9,,,,,,9500,(Unincorporated),,2163.1574174746556,8300,9500,NORMAL,,,-86.4738506095607,36.31513621418299
Site 6,,,,,,9500,(Unincorporated),,2275.9163496763344,8300,9500,NORMAL,,,-86.4733080401436,36.315062036091796
Site 3,,,,,,9500,(Unincorporated),,2410.5496745200307,8300,9500,NORMAL,,,-86.4728178506521,36.31487796609161
Site 2,,,,,,9500,(Unincorporated),,2710.017703404325,8300,9500,NORMAL,,,-86.4718038616898,36.314307271403216
Site 7,,,,,,9500,(Unincorporated),,2268.818263288054,8300,9500,NORMAL,,,-86.4720614974205,36.3155151874915
Site 8,,,,,,9500,(Unincorporated),,2125.2225884672744,8300,9500,NORMAL,,,-86.4734167134894,36.31549796751401
Site 13,,,,,,9500,(Unincorporated),,2495.4871973064837,8300,9500,NORMAL,,,-86.4706987429726,36.31525582446329
Site 12,,,,,,9500,(Unincorporated),,2735.424630468005,8300,9500,NORMAL,,,-86.4706151140935,36.314569424812184
Site 11,,,,,,9500,(Unincorporated),,2652.2906028381717,8300,9500,NORMAL,,,-86.4699727725375,36.31505835284289
Parking,,,,,,9500,(Unincorporated),,3178.5476410281176,8300,9500,NORMAL,,,-86.4699339448807,36.3134799905794
Site 16,,,,,,9500,(Unincorporated),,2328.308130515216,8300,9500,NORMAL,,,-86.4699376786733,36.316095729597095
Site 14,,,,,,9500,(Unincorporated),,2215.198100497935,8300,9500,NORMAL,,,-86.4703863949522,36.31624182155252
Site 15,,,,,,9500,(Unincorporated),,2259.378193454782,8300,9500,NORMAL,,,-86.4698508882035,36.3163655109962
Pfeffer Boat Harbor,,,,,,9500,(Unincorporated),,3752.6394676876325,8300,9500,NORMAL,,,-86.4691046533278,36.312051579817314
Gazebo,,,,,,9500,(Unincorporated),,2006.6582576888343,8300,9500,NORMAL,,,-86.4696017471929,36.31738895501691
Don Stanford Chapel,,,,,,9500,(Unincorporated),,1239.932568374561,8300,9500,NORMAL,,,-86.4598384881964,36.32667338660622
Site 16,,,,,,9500,(Unincorporated),,1642.5039637463062,8300,9500,NORMAL,,,-86.4595352055415,36.3254441622864
Site 15,,,,,,9500,(Unincorporated),,1460.3425661271465,8300,9500,NORMAL,,,-86.4599792598988,36.32579656527979
Site 12,,,,,,9500,(Unincorporated),,1027.3588452392814,8300,9500,NORMAL,,,-86.4610581284224,36.32661866956889
Dining Hall/ Trading Post,,,,,,9500,(Unincorporated),,711.2271091291733,8300,9500,WATCH,,,-86.4623151316536,36.326907158559315
Shower House,,,,,,9500,(Unincorporated),,755.3491472959389,8300,9500,WATCH,,,-86.4610108970923,36.327616742620094
Site 13,,,,,,9500,(Unincorporated),,803.5943162459006,8300,9500,WATCH,,,-86.4598812161091,36.328195695580504
Site 18,,,,,,9500,(Unincorporated),,700.4861680567768,8300,9500,WATCH,,,-86.4604865797729,36.32816000977729
Site 10,,,,,,9500,(Unincorporated),,561.3177682244683,8300,9500,WATCH,,,-86.4616063907975,36.32791073885941
Site 11,,,,,,9500,(Unincorporated),,765.5430035207503,8300,9500,WATCH,,,-86.4613504637658,36.3273549465291
Site 9,,,,,,9500,(Unincorporated),,436.0902919237834,8300,9500,WATCH,,,-86.4621989994414,36.32796212637829
Site 8,,,,,,9500,(Unincorporated),,434.56401111367194,8300,9500,WATCH,,,-86.462595311111,36.3277042825413
Site 17,,,,,,9500,(Unincorporated),,434.33544957450914,8300,9500,WATCH,,,-86.4633819978981,36.327182057335605
Shower House 1,,,,,,9500,(Unincorporated),,913.1876314309147,8300,9500,WATCH,,,-86.4620731940912,36.32635012180079
Site 19,,,,,,9500,(Unincorporated),,888.1086232297145,8300,9500,WATCH,,,-86.4625844535276,36.32609780011731
Shower House 2,,,,,,9500,(Unincorporated),,537.3398544823918,8300,9500,WATCH,,,-86.4640593560545,36.32635920865529
Site 7,,,,,,9500,(Unincorporated),,411.12777006210234,8300,9500,WATCH,,,-86.4640414396631,36.32682186121329
Site 6,,,,,,9500,(Unincorporated),,356.53044764174393,8300,9500,WATCH,,,-86.4648614976453,36.326465813396894
Site 5,,,,,,9500,(Unincorporated),,629.4737309827751,8300,9500,WATCH,,,-86.4642129999404,36.32592703311311
Site 2,,,,,,9500,(Unincorporated),,670.8519256101779,8300,9500,WATCH,,,-86.4635135638376,36.326249232739706
Site 4,,,,,,9500,(Unincorporated),,541.400240601898,8300,9500,WATCH,,,-86.4649192770134,36.3257669467046
Site 3,,,,,,9500,(Unincorporated),,826.3301880891821,8300,9500,WATCH,,,-86.4639711486968,36.325386690888706
Duck Head,,,,,,9500,(Unincorporated),,1501.0835332938289,8300,9500,NORMAL,,,-86.457524379854,36.327282448150626
Activity Yard,,,,,,9500,(Unincorporated),,1670.5170661236143,8300,9500,NORMAL,,,-86.4578988574424,36.3264315705642
Rifle Range,,,,,,9500,(Unincorporated),,1179.6504080273648,8300,9500,NORMAL,,,-86.4613433909196,36.32588794028511
Site 14,,,,,,9500,(Unincorporated),,1093.8634017397148,8300,9500,NORMAL,,,-86.4618771957603,36.325838213683795
Archery Range,,,,,,9500,(Unincorporated),,1489.2660438643318,8300,9500,NORMAL,,,-86.4610581474084,36.3249769745495
Camp Office,,,,,,9500,(Unincorporated),,954.9479300648949,8300,9500,WATCH,,,-86.4628340260133,36.32569148904701
Staff Site,,,,,,9500,(Unincorporated),,1296.982229735867,8300,9500,NORMAL,,,-86.4620857851768,36.3249730526579
Dodgeball,,,,,,9500,(Unincorporated),,1674.862338647662,8300,9500,NORMAL,,,-86.4615386102547,36.32399155570881
CAMP CRAIG,,,,,,9500,(Unincorporated),,745.8953282949915,8300,9500,WATCH,,,-86.462286882335,36.32680271560011
Campground,1284.0,CREIGHTON LN,37087,LEBANON,Unincorporated,9500,(Unincorporated),,4115.3703673458185,8300,9500,NORMAL,POSTAL_CITY_EXPOSURE,300.6326397657348,-86.461095496981,36.315576116432496
Boxwell Pool,,,,,,9500,(Unincorporated),,3183.9079592873386,8300,9500,NORMAL,,,-86.45930973577461,36.32010145862431
Frisbee Golf Course,,,,,,9500,(Unincorporated),,3414.642603791294,8300,9500,NORMAL,,,-86.4615208975635,36.317792040048815
Mckinney Pond,,,,,,9500,(Unincorporated),,4293.521320627253,8300,9500,NORMAL,,,-86.4587908452111,36.3164885919135
NRA Light Rifle Program,,,,,,9500,(Unincorporated),,2633.202791496354,8300,9500,NORMAL,,,-86.4629626249594,36.31961326190321
Zipline,1284.0,CREIGHTON LN,37087,LEBANON,Unincorporated,9500,(Unincorporated),,3865.10760365481,8300,9500,NORMAL,POSTAL_CITY_EXPOSURE,140.74165024584173,-86.4619685215676,36.315883002085485
Woodbadge Program Shed,,,,,,9500,(Unincorporated),,3920.9289020926917,8300,9500,NORMAL,,,-86.456966167133,36.3190447236649
Woodbadge Chapel,,,,,,9500,(Unincorporated),,4457.231572534625,8300,9500,NORMAL,,,-86.4575480363647,36.31673913729261
High Adventure Center,2001.0,CREIGHTON LN,37087,LEBANON,Unincorporated,9500,(Unincorporated),,3253.2075139362037,8300,9500,NORMAL,POSTAL_CITY_EXPOSURE,392.82013545689745,-86.4578075860431,36.32086326471791
COPE,,,,,,9500,(Unincorporated),,3468.983672115676,8300,9500,NORMAL,,,-86.4576681342673,36.3201866074405
Shotgun Range,,,,,,9500,(Unincorporated),,3425.149808820339,8300,9500,NORMAL,,,-86.4566652035408,36.32101541999341
CAMP LIGHT,,,,,,9500,(Unincorporated),,3302.863700930201,8300,9500,NORMAL,,,-86.4599799950058,36.31922643902621
Trading Post,,,,,,9500,(Unincorporated),,2245.606312061458,8300,9500,NORMAL,,,-86.4657691592642,36.319111287083196
Dining Hall,,,,,,9500,(Unincorporated),,1944.0985093530605,8300,9500,NORMAL,,,-86.4665238657253,36.319680647468424
Shower House,,,,,,9500,(Unincorporated),,1672.4046140947455,8300,9500,NORMAL,,,-86.4672691522793,36.32014989251022
Site 9,,,,,,9500,(Unincorporated),,1821.6675594215994,8300,9500,NORMAL,,,-86.4666320866056,36.320045052428185
Site 8,,,,,,9500,(Unincorporated),,1774.3636118739616,8300,9500,NORMAL,,,-86.4671525537139,36.31986420874791
Shower House,,,,,,9500,(Unincorporated),,2015.9068583225821,8300,9500,NORMAL,,,-86.4656154781908,36.32003466312781
Site 12,,,,,,9500,(Unincorporated),,1925.117409264458,8300,9500,NORMAL,,,-86.4659079339604,36.32016229807861
Site 11,,,,,,9500,(Unincorporated),,1824.4039052052308,8300,9500,NORMAL,,,-86.4662534267931,36.320289726954194
Site 13,,,,,,9500,(Unincorporated),,1931.9276482983548,8300,9500,NORMAL,,,-86.4652826504537,36.3205581402873
Site 10,,,,,,9500,(Unincorporated),,1713.3778179786186,8300,9500,NORMAL,,,-86.4660972652723,36.3207910645796
Site 7,,,,,,9500,(Unincorporated),,1529.7576209831182,8300,9500,NORMAL,,,-86.4678708622463,36.320254866927506
Site 6,,,,,,9500,(Unincorporated),,1592.5096395791368,8300,9500,NORMAL,,,-86.468028027124,36.3199252035422
Site 4,,,,,,9500,(Unincorporated),,1677.1627496927913,8300,9500,NORMAL,,,-86.4682287510548,36.319488071371
Site 5,,,,,,9500,(Unincorporated),,1834.7680212100042,8300,9500,NORMAL,,,-86.4682430462713,36.31891574561409
Shower House,,,,,,9500,(Unincorporated),,2160.7391981381593,8300,9500,NORMAL,,,-86.4669507494371,36.3186203012837
Activity Yard,,,,,,9500,(Unincorporated),,2061.1795508770574,8300,9500,NORMAL,,,-86.4676219782153,36.318524713553394
Site 3,,,,,,9500,(Unincorporated),,2009.2603846079692,8300,9500,NORMAL,,,-86.4668394658121,36.31923592058542
Conservation Yard,,,,,,9500,(Unincorporated),,2631.6955582661353,8300,9500,NORMAL,,,-86.4645196374022,36.31857243700982
Site 2,,,,,,9500,(Unincorporated),,2301.3746537341176,8300,9500,NORMAL,,,-86.4663490952302,36.31852247588098
Site 1,,,,,,9500,(Unincorporated),,2402.752266905348,8300,9500,NORMAL,,,-86.4662677314218,36.318215193832906
Site 16,,,,,,9500,(Unincorporated),,2795.038967509175,8300,9500,NORMAL,,,-86.4656167976711,36.317251996859206
Site 17,,,,,,9500,(Unincorporated),,3018.9185275698133,8300,9500,NORMAL,,,-86.46438829748192,36.3172781802751
Camp Office,,,,,,9500,(Unincorporated),,2609.672100385287,8300,9500,NORMAL,,,-86.4640270320019,36.3189820699591
Site 15,,,,,,9500,(Unincorporated),,2262.6979880377203,8300,9500,NORMAL,,,-86.4650996455767,36.31950014594071
Site 14,,,,,,9500,(Unincorporated),,2360.9202962890286,8300,9500,NORMAL,,,-86.4642963609168,36.31968921982742
Archery,,,,,,9500,(Unincorporated),,2789.5656517054776,8300,9500,NORMAL,,,-86.4629050778292,36.3190936704975
CAMP PARNELL,,,,,,9500,(Unincorporated),,3349.48431337434,8300,9500,NORMAL,,,-86.4628787655375,36.31711228693659
Fehrmann Training Center,,,,,,9500,(Unincorporated),,4010.076200919489,8300,9500,NORMAL,,,-86.4522869485395,36.3218449719569
FERGUSON BATH KITCHEN & LIGHTING GALLERY,401.0,S MT JULIET RD,37122,MT JULIET,Mt. Juliet,9503,MT. JULIET,,2367.163428335965,9500,9503,NORMAL,,26.096486642594197,-86.5096881796692,36.16593230478181
LIZARD THICKET,401.0,S MT JULIET RD,37122,MT JULIET,Mt. Juliet,9503,MT. JULIET,,2154.26348816012,9500,9503,NORMAL,,22.85862575653271,-86.5101122257983,36.165240067224715
J JILL,401.0,S MT JULIET RD,37122,MT JULIET,Mt. Juliet,9503,MT. JULIET,,2348.7610640975417,9500,9503,NORMAL,,20.968512160201175,-86.5099626851789,36.16626122991499
KAY JEWELERS,401.0,S MT JULIET RD,37122,MT JULIET,Mt. Juliet,9503,MT. JULIET,,2204.290819719904,9500,9503,NORMAL,,18.541771747876137,-86.510349229315,36.16600587725139
AMERICAN EAGLE,401.0,S MT JULIET RD,37122,MT JULIET,Mt. Juliet,9503,MT. JULIET,,2237.771301312198,9500,9503,NORMAL,,18.381765104537603,-86.5098042770182,36.1652241346125
SUN TAN CITY,401.0,S MT JULIET RD,37122,MT JULIET,Mt. Juliet,9503,MT. JULIET,,1637.8310924984983,9500,9503,NORMAL,,21.883689608571988,-86.51222743505521,36.165536984128096
STATE FARM,401.0,S MT JULIET RD,37122,MT JULIET,Mt. Juliet,9503,MT. JULIET,,1613.5436615515566,9500,9503,NORMAL,,23.35693271558383,-86.51224290847321,36.16542842023371
VERIZON WIRELESS,401.0,S MT JULIET RD,37122,MT JULIET,Mt. Juliet,9503,MT. JULIET,,2545.453140649755,9500,9503,NORMAL,,23.603343757070807,-86.5103426109987,36.168634891557986
T.J. MAXX,401.0,S MT JULIET RD,37122,MT JULIET,Mt. Juliet,9503,MT. JULIET,,2367.521122675954,9500,9503,NORMAL,,116.63200014163584,-86.5077874119875,36.16741713932751
HOME GOODS,401.0,S MT JULIET RD,37122,MT JULIET,Mt. Juliet,9503,MT. JULIET,,2461.5035410860214,9500,9503,NORMAL,,115.55712359844023,-86.5077058290766,36.167076489251535
CHRISTIAN LIFE CHAPEL,105.0,HOLLOWAY DR,37087,LEBANON,Lebanon,9501,LEBANON,,6118.492096076243,9500,9501,NORMAL,,54.53605334041789,-86.2982426907349,36.188020086600716
ANYCARE 24,702.0,S CUMBERLAND ST,37087,LEBANON,Lebanon,9501,LEBANON,,5938.410146066718,9500,9501,NORMAL,,12.549958098910837,-86.2964740144188,36.1889133961465
COOKOUT RESTAURANT,107.0,LEGENDS DR,37087,LEBANON,Lebanon,9501,LEBANON,,5690.2426786836395,9500,9501,NORMAL,,23.84725765804379,-86.2951735400483,36.1890848718634
FRIENDSHIP BAPTIST CHURCH,102.0,CIRCLE DR,37087,LEBANON,Lebanon,9501,LEBANON,,7167.965125126222,9500,9501,NORMAL,,111.17764339404229,-86.2999172432349,36.190873562159304
MAGGIE MOOS,155.0,LEGENDS DR,37087,LEBANON,Lebanon,9501,LEBANON,,5307.856100818952,9500,9501,NORMAL,,39.269177732526884,-86.2929348386876,36.18960115011091
YUMMY THAI,155.0,LEGENDS DR,37087,LEBANON,Lebanon,9501,LEBANON,,5091.884703764685,9500,9501,NORMAL,,17.5950882385838,-86.2924554444238,36.18914829801294
XIAOS HIBATCHI & SUSHI,623.0,S CUMBERLAND ST,37087,LEBANON,Lebanon,9501,LEBANON,,5628.34534462761,9500,9501,NORMAL,,18.934563091634146,-86.2934544470046,36.1904330157019
BEALLES,619.0,S  CUMBERLAND ST,37087,LEBANON,Lebanon,9501,LEBANON,,5284.387962140085,9500,9501,NORMAL,,18.99385421039951,-86.2915135951778,36.19061178807709
GAMESTOP,617.0,S  CUMBERLAND ST,37087,LEBANON,Lebanon,9501,LEBANON,,5417.80284612511,9500,9501,NORMAL,,14.284183142094632,-86.2914478546644,36.191134158489795
EXPO NAILS,617.0,S  CUMBERLAND ST,37087,LEBANON,Lebanon,9501,LEBANON,,5381.2895167618935,9500,9501,NORMAL,,14.196298394389355,-86.2914679209208,36.1909910384816
DOLLAR TREE,623.0,S CUMBERLAND ST,37087,LEBANON,Lebanon,9501,LEBANON,,5494.808244712285,9500,9501,NORMAL,,29.70466983270025,-86.2929005662059,36.19036330163681
PETSENSE,621.0,S  CUMBERLAND ST,37087,LEBANON,Lebanon,9501,LEBANON,,5407.555447617884,9500,9501,NORMAL,,25.983157982610603,-86.2925233052088,36.19032606325199
SALLY BEAUTY,621.0,S  CUMBERLAND ST,37087,LEBANON,Lebanon,9501,LEBANON,,5320.150284484261,9500,9501,NORMAL,,18.348186243712757,-86.2921111211315,36.190311084962794
CATO,621.0,S  CUMBERLAND ST,37087,LEBANON,Lebanon,9501,LEBANON,,5345.407601942834,9500,9501,NORMAL,,19.739655936381684,-86.2922244100254,36.19032034861863
HIBBETT SPORTS,621.0,S  CUMBERLAND ST,37087,LEBANON,Lebanon,9501,LEBANON,,5451.7091184880055,9500,9501,NORMAL,,30.365640718939353,-86.2927181045972,36.19034228295861
OHB OF LEBANON,501.0,S CUMBERLAND ST,37087,LEBANON,Lebanon,9501,LEBANON,,6973.5545244934565,9500,9501,NORMAL,,22.53044738839255,-86.2922473215544,36.19594098752922
ESH'S UTILITY BUILDINGS,414.0,S CUMBERLAND ST,37087,LEBANON,Lebanon,9501,LEBANON,,7351.670253014788,9500,9501,NORMAL,,20.139759030872238,-86.2927297073245,36.1983100382876
TRUSTY'S AUTOMOTIVE,418.0,S COLLEGE ST,37087,LEBANON,Lebanon,9501,LEBANON,,7037.332219211306,9500,9501,NORMAL,,20.71252876569667,-86.2911208314354,36.197612877777296
FLAMEGAS COMPANY,422.0,S COLLEGE ST,37087,LEBANON,Lebanon,9501,LEBANON,,7015.320700054867,9500,9501,NORMAL,,23.918329223076547,-86.29075007582941,36.19679110965912
REIGN CHRISTIAN FELLOWSHIP CHURCH,222.0,CAINSVILLE RD,37087,LEBANON,Lebanon,9501,LEBANON,,6642.5510683234115,9500,9501,NORMAL,,13.95022900198948,-86.2896561008466,36.19609984159071
BIG LENNY'S MINI STORAGE,310.0,S COLLEGE ST,37087,LEBANON,Lebanon,9501,LEBANON,,6336.470486999342,9500,9501,NORMAL,,42.96584964784206,-86.2911493997985,36.20278076969582
ANTIQUES ON 231,320.0,S CUMBERLAND ST,37087,LEBANON,Lebanon,9501,LEBANON,,6783.104318868913,9500,9501,NORMAL,,34.467899825985214,-86.2923220545683,36.2018510916748
LEBANON ANTIQUE MALL,101.0,SHORT ST,37087,LEBANON,Lebanon,9501,LEBANON,,6324.37020744642,9500,9501,NORMAL,,54.52875583544148,-86.2915098306298,36.20371727572659
AMERICAN AUTO BODY,103.0,SHORT ST,37087,LEBANON,Lebanon,9501,LEBANON,,6249.087885219069,9500,9501,NORMAL,,28.538037905127354,-86.2912112132915,36.20364073786179
CEDARCROFT,202.0,S COLLEGE ST,37087,LEBANON,Lebanon,9501,LEBANON,,5947.832244583028,9500,9501,NORMAL,,22.815599472266904,-86.2905282959212,36.2046739273187
L,2223.0,HUNTERS POINT PIKE,37087,LEBANON,Unincorporated,9500,(Unincorporated),,32.86650154774712,9500,9501,CRITICAL,POSTAL_CITY_EXPOSURE,41.27859960317765,-86.2887319381293,36.24198990427371
R,2223.0,HUNTERS POINT PIKE,37087,LEBANON,Unincorporated,9500,(Unincorporated),,32.74586963652576,9500,9501,CRITICAL,POSTAL_CITY_EXPOSURE,28.36655337373537,-86.288745372458,36.2417991125428
TUCKERS CROSSROADS SCHOOL,5820.0,BIG SPRINGS RD,37087,LEBANON,Unincorporated,9500,(Unincorporated),,19290.049977193743,8000,9500,NORMAL,POSTAL_CITY_EXPOSURE,17.408057861960824,-86.174527908887,36.1998006039663
BATH HOUSE,54.0,IRENE DR,37122,MT JULIET,Unincorporated,9500,(Unincorporated),,320.22140172291387,9500,9503,WATCH,POSTAL_CITY_EXPOSURE,217.527517617954,-86.5117666659779,36.27718291334153
LOT 10,9264.0,SAUNDERSVILLE RD,37122,MT JULIET,Unincorporated,9500,(Unincorporated),,193.20376775088886,9500,9503,HIGH,POSTAL_CITY_EXPOSURE,81.64746979609696,-86.5107320957256,36.27718025439329
LOT 9,9264.0,SAUNDERSVILLE RD,37122,MT JULIET,Unincorporated,9500,(Unincorporated),,216.84747938697438,9500,9503,HIGH,POSTAL_CITY_EXPOSURE,92.53677180521314,-86.5108756029828,36.277239737932916
LOT 8,9264.0,SAUNDERSVILLE RD,37122,MT JULIET,Unincorporated,9500,(Unincorporated),,267.8916288553773,9500,9503,WATCH,POSTAL_CITY_EXPOSURE,142.41939409095744,-86.5110124303069,36.27735933775449
LOT 7,9264.0,SAUNDERSVILLE RD,37122,MT JULIET,Unincorporated,9500,(Unincorporated),,322.5445596631168,9500,9503,WATCH,POSTAL_CITY_EXPOSURE,196.94766611058887,-86.5110293099111,36.27751091985821
LOT 6,9264.0,SAUNDERSVILLE RD,37122,MT JULIET,Unincorporated,9500,(Unincorporated),,370.6872603122619,9500,9503,WATCH,POSTAL_CITY_EXPOSURE,245.3648980176617,-86.5110001770759,36.27765125094409
LOT 5,9264.0,SAUNDERSVILLE RD,37122,MT JULIET,Unincorporated,9500,(Unincorporated),,392.9816396794325,9500,9503,WATCH,POSTAL_CITY_EXPOSURE,271.2863116707152,-86.5108116145633,36.27772930630359
LOT 4,9264.0,SAUNDERSVILLE RD,37122,MT JULIET,Unincorporated,9500,(Unincorporated),,390.7967620646634,9500,9503,WATCH,POSTAL_CITY_EXPOSURE,274.7991334354198,-86.5106613707153,36.277721357002584
LOT 3,9264.0,SAUNDERSVILLE RD,37122,MT JULIET,Unincorporated,9500,(Unincorporated),,365.81771247177295,9500,9503,WATCH,POSTAL_CITY_EXPOSURE,261.51050176225834,-86.5105602502914,36.277658832791616
LOT 2,9264.0,SAUNDERSVILLE RD,37122,MT JULIET,Unincorporated,9500,(Unincorporated),,325.14384934679117,9500,9503,WATCH,POSTAL_CITY_EXPOSURE,236.23916890430138,-86.5104782809453,36.27755187748352
LOT 1,9264.0,SAUNDERSVILLE RD,37122,MT JULIET,Unincorporated,9500,(Unincorporated),,271.3358385360706,9500,9503,WATCH,POSTAL_CITY_EXPOSURE,198.97564362991665,-86.51043846885611,36.277406114027706
LOT 11,9264.0,SAUNDERSVILLE RD,37122,MT JULIET,Unincorporated,9500,(Unincorporated),,313.10498858276867,9500,9503,WATCH,POSTAL_CITY_EXPOSURE,284.40469429477236,-86.5101860464944,36.27753689652712
LOT 12,9264.0,SAUNDERSVILLE RD,37122,MT JULIET,Unincorporated,9500,(Unincorporated),,280.4450266677456,9500,9503,WATCH,POSTAL_CITY_EXPOSURE,287.9772719701932,-86.5100818476961,36.277453402612714
LOT 13,9264.0,SAUNDERSVILLE RD,37122,MT JULIET,Unincorporated,9500,(Unincorporated),,253.49788164088798,9500,9503,WATCH,POSTAL_CITY_EXPOSURE,307.2123021538368,-86.5099530217486,36.277387179928105
LOT 14,213.0,CAMILLE VICTORIA CT,37122,MT JULIET,Mt. Juliet,9500,(Unincorporated),,265.98008219156003,9500,9503,WATCH,POSTAL_CITY_EXPOSURE,364.88208026395995,-86.5096753281582,36.277435086882214
LOT 15,213.0,CAMILLE VICTORIA CT,37122,MT JULIET,Mt. Juliet,9500,(Unincorporated),,299.43308030801944,9500,9503,WATCH,POSTAL_CITY_EXPOSURE,400.96194382492246,-86.5095675031121,36.277520429588215
LOT 16,213.0,CAMILLE VICTORIA CT,37122,MT JULIET,Mt. Juliet,9500,(Unincorporated),,353.1715234439535,9500,9503,WATCH,POSTAL_CITY_EXPOSURE,455.23080899544,-86.5095095193975,36.27766278982169
LOT 17,9264.0,SAUNDERSVILLE RD,37122,MT JULIET,Unincorporated,9500,(Unincorporated),,402.34566049226595,9500,9503,WATCH,POSTAL_CITY_EXPOSURE,469.0343602528147,-86.5096459283642,36.277809099799896
LOT 18,9264.0,SAUNDERSVILLE RD,37122,MT JULIET,Unincorporated,9500,(Unincorporated),,442.0813314571187,9500,9503,WATCH,POSTAL_CITY_EXPOSURE,473.9567520797765,-86.5097479376807,36.27791835668661
LOT 19,9264.0,SAUNDERSVILLE RD,37122,MT JULIET,Unincorporated,9500,(Unincorporated),,446.0604739704115,9500,9503,WATCH,POSTAL_CITY_EXPOSURE,433.073939075017,-86.5099564344317,36.277917477209314
LOT 20,9264.0,SAUNDERSVILLE RD,37122,MT JULIET,Unincorporated,9500,(Unincorporated),,420.3405219106685,9500,9503,WATCH,POSTAL_CITY_EXPOSURE,384.3817397397063,-86.5100996348309,36.2778377076514
LOT 21,9264.0,SAUNDERSVILLE RD,37122,MT JULIET,Unincorporated,9500,(Unincorporated),,531.7166779774791,9500,9503,WATCH,POSTAL_CITY_EXPOSURE,415.41299400087973,-86.5106373782107,36.27811108447311
LOT 22,9264.0,SAUNDERSVILLE RD,37122,MT JULIET,Unincorporated,9500,(Unincorporated),,577.8213846322983,9500,9503,WATCH,POSTAL_CITY_EXPOSURE,457.2160545743704,-86.5107453889503,36.2782374825729
LOT 23,9264.0,SAUNDERSVILLE RD,37122,MT JULIET,Unincorporated,9500,(Unincorporated),,600.3168418922055,9500,9503,WATCH,POSTAL_CITY_EXPOSURE,477.1205609523361,-86.51090008234992,36.27829596440842
LOT 24,9264.0,SAUNDERSVILLE RD,37122,MT JULIET,Unincorporated,9500,(Unincorporated),,606.9107477535495,9500,9503,WATCH,POSTAL_CITY_EXPOSURE,481.9516801988526,-86.5110744447825,36.278299042162224
LOT 25,9264.0,SAUNDERSVILLE RD,37122,MT JULIET,Unincorporated,9500,(Unincorporated),,581.0830837838624,9500,9503,WATCH,POSTAL_CITY_EXPOSURE,455.49026335789864,-86.51122108015312,36.2782039963364
LOT 26,9264.0,SAUNDERSVILLE RD,37122,MT JULIET,Unincorporated,9500,(Unincorporated),,539.1360174224466,9500,9503,WATCH,POSTAL_CITY_EXPOSURE,413.687423972274,-86.5112767787644,36.278073090502595
LOT 27,9264.0,SAUNDERSVILLE RD,37122,MT JULIET,Unincorporated,9500,(Unincorporated),,491.6219305275185,9500,9503,WATCH,POSTAL_CITY_EXPOSURE,366.5023533903025,-86.5112841317244,36.27793475938889
LOT 28,9264.0,SAUNDERSVILLE RD,37122,MT JULIET,Unincorporated,9500,(Unincorporated),,445.23107405294496,9500,9503,WATCH,POSTAL_CITY_EXPOSURE,319.6534568482237,-86.5111480159389,36.277834232185825
LOT 29,9264.0,SAUNDERSVILLE RD,37122,MT JULIET,Unincorporated,9500,(Unincorporated),,421.00848422771816,9500,9503,WATCH,POSTAL_CITY_EXPOSURE,296.57520932529843,-86.5109463461416,36.277797886844404
LOT 30,,,,,,9500,(Unincorporated),,654.2122152272034,9500,9503,WATCH,,,-86.5100425503484,36.278485576049015
LOT 32,,,,,,9500,(Unincorporated),,697.0651332442027,9500,9503,WATCH,,,-86.5101539962855,36.27859670064682
LOT 33,,,,,,9500,(Unincorporated),,722.2325708571558,9500,9503,WATCH,,,-86.510313407554,36.27865611680999
LOT 34,,,,,,9500,(Unincorporated),,718.0109610139493,9500,9503,WATCH,,,-86.5104746530871,36.27863445183932
LOT 35,,,,,,9500,(Unincorporated),,681.925096669978,9500,9503,WATCH,,,-86.5106023629647,36.278527087670525
LOT 36,,,,,,9500,(Unincorporated),,626.711783870626,9500,9503,WATCH,,,-86.5106437737131,36.27837239792539
LOT 37,9264.0,SAUNDERSVILLE RD,37122,MT JULIET,Unincorporated,9500,(Unincorporated),,586.9547855709201,9500,9503,WATCH,POSTAL_CITY_EXPOSURE,472.9162042132391,-86.5105971451682,36.27826576925371
LOT 38,9264.0,SAUNDERSVILLE RD,37122,MT JULIET,Unincorporated,9500,(Unincorporated),,544.0284554992244,9500,9503,WATCH,POSTAL_CITY_EXPOSURE,439.06071292995534,-86.510498649654,36.278153636862385
LOT 39,9264.0,SAUNDERSVILLE RD,37122,MT JULIET,Unincorporated,9500,(Unincorporated),,538.1539321464278,9500,9503,WATCH,POSTAL_CITY_EXPOSURE,457.7898869027225,-86.5102854151749,36.278150722393704
LOT 39,,,,,,9500,(Unincorporated),,540.3634900338719,9500,9503,WATCH,,,-86.5097664580163,36.27818796438517
LOT 40,,,,,,9500,(Unincorporated),,497.3086594594321,9500,9503,WATCH,,,-86.5096213919949,36.27806935141661
LOT 41,,,,,,9500,(Unincorporated),,489.14964044420407,9500,9503,WATCH,,,-86.5094135092191,36.278028499264295
LOT 42,,,,,,9500,(Unincorporated),,516.8347380215213,9500,9503,WATCH,,,-86.5092371079473,36.278074548006025
LOT 43,,,,,,9500,(Unincorporated),,603.1965299961432,9500,9503,WATCH,,,-86.5091207216113,36.2782944114659
LOT 44,,,,,,9500,(Unincorporated),,652.5442343816128,9500,9503,WATCH,,,-86.509136373832,36.27843860711031
LOT 45,,,,,,9500,(Unincorporated),,695.6621803671032,9500,9503,WATCH,,,-86.5092668829753,36.27858351119279
LOT 46,,,,,,9500,(Unincorporated),,705.5937061567607,9500,9503,WATCH,,,-86.5094276874967,36.27863052361699
LOT 47,,,,,,9500,(Unincorporated),,702.1006662105846,9500,9503,WATCH,,,-86.5096147032574,36.278632119907414
LOT 48,,,,,,9500,(Unincorporated),,666.6851925946559,9500,9503,WATCH,,,-86.5097775240005,36.27853486089621
BATH HOUSE,,,,,,9500,(Unincorporated),,853.3235885753257,9500,9503,WATCH,,,-86.5095991147823,36.27904732524559
LOT 49,,,,,,9500,(Unincorporated),,883.1555447933698,9500,9503,WATCH,,,-86.5101048955343,36.279112434791585
LOT 50,,,,,,9500,(Unincorporated),,968.0658674207275,9500,9503,WATCH,,,-86.5102653672596,36.27933637659759
LOT 51,,,,,,9500,(Unincorporated),,769.4790308505771,9500,9503,WATCH,,,-86.5104773330079,36.27877607953
LOT 52,,,,,,9500,(Unincorporated),,867.1458394276503,9500,9503,WATCH,,,-86.5107829067568,36.2790323141533
LOT 54,,,,,,9500,(Unincorporated),,885.0128643289606,9500,9503,WATCH,,,-86.5110429067742,36.2790712745471
LOT 53,,,,,,9500,(Unincorporated),,752.280614913674,9500,9503,WATCH,,,-86.510931040657,36.27871264320349
LOT 56 A,,,,,,9500,(Unincorporated),,873.3013838621206,9500,9503,WATCH,,,-86.5114258177904,36.2789895362273
LOT 56 B,,,,,,9500,(Unincorporated),,795.4034714299023,9500,9503,WATCH,,,-86.5117842521797,36.27867469698871
LOT 58,,,,,,9500,(Unincorporated),,773.107554817686,9500,9503,WATCH,,,-86.5120816726503,36.2784888775001
LOT 55,,,,,,9500,(Unincorporated),,731.1620776597955,9500,9503,WATCH,,,-86.5114743909991,36.278575859198305
LOT 57,,,,,,9500,(Unincorporated),,658.7610019128166,9500,9503,WATCH,,,-86.5117586862184,36.278272779233106
LOT 59,9264.0,SAUNDERSVILLE RD,37122,MT JULIET,Unincorporated,9500,(Unincorporated),,526.6032671444373,9500,9503,WATCH,POSTAL_CITY_EXPOSURE,415.28607154493494,-86.5118123911323,36.27783332866921
PICNIC SHELTER,213.0,CAMILLE VICTORIA CT,37122,MT JULIET,Mt. Juliet,9500,(Unincorporated),,91.34232387634052,9500,9503,HIGH,POSTAL_CITY_EXPOSURE,185.7203700267157,-86.5097905977633,36.276950548844304
SAND BEACH,217.0,CAMILLE VICTORIA CT,37122,MT JULIET,Mt. Juliet,9500,(Unincorporated),,203.91890009742775,9500,9503,HIGH,POSTAL_CITY_EXPOSURE,276.1884700846663,-86.50896072218171,36.2770427491569
DAY USE BATH HOUSE,217.0,CAMILLE VICTORIA CT,37122,MT JULIET,Mt. Juliet,9500,(Unincorporated),,333.4719180695975,9500,9503,WATCH,POSTAL_CITY_EXPOSURE,408.4647014602263,-86.5088569772384,36.277396568497096
PLAYGROUND,219.0,CAMILLE VICTORIA CT,37122,MT JULIET,Mt. Juliet,9500,(Unincorporated),,68.68820718043264,9500,9503,HIGH,POSTAL_CITY_EXPOSURE,144.52764618661797,-86.508754380436,36.2765533663843
THE LOFT,101.0,W MAIN ST,37087,LEBANON,Lebanon,9501,LEBANON,,5877.919743215714,9500,9501,NORMAL,,6.595876443488079,-86.291736087724,36.2081535833677
WATERTOWN MIDDLE SCHOOL,515.0,W MAIN ST,37184,WATERTOWN,Watertown,9502,WATERTOWN,,1407.8083147889292,9500,9502,NORMAL,,271.8819737809185,-86.1411682360822,36.099887280272306
WATERTOWN ELEMENTARY SCHOOL,751.0,W MAIN ST,37184,WATERTOWN,Watertown,9502,WATERTOWN,,516.8059456668213,9500,9502,WATCH,,188.8233540919861,-86.1472472998514,36.0981333054523
ROUND LICK BAPTIST CHURCH,745.0,W MAIN ST,37184,WATERTOWN,Watertown,9502,WATERTOWN,,762.0007809922942,9500,9502,WATCH,,147.72383274954038,-86.1456951788223,36.0989399861824
HUNTER FUNERAL HOME,208.0,W MAIN ST,37184,WATERTOWN,Watertown,9502,WATERTOWN,,1044.8673204137497,9500,9502,NORMAL,,36.971963120705276,-86.1355736927023,36.09946447512571
STARDUST DRIVE IN THEATRE,310.0,PURPLE TIGER DR,37184,WATERTOWN,Watertown,9502,WATERTOWN,,221.3663518313787,9500,9502,HIGH,BOUNDARY_RISK,146.0323923957583,-86.1597450494572,36.1020966657772
MT ZION MISSIONARY BAPTIST CHURCH,909.0,W MAIN ST,37184,WATERTOWN,Watertown,9502,WATERTOWN,,193.5547768827978,9500,9502,HIGH,BOUNDARY_RISK,65.08725269844952,-86.1574775655008,36.0970240678349
FIRST BAPTIST CHURCH,207.0,W MAIN ST,37184,WATERTOWN,Watertown,9502,WATERTOWN,,1316.0748834946871,9500,9502,NORMAL,,47.11833074976412,-86.1355221105899,36.1002305787055
WILSON BANK & TRUST ATM,112.0,DEPOT AVE,37184,WATERTOWN,Watertown,9502,WATERTOWN,,919.0262441562342,9500,9502,WATCH,,102.22288284393005,-86.134127829448,36.09933434351921
WILSON BANK & TRUST,402.0,PUBLIC SQ,37184,WATERTOWN,Watertown,9502,WATERTOWN,,1075.0644539052516,9500,9502,NORMAL,,11.574482567759203,-86.1339361750045,36.09981147271979
DEPOT JUNCTION CAFE,106.0,DEPOT AVE,37184,WATERTOWN,Watertown,9502,WATERTOWN,,964.6434045094359,9500,9502,WATCH,,10.788451562309106,-86.133846060399,36.099517077247896
CASA AMIGOS,115.0,E MAIN ST,37184,WATERTOWN,Watertown,9502,WATERTOWN,,1060.0926148013393,9500,9502,NORMAL,,23.778345162283895,-86.1332531488394,36.09988972753371
POST OFFICE,601.0,E MAIN ST,37184,WATERTOWN,Watertown,9502,WATERTOWN,,534.8886298539304,9500,9502,WATCH,,29.089705422152885,-86.1296256862788,36.099822143985485
THREE FORKS MARKET,9000.0,SPARTA PIKE,37184,WATERTOWN,Watertown,9502,WATERTOWN,,216.89387901851777,9500,9502,HIGH,BOUNDARY_RISK,50.23991197377642,-86.1329045632423,36.09759039405349
WATERTOWN COMMUNITY CENTER,8630.0,SPARTA PIKE,37184,WATERTOWN,Watertown,9502,WATERTOWN,,676.1651675664552,9500,9502,WATCH,,21.70723077666217,-86.1392394222671,36.096937978173294
WATERTOWN COMMUNITY PARK,,,,,,9502,WATERTOWN,,368.9669133958583,9500,9502,WATCH,,,-86.1376379335005,36.09650343781269
WATERTOWN POLICE DEPT.,160.0,OLD STATESVILLE RD,37184,WATERTOWN,Watertown,9502,WATERTOWN,,527.7133430901799,9500,9502,WATCH,,28.367936800373787,-86.1398169604335,36.09670624376851
WATERTOWN VOLUNTEER FIRE DEPT,160.0,OLD STATESVILLE RD,37184,WATERTOWN,Watertown,9502,WATERTOWN,,403.2898797356319,9500,9502,WATCH,,20.858495564569157,-86.13984218468012,36.096347573548194
SUBWAY,8490.0,SPARTA PIKE,37184,WATERTOWN,Watertown,9502,WATERTOWN,,519.9666002449138,9500,9502,WATCH,,24.3788171002092,-86.1417487242619,36.0964846071332
ZIPS,1519.0,W MAIN ST,37087,LEBANON,Lebanon,9501,LEBANON,,5818.922805349354,9500,9501,NORMAL,,34.42746601273503,-86.3371452298155,36.21901642593921
MARKET BASKET,1503.0,W MAIN ST,37087,LEBANON,Lebanon,9501,LEBANON,,5960.799700313497,9500,9501,NORMAL,,19.440740851856187,-86.3361774122114,36.218750865486214
SMYRNA READY MIX,6110.0,E DIVISION ST,37090,LEBANON,Lebanon,9501,LEBANON,,348.2259710320171,9500,9501,WATCH,,79.42774799214176,-86.4160087327873,36.1899693407408
EXXON SPEED TRACK,1930.0,HUNTERS POINT PIKE,37087,LEBANON,Lebanon,9501,LEBANON,,309.909047501263,9500,9501,WATCH,,56.32763966692097,-86.29016536350402,36.238017764145084
CHARTER METER,884.0,N OLD HUNTERS POINT PIKE,37087,LEBANON,Unincorporated,9500,(Unincorporated),,2640.1610011405305,8500,9500,NORMAL,POSTAL_CITY_EXPOSURE,20.48005106361631,-86.2704663158444,36.294350401021916
AT&T,543.0,PLEASANT GROVE RD,37122,MT JULIET,Mt. Juliet,9503,MT. JULIET,,2860.0673426145927,9500,9503,NORMAL,,7.757226459491695,-86.52261554828021,36.17166838447319
BP,3251.0,S MT JULIET RD,37122,MT JULIET,Unincorporated,9500,(Unincorporated),,2300.751177183621,1900,9500,NORMAL,POSTAL_CITY_EXPOSURE,69.23946382976128,-86.5187575615311,36.125582684632704
EXPO CENTER,943.0,E BADDOUR PKWY,37087,LEBANON,Lebanon,9501,LEBANON,,2638.7820867768514,9500,9501,NORMAL,,220.35104715932894,-86.2735717610137,36.19891514568549
WEMA SIREN,200.0,CARVER LN,37087,LEBANON,Lebanon,9501,LEBANON,,4370.143260428313,9500,9501,NORMAL,,39.813872111174994,-86.3409311507034,36.22283576743191
TRAFFIC LIGHT,853.0,E BADDOUR PKWY,37087,LEBANON,Lebanon,9501,LEBANON,,1527.324750877096,9500,9501,NORMAL,,12.272010320252814,-86.2753956207733,36.20666328855601
LEBANON SQUARE APTS,310.0,HILL ST,37087,LEBANON,Lebanon,9501,LEBANON,,7321.595064940285,9500,9501,NORMAL,,49.71394436304188,-86.2973946089596,36.209964444300006
WILSON COUNTY PUBLIC LIBRARY,108.0,S HATTON AVE,37087,LEBANON,Lebanon,9501,LEBANON,,7985.248159881755,9500,9501,NORMAL,,66.39914768793048,-86.2992508996877,36.208307386907805
THE CEDARS PREP ACADEMY,410.0,W MAIN ST,37087,LEBANON,Lebanon,9501,LEBANON,,8380.548908534884,9500,9501,NORMAL,,82.64880401865003,-86.3004074986662,36.20759869748579
SONIC DRIVE IN,524.0,W MAIN ST,37087,LEBANON,Lebanon,9501,LEBANON,,8490.368711357212,9500,9501,NORMAL,,31.508574514086,-86.3038820590453,36.208856606864906
ADVANCE CASH,502.0,W MAIN ST,37087,LEBANON,Lebanon,9501,LEBANON,,8508.695941681397,9500,9501,NORMAL,,24.335090658348484,-86.3019888015968,36.2088971242973
JOHN GREER JR- STATE FARM AGENT,435.0,W MAIN ST,37087,LEBANON,Lebanon,9501,LEBANON,,8361.874986070405,9500,9501,NORMAL,,11.687807124793475,-86.3020638857712,36.2092975359224
WILSON COUNTY CHIROPRACTIC,525.0,W MAIN ST,37087,LEBANON,Lebanon,9501,LEBANON,,8235.981462871765,9500,9501,NORMAL,,15.750778778139749,-86.3042259948096,36.2095400983767
FIRST UNITED METHODIST CHURCH,415.0,W MAIN ST,37087,LEBANON,Lebanon,9501,LEBANON,,8236.12465969269,9500,9501,NORMAL,,97.38754356503843,-86.3004090425297,36.20936246915747
DIX'S PLAZA MOTOR LODGE,319.0,W MAIN ST,37087,LEBANON,Lebanon,9501,LEBANON,,7524.826933124785,9500,9501,NORMAL,,51.88978335275903,-86.2978656553623,36.209051627752494
FRIENDS IN STITCHES,106.0,N GREENWOOD ST,37087,LEBANON,Lebanon,9501,LEBANON,,7066.88763130825,9500,9501,NORMAL,,8.947320205032433,-86.29643192588722,36.20962624757969
FIRST TENNESSEE BANK,249.0,W MAIN ST,37087,LEBANON,Lebanon,9501,LEBANON,,6911.277216923564,9500,9501,NORMAL,,34.55031114612997,-86.2956654886265,36.208851965919905
LIGON & BOBO FUNERAL HOME,241.0,W MAIN ST,37087,LEBANON,Lebanon,9501,LEBANON,,6743.407936161334,9500,9501,NORMAL,,40.0456781483843,-86.2949833039394,36.20857583785961
TOPPER'S MUSIC,102.0,N GREENWOOD ST,37087,LEBANON,Lebanon,9501,LEBANON,,7115.502859829804,9500,9501,NORMAL,,12.945165454741499,-86.2964639090076,36.2091301894889
SALON SAVY,305.0,W MAIN ST,37087,LEBANON,Lebanon,9501,LEBANON,,7149.151551429514,9500,9501,NORMAL,,22.556347502357834,-86.2964773369901,36.20878678551931
FIRST PRESBYTERIAN CHURCH,304.0,W MAIN ST,37087,LEBANON,Lebanon,9501,LEBANON,,7229.051778695887,9500,9501,NORMAL,,35.542554301062026,-86.2965485506053,36.20815948248732
WILSON BANK & TRUST,623.0,W MAIN ST,37087,LEBANON,Lebanon,9501,LEBANON,,8027.187669288493,9500,9501,NORMAL,,39.72555090314937,-86.3065743863996,36.2100146397943
LEBANON HEALTH AND REHAB,731.0,CASTLE HEIGHTS CT,37087,LEBANON,Lebanon,9501,LEBANON,,7118.21108811009,9500,9501,NORMAL,,80.40040967386483,-86.309982140161,36.2123871218281
CITY OF LEBANON,200.0,N CASTLE HEIGHTS AVE,37087,LEBANON,Lebanon,9501,LEBANON,,6904.183128476617,9500,9501,NORMAL,,32.1084657822763,-86.3069711451219,36.2130872761828
HEARTHSIDE,215.0,N CASTLE HEIGHTS AVE,37087,LEBANON,Lebanon,9501,LEBANON,,6670.994256535101,9500,9501,NORMAL,,32.2568542628029,-86.3046199709953,36.21382766134349
PFG,245.0,N CASTLE HEIGHTS AVE,37087,LEBANON,Lebanon,9501,LEBANON,,6612.467848171713,9500,9501,NORMAL,,55.297176119052544,-86.3023699473735,36.214096804529206
PRO BOWL WEST,501.0,W BADDOUR PKWY,37087,LEBANON,Lebanon,9501,LEBANON,,6280.177102724131,9500,9501,NORMAL,,36.78273235278572,-86.3011112903818,36.21507163924332
NEW LEASH ON LIFE,507.0,JIM DRAPER BLVD,37087,LEBANON,Lebanon,9501,LEBANON,,6031.071422409066,9500,9501,NORMAL,,25.2701878641395,-86.300874112483,36.21576850893511
ACADEMY BANK,397.0,N CASTLE HEIGHTS AVE,37087,LEBANON,Lebanon,9501,LEBANON,,5915.296192889531,9500,9501,NORMAL,,27.64249846206478,-86.3012725037159,36.21606796499371
MCATEER ANIMAL HOSPITAL ,417.0,W BADDOUR PKWY,37087,LEBANON,Lebanon,9501,LEBANON,,6604.166091378529,9500,9501,NORMAL,,6.536653000487167,-86.2996513471057,36.2142607201995
STATE BEAUTY SUPPLY,529.0,W BADDOUR PKWY,37087,LEBANON,Lebanon,9501,LEBANON,,6034.0855602818165,9500,9501,NORMAL,,47.09277600937984,-86.3029703139043,36.2156595422125
SILVER & SASS,529.0,W BADDOUR PKWY,37087,LEBANON,Lebanon,9501,LEBANON,,5964.058740690673,9500,9501,NORMAL,,41.12087612088533,-86.3028033508657,36.21586025981859
LOOKERS SALON AND SPA,531.0,W BADDOUR PKWY,37087,LEBANON,Lebanon,9501,LEBANON,,5952.281255914484,9500,9501,NORMAL,,32.565830248747496,-86.3032271351955,36.2158723122008
HOUNDSTOOTH GROOMING & COUTURE,531.0,W BADDOUR PKWY,37087,LEBANON,Lebanon,9501,LEBANON,,5933.414193042064,9500,9501,NORMAL,,41.8545668369037,-86.3033200094931,36.21591976859368
LEBANON CHEMICAL,533.0,W BADDOUR PKWY,37087,LEBANON,Lebanon,9501,LEBANON,,5881.76962531566,9500,9501,NORMAL,,17.925775691833426,-86.3038751375289,36.2160352142938
MEADOWS HOMES,539.0,W BADDOUR PKWY,37087,LEBANON,Lebanon,9501,LEBANON,,5643.515088787263,9500,9501,NORMAL,,31.37037645622372,-86.3048676692891,36.21664314907572
DON FOX PARK,955.0,W BADDOUR PKWY,37087,LEBANON,Lebanon,9501,LEBANON,,5239.894462659244,9500,9501,NORMAL,,14.675060403337023,-86.305814910138,36.21771140171949
WAS FORMALLY TRW,1103.0,W BADDOUR PKWY,37087,LEBANON,Lebanon,9501,LEBANON,,4827.507884092643,9500,9501,NORMAL,,381.215724536277,-86.31742115425,36.21998132001601
BAY'S SOUTHERN BREAD,211.0,HARTMANN DR,37087,LEBANON,Lebanon,9501,LEBANON,,4385.954542069415,9500,9501,NORMAL,,110.14174869582973,-86.3192092592189,36.222265739797805
STEVES AND SONS,301.0,HARTMANN DR,37087,LEBANON,Lebanon,9501,LEBANON,,3764.466785098769,9500,9501,NORMAL,,251.87894037795752,-86.3185630198552,36.22402721550779
Compassionate Hands,214.0,N COLLEGE ST,37087,LEBANON,Lebanon,9501,LEBANON,,5133.672063108478,9500,9501,NORMAL,,30.299087271410823,-86.2897858910954,36.209934004807096
NASHVILLE DISPLAY,306.0,HARTMANN DR,37087,LEBANON,Lebanon,9501,LEBANON,,3574.2884540745035,9500,9501,NORMAL,,124.91526010854595,-86.3197746974086,36.22577257478592
FORTUNE PLASTICS,310.0,HARTMANN DR,37087,LEBANON,Lebanon,9501,LEBANON,,3374.014969566097,9500,9501,NORMAL,,204.98933897482618,-86.3206806060485,36.22709596098571
LEBANON WASTE WATER PLANT,321.0,HARTMANN DR,37087,LEBANON,Lebanon,9501,LEBANON,,2392.4870554445406,9500,9501,NORMAL,,109.56610390536102,-86.31759802590021,36.2289974048783
GUARDIAN BUILDING PRODUCTS,402.0,HARTMANN DR,37087,LEBANON,Lebanon,9501,LEBANON,,2348.1672540621057,9500,9501,NORMAL,,122.86604409471379,-86.3192038514506,36.231644742954195
LO- JAC,1401.0,TOSHIBA DR,37087,LEBANON,Lebanon,9501,LEBANON,,1818.5396196662416,9500,9501,NORMAL,,60.89419523324795,-86.3216291290189,36.23166215464831
PARKER HANNIFIN MANUFACTURING,104.0,HARTMANN DR,37087,LEBANON,Lebanon,9501,LEBANON,,6679.3635702936945,9500,9501,NORMAL,,82.9955823278385,-86.3236741066227,36.21710640649551
WILSON COUNTY MOTORS,1448.0,W BADDOUR PKWY,37087,LEBANON,Lebanon,9501,LEBANON,,6352.836764364313,9500,9501,NORMAL,,13.899003309447586,-86.3341971303161,36.218508456481295
WILSON BANK & TRUST,1444.0,W BADDOUR PKWY,37087,LEBANON,Lebanon,9501,LEBANON,,6303.331310495322,9500,9501,NORMAL,,18.934146114711684,-86.3339496188158,36.21883321078969
WEST SIDE STORAGE,103.0,CARVER LN,37087,LEBANON,Lebanon,9501,LEBANON,,5793.601612085428,9500,9501,NORMAL,,71.5691403838118,-86.336926186433,36.219471372794416
DISCOUNT APPLIANCE DEPOT,109.0,HARTMANN DR,37087,LEBANON,Lebanon,9501,LEBANON,,7259.433862252777,9500,9501,NORMAL,,46.494512537598006,-86.321097731086,36.2140014895036
BENTLEY'S HEATING & AIR,1417.0,W MAIN ST,37087,LEBANON,Lebanon,9501,LEBANON,,7013.243838035704,9500,9501,NORMAL,,21.828986976898722,-86.3294683218367,36.21642009404229
JPS BAR AND GRILL,102.0,ROCKY RD,37087,LEBANON,Lebanon,9501,LEBANON,,7151.222330920961,9500,9501,NORMAL,,27.699152970364732,-86.328209942979,36.21401336945038
WEST END MANOR APTS,122.0,WEST END HTS,37087,LEBANON,Lebanon,9501,LEBANON,,7025.426863371773,9500,9501,NORMAL,,20.68868907027046,-86.3207469566632,36.2145780437695
TENNESSEE VETINARY OFFICE,105.0,WEST END HTS,37087,LEBANON,Lebanon,9501,LEBANON,,7160.182155780309,9500,9501,NORMAL,,48.08772160785208,-86.3197551455363,36.2138080906857
CALIBER COLLISION,1504.0,W MAIN ST,37087,LEBANON,Lebanon,9501,LEBANON,,5562.16648034771,9500,9501,NORMAL,,59.24577968587706,-86.3376717684839,36.21844382046411
LIVE HYDRATION SPA,1501.0,W MAIN ST,37087,LEBANON,Lebanon,9501,LEBANON,,5978.933375912818,9500,9501,NORMAL,,22.111080651809928,-86.3360489970555,36.2187090893286
ENTERPRISE RENT A CAR,1437.0,W BADDOUR PKWY,37087,LEBANON,Lebanon,9501,LEBANON,,5975.742026116061,9500,9501,NORMAL,,21.143250211171647,-86.3340597715881,36.21977452723971
CEDAR CREEK SPORTS CENTER,10770.0,LEBANON RD,37122,MT JULIET,Mt. Juliet,9503,MT. JULIET,,684.6569993729022,9500,9503,WATCH,,112.71011389596043,-86.5051149971234,36.23060234185552
HEALTH LODGE,1284.0,CREIGHTON LN,37087,LEBANON,Unincorporated,9500,(Unincorporated),,3860.4242794451293,8300,9500,NORMAL,POSTAL_CITY_EXPOSURE,97.13119338527854,-86.4624291936468,36.3155901790179
COLES FERRY BOAT RAMP,10255.0,COLES FERRY PIKE,37087,LEBANON,Unincorporated,9500,(Unincorporated),,301.3517987630988,8300,9500,WATCH,POSTAL_CITY_EXPOSURE,35.34332967521999,-86.4028650159384,36.30512254389429
BLOWED OUT BRIDGE,,,,,,9500,(Unincorporated),,4142.197820963438,8500,9500,NORMAL,,,-86.234480113259,36.305472165647004
CEDAR CREEK YACHT CLUB,3581.0,BENDERS FERRY RD,37122,MT JULIET,Unincorporated,9500,(Unincorporated),,2776.6302328460883,9500,9503,NORMAL,POSTAL_CITY_EXPOSURE,84.79185067844108,-86.5010846275419,36.281099359103706
DAVIS CORNER ACCESS,415.0,BURTON RD,37122,MT JULIET,Unincorporated,9500,(Unincorporated),,9238.193991450777,9500,9501,NORMAL,POSTAL_CITY_EXPOSURE,69.29124178281691,-86.4476440279041,36.280746598780205
HUNTERS POINT BOAT DOCK,160.0,ORIAN LN,37087,LEBANON,Unincorporated,9500,(Unincorporated),,268.44120065953916,8500,9500,WATCH,POSTAL_CITY_EXPOSURE,97.68778421152771,-86.26523693884931,36.29930324664638
LAGUARDO ACCESS,7680.0,HIGHWAY 109 N,37087,LEBANON,Unincorporated,9500,(Unincorporated),,12041.507427787663,8300,9500,NORMAL,POSTAL_CITY_EXPOSURE,158.08056609839048,-86.4442360493675,36.290127224974306
LONE BRANCH,3791.0,BENDERS FERRY RD,37122,MT JULIET,Unincorporated,9500,(Unincorporated),,3392.1658230567236,9500,9503,NORMAL,POSTAL_CITY_EXPOSURE,305.15696866725443,-86.5017067187692,36.28381630399869
MISTY COVE,940.0,RAMSEY RD,37087,LEBANON,Unincorporated,9500,(Unincorporated),,2252.1992799261106,8300,9500,NORMAL,POSTAL_CITY_EXPOSURE,66.35381467182751,-86.2895551758929,36.3196838272923
VIVRETTEE CREEK,5598.0,ALVIN SPERRY RD,37122,MT JULIET,Unincorporated,9500,(Unincorporated),,276.76709528445286,1900,9500,WATCH,POSTAL_CITY_EXPOSURE,104.99081142742467,-86.5441423431474,36.14081045053988
CRIPPLE CHILDREN RAMP,431.0,BRAID DR,37122,MT JULIET,Unincorporated,9500,(Unincorporated),,5377.753249775623,8300,9500,NORMAL,POSTAL_CITY_EXPOSURE,88.50318883555296,-86.4744384832305,36.30374408178939
HOMETOWN RESPIRATORY,513.0,W BADDOUR PKWY,37087,LEBANON,Lebanon,9501,LEBANON,,6202.438754907228,9500,9501,NORMAL,,7.042387373791245,-86.30210847146002,36.21523766860238
Basement Apartment,730.0,N GREENHILL RD,37122,MT JULIET,Unincorporated,9500,(Unincorporated),,645.4596723819975,9500,9503,WATCH,POSTAL_CITY_EXPOSURE,3.0916300078858745,-86.5430340457042,36.2345743642505
LEBANON AIRPORT TERMINAL,200.0,AVIATION WAY,37090,LEBANON,Lebanon,9501,LEBANON,,5749.780144235843,9500,9501,NORMAL,,14.069621512253283,-86.3195051721408,36.18890126975942
Meter,80.0,BELINDA PKWY,37122,MT JULIET,Mt. Juliet,9503,MT. JULIET,,1023.7578438099757,9500,9503,NORMAL,,287.4565974431121,-86.5028957431582,36.170167141448005
Stor Place,155.0,OLD PLEASANT GROVE RD,37122,MT JULIET,Mt. Juliet,9503,MT. JULIET,,2961.271463206088,9500,9503,NORMAL,,22.87553824114166,-86.5164165045022,36.1713078651257
Comcast Box,7962.0,STEWARTS FERRY PIKE,37122,MT JULIET,Unincorporated,9500,(Unincorporated),,6342.2372230056635,9500,9501,NORMAL,POSTAL_CITY_EXPOSURE,16.97543715094779,-86.4340265141202,36.11380796247862
Charter Meter,1870.0,SE TATER PEELER RD,37090,LEBANON,Lebanon,9501,LEBANON,,2442.5571997933694,9500,9501,NORMAL,,24.994042654628387,-86.2929019099235,36.17702182231531
BOJANGLES,906.0,S HARTMANN DR,37090,LEBANON,Lebanon,9501,LEBANON,,3926.2709035592375,9500,9501,NORMAL,,39.53374636428594,-86.3267788717866,36.188281342356106
MIDTOWN HEALTHCARE,1097.0,WESTON DR,37122,MT JULIET,Mt. Juliet,9503,MT. JULIET,,1579.4257997607083,9500,9503,NORMAL,,18.063985011655628,-86.5119181202199,36.1857536022975
MEDLINE OFFICE,60.0,ATHLETES WAY N,37122,MT JULIET,Unincorporated,9500,(Unincorporated),,427.4550778501748,9500,9503,WATCH,POSTAL_CITY_EXPOSURE,76.06325334211417,-86.4807400887128,36.186888897388805
VUMC OFFICE,60.0,ATHLETES WAY N,37122,MT JULIET,Unincorporated,9500,(Unincorporated),,459.8090036092991,9500,9503,WATCH,POSTAL_CITY_EXPOSURE,77.73633862490941,-86.479994006079,36.18682390571739
KROGER SIGN,11300.0,LEBANON RD,37122,MT JULIET,Mt. Juliet,9503,MT. JULIET,,1606.7600107196326,9500,9503,NORMAL,,6.179678178496197,-86.5149417351053,36.23074179068689
ETHAN PAGE PARK,455.0,CLEMMONS RD,37122,MT JULIET,Mt. Juliet,9503,MT. JULIET,,358.5945244704064,9500,9503,WATCH,,165.8596614213126,-86.507723310852,36.199933505697814
STATESVILLE UNITED METHODIST CHURCH,91.0,STATESVILLE MAIN ST,37184,NORENE,Unincorporated,9500,(Unincorporated),WILSON,19116.09499077355,0800,9500,NORMAL,,18.383295254480352,-86.1242589351254,36.0191973751656
STATESVILLE UMC FELLOWSHIP HALL,91.0,STATESVILLE MAIN ST,37184,NORENE,Unincorporated,9500,(Unincorporated),WILSON,19054.778360836543,0800,9500,NORMAL,,76.34504070573774,-86.1240213853114,36.0191180041456
BRIAR PATCH EARLY LEARNING CENTER,3521.0,LEBANON RD,37087,LEBANON,Lebanon,9501,LEBANON,,1133.2745867808985,9500,9501,NORMAL,,29.670285680419095,-86.3816279565523,36.23189111831021
JECDB,200.0,AVIATION WAY,37090,LEBANON,Lebanon,9501,LEBANON,,5725.3834822755725,9500,9501,NORMAL,,8.334500920433106,-86.3194873541093,36.188750703555
WEST SIDE PARK,1020.0,GASTON PARK DR,37087,LEBANON,Lebanon,9501,LEBANON,,489.0387777687426,9500,9501,WATCH,,205.35042306005786,-86.3706016776987,36.233771641634014
O'REILLLY AUTO PARTS,1038.0,SPARTA PIKE,37087,LEBANON,Lebanon,9501,LEBANON,,2443.150756534526,9500,9501,NORMAL,,28.0659486156118,-86.2742444876886,36.193384229131894
CEMETERY,315.0,TROUSDALE FERRY PIKE,37087,LEBANON,Unincorporated,9500,(Unincorporated),,217.76868920406238,9500,9501,HIGH,POSTAL_CITY_EXPOSURE,56.317720740744235,-86.27025288904241,36.20978391080058
HOITES BBQ,145.0,HIGHWAY 109 N,37090,LEBANON,Lebanon,9501,LEBANON,,717.2078353362061,9500,9501,WATCH,,314.26027749559245,-86.4078117367952,36.18711910261271
Open Space,22.0,ELLIOTT CIR,37122,MT JULIET,Mt. Juliet,9503,MT. JULIET,,345.7626556156927,9500,9503,WATCH,,8.989378050257713,-86.4666406778974,36.1607417880095
FUTURE J K'S SUPPER CLUB,160.0,LEGENDS DR,37087,LEBANON,Lebanon,9501,LEBANON,,5016.099069714393,9500,9501,NORMAL,,63.941122351195744,-86.2926454700097,36.188667468268505
SOUTHSIDE ELEMENTARY,1224.0,MURFREESBORO RD,37090,LEBANON,Lebanon,9501,LEBANON,,1155.7830742977624,9500,9501,NORMAL,,137.49183541979733,-86.3060770058771,36.16995512291619
COPART,865.0,STUMPY LN,37090,LEBANON,Lebanon,9501,LEBANON,,94.52069126113442,9500,9501,HIGH,BOUNDARY_RISK,199.79559863310251,-86.2952280043754,36.16601903029402
WILSON COUNTY BOARD OF EDUCATION,351.0,STUMPY LN,37090,LEBANON,Lebanon,9501,LEBANON,,277.82484217652467,9500,9501,WATCH,,51.232569351358265,-86.3058920477362,36.1675076649762
ADULT LEARNING CENTER,205.0,STUMPY LN,37090,LEBANON,Lebanon,9501,LEBANON,,335.8200800509656,9500,9501,WATCH,,95.71445054129559,-86.3083659398656,36.1679152781545
SEVENTH DAY ADVENTIST CHURCH,37.0,STUMPY LN,37090,LEBANON,Lebanon,9501,LEBANON,,87.9323516328775,9500,9501,HIGH,BOUNDARY_RISK,67.66778874495783,-86.3114985660883,36.168074152772206
TIMBERLINE CAMPGROUND,1204.0,MURFREESBORO RD,37090,LEBANON,Lebanon,9501,LEBANON,,1577.7466631417424,9500,9501,NORMAL,,132.9661643136668,-86.3050422723686,36.171607847267616
JERRY YOUNG CONSTRUCTION,110.0,SOUTHSIDE PARK DR,37090,LEBANON,Lebanon,9501,LEBANON,,1396.2758022044059,9500,9501,NORMAL,,50.675195776781344,-86.3017316971834,36.17031659141511
US POST OFFICE,106.0,SOUTHSIDE PARK DR,37090,LEBANON,Lebanon,9501,LEBANON,,1579.1154366330977,9500,9501,NORMAL,,59.4967310914374,-86.3023043695941,36.170876122231
THOMPSON ELECTRIC,129.0,SOUTHSIDE PARK DR,37090,LEBANON,Lebanon,9501,LEBANON,,710.6377462632072,9500,9501,WATCH,,41.6913278466819,-86.2996070348234,36.168218118612
WEATHERLY ESTATES,1.0,WEATHERLY DR,37087,LEBANON,Lebanon,9501,LEBANON,,4866.885606878032,9500,9501,NORMAL,,59.207128321917985,-86.3058668766919,36.184299027566986
MID CUMBERLAND HEAD START,103.0,CEDARWOOD DR,37087,LEBANON,Lebanon,9501,LEBANON,,5246.806178768648,9500,9501,NORMAL,,51.36534831833598,-86.2960707898398,36.18638368705432
MEADOWS OF LEBANON APTS,50.0,MEADOWS DR,37087,LEBANON,Lebanon,9501,LEBANON,,4381.794211681494,9500,9501,NORMAL,,22.34341033977414,-86.2824516111664,36.20004628533329
LEBANON CITY WATER DEPT.,410.0,PARK DR,37087,LEBANON,Lebanon,9501,LEBANON,,5304.201363927615,9500,9501,NORMAL,,152.9033191704313,-86.2854270938424,36.19912124637819
LEBANON ANIMAL CONTROL,410.0,PARK DR,37087,LEBANON,Lebanon,9501,LEBANON,,5485.222295918437,9500,9501,NORMAL,,204.6182121669191,-86.2861848901789,36.19918502753892
THE ROCK TABERNACLE,425.0,CAINSVILLE RD,37087,LEBANON,Lebanon,9501,LEBANON,,5996.837408480292,9500,9501,NORMAL,,42.797094044842076,-86.286171169122,36.19538174007841
CHARTER BOX,8283.0,CARTHAGE HWY,37087,LEBANON,Unincorporated,9500,(Unincorporated),,1572.2571286662794,8000,9500,NORMAL,POSTAL_CITY_EXPOSURE,17.26513578934599,-86.1247807301718,36.2508354310715
BARRY TATUM ACADEMY,415.0,HARDING DR,37087,LEBANON,Lebanon,9501,LEBANON,,5167.840378754896,9500,9501,NORMAL,,170.48002446714995,-86.2864414355377,36.201673168218306
ELECTRIC METER,811.0,PLOWSON RD,37122,MT JULIET,Mt. Juliet,9503,MT. JULIET,,2401.439648567521,9500,9503,NORMAL,,59.152099804850415,-86.4927681132383,36.207913424825506
TEMPORARY FIREWORKS STAND,3131.0,S RUTLAND RD,37122,MT JULIET,Mt. Juliet,9503,MT. JULIET,,80.63423951308587,9500,9503,HIGH,BOUNDARY_RISK,45.662660491802065,-86.4604096443019,36.16620148484671
METER,1023.0,LIVINGSTONE LN,37122,MT JULIET,Mt. Juliet,9503,MT. JULIET,,845.2367891678952,9500,9503,WATCH,,8.59437680230336,-86.5389153099589,36.22556839201012
METER,1036.0,LIVINGSTONE LN,37122,MT JULIET,Mt. Juliet,9503,MT. JULIET,,784.2579030332298,9500,9503,WATCH,,6.419652526963414,-86.5376482088491,36.22567895827391
METER,211.0,ESKER DR,37122,MT JULIET,Mt. Juliet,9503,MT. JULIET,,744.4637332463728,9500,9503,WATCH,,4.46643273831388,-86.5375263313678,36.225630140746205
METER,30.0,BAILEY'S BR,37122,MT JULIET,Mt. Juliet,9503,MT. JULIET,,618.6895603811249,9500,9503,WATCH,,10.316788182499245,-86.5372178953299,36.22537928946739
TUSCAN GARDENS,5225.0,GIARDINO DR,37122,MT JULIET,Mt. Juliet,9503,MT. JULIET,,1264.5416727430415,9500,9503,NORMAL,,90.55277501696683,-86.4948600641616,36.221131591547625
STONEHOLLOW SUBD,1000.0,STONEHOLLOW WAY,37122,MT JULIET,Mt. Juliet,9503,MT. JULIET,,299.4036740086991,9500,9503,WATCH,,139.33860817068933,-86.4943155104885,36.218486910222694
PROPOSED BUILDING,400.0,AVIATION WAY,37090,LEBANON,Lebanon,9501,LEBANON,,5465.730526334206,9500,9501,NORMAL,,17.759015383829496,-86.3197827983719,36.18774289231299
PLANTATION SOUTH SUBD,401.0,PLANTATION BLVD,37087,LEBANON,Unincorporated,9500,(Unincorporated),,1716.2865585983616,9500,9501,NORMAL,POSTAL_CITY_EXPOSURE,194.60289320774086,-86.3640560523993,36.2476356015806
AT HOME,535.0,PLEASANT GROVE RD,37122,MT JULIET,Mt. Juliet,9503,MT. JULIET,,4017.8617287080287,9500,9503,NORMAL,,95.20277964643604,-86.5186683815019,36.174868126572086
Sign ,101.0,ESTON WAY,37122,MT JULIET,Mt. Juliet,9503,MT. JULIET,,2638.9909620509197,9500,9503,NORMAL,,12.080718585595925,-86.5036390834196,36.2115128930806
Wilson Road Boat Storage,10682.0,HIGHWAY 109  N,37087,LEBANON,Unincorporated,9500,(Unincorporated),,2241.436736018248,8300,9500,NORMAL,POSTAL_CITY_EXPOSURE,292.7600373359138,-86.4377084629928,36.3327945182425
WYNFIELD SUBD.,8841.0,CENTRAL PIKE,37122,MT JULIET,Mt. Juliet,9503,MT. JULIET,,33.2023785331635,9500,9503,CRITICAL,BOUNDARY_RISK,27.628534747215525,-86.5048977306141,36.150210106714816
DOLLAR GENERAL,10550.0,MURFREESBORO RD,37090,LEBANON,Unincorporated,9500,(Unincorporated),,1459.5983371882758,7500,9500,NORMAL,POSTAL_CITY_EXPOSURE,59.8040980295772,-86.3626450266597,36.0192841458086
IHOP,520.0,PLEASANT GROVE RD,37122,MT JULIET,Mt. Juliet,9503,MT. JULIET,,3791.078663967891,9500,9503,NORMAL,,20.78882552776309,-86.5172605234375,36.177830987434106
Lot 19,341.0,HICKORY DR,37138,OLD HICKORY,Unincorporated,9500,(Unincorporated),DAVIDSON,4914.471730376759,8305,9500,NORMAL,CROSS_COUNTY_POSTAL,185.92853375217925,-86.5690946104204,36.2406331844869
Lot 18,341.0,HICKORY DR,37138,OLD HICKORY,Unincorporated,9500,(Unincorporated),DAVIDSON,4849.962920498454,8305,9500,NORMAL,CROSS_COUNTY_POSTAL,146.27943780375008,-86.5690705880169,36.24087473086173
Lot 17,344.0,HICKORY DR,37138,OLD HICKORY,Unincorporated,9500,(Unincorporated),DAVIDSON,4786.792357956307,8305,9500,NORMAL,CROSS_COUNTY_POSTAL,154.22281015004114,-86.569039206272,36.24111631187749
 ,814.0,KENNEAR LN,37122,MT JULIET,Mt. Juliet,9503,MT. JULIET,,1017.0788330273043,9500,9503,NORMAL,,1.4654529235021152,-86.53111806056542,36.22662695409041
 ,814.0,KENNEAR LN,37122,MT JULIET,Mt. Juliet,9503,MT. JULIET,,1017.0788330273043,9500,9503,NORMAL,,1.4654529235021152,-86.53111806056542,36.22662695409041
 ,814.0,KENNEAR LN,37122,MT JULIET,Mt. Juliet,9503,MT. JULIET,,1016.1471832507659,9500,9503,NORMAL,,6.96015075256215,-86.53113698477401,36.2266271331389
CONNECT CHURCH,,,,,,9500,(Unincorporated),,934.5016455394383,9500,9501,WATCH,,,-86.410535987194,36.132924302818104
Comcast Box,1050.0,INTERNATIONAL DR,37090,LEBANON,Lebanon,9501,LEBANON,,1540.6185279093768,9500,9501,NORMAL,,17.229778885057875,-86.3990915889661,36.13677644988199
METER,222.0,SIGNATURE PL,37087,LEBANON,Lebanon,9501,LEBANON,,5916.238387788781,9500,9501,NORMAL,,7.676943486724331,-86.3330720524618,36.2147427467691
CUMBERLAND UNIV ART,399.0,S MAPLE ST,37087,LEBANON,Lebanon,9501,LEBANON,,7820.658356756857,9500,9501,NORMAL,,3.7759773301768313,-86.29523447487752,36.1999793400266
CUMBERLAND UNIV TRACK & FIELD,401.0,S MAPLE ST,37087,LEBANON,Lebanon,9501,LEBANON,,7839.221920983309,9500,9501,NORMAL,,4.721052706902939,-86.2952757278259,36.199917718976124
CUMBERLAND UNIV WEIGHTROOM & STRENGTHENING,403.0,S MAPLE ST,37087,LEBANON,Lebanon,9501,LEBANON,,7854.951120965416,9500,9501,NORMAL,,5.169065128402625,-86.2953099492065,36.1998639828987
CUMBERLAND UNIVERSITY RENTAL HOUSE,336.0,MCCLAIN AVE,37087,LEBANON,Lebanon,9501,LEBANON,,9355.636138736783,9500,9501,NORMAL,,7.389855469012765,-86.30181891192352,36.202663952895996
SENT SOFTWARE,2674.0,N MT JULIET RD,37122,MT JULIET,Mt. Juliet,9503,MT. JULIET,,3682.3988887721143,9500,9503,NORMAL,,7.75998975401072,-86.5174829547292,36.207191881118405
MEDICAL OFFICE BUILDING,77.0,BELINDA PKWY,37122,MT JULIET,Mt. Juliet,9503,MT. JULIET,,1174.2821615202395,9500,9503,NORMAL,,19.177977120590384,-86.5048581209498,36.1698910389231
CUMBERLAND CORNER PROJECT,302.0,MARTIN AVE,37087,LEBANON,Lebanon,9501,LEBANON,,8470.62376058434,9500,9501,NORMAL,,14.758483776781448,-86.2982313497793,36.20141468302032
CUMBERLAND CORNER PROJECT,314.0,S GREENWOOD ST,37087,LEBANON,Lebanon,9501,LEBANON,,8405.673847831727,9500,9501,NORMAL,,29.28109379699695,-86.2979876508497,36.201389531847106
CUMBERLAND CORNER PROJECT,316.0,S GREENWOOD ST,37087,LEBANON,Lebanon,9501,LEBANON,,8423.175197124601,9500,9501,NORMAL,,33.98287527602414,-86.2979853207107,36.2012393123977
CUMBERLAND CORNER PROJECT,320.0,S GREENWOOD ST,37087,LEBANON,Lebanon,9501,LEBANON,,8470.922905166473,9500,9501,NORMAL,,46.62498604205056,-86.298072867124,36.20104881118011
CUMBERLAND CORNER PROJECT,350.0,S GREENWOOD ST,37087,LEBANON,Lebanon,9501,LEBANON,,8569.11457374156,9500,9501,NORMAL,,92.4194996777482,-86.2982835051257,36.2007321032181
CUMBERLAND CORNER PROJECT,393.0,LEEVILLE PIKE,37087,LEBANON,Lebanon,9501,LEBANON,,8772.510469836912,9500,9501,NORMAL,,24.36567421248787,-86.2989395202926,36.20055879545159
CUMBERLAND CORNER PROJECT,308.0,MARTIN AVE,37087,LEBANON,Lebanon,9501,LEBANON,,8701.809929995834,9500,9501,NORMAL,,24.938964784448316,-86.2990556944394,36.201407398151
CUMBERLAND CORNER PROJECT,310.0,MARTIN AVE,37087,LEBANON,Lebanon,9501,LEBANON,,8778.259117561247,9500,9501,NORMAL,,51.8342456367885,-86.2993120908397,36.20136670294821
CUMBERLAND CORNER PROJECT,393.0,LEEVILLE PIKE,37087,LEBANON,Lebanon,9501,LEBANON,,8844.416753501833,9500,9501,NORMAL,,105.9034594634487,-86.2992909803821,36.2007620394774
BLDG 1,1102.0,BARTONS RUN TRCE,37090,LEBANON,Lebanon,9501,LEBANON,,2030.8080505953842,9500,9501,NORMAL,,24.329221056385766,-86.3290427025999,36.17879998460899
BLDG 2,2101.0,BARTONS RUN TRCE,37090,LEBANON,Lebanon,9501,LEBANON,,1954.5276737716256,9500,9501,NORMAL,,23.809695421186984,-86.3291565558121,36.1785936502121
BLDG 9,9101.0,BARTONS RUN TRCE,37090,LEBANON,Lebanon,9501,LEBANON,,1775.1511128942084,9500,9501,NORMAL,,20.904841362023294,-86.32913686102232,36.17810010332931
BLDG 10,10101.0,BARTONS RUN TRCE,37090,LEBANON,Lebanon,9501,LEBANON,,1746.8065745429105,9500,9501,NORMAL,,19.479779065001043,-86.3288806035158,36.1780106666906
BLDG 5,5101.0,BARTONS RUN TRCE,37090,LEBANON,Lebanon,9501,LEBANON,,1915.2916250441115,9500,9501,NORMAL,,15.603039803296035,-86.3297392605856,36.1786750418378
BLDG 6,6102.0,BARTONS RUN TRCE,37090,LEBANON,Lebanon,9501,LEBANON,,1852.3956897593066,9500,9501,NORMAL,,15.059094771868754,-86.3299425555883,36.17875889942741
BLDG 8,8101.0,BARTONS RUN TRCE,37090,LEBANON,Lebanon,9501,LEBANON,,1803.7416224028154,9500,9501,NORMAL,,15.988073171454204,-86.3301597565005,36.1783677179174
BLDG 11,11100.0,BARTONS RUN TRCE,37090,LEBANON,Lebanon,9501,LEBANON,,1735.4877864149337,9500,9501,NORMAL,,28.860614468124947,-86.3296252828211,36.17800148149791
BLDG 12,12100.0,BARTONS RUN TRCE,37090,LEBANON,Lebanon,9501,LEBANON,,1677.3258186297348,9500,9501,NORMAL,,25.778344935020304,-86.3297216765666,36.17784097731438
BLDG 3,3100.0,BARTONS RUN TRCE,37090,LEBANON,Lebanon,9501,LEBANON,,1883.1545660820827,9500,9501,NORMAL,,36.318212498886396,-86.3294028330843,36.178404123083915
BLDG 4,4100.0,BARTONS RUN TRCE,37090,LEBANON,Lebanon,9501,LEBANON,,1829.3293252559026,9500,9501,NORMAL,,32.197127892087565,-86.3294798747454,36.178257978242605
BARK PARK,7311.0,BARTONS RUN TRCE,37090,LEBANON,Lebanon,9501,LEBANON,,1698.509158967817,9500,9501,NORMAL,,105.99682903054027,-86.3302812202252,36.1778709235723
BLDG 13,13101.0,BARTONS RUN TRCE,37090,LEBANON,Lebanon,9501,LEBANON,,1591.7764054271786,9500,9501,NORMAL,,21.309203973298747,-86.3296783486779,36.17760645623239
BLDG 14,14101.0,BARTONS RUN TRCE,37090,LEBANON,Lebanon,9501,LEBANON,,1511.6519298631456,9500,9501,NORMAL,,21.83602189432104,-86.3297039031067,36.1773860551327
BLDG 15,15101.0,BARTONS RUN TRCE,37090,LEBANON,Lebanon,9501,LEBANON,,1427.3840402570318,9500,9501,NORMAL,,19.214751391508756,-86.3297241163068,36.177154221919004
BLDG 16,16102.0,BARTONS RUN TRCE,37090,LEBANON,Lebanon,9501,LEBANON,,1531.1180243517515,9500,9501,NORMAL,,15.482022371960857,-86.3304151311862,36.1773969865296
BLDG 17,17101.0,BARTONS RUN TRCE,37090,LEBANON,Lebanon,9501,LEBANON,,1493.5706141822047,9500,9501,NORMAL,,14.945545954050015,-86.3306034297276,36.17727056736432
BLDG 18,18102.0,BARTONS RUN TRCE,37090,LEBANON,Lebanon,9501,LEBANON,,1458.997826521614,9500,9501,NORMAL,,18.306869326112395,-86.3308146561706,36.17714122362191
BLDG 20,20100.0,BARTONS RUN TRCE,37090,LEBANON,Lebanon,9501,LEBANON,,1376.7693013682438,9500,9501,NORMAL,,20.584743063348416,-86.3304662665774,36.17696333705442
BLDG 19,19100.0,BARTONS RUN TRCE,37090,LEBANON,Lebanon,9501,LEBANON,,1412.313220239989,9500,9501,NORMAL,,25.890554309557043,-86.3302796980601,36.17708116694659
BLDG 21,21102.0,BARTONS RUN TRCE,37090,LEBANON,Lebanon,9501,LEBANON,,1178.5324068832053,9500,9501,NORMAL,,16.959517064209816,-86.3297515659639,36.176469783668296
BLDG 22,22102.0,BARTONS RUN TRCE,37090,LEBANON,Lebanon,9501,LEBANON,,1187.611176027441,9500,9501,NORMAL,,19.736114692123174,-86.3300004394437,36.17648197962039
BLDG 23,23102.0,BARTONS RUN TRCE,37090,LEBANON,Lebanon,9501,LEBANON,,1199.239359434389,9500,9501,NORMAL,,20.572651923256316,-86.3302422602489,36.176495625528005
BLDG 24,24102.0,BARTONS RUN TRCE,37090,LEBANON,Lebanon,9501,LEBANON,,1238.2445444847876,9500,9501,NORMAL,,16.698527995952297,-86.3307859071114,36.17652418264841
BLDG 25,25102.0,BARTONS RUN TRCE,37090,LEBANON,Lebanon,9501,LEBANON,,1250.8833925264175,9500,9501,NORMAL,,15.784726271244432,-86.331063039644,36.1765420218624
BLDG 26,26102.0,BARTONS RUN TRCE,37090,LEBANON,Lebanon,9501,LEBANON,,1222.9151933546975,9500,9501,NORMAL,,16.047608238798123,-86.3313225314939,36.1765613400343
BLDG 27,27100.0,BARTONS RUN TRCE,37090,LEBANON,Lebanon,9501,LEBANON,,1240.2466168862707,9500,9501,NORMAL,,21.448035062925797,-86.3315348200754,36.17668666171801
BLDG 28,28100.0,BARTONS RUN TRCE,37090,LEBANON,Lebanon,9501,LEBANON,,1227.878009997445,9500,9501,NORMAL,,24.633143916445658,-86.3317325600663,36.17670901003958
BLDG 29,29102.0,BARTONS RUN TRCE,37090,LEBANON,Lebanon,9501,LEBANON,,1182.756916482038,9500,9501,NORMAL,,17.85640974568893,-86.331959905265,36.1766368488961
BLDG 30,30102.0,BARTONS RUN TRCE,37090,LEBANON,Lebanon,9501,LEBANON,,1219.3964365403062,9500,9501,NORMAL,,15.519960854340754,-86.3322076073983,36.1767906855674
BLDG 31,31102.0,BARTONS RUN TRCE,37090,LEBANON,Lebanon,9501,LEBANON,,1194.0356683792327,9500,9501,NORMAL,,15.039735561736185,-86.3323711699893,36.17707924139541
BLDG 32,32101.0,BARTONS RUN TRCE,37090,LEBANON,Lebanon,9501,LEBANON,,1168.4395480791254,9500,9501,NORMAL,,15.866615109500211,-86.3324232385554,36.17729227620031
BLDG 33,33101.0,BARTONS RUN TRCE,37090,LEBANON,Lebanon,9501,LEBANON,,1394.612099939928,9500,9501,NORMAL,,22.755352735075924,-86.3316674996252,36.17718705122462
BLDG 34,34102.0,BARTONS RUN TRCE,37090,LEBANON,Lebanon,9501,LEBANON,,1371.617708003024,9500,9501,NORMAL,,24.606823371558903,-86.3317194587076,36.17737433361031
BLDG 35,35101.0,BARTONS RUN TRCE,37090,LEBANON,Lebanon,9501,LEBANON,,1149.2708196983824,9500,9501,NORMAL,,32.48815056207297,-86.3324563099006,36.1776040836221
BLDG 36,36102.0,BARTONS RUN TRCE,37090,LEBANON,Lebanon,9501,LEBANON,,1131.6463090863722,9500,9501,NORMAL,,22.597737719043423,-86.3325173590179,36.177854292416406
BLDG 37,37101.0,BARTONS RUN TRCE,37090,LEBANON,Lebanon,9501,LEBANON,,1106.42600019631,9500,9501,NORMAL,,32.37394607707253,-86.33257474116891,36.178071605095596
BLDG 42,42101.0,BARTONS RUN TRCE,37090,LEBANON,Lebanon,9501,LEBANON,,1282.5229175398463,9500,9501,NORMAL,,25.789887546111956,-86.3319507862291,36.1782535935525
BLDG 43,43101.0,BARTONS RUN TRCE,37090,LEBANON,Lebanon,9501,LEBANON,,1300.8420023670865,9500,9501,NORMAL,,26.412222332051495,-86.33191636541291,36.1780405100784
BLDG 44,44101.0,BARTONS RUN TRCE,37090,LEBANON,Lebanon,9501,LEBANON,,1326.3006653123648,9500,9501,NORMAL,,26.279793908848973,-86.3318555394529,36.17784323757648
BLDG 45,45101.0,BARTONS RUN TRCE,37090,LEBANON,Lebanon,9501,LEBANON,,1515.0790900251482,9500,9501,NORMAL,,28.00466917553459,-86.3311618370788,36.17822714602492
BLDG 46,46102.0,BARTONS RUN TRCE,37090,LEBANON,Lebanon,9501,LEBANON,,1602.0031962404253,9500,9501,NORMAL,,24.348832945468157,-86.3308636592745,36.178242270881505
BLDG 38,38100.0,BARTONS RUN TRCE,37090,LEBANON,Lebanon,9501,LEBANON,,1102.8089042317845,9500,9501,NORMAL,,23.244848752586634,-86.33256657181012,36.17822757682223
BLDG 39,39100.0,BARTONS RUN TRCE,37090,LEBANON,Lebanon,9501,LEBANON,,1155.284563189758,9500,9501,NORMAL,,18.9937580610503,-86.3323831852557,36.178262419249016
BLDG 41,41100.0,BARTONS RUN TRCE,37090,LEBANON,Lebanon,9501,LEBANON,,1246.5942657805015,9500,9501,NORMAL,,26.602095474271707,-86.33206573283002,36.17831050631361
VOLLEYBALL COURT,10311.0,BARTONS RUN TRCE,37090,LEBANON,Lebanon,9501,LEBANON,,1871.6458207178555,9500,9501,NORMAL,,90.68916367424595,-86.3284642170845,36.1783288647074
POOL,2312.0,BARTONS RUN TRCE,37090,LEBANON,Lebanon,9501,LEBANON,,1921.702273199778,9500,9501,NORMAL,,78.91725426669962,-86.3286330701734,36.178477200269725
PAVILION,100.0,BARTONS RUN TRCE,37090,LEBANON,Lebanon,9501,LEBANON,,1931.2361051672547,9500,9501,NORMAL,,86.15171053336282,-86.3283589853095,36.178486530452986
KANSHA HIBACHI & SUSHI,115.0,S HARTMANN DR,37087,LEBANON,Lebanon,9501,LEBANON,,7927.538176507764,9500,9501,NORMAL,,11.739410379998327,-86.3216396458491,36.212178620235115
SMOOTHIE KING,1112.0,W MAIN ST,37087,LEBANON,Lebanon,9501,LEBANON,,7665.606965714985,9500,9501,NORMAL,,36.61654502805223,-86.319702589387,36.2122941232975
VALLEY GROWERS,1108.0,W MAIN ST,37087,LEBANON,Lebanon,9501,LEBANON,,7635.197163772989,9500,9501,NORMAL,,36.19945845726542,-86.3191085186679,36.212203775856494
V & R AUTO,1042.0,W MAIN ST,37087,LEBANON,Lebanon,9501,LEBANON,,7632.034556252535,9500,9501,NORMAL,,23.29382376236357,-86.31877861808701,36.212118804599505
PAWNMAX,1017.0,W  MAIN ST,37087,LEBANON,Lebanon,9501,LEBANON,,7490.324828428691,9500,9501,NORMAL,,21.39779888745191,-86.3148248448327,36.2116856557192
RANDYS HAIR,1028.0,W MAIN ST,37087,LEBANON,Lebanon,9501,LEBANON,,7733.1842077191695,9500,9501,NORMAL,,10.789641152519977,-86.3158467658508,36.21116888487082
EL MAR MUSIC AND MARKET,1028.0,W MAIN ST,37087,LEBANON,Lebanon,9501,LEBANON,,7725.755415879365,9500,9501,NORMAL,,16.204986049569595,-86.3161106803626,36.2112368683746
PRO SHINE AUTO DETAILING,910.0,W MAIN ST,37087,LEBANON,Lebanon,9501,LEBANON,,7822.85470009196,9500,9501,NORMAL,,33.62850549945892,-86.3125133591003,36.210521336976804
SHOWTYME XTREME,104.0,OAK ST,37087,LEBANON,Lebanon,9501,LEBANON,,7980.251718082853,9500,9501,NORMAL,,14.689939763432625,-86.3131838966819,36.210138076927
CREATIVE GRAPHICS,100.0,OAK ST,37087,LEBANON,Lebanon,9501,LEBANON,,7902.131185452474,9500,9501,NORMAL,,12.686507244596866,-86.3130940919108,36.210346239795896
WEMA,110.0,OAK ST,37087,LEBANON,Lebanon,9501,LEBANON,,8495.691378389274,9500,9501,NORMAL,,25.936134408548025,-86.3136244891922,36.20875295767372
AMERICAN HOUSE LEBANON ASSISTED LIVING,731.0,W MAIN ST,37087,LEBANON,Lebanon,9501,LEBANON,,7453.84615377436,9500,9501,NORMAL,,48.29750065402266,-86.3101909557961,36.21146332782261
RX MED,709.0,CASTLE HEIGHTS CT,37087,LEBANON,Lebanon,9501,LEBANON,,7123.647374122052,9500,9501,NORMAL,,34.06936453144955,-86.3085733769808,36.212418893990815
MITCHELL HOUSE,106.0,N CASTLE HEIGHTS AVE,37087,LEBANON,Lebanon,9501,LEBANON,,7566.294978078182,9500,9501,NORMAL,,35.715005585055536,-86.30828621051721,36.21121306141169
"SANDRA GIBBS, ATTORNEY",125.0,N CASTLE HEIGHTS AVE,37087,LEBANON,Lebanon,9501,LEBANON,,7045.08845072887,9500,9501,NORMAL,,21.387303732785934,-86.3062145334714,36.21273031601181
HARTSVILLE PKE TOWNHOMES,100.0,HARTSVILLE CT,37087,LEBANON,Lebanon,9501,LEBANON,,3294.494224226749,9500,9501,NORMAL,,40.81728479907322,-86.2846385217164,36.21480182246691
Lighting Meter,512.0,PLEASANT GROVE RD,37122,MT JULIET,Mt. Juliet,9503,MT. JULIET,,3581.134930867552,9500,9503,NORMAL,,10.309371186760094,-86.5165236113769,36.177859078641504
VILLAGES OF HUNTERS POINT,1489.0,HUNTERS POINT PIKE,37087,LEBANON,Lebanon,9501,LEBANON,,655.8097491443169,9500,9501,WATCH,,51.14151467267951,-86.2896437067104,36.23169485815849
NORENE GENERAL STORE,11150.0,CAINSVILLE RD,37184,NORENE,Unincorporated,9500,(Unincorporated),WILSON,27940.133884846528,9500,9502,NORMAL,,16.476043524612297,-86.2426654795605,36.05728068021021
POST OFFICE,11185.0,CAINSVILLE RD,37184,NORENE,Unincorporated,9500,(Unincorporated),WILSON,27853.595483237215,9500,9502,NORMAL,,26.970998489120447,-86.2420630492013,36.056957584804806
FALL CREEK CHURCH,11535.0,CAINSVILLE RD,37184,NORENE,Unincorporated,9500,(Unincorporated),WILSON,28234.577955354962,9500,9502,NORMAL,,70.70765910816647,-86.2397236020409,36.052367355111
NORENE COMMUNITY CENTER,11770.0,CAINSVILLE RD,37184,NORENE,Unincorporated,9500,(Unincorporated),WILSON,28883.12214603194,9500,9502,NORMAL,,26.639834082261114,-86.23938585778902,36.04908038330121
CHERRY VALLEY FAMILY CARE,7297.0,SPARTA PIKE,37184,WATERTOWN,Unincorporated,9500,(Unincorporated),,91.71633703505263,9500,9502,HIGH,POSTAL_CITY_EXPOSURE,9.508666900642247,-86.1622794232824,36.09797424306579
DOWELL CHAPEL UNITED METHODIST CHURCH,107.0,LINWOOD RD,37184,WATERTOWN,Unincorporated,9500,(Unincorporated),,45.95123231087593,9500,9502,CRITICAL,POSTAL_CITY_EXPOSURE,21.139534608005846,-86.1629361164476,36.09940410618599
WATERTOWN CUMBERLAND PRESBYTERIAN CHURCH,504.0,W MAIN ST,37184,WATERTOWN,Watertown,9502,WATERTOWN,,1224.8856038863728,9500,9502,NORMAL,,27.01061981047144,-86.1400754725453,36.09868931426712
FIRST PRESBYTERIAN CHURCH,428.0,W MAIN ST,37184,WATERTOWN,Watertown,9502,WATERTOWN,,1374.618420419707,9500,9502,NORMAL,,28.913825661286744,-86.1389318881086,36.0993564118515
JESUS IS THE ANSWER CHURCH,332.0,W MAIN ST,37184,WATERTOWN,Watertown,9502,WATERTOWN,,1075.4395655523629,9500,9502,NORMAL,,19.87718775774878,-86.1381175772906,36.0987869562159
WATERTOWN DRUGS,406.0,PUBLIC SQ,37184,WATERTOWN,Watertown,9502,WATERTOWN,,1041.842290723369,9500,9502,NORMAL,,20.77590140250434,-86.133664475935,36.099774152116815
TECHNICAL PLATING,102.0,WOODLAND ST,37184,WATERTOWN,Watertown,9502,WATERTOWN,,1364.9497802095434,9500,9502,NORMAL,,81.85635004856746,-86.1340575590606,36.1008435874717
Comcast Meter,1888.0,GOLDEN BEAR GTWY,37122,MT JULIET,Mt. Juliet,9503,MT. JULIET,,101.04636154754402,9500,9503,HIGH,BOUNDARY_RISK,32.491135980093794,-86.4958221171272,36.2166274508537
WATER AUTHORITY (NO STRUCTURE),5277.0,BEASLEYS BEND RD,37087,LEBANON,Unincorporated,9500,(Unincorporated),,794.5002796481375,8500,9500,WATCH,POSTAL_CITY_EXPOSURE,26.98210147728181,-86.211639537455,36.34157891959361
INDEPENDENCE ESTATES,463.0,PHILADELPHIA RD,37087,LEBANON,Unincorporated,9500,(Unincorporated),,5613.165636199297,8500,9500,NORMAL,POSTAL_CITY_EXPOSURE,82.71839488221835,-86.2642775357037,36.28399359801072
CLAY ESTATES,1001.0,CLAY PL,37087,LEBANON,Unincorporated,9500,(Unincorporated),,6298.630901780974,9500,9501,NORMAL,POSTAL_CITY_EXPOSURE,80.33820708030436,-86.3325308391318,36.26950722118561
KARLEE ESTATES,297.0,KARLEE DR,37087,LEBANON,Unincorporated,9500,(Unincorporated),,8583.2017037214,9500,9501,NORMAL,POSTAL_CITY_EXPOSURE,65.14884188703162,-86.3292311459859,36.27572534416189
FRIENDSHIP ACRES,644.0,MANN RD,37087,LEBANON,Unincorporated,9500,(Unincorporated),,8567.564591513566,9500,9501,NORMAL,POSTAL_CITY_EXPOSURE,103.29585925874112,-86.3297504462378,36.27571222981932
POINTE BARTON SUBD,1905.0,POINTE BARTON DR,37087,LEBANON,Unincorporated,9500,(Unincorporated),,7552.709265206841,9500,9501,NORMAL,POSTAL_CITY_EXPOSURE,167.78276935448162,-86.3730589947373,36.27616273825542
WATERMILL SUBD,98.0,WATERMILL LN,37090,LEBANON,Unincorporated,9500,(Unincorporated),,8400.236226663046,9500,9501,NORMAL,POSTAL_CITY_EXPOSURE,101.60241510548742,-86.3798692048142,36.2791725964477
AUTUMN CREEK SUBD,102.0,AUTUMN CRK,37087,LEBANON,Unincorporated,9500,(Unincorporated),,8643.43477567946,9500,9501,NORMAL,POSTAL_CITY_EXPOSURE,87.88277892533094,-86.4218856547046,36.27702134061121
COLONIAL ESTATES,54.0,COLONIAL DR,37087,LEBANON,Unincorporated,9500,(Unincorporated),,8963.394919508683,9500,9501,NORMAL,POSTAL_CITY_EXPOSURE,164.72144565263528,-86.4246210809044,36.277569186369696
HERITAGE HIGHLANDS SUBD,701.0,HERITAGE RD,37087,LEBANON,Unincorporated,9500,(Unincorporated),,8008.589533464592,8300,9500,NORMAL,POSTAL_CITY_EXPOSURE,104.4220625498611,-86.4248185776416,36.29054604354497
EXCALIBUR ESTATES,500.0,SHEATH CIR,37087,LEBANON,Unincorporated,9500,(Unincorporated),,4740.523551618453,8300,9500,NORMAL,POSTAL_CITY_EXPOSURE,49.239599125482435,-86.4287242799307,36.306351812877985
CHESTNUT GLEN SUBD,1000.0,BENDING CHESTNUT DR,37087,LEBANON,Unincorporated,9500,(Unincorporated),,6988.17680812628,8300,9500,NORMAL,POSTAL_CITY_EXPOSURE,214.69681380150212,-86.4397481396611,36.31137920465548
HERITAGE VALLEY SUBD,1431.0,BATES RD,37087,LEBANON,Unincorporated,9500,(Unincorporated),,5648.995728486355,8300,9500,NORMAL,POSTAL_CITY_EXPOSURE,168.2001425422465,-86.4290646663513,36.302688324143205
LAKESHORE ACRES,606.0,WESTVIEW DR,37087,LEBANON,Unincorporated,9500,(Unincorporated),,12113.652143636735,8300,9500,NORMAL,POSTAL_CITY_EXPOSURE,134.7567205158618,-86.4464695942043,36.291816641470604
BALLENTRACE SUBD,2022.0,MANN RD,37087,LEBANON,Unincorporated,9500,(Unincorporated),,8181.589028588646,8300,9500,NORMAL,POSTAL_CITY_EXPOSURE,72.73503565634698,-86.3321306887832,36.2941200212275
PEBBLE POINT ESTATES,2274.0,MANN RD,37087,LEBANON,Unincorporated,9500,(Unincorporated),,7125.779896591778,8300,9500,NORMAL,POSTAL_CITY_EXPOSURE,211.58183150936418,-86.3309735082237,36.29810175253591
FIVE OAKS SUBD,3733.0,LEBANON RD,37087,LEBANON,Lebanon,9501,LEBANON,,1657.5186515649327,9500,9501,NORMAL,,151.21111895350518,-86.385929961054,36.23403307986501
RIVER OAKS SUBD,3720.0,LEBANON RD,37087,LEBANON,Lebanon,9501,LEBANON,,1306.99374419116,9500,9501,NORMAL,,131.5730340861709,-86.3865782264096,36.232977053226904
SOUTHFORK SUBD,100.0,SOUTHFORK DR,37087,LEBANON,Lebanon,9501,LEBANON,,1445.0157653453016,9500,9501,NORMAL,,81.08175105298646,-86.3787225714576,36.2297272087957
City of Mt Juliet Soccer Field,97.0,LORENZO DR,37122,MT JULIET,Mt. Juliet,9503,MT. JULIET,,400.7492776006806,9500,9503,WATCH,,24.551345727291835,-86.4954976694154,36.218556412018295
WRESTLING BUILDING,230.0,CUMBERLAND DR,37087,LEBANON,Lebanon,9501,LEBANON,,8209.524194095948,9500,9501,NORMAL,,23.371923303829384,-86.297109920517,36.20100905519489
SIGNAGE FOR PAVILION,1401.0,CORNERSTONE PL,37087,LEBANON,Lebanon,9501,LEBANON,,4120.918860958481,9500,9501,NORMAL,,34.69674850042764,-86.3252255121662,36.2241230422071
GA HOUSE,326.0,MCCLAIN AVE,37087,LEBANON,Lebanon,9501,LEBANON,,9027.143903309798,9500,9501,NORMAL,,22.295835687951612,-86.3006527912809,36.202614674994614
CUMBERLAN UNIVERSITY BAND ROOM,118.0,Leeville PIKE,37087,LEBANON,Lebanon,9501,LEBANON,,7777.338866995003,9500,9501,NORMAL,,20.332811127023138,-86.2949185242446,36.199594270397576
Address Strictly For Internet Service,1780.0,CAIRO BEND RD,37087,LEBANON,Unincorporated,9500,(Unincorporated),,3430.286178797678,9500,9501,NORMAL,POSTAL_CITY_EXPOSURE,15.347948165008615,-86.3983902417026,36.26241814135571
BODY KNEADS FITNESS STE 104,1050.0,HAMILTON STATION BLVD,37087,LEBANON,Lebanon,9501,LEBANON,,1339.640199214488,9500,9501,NORMAL,,48.49973741974973,-86.3669563530572,36.23105633458359
BODY KNEADS COFFEE STE 103,1050.0,HAMILTON STATION BLVD,37087,LEBANON,Lebanon,9501,LEBANON,,1334.4739853835167,9500,9501,NORMAL,,51.13561643194545,-86.3670983478208,36.231061801703994
BODY KNEADS SPA STE 201,1050.0,HAMILTON STATION BLVD,37087,LEBANON,Lebanon,9501,LEBANON,,1355.2247568103144,9500,9501,NORMAL,,32.99264639972631,-86.3670980747365,36.231002817905214
Golds Gym,553.0,PLEASANT GROVE RD,37122,MT JULIET,Mt. Juliet,9503,MT. JULIET,,3975.8710142945324,9500,9503,NORMAL,,46.47655272770109,-86.5220299319048,36.174973615696196
WEMA TRAINING CENTER 115  OAK ST ,115.0,OAK ST,37087,LEBANON,Lebanon,9501,LEBANON,,8534.65851671492,9500,9501,NORMAL,,48.49827326033109,-86.3131428243666,36.20860398264742
WATERTOWN STORAGE #2,9998.0,SPARTA PIKE,37184,WATERTOWN,Unincorporated,9500,(Unincorporated),,1906.4516700224117,9500,9502,NORMAL,POSTAL_CITY_EXPOSURE,101.6336328893629,-86.1157432309717,36.0973805571708
NICHOLS VALE SUBD,3001.0,NICHOLS VALE LN,37122,MT JULIET,Mt. Juliet,9503,MT. JULIET,,1082.496913389315,9500,9503,NORMAL,,133.2834183775275,-86.536721226618,36.22728019046131
Abandoned Property Once Was 2261 Philadelphia Rd,,,,,,9500,(Unincorporated),,2825.2590643322537,8500,9500,NORMAL,,,-86.2448495357261,36.29812271277259
FIELD 1,10835.0,LEBANON RD,37122,MT JULIET,Mt. Juliet,9503,MT. JULIET,,545.8903129819524,9500,9503,WATCH,,171.0041472439969,-86.5075273592538,36.2318597036328
FIELD 2,10835.0,LEBANON RD,37122,MT JULIET,Mt. Juliet,9503,MT. JULIET,,333.8026192167752,9500,9503,WATCH,,153.17264177789139,-86.5067105740377,36.23185419048712
FIELD 3,10835.0,LEBANON RD,37122,MT JULIET,Mt. Juliet,9503,MT. JULIET,,205.25404799347348,9500,9503,HIGH,BOUNDARY_RISK,191.12318619500275,-86.5066894308535,36.232575597694904
FIELD 4,10835.0,LEBANON RD,37122,MT JULIET,Mt. Juliet,9503,MT. JULIET,,331.76546450482755,9500,9503,WATCH,,252.0646424927739,-86.507730756171,36.232598051583
MT JULIET BREAKFAT ROTARY CLUB,10835.0,LEBANON RD,37122,MT JULIET,Mt. Juliet,9503,MT. JULIET,,419.8307340874727,9500,9503,WATCH,,33.43672946269988,-86.5071869902698,36.232138334436605
PARK OFFICE,10835.0,LEBANON RD,37122,MT JULIET,Mt. Juliet,9503,MT. JULIET,,404.2113989732764,9500,9503,WATCH,,37.26668940496493,-86.5071873906531,36.2322009262905
CALABRIA PIZZERIA,1209.0,N MT JULIET RD,37122,MT JULIET,Mt. Juliet,9503,MT. JULIET,,896.6769516589719,9500,9503,WATCH,,16.666346350507293,-86.5112041128069,36.1884749966456
CHECK INTO CASH,623.0,S CUMBERLAND ST,37087,LEBANON,Lebanon,9501,LEBANON,,5574.769312910653,9500,9501,NORMAL,,25.496252080929903,-86.2932193122926,36.19041634359131
LENDMARK,621.0,S  CUMBERLAND ST,37087,LEBANON,Lebanon,9501,LEBANON,,5380.3797451901955,9500,9501,NORMAL,,21.08234037474319,-86.29239040407542,36.19032559569601
MATTRESS KING,621.0,S  CUMBERLAND ST,37087,LEBANON,Lebanon,9501,LEBANON,,5259.003916030648,9500,9501,NORMAL,,8.769555674536365,-86.29176411161832,36.19034053835781
LIQUOR WORLD,621.0,S  CUMBERLAND ST,37087,LEBANON,Lebanon,9501,LEBANON,,5251.665880700507,9500,9501,NORMAL,,9.903962881192681,-86.2916422569676,36.1904016384215
FANTASTIC SAMS,617.0,S  CUMBERLAND ST,37087,LEBANON,Lebanon,9501,LEBANON,,5401.491381080168,9500,9501,NORMAL,,13.705661906718863,-86.2914540987646,36.191072146338875
OAKVALE SUBD,500.0,OAKVALE LN,37122,MT JULIET,Unincorporated,9500,(Unincorporated),,11253.90909722422,9500,9503,NORMAL,POSTAL_CITY_EXPOSURE,78.29336085916827,-86.46853293814281,36.1159474677542
ST PHILOPATER ,1002.0,WOODRIDGE PL,37122,MT JULIET,Mt. Juliet,9503,MT. JULIET,,4833.816773483321,9500,9503,NORMAL,,157.38578567757133,-86.5118151307013,36.217731738589414
LATTER DAY SAINTS,1004.0,WOODRIDGE PL,37122,MT JULIET,Mt. Juliet,9503,MT. JULIET,,4362.62277449261,9500,9503,NORMAL,,119.863772106866,-86.5102252468194,36.217604931605806
COMMUNITY CHRISTIAN ,1000.0,WOODRIDGE PL,37122,MT JULIET,Mt. Juliet,9503,MT. JULIET,,5214.553324046908,9500,9503,NORMAL,,159.03346607974387,-86.5130988625714,36.21784074914181
JEHOVAHS WITNESSES,1008.0,WOODRIDGE PL,37122,MT JULIET,Mt. Juliet,9503,MT. JULIET,,4161.501236429328,9500,9503,NORMAL,,142.94353240256967,-86.5095705405608,36.217383549232416
Shed,101.0,HEAD CT,37087,LEBANON,Lebanon,9501,LEBANON,,1429.011521487075,9500,9501,NORMAL,,2.8866264599170797,-86.2748227288157,36.206033737140096
Dayton Frieght Lines,1191.0,S HARTMANN DR,37090,LEBANON,Lebanon,9501,LEBANON,,2815.439298015876,9500,9501,NORMAL,,143.64839169488283,-86.312159349403,36.179318765200314
Future Development,1189.0,S HARTMANN DR,37090,LEBANON,Lebanon,9501,LEBANON,,1963.424143456723,9500,9501,NORMAL,,137.52912973947576,-86.3133499581411,36.17693113922571
Future Development,1193.0,S HARTMANN DR,37090,LEBANON,Lebanon,9501,LEBANON,,1860.3114268582226,9500,9501,NORMAL,,152.67099655578858,-86.3116196617768,36.17670670191048
Verizon,543.0,PLEASANT GROVE RD,37122,MT JULIET,Mt. Juliet,9503,MT. JULIET,,2875.3693443427737,9500,9503,NORMAL,,6.882522360522587,-86.5226428941329,36.171712141713996
CAINSVILLE COURT APTS,307.0,CAINSVILLE CT,37087,LEBANON,Lebanon,9501,LEBANON,,6135.186431979352,9500,9501,NORMAL,,43.69403178378531,-86.2871717978103,36.19548352570971
TRI STAR MT JULIET EMERGENCY ROOM,100.0,SUMMIT BLVD,37122,MT JULIET,Mt. Juliet,9503,MT. JULIET,,1929.0843858240564,9500,9503,NORMAL,,82.49047189755996,-86.4580804968455,36.17522884858841
HERRINGTON SUBD,8675.0,CENTRAL PIKE,37122,MT JULIET,Mt. Juliet,9503,MT. JULIET,,51.572702168513786,9500,9503,HIGH,BOUNDARY_RISK,89.4694271641196,-86.5080548625815,36.15062963358101
SILVER SPRINGS SUBD.,350.0,BENDERS FERRY RD,37122,MT JULIET,Unincorporated,9503,MT. JULIET,,46.010745697015636,9500,9503,CRITICAL,BOUNDARY_RISK,204.8031499344065,-86.4903107948147,36.2362138807525
CHURCH OF GOD WORSHIP AND MINISTRY,1007.0,HARTSVILLE PIKE,37087,LEBANON,Lebanon,9501,LEBANON,,1276.412608763415,9500,9501,NORMAL,,36.226980152942104,-86.2763979427616,36.221600319606694
HILLCREST BAPTIST CHURCH,621.0,HARTSVILLE PIKE,37087,LEBANON,Lebanon,9501,LEBANON,,2726.111868626303,9500,9501,NORMAL,,11.33070510223513,-86.2828160814239,36.2157720225794
SUNRISE DINER,333.0,E HIGH ST,37087,LEBANON,Lebanon,9501,LEBANON,,2974.5397058183885,9500,9501,NORMAL,,29.87108629240317,-86.2828553555531,36.21193286146501
CASHSAVERS,312.0,E HIGH ST,37087,LEBANON,Lebanon,9501,LEBANON,,3720.1205242954816,9500,9501,NORMAL,,49.197902344762184,-86.2853612950092,36.211640823874895
WILSON COUNTY SHERIFF'S DEPT,105.0,E HIGH ST,37087,LEBANON,Lebanon,9501,LEBANON,,4910.780184868766,9500,9501,NORMAL,,55.80375429061934,-86.2898184718902,36.21307045731711
WILSON COUNTY JAIL,105.0,E HIGH ST,37087,LEBANON,Lebanon,9501,LEBANON,,4768.18431244818,9500,9501,NORMAL,,196.56870210245444,-86.2893927494577,36.213329006313906
WILSON COUNTY GENERAL SESSIONS COURT,115.0,E HIGH ST,37087,LEBANON,Lebanon,9501,LEBANON,,4689.565009415722,9500,9501,NORMAL,,65.0186292990205,-86.28899090939811,36.212874526142315
DEPARTMENT OF CHILDREN SERVICES,217.0,E HIGH ST,37087,LEBANON,Lebanon,9501,LEBANON,,4014.7726007572014,9500,9501,NORMAL,,22.706262898652707,-86.2866264720787,36.212838908775716
H&R BLOCK,217.0,E HIGH ST,37087,LEBANON,Lebanon,9501,LEBANON,,4101.0665650814335,9500,9501,NORMAL,,10.108883247648803,-86.2868416111943,36.21244352199229
PICKETT RUCKER UNITED METHODIST CHURCH,633.0,GLOVER ST,37087,LEBANON,Lebanon,9501,LEBANON,,1818.6024550372538,9500,9501,NORMAL,,37.01503867948341,-86.2772140103779,36.208473369998124
TOBACCO SHOPPE,803.0,E BADDOUR PKWY,37087,LEBANON,Lebanon,9501,LEBANON,,1363.4517306425316,9500,9501,NORMAL,,19.39493367657916,-86.2756773178206,36.2085856215561
JC HELLUM FUNERAL HOME,107.0,STOKES ST,37087,LEBANON,Lebanon,9501,LEBANON,,1362.3398361283787,9500,9501,NORMAL,,13.30437377418974,-86.2751902216105,36.2072742931296
CEDARS OF LEBANON BAPTIST CHURCH,201.0,BEARD AVE,37087,LEBANON,Lebanon,9501,LEBANON,,1759.2541621979112,9500,9501,NORMAL,,33.60989876942953,-86.2761902275281,36.206489887893994
IMPACT PHYSICAL THERAPY,7295.0,SPARTA PIKE,37184,WATERTOWN,Unincorporated,9500,(Unincorporated),,100.42976258369475,9500,9502,HIGH,POSTAL_CITY_EXPOSURE,8.972860566860543,-86.1624292982856,36.097994734156224
FRANKLIN'S WINE ND SPIRITS,3961.0,LEBANON RD,37087,LEBANON,Lebanon,9501,LEBANON,,2239.828949382308,9500,9501,NORMAL,,68.68641453400987,-86.3883359299844,36.23520351802102
BLACKBERRY TRACE SUBD,9121.0,COLES FERRY PIKE,37087,LEBANON,Unincorporated,9500,(Unincorporated),,5114.216762262982,8300,9500,NORMAL,POSTAL_CITY_EXPOSURE,88.66903473814675,-86.3952543687769,36.292333884754605
SPENCE CREEK,65.0,ROCK CASTLE DR,37087,LEBANON,Lebanon,9501,LEBANON,,1077.8845362264801,9500,9501,NORMAL,,192.10265263924845,-86.4398010585031,36.251082173982994
GEORGETOWN ESTATES,6175.0,LEEVILLE PIKE,37090,LEBANON,Lebanon,9501,LEBANON,,446.2901762742239,9500,9501,WATCH,,134.2980386785178,-86.4044431047565,36.1881545996272
WEMA Station 6,5879.0,HIGHWAY 109 N,37087,LEBANON,Unincorporated,9500,(Unincorporated),,3654.941357498499,9500,9501,NORMAL,POSTAL_CITY_EXPOSURE,52.598827402559124,-86.4399980563282,36.26477345032589
Trailer,653.0,HIGHWAY 109 S,37090,LEBANON,Lebanon,9501,LEBANON,,1350.6748190434053,9500,9501,NORMAL,,83.70045212012339,-86.40200890724502,36.17793178727101
 PHEASANT RUN APTS,1419.0,TOSHIBA DR,37087,LEBANON,Lebanon,9501,LEBANON,,1112.3323687134427,9500,9501,NORMAL,,35.93613168491203,-86.3259433783395,36.23238998686212
1886 AUTOMOTIVE,709.0,PARK AVE,37087,LEBANON,Lebanon,9501,LEBANON,,3346.130850004752,9500,9501,NORMAL,,18.31690033184405,-86.276523149056,36.19782115547469
TACO BELL (NEW),10989.0,LEBANON RD,37122,MT JULIET,Mt. Juliet,9503,MT. JULIET,,996.2899078496557,9500,9503,WATCH,,12.837067792417292,-86.5095660538449,36.23138142913828
1ST FLOOR- APTS 201-228,211.0,FIVE OAKS CT,37087,LEBANON,Lebanon,9501,LEBANON,,2672.312096725417,9500,9501,NORMAL,,53.375971722676844,-86.3842650114914,36.23676377328472
2ND FLOOR- APTS 109-118,216.0,FIVE OAKS CT,37087,LEBANON,Lebanon,9501,LEBANON,,2723.979366831642,9500,9501,NORMAL,,40.74261429478887,-86.3841585056537,36.23689478308251
3RD FLOOR- APTS 119-128,208.0,FIVE OAKS CT,37087,LEBANON,Lebanon,9501,LEBANON,,2712.3411809517897,9500,9501,NORMAL,,50.72919759960541,-86.3840839691495,36.23706288938871
BLDG A-2,205.0,FIVE OAKS CT,37087,LEBANON,Lebanon,9501,LEBANON,,2641.6220715379704,9500,9501,NORMAL,,10.253851287125514,-86.3838178273605,36.2368081159306
2ND FLOOR- APTS 709-718,711.0,FIVE OAKS CT,37087,LEBANON,Lebanon,9501,LEBANON,,2433.7024517842588,9500,9501,NORMAL,,45.85174403333866,-86.3850881752115,36.23616920558819
1ST FLOOR- APTS 701-708,711.0,FIVE OAKS CT,37087,LEBANON,Lebanon,9501,LEBANON,,2453.268505489193,9500,9501,NORMAL,,51.0670595627162,-86.3852637123965,36.2362287362971
3RD FLOOR- APTS 719-728,716.0,FIVE OAKS CT,37087,LEBANON,Lebanon,9501,LEBANON,,2411.905929240683,9500,9501,NORMAL,,44.98914651620511,-86.384930473181,36.23610141750671
1ST FLOOR- APTS 101-108,101.0,FIVE OAKS CT,37087,LEBANON,Lebanon,9501,LEBANON,,2369.963560449083,9500,9501,NORMAL,,44.1346607037581,-86.384681666253,36.23596818366321
2ND FLOOR- APT 110-118,116.0,FIVE OAKS CT,37087,LEBANON,Lebanon,9501,LEBANON,,2434.7497328317395,9500,9501,NORMAL,,40.00558952826126,-86.38458536169252,36.23613874429821
3RD FLOOR- APTS 119-128,108.0,FIVE OAKS CT,37087,LEBANON,Lebanon,9501,LEBANON,,2493.7829094281956,9500,9501,NORMAL,,53.3820443116569,-86.3845101805017,36.2362949305947
BLDG A-1,105.0,FIVE OAKS CT,37087,LEBANON,Lebanon,9501,LEBANON,,2404.1075466313882,9500,9501,NORMAL,,16.651677426416516,-86.3842350903024,36.236015387346605
1ST FLOOR 601-604,605.0,FIVE OAKS CT,37087,LEBANON,Lebanon,9501,LEBANON,,2473.954425125501,9500,9501,NORMAL,,12.635959003313333,-86.38501650217842,36.23627674525831
2ND FLOOR- 605-610,610.0,FIVE OAKS CT,37087,LEBANON,Lebanon,9501,LEBANON,,2492.661854262219,9500,9501,NORMAL,,39.32739578952528,-86.3851462874987,36.23633355963712
3RD FLOOR- 611-616,610.0,FIVE OAKS CT,37087,LEBANON,Lebanon,9501,LEBANON,,2505.7476205594153,9500,9501,NORMAL,,11.013885810494108,-86.3852748114987,36.23637320947382
BLDG B-4,603.0,FIVE OAKS CT,37087,LEBANON,Lebanon,9501,LEBANON,,2575.865335385804,9500,9501,NORMAL,,23.992026430420008,-86.385016685826,36.236557162274295
1ST FLOOR- APTS 501-504,505.0,FIVE OAKS CT,37087,LEBANON,Lebanon,9501,LEBANON,,2784.840509250631,9500,9501,NORMAL,,16.78638939224678,-86.3847106304983,36.237115039466815
2ND FLOOR- APTS 505-510,505.0,FIVE OAKS CT,37087,LEBANON,Lebanon,9501,LEBANON,,2774.9681997896014,9500,9501,NORMAL,,39.68099953432915,-86.3845938971905,36.23707916640421
3RD FLOOR - APTS 511-516,510.0,FIVE OAKS CT,37087,LEBANON,Lebanon,9501,LEBANON,,2756.512752962608,9500,9501,NORMAL,,15.238291308682339,-86.384419325243,36.2370129562542
BLDG B-5,502.0,FIVE OAKS CT,37087,LEBANON,Lebanon,9501,LEBANON,,2687.320619842935,9500,9501,NORMAL,,13.63853742101523,-86.3847222811688,36.23684698392771
3RD FLOOR- APTS 411-416,410.0,FIVE OAKS CT,37087,LEBANON,Lebanon,9501,LEBANON,,2837.647491543691,9500,9501,NORMAL,,21.136949129914612,-86.3846760041965,36.23725821990049
2ND FLOOR- APTS 405-410,410.0,FIVE OAKS CT,37087,LEBANON,Lebanon,9501,LEBANON,,2823.498338089922,9500,9501,NORMAL,,27.947265086236666,-86.3845321218835,36.23720812620751
1ST FLOOR- APTS 401-404,405.0,FIVE OAKS CT,37087,LEBANON,Lebanon,9501,LEBANON,,2792.2256843344694,9500,9501,NORMAL,,14.150594492209887,-86.3843611048708,36.23714667396571
BLDG B-6,403.0,FIVE OAKS CT,37087,LEBANON,Lebanon,9501,LEBANON,,2793.9471255428284,9500,9501,NORMAL,,17.459914227713565,-86.3843777105165,36.2374146395417
3RD FLOOR- APTS 311-316,310.0,FIVE OAKS CT,37087,LEBANON,Lebanon,9501,LEBANON,,2698.37262706402,9500,9501,NORMAL,,17.406931290616203,-86.3840497812066,36.23728691843709
2ND FLOOR- APTS 305-310,310.0,FIVE OAKS CT,37087,LEBANON,Lebanon,9501,LEBANON,,2659.371816496201,9500,9501,NORMAL,,34.72925935170606,-86.3839153322699,36.23723965632611
1ST FLOOR- APTS 301-304,305.0,FIVE OAKS CT,37087,LEBANON,Lebanon,9501,LEBANON,,2617.125147023922,9500,9501,NORMAL,,15.09865262603834,-86.3837690826634,36.23718670784541
 ,303.0,FIVE OAKS CT,37087,LEBANON,Lebanon,9501,LEBANON,,2616.046169863974,9500,9501,NORMAL,,18.692259140530318,-86.3837751028732,36.23745756852421
BLDG A-3,704.0,FIVE OAKS CT,37087,LEBANON,Lebanon,9501,LEBANON,,2332.7125310194597,9500,9501,NORMAL,,16.168555545380702,-86.3852694743042,36.235897568264214
BLDG B-8,814.0,FIVE OAKS CT,37087,LEBANON,Lebanon,9501,LEBANON,,2466.8880854513945,9500,9501,NORMAL,,15.724634034396505,-86.3859087799582,36.2362613900394
HOLLAND RIDGE,203.0,NETHERLANDS BLVD,37090,LEBANON,Lebanon,9501,LEBANON,,1522.7926330621988,9500,9501,NORMAL,,25.70864503139218,-86.3975493460846,36.186910730864405
TIMBER RIDGE SUBD,2578.0,HICKORY RIDGE RD,37087,LEBANON,Lebanon,9501,LEBANON,,1819.705836160649,9500,9501,NORMAL,,120.78345742383001,-86.3427654194172,36.20445143039049
CLOCK TOWER PARK,2061.0,N MT JULIET RD,37122,MT JULIET,Mt. Juliet,9503,MT. JULIET,,2234.369144139147,9500,9503,NORMAL,,29.633503675964928,-86.5186249606835,36.1996227383038
AMENITY CENTER,120.0,DURHAM LN,37122,MT JULIET,Mt. Juliet,9503,MT. JULIET,,749.8478654097095,9500,9503,WATCH,,75.44520520588105,-86.5076681360354,36.15360770809919
 Shop Springs Creamery,2810.0,SPARTA PIKE,37090,LEBANON,Unincorporated,9500,(Unincorporated),,15919.011661640801,9500,9501,NORMAL,POSTAL_CITY_EXPOSURE,227.2307579507372,-86.2242822318504,36.13747779382952
PUMPING STATION,467.0,LONE OAK RD,37122,MT JULIET,Unincorporated,9500,(Unincorporated),,5763.571782785671,9500,9501,NORMAL,POSTAL_CITY_EXPOSURE,13.855283590399962,-86.4240434452118,36.101275060997395
CEVA  BW1,12002.0,VOLUNTEER BLVD,37122,MT JULIET,Mt. Juliet,9503,MT. JULIET,,2548.002279041856,9500,9503,NORMAL,,293.0693796064766,-86.4669327282722,36.184288232950315
CEVA    BW2,12008.0,VOLUNTEER BLVD,37122,MT JULIET,Mt. Juliet,9503,MT. JULIET,,2290.8582404736744,9500,9503,NORMAL,,292.0269904686033,-86.4683917398688,36.182551395667915
CEVA #2   BW3,12014.0,VOLUNTEER BLVD,37122,MT JULIET,Mt. Juliet,9503,MT. JULIET,,2140.5604866875256,9500,9503,NORMAL,,168.07176455712894,-86.4702256399788,36.181028615047886
Under Armour,13.0,ATHLETES WAY,37122,MT JULIET,Mt. Juliet,9503,MT. JULIET,,1388.7281175648206,9500,9503,NORMAL,,272.6062501083653,-86.47618074453,36.17837250919971
LEBANON FIRE STATION #2,306.0,BABB DR,37087,LEBANON,Lebanon,9501,LEBANON,,3284.9746767522865,9500,9501,NORMAL,,54.27193621444782,-86.32490380531752,36.22643489466471
LEBANON FIRE STATION #1,209.0,E GAY ST,37087,LEBANON,Lebanon,9501,LEBANON,,5172.283943061444,9500,9501,NORMAL,,44.32900569693001,-86.2884031563421,36.20678832559923
CROSS COUNTRY HOUSE,346.0,S MAPLE ST,37087,LEBANON,Lebanon,9501,LEBANON,,7704.065031888281,9500,9501,NORMAL,,22.537677891162915,-86.2952125118813,36.200896031829814
ACADEMY AT MT. JULIET DAYCARE,601.0,SIRE AVE,37122,MT JULIET,Mt. Juliet,9503,MT. JULIET,,115.7047195800844,9500,9503,HIGH,BOUNDARY_RISK,19.80855894634762,-86.4951499515131,36.21452980112462
BLDG 1,111.0,MAPLE CROSSING DR,37087,LEBANON,Lebanon,9501,LEBANON,,3397.2962150640124,9500,9501,NORMAL,,28.67339655575628,-86.3442698215833,36.2246317940485
BLDG 2,212.0,MAPLE CROSSING DR,37087,LEBANON,Lebanon,9501,LEBANON,,3569.7007366789935,9500,9501,NORMAL,,34.67498303049158,-86.3437493841107,36.22439959331302
BLDG 4,412.0,MAPLE CROSSING DR,37087,LEBANON,Lebanon,9501,LEBANON,,3567.8398943577376,9500,9501,NORMAL,,36.027746511709424,-86.3438651693185,36.22429315366439
BLDG 3,312.0,MAPLE CROSSING DR,37087,LEBANON,Lebanon,9501,LEBANON,,3774.0764076416767,9500,9501,NORMAL,,18.49325136807328,-86.3432400706554,36.2240171351587
LEASING OFFICE,100.0,MAPLE CROSSING DR,37087,LEBANON,Lebanon,9501,LEBANON,,3236.202409998811,9500,9501,NORMAL,,15.941693069299182,-86.3446098380684,36.22499446225362
MAPLE CROSSING APTS,1698.0,CLASSIC VIEW DR,37087,LEBANON,Lebanon,9501,LEBANON,,2953.225029003895,9500,9501,NORMAL,,100.9701857073982,-86.3454737482939,36.22536636315339
DOLLAR GENERAL,7880.0,LINWOOD RD,37090,LEBANON,Unincorporated,9500,(Unincorporated),,19468.62027192609,8000,9500,NORMAL,POSTAL_CITY_EXPOSURE,16.579773450507705,-86.1740266561239,36.19836460958351
KELSEY GLEN SUBD,1101.0,CAMDEN CIR,37122,MT JULIET,Mt. Juliet,9503,MT. JULIET,,280.99233456091497,9500,9503,WATCH,,155.16655770034174,-86.5390965497936,36.19522596866321
CUMBERLAND SKIN,107.0,GLIDEPATH WAY,37090,LEBANON,Lebanon,9501,LEBANON,,4119.6616180401215,9500,9501,NORMAL,,20.781823549625233,-86.31986097297101,36.1836807903885
"VANHOOSECO PRECAST, LLC",2131.0,MURFREESBORO RD,37090,LEBANON,Unincorporated,9500,(Unincorporated),,4865.435591442638,9500,9501,NORMAL,POSTAL_CITY_EXPOSURE,77.29469660576392,-86.3178734413192,36.1376824934259
BLUEWATER,2147.0,MURFREESBORO RD,37090,LEBANON,Unincorporated,9500,(Unincorporated),,6780.142847852721,9500,9501,NORMAL,POSTAL_CITY_EXPOSURE,94.19557875964142,-86.3198154432699,36.1326518818418
Clubhouse,1000.0,VENUE CIR,37090,LEBANON,Lebanon,9501,LEBANON,,1160.9500280579991,9500,9501,NORMAL,,55.9930935184849,-86.39762316732521,36.18007274581869
Maintenance Building,1100.0,VENUE CIR,37090,LEBANON,Lebanon,9501,LEBANON,,1248.2265385201026,9500,9501,NORMAL,,44.47928950538094,-86.3974024115264,36.180422807665295
Trash Compactor,1200.0,VENUE CIR,37090,LEBANON,Lebanon,9501,LEBANON,,1235.4306325492335,9500,9501,NORMAL,,38.268961163734275,-86.3971572991386,36.180461528765214
POOL,26.0,KENNEDY PARK,37090,LEBANON,Lebanon,9501,LEBANON,,1075.8750826975113,9500,9501,NORMAL,,116.97332888339783,-86.3974624407721,36.17987729231113
DIRECT FLIGHT SOLUTIONS,300.0,AVIATION WAY,37090,LEBANON,Lebanon,9501,LEBANON,,5601.842111321447,9500,9501,NORMAL,,46.59165721868854,-86.3196059907583,36.18824971667091
Nuebel Monument Funeral Home,1330.0,BLUEBIRD RD,37087,LEBANON,Lebanon,9501,LEBANON,,74.9583791060698,9500,9501,HIGH,BOUNDARY_RISK,24.42641089634213,-86.2656923470677,36.20500095378359
Sellar's Funeral Home,313.0,W BADDOUR PKWY,37087,LEBANON,Lebanon,9501,LEBANON,,6488.372677573285,9500,9501,NORMAL,,14.754793861340287,-86.2953708163801,36.21364596275941
GEODIS,578.0,ALDI BLVD,37122,MT JULIET,Unincorporated,9500,(Unincorporated),,1932.5349906740732,7500,9500,NORMAL,POSTAL_CITY_EXPOSURE,84.92606801301473,-86.438119326527,36.06121018661201
BUILDING 2,201.0,CARVER LN,37087,LEBANON,Lebanon,9501,LEBANON,,5188.927584876847,9500,9501,NORMAL,,40.454380659485054,-86.3363272005607,36.2213678404278
BUILDING 1,201.0,CARVER LN,37087,LEBANON,Lebanon,9501,LEBANON,,5012.6598528952945,9500,9501,NORMAL,,42.87117062582129,-86.3360560546753,36.22196663093968
WOOD FALLS APARTMENTS,201.0,CARVER LN,37087,LEBANON,Lebanon,9501,LEBANON,,5112.032010626763,9500,9501,NORMAL,,101.31832749977748,-86.33620999655362,36.2216271239887
ROBINSON PARK,4480.0,OLD LEBANON DIRT RD,37122,MT JULIET,Mt. Juliet,9503,MT. JULIET,,734.0650642628702,9500,9503,WATCH,,47.843997173766226,-86.5154082716805,36.19059234761011
Comcast Meter,1865.0,NONAVILLE RD,37122,MT JULIET,Unincorporated,9500,(Unincorporated),,73.77794548393545,9500,9503,HIGH,POSTAL_CITY_EXPOSURE,8.883817550625821,-86.5238817350671,36.2553822736121
THIS IS IN WILSON COUNTY,1494.0,GRANT RD,37184,WATERTOWN,Unincorporated,9500,(Unincorporated),,399.6273527383135,8000,9500,WATCH,POSTAL_CITY_EXPOSURE,107.05865605810745,-86.0968106458335,36.185230233445516
HARMONY AT MT JULIET,103.0,BELINDA PKWY,37122,MT JULIET,Mt. Juliet,9503,MT. JULIET,,1297.3445810997034,9500,9503,NORMAL,,131.6985153453962,-86.5021486226555,36.1694866555363
SHOP,1180.0,PLEASANT GROVE RD,37122,MT JULIET,Mt. Juliet,9503,MT. JULIET,,942.3451701536749,9500,9503,WATCH,,149.17566122452794,-86.5333400982568,36.174339924028615
Abandoned House,447.0,BATES RD,37087,LEBANON,Unincorporated,9500,(Unincorporated),,4186.149674481992,8300,9500,NORMAL,POSTAL_CITY_EXPOSURE,84.02254305497661,-86.431025435694,36.31459325698801
MAILBOX PAVILION,113.0,PIMA TRL,37090,LEBANON,Lebanon,9501,LEBANON,,1796.8714365987432,9500,9501,NORMAL,,8.839198634929497,-86.34223485188362,36.20331468522232
HARBOR FREIGHT,1453.0,W MAIN ST,37087,LEBANON,Lebanon,9501,LEBANON,,6454.3669389890565,9500,9501,NORMAL,,25.048605752192465,-86.3322909976063,36.218512523446314
AARON'S,1451.0,W MAIN ST,37087,LEBANON,Lebanon,9501,LEBANON,,6472.5333229526705,9500,9501,NORMAL,,26.127904896558405,-86.3320524455715,36.218404187173384
DOLLAR GENERAL MARKET,1447.0,W MAIN ST,37087,LEBANON,Lebanon,9501,LEBANON,,6476.049126897781,9500,9501,NORMAL,,30.986152284064463,-86.3316728668946,36.2183095201544
LE BELLA HAIR SALON,1445.0,W MAIN ST,37087,LEBANON,Lebanon,9501,LEBANON,,6518.476838053655,9500,9501,NORMAL,,30.595960189534726,-86.3314396214789,36.218140229454505
LE BELLA NAIL AND SPA,1445.0,W MAIN ST,37087,LEBANON,Lebanon,9501,LEBANON,,6524.085229091274,9500,9501,NORMAL,,28.4996851666193,-86.3313777052317,36.218111785216614
HONEY BAKED HAM ,1427.0,W MAIN ST,37087,LEBANON,Lebanon,9501,LEBANON,,6756.694288356438,9500,9501,NORMAL,,38.668793341548735,-86.3298960809929,36.217196060365914
JENNY BEAUTY SUPPLY,1429.0,W MAIN ST,37087,LEBANON,Lebanon,9501,LEBANON,,6699.036597052016,9500,9501,NORMAL,,42.32266873429664,-86.3298905541382,36.21735638854302
HANGRY JOES HOT CHICKEN,1431.0,W MAIN ST,37087,LEBANON,Lebanon,9501,LEBANON,,6663.433295012749,9500,9501,NORMAL,,43.946354269883685,-86.3298791905998,36.21745418440301
SPRINT,340.0,MUNDY MEMORIAL DR,37122,MT JULIET,Mt. Juliet,9503,MT. JULIET,,1395.9679569232505,9500,9503,NORMAL,,15.343103847530534,-86.4766339143574,36.174832056907306
DOLLAR GENERAL,3140.0,CURD RD,37122,MT JULIET,Mt. Juliet,9503,MT. JULIET,,564.910829818507,9500,9503,WATCH,,36.860511859098544,-86.4877529184342,36.23065203766728
SHADY ACRES ,1639.0,MURFREESBORO RD,37090,LEBANON,Unincorporated,9500,(Unincorporated),,294.52482549798293,9500,9501,WATCH,POSTAL_CITY_EXPOSURE,219.0589438821582,-86.3085595358272,36.155313310770104
JERRY YOUNG TRAILER PARK,170.0,ATKINSON RD,37090,LEBANON,Unincorporated,9500,(Unincorporated),,9992.680170227646,9500,9501,NORMAL,POSTAL_CITY_EXPOSURE,73.80549017305894,-86.3244495505276,36.12464713144511
TRAFFIC LIGHT,2100.0,GOLDEN BEAR GTWY,37122,MT JULIET,Mt. Juliet,9503,MT. JULIET,,821.8959941492216,9500,9503,WATCH,,10.078965770156374,-86.496351402623,36.21272134812019
VANDERBILT WILSON CO HOSPITAL,1411.0,W BADDOUR PKWY,37087,LEBANON,Lebanon,9501,LEBANON,,5078.0796666256465,9500,9501,NORMAL,,64.49213679982581,-86.3274185422966,36.22156047404951
URGENT CARE,9002.0,SPARTA PIKE,37184,WATERTOWN,Watertown,9502,WATERTOWN,,343.1638438532635,9500,9502,WATCH,,20.642792376479512,-86.1322314423155,36.09795696688481
Cumberland Trucking,980.0,LEEVILLE RD,37090,LEBANON,Lebanon,9501,LEBANON,,206.63497169854125,9500,9501,HIGH,BOUNDARY_RISK,54.765650004217775,-86.4270445820474,36.179913950100286
Meter,2089.0,N MT JULIET RD,37122,MT JULIET,Mt. Juliet,9503,MT. JULIET,,2377.05259187777,9500,9503,NORMAL,,8.76000350862738,-86.518647145283,36.200301627222295
Gladevile Middle School,8275.0,STEWARTS FERRY PIKE,37122,MT JULIET,Unincorporated,9500,(Unincorporated),,4799.2439078447305,9500,9501,NORMAL,POSTAL_CITY_EXPOSURE,40.48187156878178,-86.42880199561512,36.11433526990171
CAPSTONE AT MT JULIET,3215.0,N MT JULIET RD,37122,MT JULIET,Mt. Juliet,9503,MT. JULIET,,4481.3906200684005,9500,9503,NORMAL,,80.13287647739502,-86.515357795806,36.21455687542561
BUILDING 9,9208.0,NORTH CREEK DR,37122,MT JULIET,Mt. Juliet,9503,MT. JULIET,,813.4793808517693,9500,9503,WATCH,,17.40374374249995,-86.5216782443884,36.16590625623611
BUILDING 8,8210.0,NORTH CREEK DR,37122,MT JULIET,Mt. Juliet,9503,MT. JULIET,,758.7450297111402,9500,9503,WATCH,,19.25355509436866,-86.5212656666713,36.165709081749
BUILDING 7,7202.0,NORTH CREEK DR,37122,MT JULIET,Mt. Juliet,9503,MT. JULIET,,525.0121427371813,9500,9503,WATCH,,14.230666919921983,-86.5211769302032,36.165051351771105
BUILDING 14,14203.0,NORTH CREEK DR,37122,MT JULIET,Mt. Juliet,9503,MT. JULIET,,700.1729578480858,9500,9503,WATCH,,22.665516421262414,-86.5205530027176,36.165468214428
BUILDING 1,1210.0,NORTH CREEK DR,37122,MT JULIET,Mt. Juliet,9503,MT. JULIET,,518.9652908272204,9500,9503,WATCH,,11.253726902096663,-86.5189349438488,36.16478763683649
BUILDING 2,2202.0,NORTH CREEK DR,37122,MT JULIET,Mt. Juliet,9503,MT. JULIET,,378.310304038858,9500,9503,WATCH,,15.305781220836183,-86.519297703474,36.1644376709354
BUILDING 3,3200.0,NORTH CREEK DR,37122,MT JULIET,Mt. Juliet,9503,MT. JULIET,,234.2007339963388,9500,9503,HIGH,BOUNDARY_RISK,22.40005039475102,-86.5198347057913,36.1640973206638
BUILDING 4,4308.0,NORTH CREEK DR,37122,MT JULIET,Mt. Juliet,9503,MT. JULIET,,173.6388438528283,9500,9503,HIGH,BOUNDARY_RISK,14.110781289039181,-86.5202773267156,36.16397818468712
BUILDING 5,5202.0,NORTH CREEK DR,37122,MT JULIET,Mt. Juliet,9503,MT. JULIET,,149.27994470251102,9500,9503,HIGH,BOUNDARY_RISK,16.738169668621715,-86.5208341145987,36.163971984437715
BUILDING 6,6102.0,NORTH CREEK DR,37122,MT JULIET,Mt. Juliet,9503,MT. JULIET,,363.2368214877876,9500,9503,WATCH,,21.610490863752783,-86.5211936064667,36.16460471318851
BUILDING 12,12311.0,NORTH CREEK DR,37122,MT JULIET,Mt. Juliet,9503,MT. JULIET,,387.74269272423993,9500,9503,WATCH,,13.754903809486823,-86.5205567102844,36.16460249952851
BUILDING 13,13203.0,NORTH CREEK DR,37122,MT JULIET,Mt. Juliet,9503,MT. JULIET,,534.3452801260302,9500,9503,WATCH,,14.341439473018895,-86.52050305046231,36.1650030028269
BUILDING 10,10209.0,NORTH CREEK DR,37122,MT JULIET,Mt. Juliet,9503,MT. JULIET,,528.6665599192621,9500,9503,WATCH,,7.546741938297665,-86.5198219259199,36.1649122358989
BUILDING 11,11103.0,NORTH CREEK DR,37122,MT JULIET,Mt. Juliet,9503,MT. JULIET,,436.3835258900663,9500,9503,WATCH,,11.513930733701297,-86.5200361376507,36.164680002825406
HIGHLAND HEIGHTS CHURCH OF CHRIST,510.0,N CASTLE HEIGHTS AVE,37087,LEBANON,Lebanon,9501,LEBANON,,4851.423994131223,9500,9501,NORMAL,,57.97366792474498,-86.2994517199808,36.219125730303695
COLES FERRY TOWNHOMES,801.0,COLES FERRY PIKE,37087,LEBANON,Lebanon,9501,LEBANON,,4483.858661144058,9500,9501,NORMAL,,39.0938925892984,-86.2990891660473,36.22019438485789
BLUEBIRD RD TOWNHOMES,1410.0,BLUEBIRD RD,37087,LEBANON,Lebanon,9500,(Unincorporated),,66.21913094536566,9500,9501,HIGH,POSTAL_CITY_EXPOSURE,44.66199103383266,-86.264570465449,36.2051131268791
ACADEMY PLACE,8.0,GWYNN CT,37087,LEBANON,Lebanon,9501,LEBANON,,6042.506944226273,9500,9501,NORMAL,,111.66935583538613,-86.307138933662,36.21545041736472
CREEKSIDE VILLAGE,103.0,CREEKSIDE VILLAGE CT,37087,LEBANON,Lebanon,9501,LEBANON,,4371.60440861015,9500,9501,NORMAL,,57.25282379749204,-86.2997619163397,36.2204216198299
No Structure at This Location,7090.0,E RICHMOND SHOP RD,37090,LEBANON,Unincorporated,9500,(Unincorporated),,25978.816339925317,7500,9500,NORMAL,POSTAL_CITY_EXPOSURE,50.25094044183607,-86.29699883464,36.060603661114506
WOODBRIDGE GLEN,1002.0,WOODBRIDGE BLVD,37090,LEBANON,Lebanon,9501,LEBANON,,1124.1281742122233,9500,9501,NORMAL,,99.47177860880724,-86.3993274554088,36.16923443981472
SPARTA GREEK GRILL,9464.0,SPARTA PIKE,37184,WATERTOWN,Watertown,9502,WATERTOWN,,245.7104730015343,9500,9502,HIGH,BOUNDARY_RISK,9.807414853103193,-86.1246689374667,36.0988823304467
 ,9464.0,SPARTA PIKE,37184,WATERTOWN,Watertown,9502,WATERTOWN,,213.81443621481245,9500,9502,HIGH,BOUNDARY_RISK,12.183947866196535,-86.1245596252857,36.098877673954
204 FITNESS,204.0,PUBLIC SQ,37184,WATERTOWN,Watertown,9502,WATERTOWN,,1276.9257083196696,9500,9502,NORMAL,,7.999598073148204,-86.1338557447887,36.1004010234591
WATERTOWN-WILSON COUNTY LIBRARY,206.0,PUBLIC SQ,37184,WATERTOWN,Watertown,9502,WATERTOWN,,1279.4004591673513,9500,9502,NORMAL,,14.068379680178996,-86.133974905407,36.1003830859134
ARTISIAN INSURANCE,214.0,PUBLIC SQ,37184,WATERTOWN,Watertown,9502,WATERTOWN,,1280.8759289716525,9500,9502,NORMAL,,6.622182574303038,-86.1341612422782,36.1003482236436
VISIONARY DESIGN GROUP,300.0,PUBLIC SQ,37184,WATERTOWN,Watertown,9502,WATERTOWN,,1257.3909213632612,9500,9502,NORMAL,,15.633359168679164,-86.1342176732954,36.100269767757716
PUBLIC SQUARE VINTAGE MARKET,302.0,PUBLIC SQ,37184,WATERTOWN,Watertown,9502,WATERTOWN,,1236.318584682106,9500,9502,NORMAL,,15.813256977469093,-86.1342039873448,36.1002128506144
DAINTY DARLIN,304.0,PUBLIC SQ,37184,WATERTOWN,Watertown,9502,WATERTOWN,,1220.6819011947402,9500,9502,NORMAL,,12.17285776216207,-86.1341884912663,36.10017173451011
BARRETT'S BARBER SHOP,304.0,PUBLIC SQ,37184,WATERTOWN,Watertown,9502,WATERTOWN,,1208.106820209806,9500,9502,NORMAL,,11.721290911297336,-86.1341803535357,36.10013776258829
PIONEER BUILDING,312.0,PUBLIC SQ,37184,WATERTOWN,Watertown,9502,WATERTOWN,,1149.76337535212,9500,9502,NORMAL,,8.854689155478228,-86.1341727303398,36.099973831599996
ACTION RESTORATION (103-109 W MAIN ST),109.0,W MAIN ST,37184,WATERTOWN,Watertown,9502,WATERTOWN,,1141.6520563074719,9500,9502,NORMAL,,27.686716004673645,-86.1346004677798,36.0998842603199
TERRY JACKSON DENTISTRY,121.0,W MAIN ST,37184,WATERTOWN,Watertown,9502,WATERTOWN,,1162.6036789111874,9500,9502,NORMAL,,9.029237407108962,-86.1349835547534,36.0998841007052
FLOWER SHOP,404.0,PUBLIC SQ,37184,WATERTOWN,Watertown,9502,WATERTOWN,,1046.7079479670797,9500,9502,NORMAL,,17.548172602471354,-86.1337261113539,36.0997750418211
KLEEN O MATIC LAUNDRY MAT,105.0,PUBLIC SQ,37184,WATERTOWN,Watertown,9502,WATERTOWN,,1045.9104647085092,9500,9502,NORMAL,,19.699810505459972,-86.1334681322328,36.099821713492496
WATERTOWN ARCHIVES,100.0,E MAIN ST,37184,WATERTOWN,Watertown,9502,WATERTOWN,,1063.37502592557,9500,9502,NORMAL,,5.672189316265601,-86.1334007490793,36.0998806067599
HARDWARE OF WATERTOWN,122.0,E MAIN ST,37184,WATERTOWN,Watertown,9502,WATERTOWN,,1131.7270448387956,9500,9502,NORMAL,,9.760329035760448,-86.1329718858511,36.10019203915011
JIM'S ANTIQUES,211.0,E MAIN ST,37184,WATERTOWN,Watertown,9502,WATERTOWN,,1007.1853940834388,9500,9502,NORMAL,,62.1084298484392,-86.1325894916306,36.100033290171
HIGHT'S AUTO & DESIEL REPAIR,8830.0,SPARTA PIKE,37184,WATERTOWN,Watertown,9502,WATERTOWN,,399.2689805534124,9500,9502,WATCH,,14.83170203153962,-86.1358102682955,36.09758956478471
MOSES ANIMAL CLINIC,8500.0,SPARTA PIKE,37184,WATERTOWN,Watertown,9502,WATERTOWN,,448.2335733920495,9500,9502,WATCH,,42.87662917372319,-86.14138251591162,36.09637274667332
LIQUOR & WINE,8486.0,SPARTA PIKE,37184,WATERTOWN,Watertown,9502,WATERTOWN,,523.2533098571809,9500,9502,WATCH,,25.279783483147067,-86.1418269453645,36.09647094673
MARLYNA'S HAIR SALON,8486.0,SPARTA PIKE,37184,WATERTOWN,Watertown,9502,WATERTOWN,,524.9772313658243,9500,9502,WATCH,,21.08824906513386,-86.1419115572401,36.09646655449729
LA COCINA MEXICAN RESTAURANT,8482.0,SPARTA PIKE,37184,WATERTOWN,Watertown,9502,WATERTOWN,,525.0364234916651,9500,9502,WATCH,,27.78476805527608,-86.1420032181772,36.09646072360889
WATERTOWN DISCOUNT TOBACCO & BEER,8482.0,SPARTA PIKE,37184,WATERTOWN,Watertown,9502,WATERTOWN,,527.7092633752172,9500,9502,WATCH,,25.502737076078272,-86.14213013578852,36.09645342080561
PENECOSTALS OF WATERTOWN,8480.0,SPARTA PIKE,37184,WATERTOWN,Watertown,9502,WATERTOWN,,538.655969552837,9500,9502,WATCH,,12.43769358536424,-86.1425617049672,36.09650713642759
TOY HUNT,101.0,TENNESSEE BLVD,37184,WATERTOWN,Watertown,9502,WATERTOWN,,490.0420824852123,9500,9502,WATCH,,31.926376633596767,-86.1554453053926,36.097382335428996
JERRY DEAN ELECTRICAL,305.0,PURPLE TIGER DR,37184,WATERTOWN,Watertown,9502,WATERTOWN,,746.1981334754468,9500,9502,WATCH,,89.52404134651556,-86.1581224603155,36.10091995697051
WEATHER TITE,311.0,PURPLE TIGER DR,37184,WATERTOWN,Watertown,9502,WATERTOWN,,349.82906008755816,9500,9502,WATCH,,76.96361437494326,-86.1575043639906,36.1022471883327
THE NURSERY,1714.0,SPARTA PIKE,37090,LEBANON,Unincorporated,9500,(Unincorporated),,1942.1293108202024,9500,9501,NORMAL,POSTAL_CITY_EXPOSURE,88.51006577984552,-86.2553441329013,36.16951442976901
PALLET CO,1818.0,SPARTA PIKE,37090,LEBANON,Unincorporated,9500,(Unincorporated),,3339.9193529020467,9500,9501,NORMAL,POSTAL_CITY_EXPOSURE,124.79079486081612,-86.2522143754112,36.166075345756916
JONES & STONE DRILLING,1804.0,SPARTA PIKE,37090,LEBANON,Unincorporated,9500,(Unincorporated),,2904.4282715952704,9500,9501,NORMAL,POSTAL_CITY_EXPOSURE,70.83920714790617,-86.2532532953782,36.167255904235105
PUMP STATION,2736.0,CHERRYDALE DR,37087,LEBANON,Lebanon,9501,LEBANON,,458.23737812448616,9500,9501,WATCH,,21.59255405462785,-86.39051950879181,36.2458463019321
Units 1-5,505.0,W SPRING ST,37087,LEBANON,Lebanon,9501,LEBANON,,9238.084789637232,9500,9501,NORMAL,,14.468653168229688,-86.3030135221722,36.20641349345679
TENNESSEE CHEESECAKE,1420.0,TOSHIBA DR,37087,LEBANON,Lebanon,9501,LEBANON,,1558.6803790321176,9500,9501,NORMAL,,54.01496679560779,-86.3264983311344,36.23120897156271
KHS AMERICA,1420.0,TOSHIBA DR,37087,LEBANON,Lebanon,9501,LEBANON,,1555.2659001799102,9500,9501,NORMAL,,28.736858555145805,-86.3270815981088,36.2313147120258
MAY TRUCK SHOP,1420.0,TOSHIBA DR,37087,LEBANON,Lebanon,9501,LEBANON,,1427.671394074476,9500,9501,NORMAL,,8.566867900578849,-86.3271747335263,36.231690946412805
MCLE TRUCK SHOP,1420.0,TOSHIBA DR,37087,LEBANON,Lebanon,9501,LEBANON,,1369.3633908553552,9500,9501,NORMAL,,74.3550291115196,-86.3282705915875,36.2322049101696
CEDAR CITY CROSSFIT,1420.0,TOSHIBA DR,37087,LEBANON,Lebanon,9501,LEBANON,,1695.1294557744882,9500,9501,NORMAL,,8.631471262357325,-86.3271062738694,36.23092580451707
MAY TRUCKING OFFICE,1420.0,TOSHIBA DR,37087,LEBANON,Lebanon,9501,LEBANON,,1698.4755063504176,9500,9501,NORMAL,,8.011805898038402,-86.3274891447753,36.2309879568179
MASSAGE THERAPIST,1420.0,TOSHIBA DR,37087,LEBANON,Lebanon,9501,LEBANON,,1734.7956285343287,9500,9501,NORMAL,,27.885774292926172,-86.3279984959495,36.23101013479489
FERRATEX,1420.0,TOSHIBA DR,37087,LEBANON,Lebanon,9501,LEBANON,,2273.755900649661,9500,9501,NORMAL,,32.51101696738312,-86.3293401931249,36.2298591526472
NOVAMET,1420.0,TOSHIBA DR,37087,LEBANON,Lebanon,9501,LEBANON,,1961.1707478523788,9500,9501,NORMAL,,20.90878128417905,-86.3291862884656,36.23075790585921
TRITIUM,1420.0,TOSHIBA DR,37087,LEBANON,Lebanon,9501,LEBANON,,1671.314413059666,9500,9501,NORMAL,,34.363677322939225,-86.3287329447019,36.23146444864761
GATE 2,308.0,BABB DR,37087,LEBANON,Lebanon,9501,LEBANON,,2937.896683488135,9500,9501,NORMAL,,70.9173457855897,-86.324636615393,36.22741038532619
GATE 1,1419.0,TOSHIBA DR,37087,LEBANON,Lebanon,9501,LEBANON,,1241.9543692000586,9500,9501,NORMAL,,118.94975977938874,-86.3259387887116,36.2320328233638
GATE 3,1433.0,TOSHIBA DR,37087,LEBANON,Lebanon,9501,LEBANON,,1578.5540403263255,9500,9501,NORMAL,,206.0316519667456,-86.3296956132894,36.232337382510586
HOUSE REMOVED,1484.0,HUNTERS POINT PIKE,37087,LEBANON,Lebanon,9501,LEBANON,,817.1849896607499,9500,9501,WATCH,,24.470751935998358,-86.2904907260015,36.23145018036292
VINEYARD GROVE,733.0,MICKELSON WAY,37087,LEBANON,Lebanon,9501,LEBANON,,731.8050313467857,9500,9501,WATCH,,226.54271230884038,-86.2912659379636,36.2321636650902
ABANDONED CHURCH,3920.0,S COMMERCE RD,37184,WATERTOWN,Unincorporated,9500,(Unincorporated),,7232.6534264407155,8000,9500,NORMAL,POSTAL_CITY_EXPOSURE,163.6353484854119,-86.104378284264,36.1395837938909
BUILDING 2,120.0,PROVIDENCE TRL,37122,MT JULIET,Mt. Juliet,9503,MT. JULIET,,1749.2371608527749,9500,9503,NORMAL,,17.18324085832006,-86.5036364739069,36.16813079525579
BUILDING 3,120.0,PROVIDENCE TRL,37122,MT JULIET,Mt. Juliet,9503,MT. JULIET,,1775.7124897782562,9500,9503,NORMAL,,9.022499608664786,-86.5042592508111,36.16809219991592
BUILDING 4,120.0,PROVIDENCE TRL,37122,MT JULIET,Mt. Juliet,9503,MT. JULIET,,1776.800467712425,9500,9503,NORMAL,,15.817783790544663,-86.5049191808997,36.16818381292481
COLONIAL VILLAGE,223.0,WINWOOD DR,37087,LEBANON,Lebanon,9501,LEBANON,,4310.736317344803,9500,9501,NORMAL,,136.61433231864942,-86.3367318650323,36.210046879638696
COLONIAL VILLAGE,1004.0,ALEXANDRIA WAY,37087,LEBANON,Lebanon,9501,LEBANON,,6654.793327077118,9500,9501,NORMAL,,21.83652524513544,-86.3294983960236,36.2127693561047
HICKORY RIDGE,506.0,RYAN BOYD CT,37087,LEBANON,Lebanon,9501,LEBANON,,3927.7605724609966,9500,9501,NORMAL,,113.69506074582998,-86.3360164656233,36.20648162647742
BROOKSIDE FARMS SUBD,1115.0,JOE MARTIN LN,37087,LEBANON,Lebanon,9501,LEBANON,,484.7311203051366,9500,9501,WATCH,,47.70026291201559,-86.3994242417957,36.2425097826109
OR,2439.0,LEEVILLE RD,37090,MT JULIET,Unincorporated,9500,(Unincorporated),,2110.690577016245,9500,9501,NORMAL,POSTAL_CITY_EXPOSURE,61.86827417646232,-86.4196494307395,36.1611102182184
OR,111.0,BLACKBIRD RD,37122,LEBANON,Unincorporated,9500,(Unincorporated),,2091.3573361850645,9500,9501,NORMAL,POSTAL_CITY_EXPOSURE,52.68244661346307,-86.4189150313625,36.1606230998036
OR,149.0,BLACKBIRD RD,37122,LEBANON,Unincorporated,9500,(Unincorporated),,2079.5259979234343,9500,9501,NORMAL,POSTAL_CITY_EXPOSURE,22.207167425901886,-86.4184174165198,36.160359544013396
OR,261.0,BLACKBIRD RD,37122,LEBANON,Unincorporated,9500,(Unincorporated),,1366.9873898883307,9500,9501,NORMAL,POSTAL_CITY_EXPOSURE,44.27665302409028,-86.4156976478918,36.160410671445284
OR,326.0,BLACKBIRD RD,37122,LEBANON,Unincorporated,9500,(Unincorporated),,1621.034372287822,9500,9501,NORMAL,POSTAL_CITY_EXPOSURE,68.47530881188914,-86.4159233568197,36.1592921311139
PHYSICANS WAY MEDICAL BUILDING,100.0,PHYSICIANS WAY,37090,LEBANON,Lebanon,9501,LEBANON,,1804.6395314660151,9500,9501,NORMAL,,93.04659892539372,-86.3265153380783,36.17799133453252
BROOKSIDE CONDOMINIUMS,117.0,CEDARWOOD DR,37087,LEBANON,Lebanon,9501,LEBANON,,4709.018390453593,9500,9501,NORMAL,,11.319272179955599,-86.293740933309,36.186339303591
CEDARWOOD APTS,110.0,CEDARWOOD DR,37087,LEBANON,Lebanon,9501,LEBANON,,4985.030940706616,9500,9501,NORMAL,,67.00541923280771,-86.2956796049425,36.18560490316838
CROSSWINDS CONDOMINIUMS,808.0,LEEVILLE PIKE,37090,LEBANON,Lebanon,9501,LEBANON,,9385.002169113079,9500,9501,NORMAL,,5.831523808473959,-86.3127319655663,36.198079460912496
CUMBERLAND HILL ,806.0,N CUMBERLAND ST,37087,LEBANON,Lebanon,9501,LEBANON,,4394.907326421149,9500,9501,NORMAL,,4.569585882845448,-86.2905536544109,36.2205488066998
FRANKLIN TERRACE,220.0,FRANKLIN TER,37087,LEBANON,Lebanon,9501,LEBANON,,6238.493088731237,9500,9501,NORMAL,,23.378704603196557,-86.3066799801,36.188312982274205
TUCKERS GAP MEADOWS,2022.0,DORCHESTER DR,37090,LEBANON,Unincorporated,9500,(Unincorporated),,47.33255303415679,9500,9501,CRITICAL,POSTAL_CITY_EXPOSURE,121.68193273102956,-86.3771891936004,36.18535731383953
HIGHLAND COURT TOWNHOMES,405.0,HIGHLAND CT,37087,LEBANON,Lebanon,9501,LEBANON,,3427.7222110601438,9500,9501,NORMAL,,39.09301055972877,-86.28443599553971,36.2120006366267
HUNTERS CREEK,194.0,HUNTERS CREEK BLVD,37087,LEBANON,Lebanon,9501,LEBANON,,1926.079155301866,9500,9501,NORMAL,,90.79878394627265,-86.2909284379925,36.22786493350579
LEEVILLE PIKE APTS,220.0,LEEVILLE PIKE,37087,LEBANON,Lebanon,9501,LEBANON,,8458.408063949628,9500,9501,NORMAL,,51.83262370208368,-86.2975741288622,36.200102245613806
NORTHWOOD APTS,223.0,WESTERN AVE,37087,LEBANON,Lebanon,9501,LEBANON,,4241.6830462246535,9500,9501,NORMAL,,39.49946527719176,-86.2915243929225,36.221179573120494
REVERE AT BARTON'S RUN,1625.0,FRANKLIN RD,37090,LEBANON,Lebanon,9501,LEBANON,,2192.432031898319,9500,9501,NORMAL,,239.89276640050207,-86.3285955844855,36.1803943165269
SADDLEBROOK SENIOR APTS,203.0,CARVER LN,37087,LEBANON,Lebanon,9501,LEBANON,,4695.9951230158695,9500,9501,NORMAL,,167.7284435636198,-86.335268180327,36.2231947071563
SUMMERFIELD APTS,1702.0,SUMMERFIELD DR,37087,LEBANON,Lebanon,9501,LEBANON,,2804.5796986274695,9500,9501,NORMAL,,97.41561562954652,-86.3458753065517,36.225613780724224
THE FALLS AT 109,901.0,FALLS BLVD,37090,LEBANON,Lebanon,9501,LEBANON,,496.47425655245115,9500,9501,WATCH,,93.49207070956237,-86.4003468387729,36.170832467035616
POINTE AT FIVE OAKS,604.0,FIVE OAKS CT,37087,LEBANON,Lebanon,9501,LEBANON,,2631.856517983418,9500,9501,NORMAL,,67.02469919890298,-86.38509474039502,36.236714429489204
THE RIDGE OF LEBANON,506.0,FAIRVIEW AVE,37087,LEBANON,Lebanon,9501,LEBANON,,6297.812200711571,9500,9501,NORMAL,,163.8768447230596,-86.2948387276264,36.21448418349568
THE VENUE AT 109,23.0,VENUE CIR,37090,LEBANON,Lebanon,9501,LEBANON,,1425.0328260644333,9500,9501,NORMAL,,237.57974686033322,-86.3989379080226,36.1802141024148
DOLLAR STORE,280.0,NONAVILLE RD,37122,MT JULIET,Mt. Juliet,9503,MT. JULIET,,2451.5974050744717,9500,9503,NORMAL,,69.59680744148312,-86.5290813320585,36.234548827596704
AMENITY CENTER,500.0,TORREY PINES LN,37087,LEBANON,Lebanon,9501,LEBANON,,1152.9538834294526,9500,9501,NORMAL,,28.260966437365763,-86.2928259409639,36.23193952988581
LEBANON FIRE ADMIN BUILDING,520.0,COLES FERRY PIKE,37087,LEBANON,Lebanon,9501,LEBANON,,5377.406062783041,9500,9501,NORMAL,,42.677726394721574,-86.2967457696119,36.218115823522304
SENIOR CITIZEN CENTER,670.0,COLES FERRY PIKE,37087,LEBANON,Lebanon,9501,LEBANON,,5257.9875245249295,9500,9501,NORMAL,,36.43197300314531,-86.2978631124,36.2182247392797
JIMMY FLOYD CENTER,511.0,N CASTLE HEIGHTS AVE,37087,LEBANON,Lebanon,9501,LEBANON,,5586.952053076942,9500,9501,NORMAL,,81.30840291276881,-86.298119909953,36.2172583782725
STAFFMARK,1411.0,W MAIN ST,37087,LEBANON,Lebanon,9501,LEBANON,,7225.211726990168,9500,9501,NORMAL,,7.442173155058628,-86.327700275846,36.215658539886896
HANGOUT SPOT,1411.0,W MAIN ST,37087,LEBANON,Lebanon,9501,LEBANON,,7159.3888574229195,9500,9501,NORMAL,,23.083607727649614,-86.3281399080069,36.2158731897301
WILSON COUNTY 911,1611.0,W MAIN ST,37087,LEBANON,Lebanon,9501,LEBANON,,5493.412723925062,9500,9501,NORMAL,,5.848936494990004,-86.3393423029651,36.219886775640106
COMCAST METER,1435.0,GLADEVILLE RD,37122,MT JULIET,Unincorporated,9500,(Unincorporated),,883.8353662351359,9500,9501,WATCH,POSTAL_CITY_EXPOSURE,10.017783364940085,-86.4153544899378,36.11321151860508
FARMINGTON WOODS ,533.0,CARVER LN,37087,LEBANON,Lebanon,9501,LEBANON,,18.337478871303574,9500,9501,CRITICAL,BOUNDARY_RISK,122.75633004757171,-86.3325013106428,36.24585017355621
"A-DOWNSTAIRS B-UPSTAIRS, ENTRANCE IN BACK C- CAMPER",2049.0,KIMBERLY DR,37122,MT JULIET,Unincorporated,9500,(Unincorporated),,9586.169365169784,7500,9500,NORMAL,POSTAL_CITY_EXPOSURE,29.191219883222587,-86.46387633858,36.100960333441506
THE DOCTORS OFFICE,1430.0,W BADDOUR PKWY,37087,LEBANON,Lebanon,9501,LEBANON,,6033.241489852655,9500,9501,NORMAL,,54.707224175068774,-86.330041256352,36.21924768721231
SNOW HILL CABINETRY,278.0,FITE RD,37184,WATERTOWN,Unincorporated,9500,(Unincorporated),,2235.3369881066715,9500,9502,NORMAL,POSTAL_CITY_EXPOSURE,72.52935091727704,-86.132842142103,36.0881722882115
CHURCH OF JOEL 1319 HARTSVILLE PK,1319.0,HARTSVILLE PIKE,37087,LEBANON,Unincorporated,9500,(Unincorporated),,216.32627947279468,9500,9501,HIGH,POSTAL_CITY_EXPOSURE,78.52572225228876,-86.2703552899289,36.224581314506935
PHOENIX PLACE TOWNHOMES,113.0,PHOENIX PLACE CT,37087,LEBANON,Lebanon,9501,LEBANON,,6443.8483396536985,9500,9501,NORMAL,,20.043724361533716,-86.3057578830114,36.1887403680178
KNOXVILLE AVE TOWNHOMES - PROPOSED,235.0,KNOXVILLE AVE,37087,LEBANON,Lebanon,9501,LEBANON,,5544.345887927781,9500,9501,NORMAL,,44.246806672585,-86.2876883975638,36.20142405926361
CROSSROADS COMMUNITY CHURCH,300.0,N MAPLE ST,37087,LEBANON,Lebanon,9501,LEBANON,,6172.771347521341,9500,9501,NORMAL,,44.52955260327989,-86.2938933987496,36.2119679711792
LAUNCHPOINT CHURCH,337.0,W BADDOUR PKWY,37087,LEBANON,Lebanon,9501,LEBANON,,6848.919687833565,9500,9501,NORMAL,,5.10907941887925,-86.2983575030037,36.21370978887621
LOVE'S WAY COMMUNITY CHURCH,310.0,COLES FERRY PIKE,37087,LEBANON,Lebanon,9501,LEBANON,,5877.926944897603,9500,9501,NORMAL,,29.6064399291766,-86.2934960963795,36.21670355646271
WESTLAND CHURCH,110.0,DAWSON LN,37087,LEBANON,Lebanon,9501,LEBANON,,8090.032396982287,9500,9501,NORMAL,,10.088452462324607,-86.3164835457421,36.21027940767639
FIRST BAPTIST CHURCH,227.0,E MAIN ST,37087,LEBANON,Lebanon,9501,LEBANON,,4830.029222466945,9500,9501,NORMAL,,26.31720399082723,-86.2877995205411,36.2079673586523
ST FRANCIS CABRINI CATHOLIC CHURCH,300.0,S TARVER AVE,37087,LEBANON,Lebanon,9501,LEBANON,,9693.683797993319,9500,9501,NORMAL,,50.17258937851263,-86.3034039726744,36.2035472380689
EPISCOPAL CHURCH OF EPIPHANY,1500.0,HICKORY RIDGE RD,37087,LEBANON,Lebanon,9501,LEBANON,,7002.116901312612,9500,9501,NORMAL,,6.881688720177561,-86.3250244113325,36.20649675682352
COVENANT LIFE CHURCH,1017.0,W MAIN ST,37087,LEBANON,Lebanon,9501,LEBANON,,7455.571233977135,9500,9501,NORMAL,,8.887925420032323,-86.3147375485401,36.2117700368544
TEMPLE BAPTIST CHURCH,211.0,COLES FERRY PIKE,37087,LEBANON,Lebanon,9501,LEBANON,,5160.070503276084,9500,9501,NORMAL,,27.542273479214035,-86.2910649936977,36.216614815890296
FIRST CHURCH OF THE NAZARENE,812.0,N CUMBERLAND ST,37087,LEBANON,Lebanon,9501,LEBANON,,4127.266986467981,9500,9501,NORMAL,,38.846869841377085,-86.2906883706372,36.22132615808021
LEBANON CHURCH OF GOD,600.0,C L MANIER ST,37087,LEBANON,Lebanon,9501,LEBANON,,3140.8024200419313,9500,9501,NORMAL,,25.611369639703838,-86.2809475118173,36.2057409183267
SECOND BAPTIST CHURCH,323.0,W ADAMS AVE,37087,LEBANON,Lebanon,9501,LEBANON,,8791.256206535023,9500,9501,NORMAL,,70.10030978010762,-86.299270117491,36.19791051171139
FAMILY BAPTIST CHURCH,81.0,FRANKLIN RD,37087,LEBANON,Lebanon,9501,LEBANON,,6335.880152042758,9500,9501,NORMAL,,23.881912427253894,-86.3046413182415,36.18821142790641
CUMBERLAND PRESBYTERIAN CHURCH,522.0,CASTLE HEIGHTS AVE,37087,LEBANON,Lebanon,9501,LEBANON,,10072.22679158488,9500,9501,NORMAL,,40.67507151168525,-86.3095548512424,36.199214697655094
NEW CHRISTIAN LIFE CHURCH,801.0,BLUEBIRD RD,37087,LEBANON,Lebanon,9501,LEBANON,,1293.0340576300782,9500,9501,NORMAL,,24.8517112422697,-86.2746077220977,36.20687308577502
MT ZION BAPTIST CHURCH,229.0,CEDAR ST,37087,LEBANON,Lebanon,9501,LEBANON,,4002.4455803089486,9500,9501,NORMAL,,25.29511635638377,-86.2859701516378,36.21042382306349
CROSS STYLE CHURCH,104.0,TRINITY DR,37087,LEBANON,Lebanon,9501,LEBANON,,5082.015388405125,9500,9501,NORMAL,,65.80919615449828,-86.3395874829545,36.21811365762601
EMERGE CHURCH,1001.0,W SPRING ST,37087,LEBANON,Lebanon,9501,LEBANON,,8584.716759812689,9500,9501,NORMAL,,18.18951539697458,-86.3174429443319,36.2090688733716
FAITH LUTHERAN CHURCH,1655.0,W MAIN ST,37087,LEBANON,Lebanon,9501,LEBANON,,4654.587692393554,9500,9501,NORMAL,,15.467911164146024,-86.3425009557155,36.22113539792719
MARKET STREET CHURCH OF CHRIST,502.0,E MARKET ST,37087,LEBANON,Lebanon,9501,LEBANON,,3244.9220444081234,9500,9501,NORMAL,,25.01932310753162,-86.2819576107332,36.20765292488021
GRACE BIBLE CHURCH,255.0,FRANKLIN RD,37087,LEBANON,Lebanon,9501,LEBANON,,5565.957742861419,9500,9501,NORMAL,,19.565464567723968,-86.307048041442,36.186489596158104
LIFE CHURCH,3688.0,HIGHWAY 109 N,37087,LEBANON,Lebanon,9501,LEBANON,,72.19991082544068,9500,9501,HIGH,BOUNDARY_RISK,28.525262984057537,-86.4300816305919,36.23470772328121
GENERATIONS OF GRACE CHURCH,1633.0,W MAIN ST,37087,LEBANON,Lebanon,9501,LEBANON,,4668.753451339718,9500,9501,NORMAL,,23.874751502167456,-86.3409503626026,36.22201123484539
SANCTUARY CHURCH,465.0,FRANKLIN RD,37087,LEBANON,Lebanon,9501,LEBANON,,5112.900184964168,9500,9501,NORMAL,,10.526076827750435,-86.3107458870847,36.18562369182471
THE ORIGINAL CHURCH OF GOD,226.0,JENNINGS AVE,37087,LEBANON,Lebanon,9501,LEBANON,,8199.458768837865,9500,9501,NORMAL,,18.00505165141148,-86.2966777721425,36.1975206352537
NEW LIFE MINISTRIES,402.0,E FORREST AVE,37087,LEBANON,Lebanon,9501,LEBANON,,3243.559396866455,9500,9501,NORMAL,,11.977535296221967,-86.2846117834618,36.2188894616529
HICKORY RIDGE CHURCH OF CHRIST,2280.0,HICKORY RIDGE RD,37087,LEBANON,Lebanon,9501,LEBANON,,3233.2320082711176,9500,9501,NORMAL,,27.221925897082155,-86.3380406711921,36.2054805026072
NEW RIVERS INTERNATIONAL,829.0,MEADOWLANE DR,37087,LEBANON,Lebanon,9501,LEBANON,,9149.78374905726,9500,9501,NORMAL,,11.13127730831629,-86.3171013298609,36.2032226688162
IGLESIA WESLEYANA BENICIENDO CHURCH,127.0,E FORREST AVE,37087,LEBANON,Lebanon,9501,LEBANON,,3948.8562095133802,9500,9501,NORMAL,,8.461288057510961,-86.2869557889225,36.219729246535906
GARDEN OF PRAYER TABERNACLE,1015.0,BLUEBIRD RD,37087,LEBANON,Lebanon,9501,LEBANON,,279.6294050603749,9500,9501,WATCH,,28.775532611840326,-86.2710552765509,36.2069768633403
HUNTERS POINT CELEBRATION CENTER,2232.0,HUNTERS POINT PIKE,37087,LEBANON,Lebanon,9501,LEBANON,,636.170857499039,9500,9501,WATCH,,62.502971537956746,-86.2909682901557,36.2425322306016
POTTERS HOUSE MINISTRIES,723.0,LAKE ST,37087,LEBANON,Lebanon,9501,LEBANON,,3735.8038574146885,9500,9501,NORMAL,,49.291391621987444,-86.2862806356323,36.21875764184189
HISTORIC CHURCH,209.0,E MARKET ST,37087,LEBANON,Lebanon,9501,LEBANON,,4965.25859997051,9500,9501,NORMAL,,14.317800556711276,-86.28887158558231,36.2091079067293
LET GOD ARISE WORSHIP CENTER,902.0,CARTHAGE HWY,37087,LEBANON,Lebanon,9501,LEBANON,,118.37770046881415,9500,9501,HIGH,BOUNDARY_RISK,37.114232926949946,-86.2712063649548,36.2111784759647
PEYTON ROAD CHURCH OF CHRIST,500.0,PEYTON RD,37087,LEBANON,Lebanon,9501,LEBANON,,188.06435611064612,9500,9501,HIGH,BOUNDARY_RISK,62.79848851143781,-86.2646421165299,36.19148146699861
GENERATION CHANGERS CHURCH,533.0,WILDCAT WAY,37090,LEBANON,Unincorporated,9500,(Unincorporated),,362.87078949536055,9500,9501,WATCH,POSTAL_CITY_EXPOSURE,36.58232599583084,-86.3919355965648,36.134997642250184
JUST BOX IT STORAGE,680.0,TENNESSEE BLVD,37087,LEBANON,Lebanon,9501,LEBANON,,2737.6671830620426,9500,9501,NORMAL,,20.80339415918341,-86.2775529289152,36.20224279884372
AMAZON,6060.0,GOLDEN BEAR GTWY,37122,MT JULIET,Mt. Juliet,9503,MT. JULIET,,574.87336212383,9500,9503,WATCH,,68.39646801507713,-86.4799127904241,36.1900634219366
O'REILLY DISTRIBUTION CENTER,200.0,DUKE DR,37090,LEBANON,Lebanon,9501,LEBANON,,610.7640271893318,9500,9501,WATCH,,28.4341805539743,-86.40656574060121,36.12712767667119
O'REILLY STORE FRONT PULIC SALES,200.0,DUKE DR,37090,LEBANON,Lebanon,9501,LEBANON,,668.489384553144,9500,9501,WATCH,,25.940124937440633,-86.4058482310804,36.12836113246452
DEER PARK CONDOS,831.0,CASTLE HEIGHTS AVE,37087,LEBANON,Lebanon,9501,LEBANON,,6414.963885234147,9500,9501,NORMAL,,96.04149795671228,-86.30921853009251,36.18911430239762
CALLER USES 200 UNION RD,198.0,UNION RD,37087,LEBANON,Unincorporated,9500,(Unincorporated),,11816.481020349289,8500,9500,NORMAL,POSTAL_CITY_EXPOSURE,36.86466990332245,-86.2249534477231,36.2792908938236
CASH CITY,214.0,W MAIN ST,37087,LEBANON,Lebanon,9501,LEBANON,,6406.8016394366,9500,9501,NORMAL,,22.79463925938871,-86.29360283834,36.208083037555895
METRO PCS,224.0,W MAIN ST,37087,LEBANON,Lebanon,9501,LEBANON,,6478.322817197543,9500,9501,NORMAL,,9.82402839494023,-86.2938075261881,36.20795953841249
JUDY'S FASHIONS,224.0,W MAIN ST,37087,LEBANON,Lebanon,9501,LEBANON,,6611.488233902264,9500,9501,NORMAL,,16.851944287418995,-86.2943076784,36.2080203632847
BELLADONNA SALON,224.0,W MAIN ST,37087,LEBANON,Lebanon,9501,LEBANON,,6586.118480389719,9500,9501,NORMAL,,7.598180147541778,-86.29420603637192,36.2079925690556
SCOOPZ,224.0,W MAIN ST,37087,LEBANON,Lebanon,9501,LEBANON,,6569.332123767563,9500,9501,NORMAL,,7.039521187476958,-86.294142001636,36.20798235274071
REGIONAL FINANCE,224.0,W MAIN ST,37087,LEBANON,Lebanon,9501,LEBANON,,6532.47116830039,9500,9501,NORMAL,,8.206596916523042,-86.2940062346254,36.207972144324124
SUSHI MAX,224.0,W MAIN ST,37087,LEBANON,Lebanon,9501,LEBANON,,6513.490328107184,9500,9501,NORMAL,,7.539848277178776,-86.2939360679274,36.2079664003324
FX PEDALS,224.0,W MAIN ST,37087,LEBANON,Lebanon,9501,LEBANON,,6497.313260564935,9500,9501,NORMAL,,8.698582223076631,-86.2938768301543,36.20796294677731
LAW OFFICE OF JAQUELINE SCOTT,228.0,W MAIN ST,37087,LEBANON,Lebanon,9501,LEBANON,,6760.335094277338,9500,9501,NORMAL,,7.51604016919905,-86.2946439711121,36.2075473875892
ELITE AMBULANCE,228.0,W MAIN ST,37087,LEBANON,Lebanon,9501,LEBANON,,6740.468722873701,9500,9501,NORMAL,,8.798785338860187,-86.2945697998942,36.207540653366394
LEBANON GENERAL PRACTICE,228.0,W MAIN ST,37087,LEBANON,Lebanon,9501,LEBANON,,6695.2201691087,9500,9501,NORMAL,,9.36551894466573,-86.2943999650944,36.2075236601833
MASSAGE COLLECTION,228.0,W MAIN ST,37087,LEBANON,Lebanon,9501,LEBANON,,6717.262093987332,9500,9501,NORMAL,,8.771650370029661,-86.2944831443127,36.207532896901114
"POPEYE""S CHICKEN",507.0,S CUMBERLAND ST,37087,LEBANON,Lebanon,9501,LEBANON,,6826.720250851897,9500,9501,NORMAL,,44.33031940984347,-86.2927294132663,36.19519256344431
HOMETEAM AUTO SALES,9462.0,SPARTA PIKE,37184,WATERTOWN,Watertown,9502,WATERTOWN,,155.80479628037406,9500,9502,HIGH,BOUNDARY_RISK,25.638395732984666,-86.1250866776414,36.0987585050007
PERMA-PIPE,1310.0,QUARLES DR,37087,LEBANON,Lebanon,9501,LEBANON,,2465.5929340985776,9500,9501,NORMAL,,378.43644343376985,-86.3204594225884,36.230139179965825
BAIRDS MILL CHURCH OF CHRIST,19530.0,CENTRAL PIKE,37090,LEBANON,Unincorporated,9500,(Unincorporated),,18561.50647768377,9500,9501,NORMAL,POSTAL_CITY_EXPOSURE,27.395603825202038,-86.3345483193248,36.102574602782916
THE DOCK STORE,450.0,CHEROKEE DOCK RD,37087,LEBANON,Unincorporated,9500,(Unincorporated),,1236.7008650070834,8300,9500,NORMAL,POSTAL_CITY_EXPOSURE,9.004296124692443,-86.4306909827727,36.335687668952524
CHEROKEE BOAT DOCK,450.0,CHEROKEE DOCK RD,37087,LEBANON,Unincorporated,9500,(Unincorporated),,1050.454814154112,8300,9500,NORMAL,POSTAL_CITY_EXPOSURE,193.24894319946844,-86.4304020797643,36.3361446091733
MARKET PLACE CONDOS,5810.0,ST CHARLES PL,37122,MT JULIET,Mt. Juliet,9503,MT. JULIET,,869.7592967400055,9500,9503,WATCH,,58.127466292924545,-86.5370362119962,36.2309397269876
MARKET PLACE CONDOS,5348.0,BAYOU DR,37122,MT JULIET,Mt. Juliet,9503,MT. JULIET,,676.5551217494443,9500,9503,WATCH,,54.623965957411436,-86.5377115779582,36.230881401894
SOFTTECH PELLET,400.0,INNOVATIVE WAY,37122,MT JULIET,Lebanon,9501,LEBANON,,321.72860019807297,9500,9501,WATCH,POSTAL_CITY_EXPOSURE,140.56359934536468,-86.4311524589029,36.22402760340312
HICKORY STATION TOWNHOMES,101.0,HICKORY STATION LN,37122,MT JULIET,Mt. Juliet,9503,MT. JULIET,,2576.476943685008,9500,9503,NORMAL,,92.42332512382853,-86.5229587481769,36.20128608821099
RANCHO TRAILER PARK,4672.0,LEBANON RD,37090,LEBANON,Lebanon,9501,LEBANON,,997.4119095760758,9500,9501,WATCH,,83.10950564158401,-86.4001381609011,36.23774040429961
GROVES RESERVE,100.0,JANE XING,37122,MT JULIET,Mt. Juliet,9503,MT. JULIET,,1432.3339334794189,9500,9503,NORMAL,,92.60808381218749,-86.5316545424941,36.1746692669779
3 CONSTRUCTION TRAILERS,1941.0,E DIVISION ST,37122,LEBANON,Mt. Juliet,9503,MT. JULIET,,200.73550063780846,9500,9503,HIGH,POSTAL_CITY_EXPOSURE,81.35268795698109,-86.4855953374723,36.19276436511698
CONSTRUCTION TRAILER,2343.0,E DIVISION ST,37122,LEBANON,Mt. Juliet,9503,MT. JULIET,,1007.5654922003167,9500,9503,NORMAL,POSTAL_CITY_EXPOSURE,46.8034055004401,-86.4802862297781,36.19411498632071
HAMILTON SPRINGS,45.0,SARATOGA DR,37087,LEBANON,Lebanon,9501,LEBANON,,1868.1563591893532,9500,9501,NORMAL,,359.6726073926066,-86.3676035807243,36.22949699063701
HAMILTON STATION APTS,14.0,BRONSON POINTE,37087,LEBANON,Lebanon,9501,LEBANON,,958.7889585730128,9500,9501,WATCH,,203.4530743390778,-86.3667802615097,36.2322650342965
BUILDING 7,120.0,PROVIDENCE TRL,37122,MT JULIET,Mt. Juliet,9503,MT. JULIET,,2349.711767864048,9500,9503,NORMAL,,26.453371308565593,-86.506097142064,36.16682206067671
BUILDING8,120.0,PROVIDENCE TRL,37122,MT JULIET,Mt. Juliet,9503,MT. JULIET,,2324.5662180373465,9500,9503,NORMAL,,22.549337482245214,-86.5056007038578,36.166771680290104
EAGLE PARK,15.0,4TH AVE,37122,MT JULIET,Mt. Juliet,9503,MT. JULIET,,1589.645504348077,9500,9503,NORMAL,,233.5184891803001,-86.5254976037363,36.203060415000216
HICKORY POINT,101.0,KATHRYN ADELE LN,37122,MT JULIET,Unincorporated,9500,(Unincorporated),,3292.228567321731,8300,9500,NORMAL,POSTAL_CITY_EXPOSURE,116.57643060349075,-86.4845566782766,36.30470519169989
AMENITY CENTER,1117.0,CARLISLE PL,37122,MT JULIET,Mt. Juliet,9503,MT. JULIET,,563.0755105952549,9500,9503,WATCH,,80.90401391436441,-86.5038056500143,36.15459440820411
BASEMENT APARTMENT,1966.0,CAIRO BEND RD,37087,LEBANON,Unincorporated,9500,(Unincorporated),,4455.459580027079,9500,9501,NORMAL,POSTAL_CITY_EXPOSURE,9.373492839293101,-86.3980244151398,36.26522843230481
PUMP STATION,285.0,JOHN WRIGHT RD,37122,MT JULIET,Mt. Juliet,9503,MT. JULIET,,49.153285441460646,9500,9503,CRITICAL,BOUNDARY_RISK,2.892396295714713,-86.5472615718977,36.17211027881581
CONSTRUCTION TRAILER,1841.0,E DIVISION ST,37122,LEBANON,Mt. Juliet,9503,MT. JULIET,,169.21552690730184,9500,9503,HIGH,POSTAL_CITY_EXPOSURE,93.70187005147223,-86.4890603535084,36.19174290716148
SELLARS FARM STATE/ARCHAEOLOGICAL SITE,445.0,POPLAR HILL RD,37090,LEBANON,Unincorporated,9500,(Unincorporated),,5981.68852289164,9500,9501,NORMAL,POSTAL_CITY_EXPOSURE,20.22012362852819,-86.24268918341092,36.16502082302801
PUMPING STATION 1007M,1007.0,FAIRVIEW KNOLL CT,37122,MT JULIET,Mt. Juliet,9503,MT. JULIET,,3030.8118657447935,9500,9503,NORMAL,,165.3304410405414,-86.5193057933029,36.1846292153497
NEW LPD BUILDING,1017.0,SPARTA PIKE,37087,LEBANON,Lebanon,9501,LEBANON,,2559.4526445568513,9500,9501,NORMAL,,106.99600698653211,-86.2743672674634,36.19545608765979
MT JULIET FAMILY VISION,1005.0,CHARLIE DANIELS PKWY,37122,MT JULIET,Mt. Juliet,9503,MT. JULIET,,4435.371199275425,9500,9503,NORMAL,,43.52359927753539,-86.5135782715954,36.221971822179306
CUMBERLAND UNIVERSITY ALUMNI HALL 212 A & B,212.0,LEEVILLE PIKE,37087,LEBANON,Lebanon,9501,LEBANON,,8061.494431746111,9500,9501,NORMAL,,29.116849885916864,-86.2961828482444,36.2002168616693
170 C IS DOWNSTAIRS,170.0,ATKINSON RD,37090,LEBANON,Unincorporated,9500,(Unincorporated),,9918.39123134103,9500,9501,NORMAL,POSTAL_CITY_EXPOSURE,15.402334226989652,-86.3244173782495,36.1248568327741
CELL TOWER,500.0,BLUE DEVIL BLVD,37087,LEBANON,Lebanon,9501,LEBANON,,3253.110741735313,9500,9501,NORMAL,,72.31163972769303,-86.3375210774536,36.2045012417
OAKWOOD SUBDIVISION,737.0,HARKREADER RD,37122,MT JULIET,Unincorporated,9500,(Unincorporated),,9867.612355777073,9500,9503,NORMAL,POSTAL_CITY_EXPOSURE,143.61372972759213,-86.4533813717385,36.1228707908849
DOG PARK,151.0,SE SPRINGDALE DR,37122,MT JULIET,Mt. Juliet,9503,MT. JULIET,,1944.0752506012527,9500,9503,NORMAL,,40.80699467327022,-86.4794999594982,36.1703241194476
Fast Pace Urgent Care,1128.0,N CASTLE HEIGHTS AVE,37087,LEBANON,Lebanon,9501,LEBANON,,3104.3013017104295,9500,9501,NORMAL,,44.243504695197004,-86.2926947702397,36.224951340515396
Guard Shack,502.0,DUKE DR,37090,LEBANON,Lebanon,9501,LEBANON,,230.76723815680253,9500,9501,HIGH,BOUNDARY_RISK,63.77899146846277,-86.4106987749746,36.12234668049211
THE RESERVE AT HORN SPRINGS,1003.0,QUILLEN WAY,37087,LEBANON,Unincorporated,9500,(Unincorporated),,5815.475903735355,9500,9501,NORMAL,POSTAL_CITY_EXPOSURE,82.64931216566953,-86.3781473102669,36.271875122784806
AVID HOTEL,120.0,WILLARD HAGAN DR,37090,LEBANON,Lebanon,9501,LEBANON,,2726.494640272826,9500,9501,NORMAL,,33.08683944355468,-86.3285771117591,36.18495854245898
Lannom Cemetery at Vesta,3538.0,VESTA RD,37090,LEBANON,Unincorporated,9500,(Unincorporated),,7820.97552493567,7500,9500,NORMAL,POSTAL_CITY_EXPOSURE,61.559085380669174,-86.4100237148166,36.06408106468481
GREEN HILL HIGH SCHOOL,220.0,N GREENHILL RD,37122,MT JULIET,Mt. Juliet,9503,MT. JULIET,,559.6135026930776,9500,9503,WATCH,,66.60316423181625,-86.5411998478097,36.2283749384868
CARVER CROSSING,101.0,CARVER WAY,37087,LEBANON,Lebanon,9501,LEBANON,,5479.400911760704,9500,9501,NORMAL,,80.04182511171281,-86.3368190460564,36.220396032216804
MULBERRY VILLA,713.0,MULBERRY ST,37087,LEBANON,Lebanon,9501,LEBANON,,3426.885205627245,9500,9501,NORMAL,,36.80181097171589,-86.2851467760411,36.21766900521961
EXXON STATION,65.0,BELINDA PKWY,37122,MT JULIET,Mt. Juliet,9503,MT. JULIET,,1336.9248550776224,9500,9503,NORMAL,,16.602149543674294,-86.5063858248162,36.17007648694558
SUBWAY,1129.0,FRANKLIN RD,37090,LEBANON,Lebanon,9501,LEBANON,,3897.5244573251466,9500,9501,NORMAL,,21.05992479193621,-86.3238290948135,36.18463678966381
EL SOL TEX MEX EXPRESS,1129.0,FRANKLIN RD,37090,LEBANON,Lebanon,9501,LEBANON,,3953.753905327667,9500,9501,NORMAL,,21.357308687876674,-86.3235033054915,36.18439110616481
MAX STEEL BUILDINGS,3675.0,HIGHWAY 109 N,37087,LEBANON,Lebanon,9501,LEBANON,,501.1094781755832,9500,9501,WATCH,,126.15123078912012,-86.4284825574628,36.23421807518119
PLATINUM DANCE STUDIO,3761.0,HIGHWAY 109 N,37087,LEBANON,Lebanon,9501,LEBANON,,291.66870630999495,9500,9501,WATCH,,48.954878331338904,-86.4296173214987,36.23579259277441
DOLLAR GENERAL,955.0,CARTHAGE HWY,37087,LEBANON,Lebanon,9501,LEBANON,,169.97868056636582,9500,9501,HIGH,BOUNDARY_RISK,61.54563932100617,-86.267911287088,36.21304649697431
MAIL KIOSK,5033.0,HUNTERS VILLAGE DR,37087,LEBANON,Lebanon,9501,LEBANON,,245.84348969881538,9500,9501,HIGH,BOUNDARY_RISK,28.32494514949475,-86.2841853765761,36.23228105732711
AMENITY CENTER,122.0,BAIRD FARMS BLVD,37122,MT JULIET,Mt. Juliet,9503,MT. JULIET,,947.0062677799693,9500,9503,WATCH,,35.96814259253273,-86.4959707810073,36.161546422163326
IRONWOOD APTS,415.0,ROME PIKE,37087,LEBANON,Lebanon,9501,LEBANON,,2152.3113945081927,9500,9501,NORMAL,,143.23361980936915,-86.2801426956928,36.21245558890612
BRADSHAW FARMS,150.0,VIVRETT LN,37122,MT JULIET,Unincorporated,9500,(Unincorporated),,521.2504133915373,9500,9503,WATCH,POSTAL_CITY_EXPOSURE,36.90836260744316,-86.4750773670736,36.21589157544398
FOREST OF LEBANON,2736.0,JASMINE ST,37087,LEBANON,Lebanon,9501,LEBANON,,2007.1219033630682,9500,9501,NORMAL,,152.26796600876503,-86.391537392975,36.23817881162312
SUBWAY,171.0,N MT JULIET RD,37122,MT JULIET,Mt. Juliet,9503,MT. JULIET,,2186.3442114330674,9500,9503,NORMAL,,9.650223724387216,-86.5124619661567,36.173863907853004
BUBBA KOO'S BURRITOS,161.0,N MT JULIET RD,37122,MT JULIET,Mt. Juliet,9503,MT. JULIET,,2196.4938837297054,9500,9503,NORMAL,,6.171531457626719,-86.5124769711632,36.173682617024916
BAIRD FARM,98.0,BAIRD FARMS BLVD,37122,MT JULIET,Mt. Juliet,9503,MT. JULIET,,1691.3953016144364,9500,9503,NORMAL,,90.66427676377359,-86.498175606067,36.1635839694242
STORE IT ALL,130.0,LOGISTICS DR,37090,LEBANON,Unincorporated,9500,(Unincorporated),,8691.517391369734,7500,9500,NORMAL,POSTAL_CITY_EXPOSURE,107.62177456864123,-86.4238288483535,36.075736616649316
MT JULIET MEMORIAL GARDENS,654.0,W DIVISION ST,37122,MT JULIET,Mt. Juliet,9503,MT. JULIET,,243.74710175263743,9500,9503,HIGH,BOUNDARY_RISK,50.12328616862644,-86.5291249776931,36.2053208209275
DUPLEX,102.0,BARTONWOOD DR,37087,LEBANON,Lebanon,9501,LEBANON,,6997.479853393205,9500,9501,NORMAL,,16.84745443679788,-86.3146251953798,36.21303221604728
AMENITY CENTER,600.0,CASTLE RD,37122,MT JULIET,Mt. Juliet,9503,MT. JULIET,,728.2544205687,9500,9503,WATCH,,26.43489646445349,-86.4675748487866,36.15331577777491
MCMILLEN TOWNHOMES,1606.0,DENALI DR,37087,LEBANON,Lebanon,9501,LEBANON,,1586.3492844398836,9500,9501,NORMAL,,26.59702280456204,-86.3523031993504,36.22625762391299
WEST END STATION,1111.0,FAIRMONT LN,37087,LEBANON,Lebanon,9501,LEBANON,,1224.838939294809,9500,9501,NORMAL,,214.17696084431023,-86.354613596357,36.22740494904752
CHUCK E CHEESE,60.0,BELINDA PKWY,37122,MT JULIET,Mt. Juliet,9503,MT. JULIET,,1357.827405554262,9500,9503,NORMAL,,48.56070762226039,-86.5075138964083,36.17105264130141
JASON'S DELI,64.0,BELINDA PKWY,37122,MT JULIET,Mt. Juliet,9503,MT. JULIET,,1115.0774515877679,9500,9503,NORMAL,,53.973307611829064,-86.5068588755444,36.17146808196671
VANDERBILT HEALTH WALK IN CLINIC,64.0,BELINDA PKWY,37122,MT JULIET,Mt. Juliet,9503,MT. JULIET,,1039.5480242539145,9500,9503,NORMAL,,54.185207592054624,-86.50652918741632,36.17142177443001
BUILDING 1,100.0,TRADITIONS WAY,37087,LEBANON,Lebanon,9501,LEBANON,,844.2600955169436,9500,9501,WATCH,,16.347049062414506,-86.3693192198878,36.232429714776316
FLOOR 1- APTS 101-117,100.0,TRADITIONS WAY,37087,LEBANON,Lebanon,9501,LEBANON,,862.8782295698289,9500,9501,WATCH,,36.85124101224472,-86.3692346763877,36.232355046750406
FLOOR 2-APTS 201-217,100.0,TRADITIONS WAY,37087,LEBANON,Lebanon,9501,LEBANON,,870.2336574960156,9500,9501,WATCH,,38.17715733630642,-86.3692935527711,36.2323486257563
FLOOR 3- APTS 301-317,100.0,TRADITIONS WAY,37087,LEBANON,Lebanon,9501,LEBANON,,874.6238712455015,9500,9501,WATCH,,44.93500340306134,-86.3693648154059,36.23235382697671
FLOOR 4-APTS 401-417,100.0,TRADITIONS WAY,37087,LEBANON,Lebanon,9501,LEBANON,,883.0620711216184,9500,9501,WATCH,,39.202370754221576,-86.3694435245513,36.23234925317
BUILDING 4,400.0,TRADITIONS WAY,37087,LEBANON,Lebanon,9501,LEBANON,,1327.741683496448,9500,9501,NORMAL,,16.60470096064613,-86.3693325182239,36.231051189205104
FLOOR 1- APTS 101-117,400.0,TRADITIONS WAY,37087,LEBANON,Lebanon,9501,LEBANON,,1331.205229380283,9500,9501,NORMAL,,18.396892884773074,-86.3693393333347,36.23104272744341
FLOOR 2- APTS 201-217,400.0,TRADITIONS WAY,37087,LEBANON,Lebanon,9501,LEBANON,,1356.772892034812,9500,9501,NORMAL,,24.89672844582791,-86.3693426787293,36.23097118204471
FLOOR 3- APTS 301-317,400.0,TRADITIONS WAY,37087,LEBANON,Lebanon,9501,LEBANON,,1382.6723775129224,9500,9501,NORMAL,,14.753271564806168,-86.3693349744218,36.230896689158584
FLOOR 4- APTS 401-417,400.0,TRADITIONS WAY,37087,LEBANON,Lebanon,9501,LEBANON,,1402.5146631998352,9500,9501,NORMAL,,14.444954794464277,-86.3693310309222,36.23084006969201
BUILDING 2,200.0,TRADITIONS WAY,37087,LEBANON,Lebanon,9501,LEBANON,,956.5017082403552,9500,9501,WATCH,,29.2830306342049,-86.3702586864976,36.2323419898861
FLOOR 1- APTS 101-117,200.0,TRADITIONS WAY,37087,LEBANON,Lebanon,9501,LEBANON,,942.0765701052037,9500,9501,WATCH,,54.71826264033181,-86.3701644281153,36.2323598869927
FLOOR 2- APTS 201-217,200.0,TRADITIONS WAY,37087,LEBANON,Lebanon,9501,LEBANON,,955.5392159932641,9500,9501,WATCH,,55.6379099796176,-86.3701666049303,36.23232172854539
FLOOR 3- APTS 301-317,200.0,TRADITIONS WAY,37087,LEBANON,Lebanon,9501,LEBANON,,972.7714197268143,9500,9501,WATCH,,55.349976020846874,-86.3701663733794,36.23227213095313
FLOOR 4- 401-417,200.0,TRADITIONS WAY,37087,LEBANON,Lebanon,9501,LEBANON,,988.7187396065217,9500,9501,WATCH,,55.63791070841104,-86.370159087077,36.23222446288221
BUILDING 3,300.0,TRADITIONS WAY,37087,LEBANON,Lebanon,9501,LEBANON,,1336.8895382150945,9500,9501,NORMAL,,34.306703672771924,-86.37024650316282,36.231245392154996
FLOOR 1- APTS 101-119,300.0,TRADITIONS WAY,37087,LEBANON,Lebanon,9501,LEBANON,,1272.042575488032,9500,9501,NORMAL,,33.646909302638974,-86.3702631067194,36.231435968624
FLOOR 2- APTS 201-219,300.0,TRADITIONS WAY,37087,LEBANON,Lebanon,9501,LEBANON,,1284.127969779802,9500,9501,NORMAL,,27.3506737630704,-86.3702647128293,36.23140162682219
FLOOR 3 - APTS 301-319,300.0,TRADITIONS WAY,37087,LEBANON,Lebanon,9501,LEBANON,,1297.238194148887,9500,9501,NORMAL,,27.8578552899991,-86.3702610006501,36.23136300876094
FLOOR 4-APTS 401-419,300.0,TRADITIONS WAY,37087,LEBANON,Lebanon,9501,LEBANON,,1308.9818087302347,9500,9501,NORMAL,,27.71316715841212,-86.37026437878112,36.231330092680885
TRADITIONS AT HAMILTON SPRINGS,50.0,TRADITIONS WAY,37087,LEBANON,Lebanon,9501,LEBANON,,1070.9152249619028,9500,9501,NORMAL,,90.15386377883974,-86.3693844696892,36.231794436371615
TRIPLE CROWN SUBD,104.0,BURTON CT,37122,MT JULIET,Unincorporated,9503,MT. JULIET,,133.82124747569594,9500,9503,HIGH,BOUNDARY_RISK,355.2084065456805,-86.5360303891971,36.175111556434715
LOVES TRUCK STOP,150.0,COUCHVILLE INDUSTRIAL BLVD,37122,MT JULIET,Unincorporated,9500,(Unincorporated),,5391.24701519886,7500,9500,NORMAL,POSTAL_CITY_EXPOSURE,32.46668700124113,-86.4284445280033,36.06719357097151
ROUND LICK BAPTIST CHURCH OFFICE,739.0,W MAIN ST,37184,WATERTOWN,Watertown,9502,WATERTOWN,,549.1263799303001,9500,9502,WATCH,,30.511962617039806,-86.1451637247222,36.09822413225542
GLADE ESTATES,1311.0,LONE OAK RD,37122,MT JULIET,Unincorporated,9500,(Unincorporated),,9110.00018659351,9500,9501,NORMAL,POSTAL_CITY_EXPOSURE,40.85981627172445,-86.431167156667,36.09411846516931
DOLLAR GENERAL STORE,13820.0,LEBANON RD,37138,OLD HICKORY,Mt. Juliet,9503,MT. JULIET,DAVIDSON,135.76609538192733,9500,9503,HIGH,CROSS_COUNTY_POSTAL,38.57528258409034,-86.5564972000543,36.220586898323
ENTRANCE TO FAIRGROUNDS,1033.0,SPARTA PIKE,37087,LEBANON,Lebanon,9501,LEBANON,,2308.070555196449,9500,9501,NORMAL,,54.2874007684896,-86.2736881412871,36.19414162672921
ENTRANCE TO FAIRGROUNDS,1000.0,TENNESSEE BLVD,37087,LEBANON,Lebanon,9501,LEBANON,,705.5914460223166,9500,9501,WATCH,,375.6664586983506,-86.2659988674161,36.2023978231874
ENTRANCE TO FAIRGROUNDS,914.0,TENNESSEE BLVD,37087,LEBANON,Lebanon,9501,LEBANON,,1479.465064568061,9500,9501,NORMAL,,88.79554051177261,-86.2724599158896,36.20244064613772
ENTRANCE TO FAIRGROUNDS,175.0,PEYTON RD,37087,LEBANON,Lebanon,9501,LEBANON,,926.2798655246914,9500,9501,WATCH,,27.985228667372937,-86.2691152828755,36.193067424656306
B44,175.0,PEYTON RD,37087,LEBANON,Lebanon,9501,LEBANON,,1025.2781901638086,9500,9501,NORMAL,,93.42654799153685,-86.2694403249545,36.193249231789586
JEWEL SIGNS,229.0,W FORREST AVE,37087,LEBANON,Lebanon,9501,LEBANON,,4586.179862249597,9500,9501,NORMAL,,37.14857692338454,-86.2933392811483,36.22069064762971
MT JULIET FIRE STATION,215.0,N GREENHILL RD,37122,MT JULIET,Mt. Juliet,9503,MT. JULIET,,93.28162937169513,9500,9503,HIGH,BOUNDARY_RISK,131.85875729172471,-86.5429980342319,36.22728149043312
"THIS DRIVE LEADS TO 261 B,C,D,E",261.0,ZACHARY RD,37090,LEBANON,Unincorporated,9500,(Unincorporated),,7636.4414693055605,7500,9500,NORMAL,POSTAL_CITY_EXPOSURE,208.80083761064776,-86.369111158913,36.05334470452101
BARN,6457.0,E OLD MURFREESBORO RD,37090,LEBANON,Unincorporated,9500,(Unincorporated),,14095.122456500983,9500,9501,NORMAL,POSTAL_CITY_EXPOSURE,54.01547080615312,-86.3199416304101,36.11194097649308
HAMILTON DENSON PARK,1855.0,TATE LN,37122,MT JULIET,Mt. Juliet,9503,MT. JULIET,,133.1240252113747,9500,9503,HIGH,BOUNDARY_RISK,347.4361522842097,-86.5316623096439,36.205625611903116
"2nd Floor- 3100,3104,3108,3112,3116",3100.0,SHERWOOD LN,37090,LEBANON,Lebanon,9501,LEBANON,,3643.2247135064663,9500,9501,NORMAL,,16.73564436258021,-86.3376509128413,36.191078890369496
"1st floor- 3102, 3106, 3110,3114,3118",3100.0,SHERWOOD LN,37090,LEBANON,Lebanon,9501,LEBANON,,3640.1596514209155,9500,9501,NORMAL,,24.232202013495158,-86.33765188391722,36.19109963328769
"1st Floor-4001,4005,4009,4013,4017",4001.0,PROSPERITY WAY,37090,LEBANON,Lebanon,9501,LEBANON,,3557.279342863309,9500,9501,NORMAL,,27.74535574473671,-86.3379490936232,36.1911108441004
"2nd Floor-4003,4007,4011,4015,4019",4001.0,PROSPERITY WAY,37090,LEBANON,Lebanon,9501,LEBANON,,3558.7931935995616,9500,9501,NORMAL,,22.829289059096123,-86.3379519643708,36.191094144206396
SOCIAL ROOM,2002.0,HARTMANN PLANTATION CT,37090,LEBANON,Lebanon,9501,LEBANON,,3494.715517803822,9500,9501,NORMAL,,3.1696446528546196,-86.3378259246438,36.191891527007385
OFFICE,2000.0,HARTMANN PLANTATION CT,37090,LEBANON,Lebanon,9501,LEBANON,,3455.332705899723,9500,9501,NORMAL,,5.6150809382952,-86.3379591127257,36.191909038462725
POOL,2004.0,HARTMANN PLANTATION CT,37090,LEBANON,Lebanon,9501,LEBANON,,3465.779792807702,9500,9501,NORMAL,,48.653938370825976,-86.33800749498171,36.191699660466384
FITNESS CENTER,2002.0,HARTMANN PLANTATION CT,37090,LEBANON,Lebanon,9501,LEBANON,,3494.2025041658644,9500,9501,NORMAL,,19.357161487498683,-86.3378506832828,36.1918336333082
BUSINESS CENTER,2004.0,HARTMANN PLANTATION CT,37090,LEBANON,Lebanon,9501,LEBANON,,3472.668354102658,9500,9501,NORMAL,,16.050266543705824,-86.3379169828952,36.191859677438785
"2nd Floor- 2004,2005",2004.0,HARTMANN PLANTATION CT,37090,LEBANON,Lebanon,9501,LEBANON,,3454.9189745465887,9500,9501,NORMAL,,14.932634264830607,-86.3379991519305,36.1918129488905
IT ROOM,2003.0,HARTMANN PLANTATION CT,37090,LEBANON,Lebanon,9501,LEBANON,,3410.1352851656748,9500,9501,NORMAL,,9.740695102750635,-86.3381536502157,36.19182622773361
MAINTENANCE SHOP,2010.0,HARTMANN PLANTATION CT,37090,LEBANON,Lebanon,9501,LEBANON,,3486.3771944414743,9500,9501,NORMAL,,6.925368243344924,-86.338035920858,36.1914670890379
MAIL CENTER,2010.0,HARTMANN PLANTATION CT,37090,LEBANON,Lebanon,9501,LEBANON,,3494.959421846617,9500,9501,NORMAL,,35.01410803911636,-86.338040739456,36.19138957796122
"G20,G21",5038.0,HARVEST LAND DR,37090,LEBANON,Lebanon,9501,LEBANON,,3456.8440188539475,9500,9501,NORMAL,,41.925120007917364,-86.3370685873447,36.19014065339591
"G33,G34,G35",3119.0,SHERWOOD LN,37090,LEBANON,Lebanon,9501,LEBANON,,3449.7764746514076,9500,9501,NORMAL,,40.12761751122846,-86.3374767929294,36.190152032187086
"G31,G32",3141.0,SHERWOOD LN,37090,LEBANON,Lebanon,9501,LEBANON,,3160.998985274828,9500,9501,NORMAL,,33.6457176665805,-86.3375638867948,36.1893619114095
"G28,G29,G30",3143.0,SHERWOOD LN,37090,LEBANON,Lebanon,9501,LEBANON,,3117.421746253229,9500,9501,NORMAL,,52.55639221638503,-86.3375766164084,36.18924264897201
"G22,G23,G24",1530.0,HARTMANN PLANTATION CIR,37090,LEBANON,Lebanon,9501,LEBANON,,3114.3372791404736,9500,9501,NORMAL,,39.83465480940828,-86.3371682964131,36.18920325309791
"1st Floor-5014,5018,5022,5026",5018.0,HARVEST LAND DR,37090,LEBANON,Lebanon,9501,LEBANON,,3523.684404724267,9500,9501,NORMAL,,20.470918246756277,-86.3378790692323,36.19040824617832
"2nd Floor-5012,5016,5020,5024",5018.0,HARVEST LAND DR,37090,LEBANON,Lebanon,9501,LEBANON,,3520.1992399204337,9500,9501,NORMAL,,16.251637828950823,-86.3378793851901,36.190396024483
"G36,G37,G38",5000.0,HARVEST LAND DR,37090,LEBANON,Lebanon,9501,LEBANON,,3288.085163586917,9500,9501,NORMAL,,96.65005826107593,-86.3388636202832,36.1902116238711
GAZEBO,3150.0,SHERWOOD LN,37090,LEBANON,Lebanon,9501,LEBANON,,3117.0854536466127,9500,9501,NORMAL,,111.39833435035578,-86.3378900139581,36.18926542622972
G39-G48,6004.0,FALCON HALL DR,37090,LEBANON,Lebanon,9501,LEBANON,,2627.241805864536,9500,9501,NORMAL,,47.2343188305097,-86.3385707543759,36.1879654844765
G86-G93,6010.0,FALCON HALL DR,37090,LEBANON,Lebanon,9501,LEBANON,,2582.107328767633,9500,9501,NORMAL,,94.661101271778,-86.33842545018642,36.1878299731046
G49-G57,6024.0,FALCON HALL DR,37090,LEBANON,Lebanon,9501,LEBANON,,2625.3222749450406,9500,9501,NORMAL,,48.59191481265549,-86.3379086607096,36.1879101106407
G58-G66,6034.0,FALCON HALL DR,37090,LEBANON,Lebanon,9501,LEBANON,,2625.9012900575954,9500,9501,NORMAL,,48.867422522141496,-86.3375052449011,36.187881193523424
G76-G85,6022.0,FALCON HALL DR,37090,LEBANON,Lebanon,9501,LEBANON,,2581.0394494733723,9500,9501,NORMAL,,93.26717527349064,-86.337979642804,36.1877933076651
G67-G75,6034.0,FALCON HALL DR,37090,LEBANON,Lebanon,9501,LEBANON,,2580.9835895689375,9500,9501,NORMAL,,93.43428474015887,-86.3375347318649,36.18775950041339
"1st Floor-1579,1583,1587,1591,1595,1599",1599.0,HARTMANN PLANTATION CIR,37090,LEBANON,Lebanon,9501,LEBANON,,3565.6274073158975,9500,9501,NORMAL,,33.6441715614859,-86.3366521741774,36.190409276154604
"2nd Floor-1577,1581,1585,1589,1593,1597",1599.0,HARTMANN PLANTATION CIR,37090,LEBANON,Lebanon,9501,LEBANON,,3556.9451808406493,9500,9501,NORMAL,,25.881000202237324,-86.3366535450116,36.1903854264304
"2nd Floor-1529,1533,1537,1541,1545,1549",1551.0,HARTMANN PLANTATION CIR,37090,LEBANON,Lebanon,9501,LEBANON,,3233.7321561758604,9500,9501,NORMAL,,15.04454984722504,-86.3368042454033,36.18950511305209
"1st Floor-1531,1535,1539,1543,1547,1551",1555.0,HARTMANN PLANTATION CIR,37090,LEBANON,Lebanon,9501,LEBANON,,3240.8531592685094,9500,9501,NORMAL,,21.869705757559522,-86.3367969718978,36.1895242089873
"1st Floor- 1555,1559,1563,1567,1571,1575",1579.0,HARTMANN PLANTATION CIR,37090,LEBANON,Lebanon,9501,LEBANON,,3398.971630190021,9500,9501,NORMAL,,19.591192349375575,-86.3367561573374,36.18995735508519
"2nd Floor-1553,1557,1561,1565,1569,1573",1575.0,HARTMANN PLANTATION CIR,37090,LEBANON,Lebanon,9501,LEBANON,,3390.9865568475466,9500,9501,NORMAL,,15.165998682893578,-86.3367634207697,36.18993587450239
"1st Floor-1505,1509,1513,1517,1521,1525",1525.0,HARTMANN PLANTATION CIR,37090,LEBANON,Lebanon,9501,LEBANON,,3081.4389352597277,9500,9501,NORMAL,,19.96620465607412,-86.3368560157176,36.18908886701111
"2nd Floor-1507,1511,1515,1519,1523,1527",1525.0,HARTMANN PLANTATION CIR,37090,LEBANON,Lebanon,9501,LEBANON,,3073.612434239578,9500,9501,NORMAL,,12.22239876212201,-86.3368576901042,36.18906740110991
"1st Floor-1510,1514,1518,1522,1526,1530",1532.0,HARTMANN PLANTATION CIR,37090,LEBANON,Lebanon,9501,LEBANON,,3099.079038182588,9500,9501,NORMAL,,24.080547290355142,-86.3372843688462,36.18916993719349
"2nd Floor-1512,1516,1520,1524,1528,1532",1532.0,HARTMANN PLANTATION CIR,37090,LEBANON,Lebanon,9501,LEBANON,,3090.784484393266,9500,9501,NORMAL,,15.755261632586736,-86.3372842715239,36.189147045968014
"1st Floor-1534,1538,1542,1546,1550,1554",1560.0,HARTMANN PLANTATION CIR,37090,LEBANON,Lebanon,9501,LEBANON,,3291.0168516024614,9500,9501,NORMAL,,20.652713890316058,-86.33722747386352,36.18969517115522
"2nd Floor-1536,1540,1544,1548,1552,1556",1556.0,HARTMANN PLANTATION CIR,37090,LEBANON,Lebanon,9501,LEBANON,,3281.375998073157,9500,9501,NORMAL,,15.577429471091126,-86.33722912687742,36.189668698022885
"1st Floor-1558,1562,1566,1570,1574",1576.0,HARTMANN PLANTATION CIR,37090,LEBANON,Lebanon,9501,LEBANON,,3427.8662255304585,9500,9501,NORMAL,,29.02586847246748,-86.337189943213,36.190069886243506
"2nd Floor-1560,1564,1568,1572,1576",1576.0,HARTMANN PLANTATION CIR,37090,LEBANON,Lebanon,9501,LEBANON,,3419.521509265071,9500,9501,NORMAL,,20.85623260995576,-86.3371916103389,36.19004699009591
RESTROOMS,3160.0,SHERWOOD LN,37090,LEBANON,Lebanon,9501,LEBANON,,2870.690591416529,9500,9501,NORMAL,,59.510380680512164,-86.3379667175558,36.1885914489228
WELL ROOM,6021.0,FALCON HALL DR,37090,LEBANON,Lebanon,9501,LEBANON,,2842.3590275197125,9500,9501,NORMAL,,53.073771308450375,-86.3379752126888,36.1885139274951
SPLASH PAD,1095.0,HARTMANN PLANTATION CIR,37090,LEBANON,Lebanon,9501,LEBANON,,2895.536087388918,9500,9501,NORMAL,,89.425855367933,-86.3382936346679,36.1886847219472
PLAYGROUND,3156.0,SHERWOOD LN,37090,LEBANON,Lebanon,9501,LEBANON,,2942.1375730068694,9500,9501,NORMAL,,83.22429830345216,-86.3382809418107,36.188812330764215
PET PARK,1031.0,HARTMANN PLANTATION CIR,37090,LEBANON,Lebanon,9501,LEBANON,,3291.57758682918,9500,9501,NORMAL,,101.4386177707988,-86.3388655804326,36.19122622502671
SHOP,1031.0,HARTMANN PLANTATION CIR,37090,LEBANON,Lebanon,9501,LEBANON,,3323.34952730221,9500,9501,NORMAL,,69.07663996287052,-86.3387543357432,36.19121509146041
G1-G9,1640.0,HARTMANN PLANTATION CIR,37090,LEBANON,Lebanon,9501,LEBANON,,3833.924292564507,9500,9501,NORMAL,,78.11932311525534,-86.3365898877864,36.1919930186804
G10-G19,1622.0,HARTMANN PLANTATION CIR,37090,LEBANON,Lebanon,9501,LEBANON,,3882.618511148518,9500,9501,NORMAL,,72.39706613868726,-86.3366484843538,36.1913824143202
 ,1618.0,HARTMANN PLANTATION CIR,37090,LEBANON,Lebanon,9501,LEBANON,,3885.0767805042237,9500,9501,NORMAL,,105.5752289207434,-86.3365456890414,36.19128255066331
PET PARK,6000.0,FALCON HALL DR,37090,LEBANON,Lebanon,9501,LEBANON,,2502.6708816519194,9500,9501,NORMAL,,171.29549477793307,-86.3386612908365,36.18762865329461
Proposed Daycare,1000.0,WEST END STATION DR,37087,LEBANON,Lebanon,9501,LEBANON,,1525.4144074892945,9500,9501,NORMAL,,34.43144896801958,-86.3535910775515,36.226382601620195
PRIMARY RESIDENTIAL MORTGAGE INC,1007.0,CHARLIE DANIELS PKWY,37122,MT JULIET,Mt. Juliet,9503,MT. JULIET,,4368.21964775591,9500,9503,NORMAL,,24.69147716140147,-86.51355723788681,36.2221774589474
TOMLINSON POINTE,43.0,WALLER DR,37122,MT JULIET,Mt. Juliet,9500,(Unincorporated),,901.4174722111052,9500,9503,WATCH,POSTAL_CITY_EXPOSURE,37.78471698865307,-86.4778632636749,36.228097855403995
SHOP,835.0,JORDAN RD,37085,LASCASSAS,Unincorporated,9500,(Unincorporated),RUTHERFORD,1255.8172049888572,7500,9500,NORMAL,CROSS_COUNTY_POSTAL,41.12124361880286,-86.29920247447032,35.98050751301479
Flower Farm,1111.0,ACADEMY RD,37087,LEBANON,Unincorporated,9500,(Unincorporated),,7214.068516507627,8300,9500,NORMAL,POSTAL_CITY_EXPOSURE,87.64498524792067,-86.4109202882669,36.28702492174302
CENTRAL STATES BUS SALES,303.0,BUSINESS PARK DR,37090,LEBANON,Lebanon,9501,LEBANON,,163.47579821026022,9500,9501,HIGH,BOUNDARY_RISK,39.31258944420779,-86.4205492165173,36.224859431805505
BIG AND SMALL STORAGE,163.0,BUSINESS PARK DR,37090,LEBANON,Lebanon,9501,LEBANON,,438.5280607964658,9500,9501,WATCH,,117.53738633449666,-86.4223949520315,36.224841306864
TENNESSEE HYDROVAC,3625.0,MURFREESBORO RD,37090,LEBANON,Unincorporated,9500,(Unincorporated),,14303.43534074494,9500,9501,NORMAL,POSTAL_CITY_EXPOSURE,321.0391419651319,-86.3274650500572,36.112923454249305
FUTURE WEMA STATION 10,7980.0,CENTRAL PIKE,37122,MT JULIET,Mt. Juliet,9503,MT. JULIET,,99.74889528248362,9500,9503,HIGH,BOUNDARY_RISK,39.83141580739704,-86.5188020455318,36.1546745288591
LOVES WAY CHURCH,1315.0,MURFREESBORO RD,37090,LEBANON,Lebanon,9501,LEBANON,,62.39363910857632,9500,9501,HIGH,BOUNDARY_RISK,63.30266509337427,-86.3047657116291,36.164747589061484
WASH AND ROLL CAR WASH,73.0,BELINDA PKWY,37122,MT JULIET,Mt. Juliet,9503,MT. JULIET,,1314.6356183170194,9500,9503,NORMAL,,38.780034577359935,-86.5056253760993,36.1697432124844
STORAGE BUILDING,785.0,RAMSEY RD,37087,LEBANON,Unincorporated,9500,(Unincorporated),,3199.0268480390237,8300,9500,NORMAL,POSTAL_CITY_EXPOSURE,15.01343948833843,-86.2863321855186,36.3195958626423
ZF,1103.0,W BADDOUR PKWY,37087,LEBANON,Lebanon,9501,LEBANON,,4605.4237215189505,9500,9501,NORMAL,,295.8938541079844,-86.3173339806301,36.220626045016715
"ALL APT NUMBERS HAVE BLDG NUMBER 1ST, FLOOR LEVEL 2ND, THEN UNIT NUMBER 3RD",4209.0,AVIATION WAY,37087,LEBANON,Lebanon,9501,LEBANON,,5101.776794483282,9500,9501,NORMAL,,64.48874895504794,-86.3213740722856,36.1879666283746
OLD N GREENHILL RD/ THIS SECTION USED TO BE N GREENHILL RD,175.0,OLD N GREENHILL RD,37122,MT JULIET,Unincorporated,9500,(Unincorporated),,23.579161577761326,9500,9503,CRITICAL,POSTAL_CITY_EXPOSURE,89.56217153328544,-86.5434797702472,36.226837184161624
Playground,4005.0,PLANTERS TRL,37122,MT JULIET,Mt. Juliet,9503,MT. JULIET,,2657.053835714893,9500,9503,NORMAL,,13.732149158770373,-86.48527123867,36.2060260571291
MATTRESS KING,85.0,N MT JULIET RD,37122,MT JULIET,Mt. Juliet,9503,MT. JULIET,,2311.620778786639,9500,9503,NORMAL,,12.695011739716117,-86.5125988294527,36.1725366744605
HAMBLEN'S WRECKER SERVICE,8594.0,CENTRAL PIKE,37122,MT JULIET,Unincorporated,9500,(Unincorporated),,409.92251085166,9500,9503,WATCH,POSTAL_CITY_EXPOSURE,57.855849258749174,-86.5094831715491,36.1497202490267
ROOMS TO GO OUTLET,125.0,LOGISTICS DR,37090,LEBANON,Unincorporated,9500,(Unincorporated),,8968.637800353777,7500,9500,NORMAL,POSTAL_CITY_EXPOSURE,416.7243615386535,-86.4266534285168,36.078285065133315
VANDY WILSON MCFARLAND CAMPUS,500.0,PARK AVE,37087,LEBANON,Lebanon,9501,LEBANON,,4019.4084459158316,9500,9501,NORMAL,,62.27681854201558,-86.2829587303756,36.20315049011559
US POST OFFICE,226.0,E GAY ST,37087,LEBANON,Lebanon,9501,LEBANON,,5117.206341849821,9500,9501,NORMAL,,38.55287956825113,-86.2880662771382,36.20613182077203
WILSON COUNTY COURTHOUSE,228.0,E MAIN ST,37087,LEBANON,Lebanon,9501,LEBANON,,4862.200408008692,9500,9501,NORMAL,,31.167798559868515,-86.2873689529667,36.20694183523201
LEE & LEE ATTORNEY,115.0,E GAY ST,37087,LEBANON,Lebanon,9501,LEBANON,,5605.095499152146,9500,9501,NORMAL,,24.478492842613488,-86.2901644907567,36.2070400694043
DISTRICT ATTORNEY,119.0,S COLLEGE ST,37087,LEBANON,Lebanon,9501,LEBANON,,5455.314033705492,9500,9501,NORMAL,,20.16493082848718,-86.28954430806631,36.20694692750613
WILSON COUNTY ARCHIVES,111.0,S COLLEGE ST,37087,LEBANON,Lebanon,9501,LEBANON,,5395.198253379202,9500,9501,NORMAL,,23.310831118360966,-86.2895457008426,36.2073284481198
CARE NOW,1705.0,W MAIN ST,37087,LEBANON,Lebanon,9501,LEBANON,,3289.110173830929,9500,9501,NORMAL,,21.40676086528854,-86.3460610790632,36.22359548803859
HOPE BAPTIST CHURCH,208.0,GRANVILLE DR,37090,LEBANON,Lebanon,9501,LEBANON,,3409.5348404329534,9500,9501,NORMAL,,45.88169513303642,-86.3042102548423,36.179357452277216
AERO DESIGN BATTERY SHOP,101.0,CLEMMONS RD,37122,MT JULIET,Mt. Juliet,9503,MT. JULIET,,148.39711715370228,9500,9503,HIGH,BOUNDARY_RISK,63.808521721005995,-86.5085060027742,36.19633879913342
MT JULIET FIRE MAIN HEADQUARTERS,115.0,CLEMMONS RD,37122,MT JULIET,Mt. Juliet,9503,MT. JULIET,,272.6266749519326,9500,9503,WATCH,,76.08270532002817,-86.5100550085243,36.1965802585132
HUSKEY TRUSS & SUPPLY BUILDING,130.0,CLEMMONS RD,37122,MT JULIET,Mt. Juliet,9503,MT. JULIET,,241.60715418517503,9500,9503,HIGH,BOUNDARY_RISK,78.98147466997347,-86.50686856753832,36.196069076627495
ROWLAND FARMS,1098.0,AMBERLY WAY,37090,LEBANON,Lebanon,9501,LEBANON,,1577.582678317125,9500,9501,NORMAL,,46.13197147702139,-86.3616510323442,36.189139112220815
JOY BRIDGE KIDS- OWNER ADV ADDRESS IS 1535 N MT JULIET RD,1048.0,PLAZA DR,37122,MT JULIET,Mt. Juliet,9503,MT. JULIET,,401.76484407231834,9500,9503,WATCH,,29.103717326308317,-86.514109041079,36.1931083441523
CAIRO BEND COMMUNITY PARK,85.0,HEATHERLY WAY,37087,LEBANON,Lebanon,9501,LEBANON,,1410.1846286831963,9500,9501,NORMAL,,29.022828403331633,-86.4024294202395,36.241071685664885
BONNIE OAKS,606.0,BELLA CT,37087,LEBANON,Lebanon,9501,LEBANON,,438.72954550585536,9500,9501,WATCH,,117.17506747432415,-86.2748565951029,36.2153637136189
HERMITAGE MATERIALS,3601.0,E SAULSBURY RD,37184,WATERTOWN,Unincorporated,9500,(Unincorporated),,5824.675413077116,8000,9500,NORMAL,POSTAL_CITY_EXPOSURE,69.18881533002735,-86.1103502575482,36.16975406772039
THE RESERVE AT WRIGHT FARMS,2904.0,CARISBROOKE DR,37122,MT JULIET,Unincorporated,9500,(Unincorporated),,3951.7204762972037,9500,9503,NORMAL,POSTAL_CITY_EXPOSURE,77.23902100323068,-86.4936054815868,36.14252587634463
RESTAURANT,9120.0,SAUNDERSVILLE RD,37122,MT JULIET,Mt. Juliet,9503,MT. JULIET,,83.09859039979686,9500,9503,HIGH,BOUNDARY_RISK,30.304381165895826,-86.5111983708035,36.2740547292401
OFFICE/STORE,9120.0,SAUNDERSVILLE RD,37122,MT JULIET,Unincorporated,9500,(Unincorporated),,42.18319981247156,9500,9503,CRITICAL,POSTAL_CITY_EXPOSURE,20.30118342160442,-86.5116693929171,36.2740318718607
HORIZON LAND TITLE,1000.0,PLEASANT GROVE PL,37122,MT JULIET,Mt. Juliet,9503,MT. JULIET,,3755.3334608416385,9500,9503,NORMAL,,35.419422812411824,-86.5177915917473,36.173992727725306
LAW OFFICES,1000.0,PLEASANT GROVE PL,37122,MT JULIET,Mt. Juliet,9503,MT. JULIET,,3790.218745266022,9500,9503,NORMAL,,41.46587194501681,-86.517909108419,36.1739731467858
SOLAREN RISK MANAGEMENT,1000.0,PLEASANT GROVE PL,37122,MT JULIET,Mt. Juliet,9503,MT. JULIET,,3826.35402318967,9500,9503,NORMAL,,78.54207008144225,-86.5180328643671,36.17400838458831
APRIMA ,1002.0,PLEASANT GROVE PL,37122,MT JULIET,Mt. Juliet,9503,MT. JULIET,,3712.543262303483,9500,9503,NORMAL,,39.76510591367776,-86.5179238595371,36.17352955439042
CUTTING TOOLS INC,1002.0,PLEASANT GROVE PL,37122,MT JULIET,Mt. Juliet,9503,MT. JULIET,,3651.1530965779443,9500,9503,NORMAL,,33.43197154945199,-86.5179315768967,36.17336021763691
REED PRECISION GRINDING,1002.0,PLEASANT GROVE PL,37122,MT JULIET,Mt. Juliet,9503,MT. JULIET,,3651.0894669243094,9500,9503,NORMAL,,29.516978391931147,-86.51805813295711,36.17337398190558
JONES BROS,1010.0,PLEASANT GROVE PL,37122,MT JULIET,Mt. Juliet,9503,MT. JULIET,,2756.8540308746474,9500,9503,NORMAL,,29.580436184696595,-86.5183833361668,36.1709307898452
THE PRESERVE AT BELLE POINTE,52.0,HEATHERLY WAY,37087,LEBANON,Lebanon,9501,LEBANON,,976.1771094268648,9500,9501,WATCH,,91.66055393489948,-86.4007539879835,36.24156584357907
DEMO HOME ,1.0,WEATHERLY DR,37087,LEBANON,Lebanon,9501,LEBANON,,4908.343120561535,9500,9501,NORMAL,,16.59681296776921,-86.30569581037,36.1843774577966
CUMBERLAND UNIVERSITY FOOTBALL,1842.0,STADIUM DR,37087,LEBANON,Lebanon,9501,LEBANON,,5138.696960474684,9500,9501,NORMAL,,65.25059662881607,-86.2856674575691,36.2004238713647
GARAGE/SHOP,5361.0,STEWARTS FERRY PIKE,37122,MT JULIET,Unincorporated,9500,(Unincorporated),,11096.510194540873,9500,9503,NORMAL,POSTAL_CITY_EXPOSURE,18.289162273655542,-86.4801020038106,36.117511721916294
HARTSVILLE HIGHLANDS,296.0,HAZELWOOD PIKE,37087,LEBANON,Lebanon,9501,LEBANON,,3215.5631361214378,9500,9501,NORMAL,,43.85285519685074,-86.2843616551159,36.21476182640439
SLIM CHICKENS,4161.0,N MT JULIET RD,37122,MT JULIET,Mt. Juliet,9503,MT. JULIET,,1978.7931607806179,9500,9503,NORMAL,,63.357206483263134,-86.5130802948584,36.22973517763421
ADVANCED PROPANE,4100.0,ACADEMY RD,37087,LEBANON,Unincorporated,9500,(Unincorporated),,11399.80438304692,8300,9500,NORMAL,POSTAL_CITY_EXPOSURE,206.08415507811432,-86.4431099221303,36.291720213866704
TAKE 5 OIL CHANGE,1418.0,W MAIN ST,37087,LEBANON,Lebanon,9501,LEBANON,,6888.947420623199,9500,9501,NORMAL,,17.90421719076393,-86.3299773178963,36.215686441785195
M.L. ROSE,401.0,S MT JULIET RD,37122,MT JULIET,Mt. Juliet,9503,MT. JULIET,,2578.7066121455873,9500,9503,NORMAL,,60.76944284400729,-86.5116018266503,36.1687790757886
SHOE SHOW,1425.0,W MAIN ST,37087,LEBANON,Lebanon,9501,LEBANON,,6814.853780026438,9500,9501,NORMAL,,28.96039066110082,-86.3298824304459,36.217031474868
AUTO ZONE,1425.0,W MAIN ST,37087,LEBANON,Lebanon,9501,LEBANON,,6881.870888931877,9500,9501,NORMAL,,31.551286662825397,-86.3299216959484,36.21685014411323
WHATABURGER,630.0,S  CUMBERLAND ST,37087,LEBANON,Lebanon,9501,LEBANON,,6273.913024154996,9500,9501,NORMAL,,23.44536923663586,-86.2956744712419,36.19110639049171
DICKERSON CHAPEL ACCESS,700.0,S DICKERSON CHAPEL RD,37087,LEBANON,Unincorporated,9500,(Unincorporated),,4637.314412722414,8500,9500,NORMAL,POSTAL_CITY_EXPOSURE,240.18124488909103,-86.2333214034956,36.303957923093805
BARN,1682.0,SMITH HOLLOW RD,37184,WATERTOWN,Unincorporated,9500,(Unincorporated),,9736.026326460085,9500,9502,NORMAL,POSTAL_CITY_EXPOSURE,179.9748809506795,-86.1646690586239,36.0703014246622
POOL HOUSE,1682.0,SMITH HOLLOW RD,37184,WATERTOWN,Unincorporated,9500,(Unincorporated),,9607.265699765614,9500,9502,NORMAL,POSTAL_CITY_EXPOSURE,31.924211126003996,-86.1640762142198,36.07053115485739
NASHVILLE SUPERSPEEDWAY,,,,,,9500,(Unincorporated),,3427.9719608989194,7500,9500,NORMAL,,,-86.405999862858,36.047099884102416
CAHOOTS,427.0,S COLLEGE ST,37087,LEBANON,Lebanon,9501,LEBANON,,6758.399641917795,9500,9501,NORMAL,,41.75446649349918,-86.2907090996443,36.19865360642089
MID TENN TECHNOLOGY INC,336.0,S CUMBERLAND ST,37087,LEBANON,Lebanon,9501,LEBANON,,6945.931301603354,9500,9501,NORMAL,,15.543224114381044,-86.2925545293998,36.20107926922112
RECYCLED GRANITE NASHVILLE,321.0,S CUMBERLAND ST,37087,LEBANON,Lebanon,9501,LEBANON,,6590.14280758992,9500,9501,NORMAL,,19.183911499912515,-86.2915563819086,36.20174625095219
BRADLEY HEAT AND AIR,105.0,SHORT ST,37087,LEBANON,Lebanon,9501,LEBANON,,6128.932085899985,9500,9501,NORMAL,,28.062674658165925,-86.2907657408821,36.203601008819795
SEVEN CEDARS BUTCHER BLOCK,135.0,PUBLIC SQUARE,37087,LEBANON,Lebanon,9501,LEBANON,,6012.5717826552345,9500,9501,NORMAL,,16.75901691501627,-86.2916999396282,36.207075191809594
THE ARCADE,142.0,PUBLIC SQUARE,37087,LEBANON,Lebanon,9501,LEBANON,,5684.479691988558,9500,9501,NORMAL,,27.230642214797978,-86.290705463473,36.207482362086694
3:SIXTEEN,108.0,E MAIN ST,37087,LEBANON,Lebanon,9501,LEBANON,,5479.25922954293,9500,9501,NORMAL,,3.1543743411879577,-86.2900732869969,36.20771804178571
SPLIT BEAN ROASTING COMPANY,110.0,E MAIN ST,37087,LEBANON,Lebanon,9501,LEBANON,,5459.372415885896,9500,9501,NORMAL,,2.3108885199440974,-86.28999646866,36.207711430076195
WILSON COUNTY CLERK,129.0,S COLLEGE ST,37087,LEBANON,Lebanon,9501,LEBANON,,5570.7387975230895,9500,9501,NORMAL,,15.05490466033614,-86.2896735006759,36.20630861771291
WILSON LIVING MAGAZINE,133.0,S COLLEGE ST,37087,LEBANON,Lebanon,9501,LEBANON,,5610.806648586181,9500,9501,NORMAL,,25.45647597946964,-86.2897741076892,36.20614241312669
KANE AND CROWELL ATTORNEYS,133.0,S COLLEGE ST,37087,LEBANON,Lebanon,9501,LEBANON,,5566.849815882266,9500,9501,NORMAL,,24.607880480556144,-86.2896127197972,36.20610083340578
WILSON COUNTY TELEVISION,220.0,E GAY ST,37087,LEBANON,Lebanon,9501,LEBANON,,5369.944101882786,9500,9501,NORMAL,,13.4612710021521,-86.2889802774572,36.20630169434982
WILSON COUNTY ELECTION OFFICE,203.0,E MAIN ST,37087,LEBANON,Lebanon,9501,LEBANON,,5278.439199466796,9500,9501,NORMAL,,16.950201528597194,-86.2894855129751,36.208007800210886
THE CEDAR TAP,107.0,W MAIN ST,37087,LEBANON,Lebanon,9501,LEBANON,,5908.325211492398,9500,9501,NORMAL,,12.998921017408222,-86.2918837822509,36.208240718267994
SHARKY'S SNOBALLS,104.0,N MAPLE ST,37087,LEBANON,Lebanon,9501,LEBANON,,6066.388041503648,9500,9501,NORMAL,,13.66125572174404,-86.2926384519633,36.20870816524671
F&M BANK,225.0,W MAIN ST,37087,LEBANON,Lebanon,9501,LEBANON,,6328.6703878477465,9500,9501,NORMAL,,14.560982829130126,-86.2935526743515,36.20866863802019
 ,3366.0,N MT JULIET RD,37122,MT JULIET,Mt. Juliet,9503,MT. JULIET,,4347.555215948177,9500,9503,NORMAL,,19.526291980633196,-86.5160810826519,36.21707750992081
VILLAGE VETERINARY HOSPITAL,3366.0,N MT JULIET RD,37122,MT JULIET,Mt. Juliet,9503,MT. JULIET,,4347.555215948177,9500,9503,NORMAL,,19.526291980633196,-86.5160810826519,36.21707750992081
GREEN HILL CHURCH,13251.0,LEBANON RD,37122,MT JULIET,Mt. Juliet,9503,MT. JULIET,,168.70460515594465,9500,9503,HIGH,BOUNDARY_RISK,25.624644818452044,-86.5472770889585,36.224026449405315
DOLLAR GENERAL,8910.0,SPARTA PIKE,37184,WATERTOWN,Watertown,9502,WATERTOWN,,265.7825437196002,9500,9502,WATCH,,19.236273196767534,-86.1340892302957,36.09751404032262
Castle Hts Elementary (Care 4 U Employee Clinic),1009.0,N CASTLE HEIGHTS AVE,37087,LEBANON,Lebanon,9501,LEBANON,,2795.356380588911,9500,9501,NORMAL,,42.09942270046956,-86.2979579196824,36.2252808601505
HAS A DRIVE EASMENT FROM 1049 HENDERSON RD,,,,,,9500,(Unincorporated),,28458.248955471714,9500,9501,NORMAL,,,-86.2800163801216,36.076261480213304
REI,1400.0,MURFREESBORO RD,37090,LEBANON,Lebanon,9500,(Unincorporated),,378.40628877736424,9500,9501,WATCH,POSTAL_CITY_EXPOSURE,365.9609293697342,-86.3077634470702,36.16481400782081
PORTER DENTISTRY,1633.0,W MAIN ST,37087,LEBANON,Lebanon,9501,LEBANON,,4934.439198584386,9500,9501,NORMAL,,15.424160645014831,-86.3407500155989,36.22129261171859
CUMBERLAND CHIROPRATIC,1633.0,W MAIN ST,37087,LEBANON,Lebanon,9501,LEBANON,,5057.9778235325475,9500,9501,NORMAL,,22.030101951318628,-86.3399297323124,36.22102588010641
PAIN & SPINE CONSULTANTS,1633.0,W MAIN ST,37087,LEBANON,Lebanon,9501,LEBANON,,4991.454020082255,9500,9501,NORMAL,,20.886323220889135,-86.3403716118454,36.221165869550724
HOT YOGA LEBANON,1633.0,W MAIN ST,37087,LEBANON,Lebanon,9501,LEBANON,,5045.263231558018,9500,9501,NORMAL,,20.822770477086703,-86.3400285728381,36.22105047138779
HOME INSTEAD,1633.0,W MAIN ST,37087,LEBANON,Lebanon,9501,LEBANON,,4952.722351241574,9500,9501,NORMAL,,13.370933787363183,-86.3401310064765,36.22129611567979
NO MAILBOX AND GATED,10570.0,BLUEBIRD RD,37184,WATERTOWN,Unincorporated,9500,(Unincorporated),,7147.800975028294,8000,9500,NORMAL,POSTAL_CITY_EXPOSURE,43.32556065361502,-86.1140278922519,36.167017514469585
TRANS-US SOLUTIONS,1633.0,W MAIN ST,37087,LEBANON,Lebanon,9501,LEBANON,,4897.584339822218,9500,9501,NORMAL,,15.058642122397094,-86.3405156286777,36.2214126679594
KNOELL,1633.0,W MAIN ST,37087,LEBANON,Lebanon,9501,LEBANON,,4878.062216275612,9500,9501,NORMAL,,10.387171559617117,-86.3406558903781,36.22145519362001
J.M. INSURANCE AGENCY,1633.0,W MAIN ST,37087,LEBANON,Lebanon,9501,LEBANON,,4844.41045149564,9500,9501,NORMAL,,12.531468727319663,-86.3409092950145,36.2215298288554
RYAN ROOFING,1633.0,W MAIN ST,37087,LEBANON,Lebanon,9501,LEBANON,,4724.498272548953,9500,9501,NORMAL,,5.547649850599083,-86.3413401396274,36.2218061698439
RYAN STEPHENS CUSTOM HOMES,1633.0,W MAIN ST,37087,LEBANON,Lebanon,9501,LEBANON,,4736.007895981703,9500,9501,NORMAL,,7.877804062939439,-86.3413716016875,36.2217316842295
CDS VENTURES,1633.0,W MAIN ST,37087,LEBANON,Lebanon,9501,LEBANON,,4761.198222961314,9500,9501,NORMAL,,6.910627785862076,-86.3414286314467,36.22158082172491
THE TOWN DOCTOR,1633.0,W MAIN ST,37087,LEBANON,Lebanon,9501,LEBANON,,4772.02298611472,9500,9501,NORMAL,,6.321978187562155,-86.341478878687,36.2214948373272
LESTER DIGITAL,1633.0,W MAIN ST,37087,LEBANON,Lebanon,9501,LEBANON,,4781.309473496927,9500,9501,NORMAL,,6.103546046988367,-86.3414974863002,36.22144232490322
PRINTASTIK DESIGNS,1633.0,W MAIN ST,37087,LEBANON,Lebanon,9501,LEBANON,,4766.503036254791,9500,9501,NORMAL,,10.068028786036548,-86.3415458265488,36.22146031109249
TSI,1633.0,W MAIN ST,37087,LEBANON,Lebanon,9501,LEBANON,,4881.000167708367,9500,9501,NORMAL,,8.731276347267825,-86.3411317261619,36.2213562634266
JASA MASSAGE,1633.0,W MAIN ST,37087,LEBANON,Lebanon,9501,LEBANON,,4911.71455327332,9500,9501,NORMAL,,9.955133277563844,-86.34103902519641,36.22131294883919
SALON REVIVE,1633.0,W MAIN ST,37087,LEBANON,Lebanon,9501,LEBANON,,4933.7467700395455,9500,9501,NORMAL,,8.186550609046922,-86.3409388342937,36.22128175616561
PIZZA HUT ,1645.0,W MAIN ST,37087,LEBANON,Lebanon,9501,LEBANON,,4983.115997432217,9500,9501,NORMAL,,24.056453886906834,-86.3414318377601,36.220711476964304
CORN CRIB ,1645.0,W MAIN ST,37087,LEBANON,Lebanon,9501,LEBANON,,4950.426617307861,9500,9501,NORMAL,,24.205741533302756,-86.34154434846491,36.22074835902231
VACCANT,1645.0,W MAIN ST,37087,LEBANON,Lebanon,9501,LEBANON,,4927.958059379551,9500,9501,NORMAL,,19.498936928199974,-86.3416236619393,36.2207722706145
MARTIAL ARTS,1645.0,W MAIN ST,37087,LEBANON,Lebanon,9501,LEBANON,,4905.997313227125,9500,9501,NORMAL,,20.51667923664544,-86.34169763431031,36.220798466567594
DUNKIN DONUTS,1645.0,W MAIN ST,37087,LEBANON,Lebanon,9501,LEBANON,,4860.363586944054,9500,9501,NORMAL,,23.2356901967744,-86.3418458617194,36.220857311261405
VANDERBILT EYE INSTITUTE STE 100,1670.0,W MAIN ST,37087,LEBANON,Lebanon,9501,LEBANON,,4549.2137091760405,9500,9501,NORMAL,,12.035241471419793,-86.3438587833446,36.220594546080996
EYE SURGERY CENTER STE 120,1670.0,W MAIN ST,37087,LEBANON,Lebanon,9501,LEBANON,,4582.027822127376,9500,9501,NORMAL,,29.00610737124295,-86.3441484835063,36.220310263563
VANDERBILT HEARING AND SPEECH STE 130,1670.0,W MAIN ST,37087,LEBANON,Lebanon,9501,LEBANON,,4558.659501820182,9500,9501,NORMAL,,22.86866102473144,-86.3442926630004,36.22030627566571
EDWARD JONES STE 150,1670.0,W MAIN ST,37087,LEBANON,Lebanon,9501,LEBANON,,4510.6185580841,9500,9501,NORMAL,,20.430299236365848,-86.3445722449425,36.22031024769961
VANDERBILT HEART STE 160,1670.0,W MAIN ST,37087,LEBANON,Lebanon,9501,LEBANON,,4487.403108261949,9500,9501,NORMAL,,19.56095122390474,-86.3447050946409,36.2203145766615
PINNACLE DERMATOLOGY STE 140,1670.0,W MAIN ST,37087,LEBANON,Lebanon,9501,LEBANON,,4536.212672404563,9500,9501,NORMAL,,20.781929066786784,-86.3444265577367,36.22030589391683
BIG TEX TRAILERS,2515.0,LEBANON RD,37087,LEBANON,Lebanon,9501,LEBANON,,1663.4096789082485,9500,9501,NORMAL,,24.816234091622217,-86.3644833629282,36.22907657042551
MCBRIAN LAW GROUP STE 200,1050.0,HAMILTON STATION BLVD,37087,LEBANON,Lebanon,9501,LEBANON,,1371.0398009802648,9500,9501,NORMAL,,13.983047970279193,-86.3669843891653,36.23095600825819
GRAHAM INSURACE STE 101,1050.0,HAMILTON STATION BLVD,37087,LEBANON,Lebanon,9501,LEBANON,,1417.4793488698192,9500,9501,NORMAL,,39.7216846652375,-86.36706917447451,36.230832112647704
TENNESSEE HEARING STE 101B,1050.0,HAMILTON STATION BLVD,37087,LEBANON,Lebanon,9501,LEBANON,,1383.0526522477458,9500,9501,NORMAL,,53.77488229545735,-86.3668896537931,36.2308350426838
EDWARD JONES STE 102,1050.0,HAMILTON STATION BLVD,37087,LEBANON,Lebanon,9501,LEBANON,,1389.3088098459516,9500,9501,NORMAL,,14.296584875465827,-86.3670643995235,36.2309132000457
TENNESSEE OFF-ROAD,4755.0,LEBANON RD,37090,LEBANON,Lebanon,9501,LEBANON,,1203.856861709448,9500,9501,NORMAL,,12.815493658910396,-86.4015143543615,36.23900394419161
ABSOLUTE AUTO REPAIR,3695.0,HIGHWAY 109 N,37087,LEBANON,Lebanon,9501,LEBANON,,359.7599810101068,9500,9501,WATCH,,27.81644614216389,-86.4291145399976,36.234815789134814
DOLLAR GENERAL,3681.0,HIGHWAY 109 N,37087,LEBANON,Lebanon,9501,LEBANON,,372.1849090340358,9500,9501,WATCH,,44.59071385973459,-86.4290209444825,36.2345986543411
HEAVENLY BITES BY CORA,3761.0,HIGHWAY 109 N,37087,LEBANON,Lebanon,9501,LEBANON,,289.71190621348103,9500,9501,WATCH,,32.38454092957728,-86.4295563632002,36.23562398634881
HWY 109 MARKET,3761.0,HIGHWAY 109 N,37087,LEBANON,Lebanon,9501,LEBANON,,290.07668968298617,9500,9501,WATCH,,78.41525175490217,-86.4295061560605,36.23548395576399
HEALTH CONNECT PARTNERS,65.0,BUSINESS PARK DR,37090,LEBANON,Lebanon,9501,LEBANON,,1020.402825407373,9500,9501,NORMAL,,3.275164733172332,-86.4247001038697,36.22515644504689
BUILDING SYSTEMS TECHNOLOGY,77.0,BUSINESS PARK DR,37090,LEBANON,Lebanon,9501,LEBANON,,959.7178005537318,9500,9501,WATCH,,3.5083313589828995,-86.4245261094951,36.225264763180206
NEW HEART CHRISTIAN CHURCH,49.0,BUSINESS PARK DR,37090,LEBANON,Lebanon,9501,LEBANON,,1094.3643405471687,9500,9501,NORMAL,,3.4140862044872446,-86.42506474574591,36.225079462329205
MUSIC CITY BRICKS,41.0,BUSINESS PARK DR,37090,LEBANON,Lebanon,9501,LEBANON,,1056.915614169744,9500,9501,NORMAL,,3.635863910042164,-86.4252359166153,36.2250546490877
FRAZIER MOTORCAR,201.0,PRYOR CREEK RD,37090,LEBANON,Lebanon,9501,LEBANON,,965.405209648972,9500,9501,WATCH,,10.817991152875416,-86.42520616547192,36.2255538779708
JEFF BENNETT'S BASEBALL ACADEMY,201.0,PRYOR CREEK RD,37090,LEBANON,Lebanon,9501,LEBANON,,827.8651581727,9500,9501,WATCH,,7.496673124921795,-86.4253596769521,36.226053848553505
PRO THERM,201.0,PRYOR CREEK RD,37090,LEBANON,Lebanon,9501,LEBANON,,904.5373701288244,9500,9501,WATCH,,8.482310189892853,-86.4252769423425,36.22577276654011
D&H ELECTRONIC SYSTEMS,276.0,BUSINESS PARK DR,37090,LEBANON,Lebanon,9501,LEBANON,,562.828881425329,9500,9501,WATCH,,52.200254365472965,-86.4210357948411,36.223809816786705
AUTO WORLD PLAZA,250.0,BUSINESS PARK DR,37090,LEBANON,Lebanon,9501,LEBANON,,495.3069336745213,9500,9501,WATCH,,47.59618261939942,-86.4214690444489,36.22405681482721
HICKMAN LABEL COMPANY,300.0,BUSINESS PARK DR,37090,LEBANON,Lebanon,9501,LEBANON,,509.52250963671156,9500,9501,WATCH,,54.14485743739527,-86.419839826429,36.2238103883519
CT GRAPHIC ARTS,163.0,BUSINESS PARK DR,37090,LEBANON,Lebanon,9501,LEBANON,,695.7958886744918,9500,9501,WATCH,,6.357076581336409,-86.4233640657192,36.22495495635069
TISDALE GROUP,163.0,BUSINESS PARK DR,37090,LEBANON,Lebanon,9501,LEBANON,,672.9743685729571,9500,9501,WATCH,,8.100960487176991,-86.4232801089199,36.2249395132426
FASTENAL,163.0,BUSINESS PARK DR,37090,LEBANON,Lebanon,9501,LEBANON,,610.3429927827322,9500,9501,WATCH,,7.767444187190344,-86.4230512909875,36.22491170069751
GEO-SERVICES,163.0,BUSINESS PARK DR,37090,LEBANON,Lebanon,9501,LEBANON,,582.9983199102519,9500,9501,WATCH,,8.68536391926516,-86.4229478990648,36.224894178687904
AIRCRAFT BATTERY SHOP,163.0,BUSINESS PARK DR,37090,LEBANON,Lebanon,9501,LEBANON,,483.3189284731781,9500,9501,WATCH,,6.215388119565902,-86.422700905971,36.2254248787649
ONE SYSTEMS,163.0,BUSINESS PARK DR,37090,LEBANON,Lebanon,9501,LEBANON,,553.6721408956382,9500,9501,WATCH,,7.933176427044355,-86.4229379810003,36.22545564344342
FORTUNE CONSTRUCTION,163.0,BUSINESS PARK DR,37090,LEBANON,Lebanon,9501,LEBANON,,656.1374204262694,9500,9501,WATCH,,8.056995371588776,-86.4232878346086,36.22538765181941
TKO FIRE PROTECTION,163.0,BUSINESS PARK DR,37090,LEBANON,Lebanon,9501,LEBANON,,665.3039024892527,9500,9501,WATCH,,6.313285979742532,-86.4233159714097,36.22528322997479
GPR,163.0,BUSINESS PARK DR,37090,LEBANON,Lebanon,9501,LEBANON,,674.4390225523932,9500,9501,WATCH,,6.161917186711415,-86.4233390537295,36.225196709923
AIRCRAFT BATTERY SHOP,163.0,BUSINESS PARK DR,37090,LEBANON,Lebanon,9501,LEBANON,,683.5850415518404,9500,9501,WATCH,,6.406542569315601,-86.4233569722807,36.2251078241994
ESSEN MOTOR COMPANY,6971.0,EASTGATE BLVD,37090,LEBANON,Lebanon,9501,LEBANON,,1333.726156128656,9500,9501,NORMAL,,10.770571330295965,-86.41760853446821,36.187054225699605
FED EX,6850.0,EASTGATE BLVD,37090,LEBANON,Lebanon,9501,LEBANON,,1606.597603882871,9500,9501,NORMAL,,67.82860145351657,-86.414700519425,36.186531631967696
CEVA,7950.0,EASTGATE BLVD,37122,MT JULIET,Lebanon,9501,LEBANON,,1724.4110833439888,9500,9501,NORMAL,POSTAL_CITY_EXPOSURE,192.04847786371752,-86.4333707933818,36.18455841796529
SOUTH SHORE FURNITURE,7950.0,EASTGATE BLVD,37122,MT JULIET,Lebanon,9501,LEBANON,,1566.8307453437358,9500,9501,NORMAL,POSTAL_CITY_EXPOSURE,134.39423865255813,-86.4343603783627,36.184517900611716
PERFORMANCE CONTRACTING,8155.0,EASTGATE BLVD,37122,MT JULIET,Lebanon,9501,LEBANON,,1054.6626842020084,9500,9501,NORMAL,POSTAL_CITY_EXPOSURE,31.27905200848275,-86.4377338101821,36.18528168783049
CEVA,8251.0,EASTGATE BLVD,37122,MT JULIET,Lebanon,9501,LEBANON,,837.6104615708379,9500,9501,WATCH,POSTAL_CITY_EXPOSURE,40.3446978458542,-86.438834092329,36.1854819848081
COMSTAR,8351.0,EASTGATE BLVD,37122,MT JULIET,Lebanon,9501,LEBANON,,777.3216321719541,9500,9501,WATCH,POSTAL_CITY_EXPOSURE,52.255585464736704,-86.440091732868,36.18551305553279
AMERICAN WONDER PORCELAIN,5.0,WONDER LN,37090,LEBANON,Lebanon,9501,LEBANON,,916.5507374214799,9500,9501,WATCH,,60.27975985478274,-86.4275992214486,36.2170096802599
EARHEART LANDSCAPE,2410.0,HIGHWAY 109 N,37090,LEBANON,Unincorporated,9500,(Unincorporated),,76.593086227382,9500,9501,HIGH,POSTAL_CITY_EXPOSURE,21.062349882251645,-86.4234341450125,36.216788286686004
HOT SPRING SPAS,2342.0,HIGHWAY 109 N,37090,LEBANON,Lebanon,9501,LEBANON,,124.58230771209234,9500,9501,HIGH,BOUNDARY_RISK,26.169553408349504,-86.4235133681261,36.21619426184661
SPEEDWAY,450.0,HIGHWAY 109 N,37090,LEBANON,Lebanon,9501,LEBANON,,387.06929299265613,9500,9501,WATCH,,19.51698950087526,-86.4119536207402,36.191970569096604
WILSON BANK & TRUST,440.0,HIGHWAY 109 N,37090,LEBANON,Lebanon,9501,LEBANON,,365.17262201962643,9500,9501,WATCH,,13.737109760710142,-86.41145521593091,36.1911338881934
LEBANON FIRE STATION #4,6250.0,E DIVISION ST,37090,LEBANON,Lebanon,9501,LEBANON,,452.4780828246096,9500,9501,WATCH,,15.764349980947088,-86.411175992961,36.190042568021006
WAFFLE HOUSE,380.0,HIGHWAY 109 N,37090,LEBANON,Lebanon,9501,LEBANON,,453.9523157964163,9500,9501,WATCH,,12.88196601920528,-86.4106063895496,36.18957251865541
CHEERS WINE & LIQUOR,325.0,HIGHWAY 109 N,37090,LEBANON,Lebanon,9501,LEBANON,,194.58562021472179,9500,9501,HIGH,BOUNDARY_RISK,45.33009719174134,-86.4084949866569,36.189024838228
BELLACINO'S,325.0,HIGHWAY 109 N,37090,LEBANON,Lebanon,9501,LEBANON,,193.2477664614564,9500,9501,HIGH,BOUNDARY_RISK,59.38740565014183,-86.4087744923818,36.18914836461542
MCDONALDS,320.0,HIGHWAY 109 N,37090,LEBANON,Lebanon,9501,LEBANON,,590.2076345944718,9500,9501,WATCH,,40.447041978080634,-86.4101514839193,36.1885241911364
THORNTONS,243.0,HIGHWAY 109 N,37090,LEBANON,Lebanon,9501,LEBANON,,394.001343993723,9500,9501,WATCH,,15.3132375094526,-86.4080513115517,36.188209394549425
WENDYS,160.0,HIGHWAY 109 N,37090,LEBANON,Lebanon,9501,LEBANON,,936.6710022458203,9500,9501,WATCH,,17.66433389679517,-86.4091834885377,36.1870023212885
MAPCO EXPRESS,240.0,HIGHWAY 109 N,37090,LEBANON,Lebanon,9501,LEBANON,,870.8630257020046,9500,9501,WATCH,,16.86310504378182,-86.4098213916185,36.1874908961425
TACO BELL,6705.0,EASTGATE BLVD,37090,LEBANON,Lebanon,9501,LEBANON,,1048.2364249595964,9500,9501,NORMAL,,18.60679262238597,-86.4118557619442,36.1879704993873
CTDI,7804.0,EASTGATE BLVD,37122,MT JULIET,Lebanon,9501,LEBANON,,1869.1056133155807,9500,9501,NORMAL,POSTAL_CITY_EXPOSURE,120.80098400161673,-86.4304939241815,36.1849220753457
THORNTONS GAS STATION,15025.0,CENTRAL PIKE,37090,LEBANON,Lebanon,9501,LEBANON,,796.422411388819,9500,9501,WATCH,,33.101180282018255,-86.4026367905847,36.1322654927135
COACHES,6740.0,EASTGATE BLVD,37090,LEBANON,Lebanon,9501,LEBANON,,1261.812413117779,9500,9501,NORMAL,,31.81944659717534,-86.4116757359954,36.1871434405934
GIVE ME THE VIN,6730.0,EASTGATE BLVD,37090,LEBANON,Lebanon,9501,LEBANON,,1218.6479239357027,9500,9501,NORMAL,,43.784733030953355,-86.4114568053181,36.187157948011816
ALL-STAR PERSONNEL,6710.0,EASTGATE BLVD,37090,LEBANON,Lebanon,9501,LEBANON,,1206.9167010016872,9500,9501,NORMAL,,37.208224718573184,-86.41132567170432,36.1871227849375
WESTON FOODS,105.0,DUKE DR,37090,LEBANON,Lebanon,9501,LEBANON,,1275.3299064277403,9500,9501,NORMAL,,45.31283333868881,-86.4030692003717,36.1301641442623
CJ LOGISTICS,14840.0,CENTRAL PIKE,37122,MT JULIET,Lebanon,9501,LEBANON,,669.3042707296455,9500,9501,WATCH,POSTAL_CITY_EXPOSURE,42.51466437128897,-86.4056662787143,36.12916149821553
B&G FOODS,14840.0,CENTRAL PIKE,37122,MT JULIET,Lebanon,9501,LEBANON,,656.5368629230662,9500,9501,WATCH,POSTAL_CITY_EXPOSURE,52.12060580185649,-86.4056679174107,36.12942133044911
TACHI-S SEATING USA,380.0,ALDI BLVD,37122,MT JULIET,Unincorporated,9500,(Unincorporated),,3135.0077975583654,7500,9500,NORMAL,POSTAL_CITY_EXPOSURE,106.90544472648413,-86.4344474789409,36.06312868333541
NISSAN,445.0,COUCHVILLE INDUSTRIAL BLVD,37122,MT JULIET,Unincorporated,9500,(Unincorporated),,3006.2440461652245,7500,9500,NORMAL,POSTAL_CITY_EXPOSURE,488.1365272729455,-86.4299259890946,36.0597081778461
SUPERIOR 3RD PARTY LOGISTICS,245.0,COUCHVILLE INDUSTRIAL BLVD,37122,MT JULIET,Unincorporated,9500,(Unincorporated),,4728.772196223637,7500,9500,NORMAL,POSTAL_CITY_EXPOSURE,128.78417476376305,-86.42552983585162,36.0628177430263
NAPA AUTO PARTS,115.0,LOGISTICS DR,37090,LEBANON,Unincorporated,9500,(Unincorporated),,7564.899967462262,7500,9500,NORMAL,POSTAL_CITY_EXPOSURE,258.2867978447483,-86.4275111435455,36.07407302387871
AMAZON,120.0,DARRELL WALTRIP DR,37090,LEBANON,Unincorporated,9500,(Unincorporated),,1101.066293884394,7500,9500,NORMAL,POSTAL_CITY_EXPOSURE,132.01436802671822,-86.3980914404663,36.0365704715726
AMAZON,1000.0,RICHARD PETTY WAY,37090,LEBANON,Unincorporated,9500,(Unincorporated),,1572.4102665206522,7500,9500,NORMAL,POSTAL_CITY_EXPOSURE,132.04979040504557,-86.3972533567383,36.040111873112494
GEODIS,1025.0,DARRELL WALTRIP DR,37090,LEBANON,Unincorporated,9500,(Unincorporated),,2636.6231848029615,7500,9500,NORMAL,POSTAL_CITY_EXPOSURE,150.23168678244548,-86.395168954108,36.0437052105094
FED EX,1050.0,RICHARD PETTY WAY,37090,LEBANON,Unincorporated,9500,(Unincorporated),,1820.0642810900094,7500,9500,NORMAL,POSTAL_CITY_EXPOSURE,417.3315214491173,-86.3940421745809,36.04148642534009
COLD CHAIN TECHNOLOGIES,1080.0,RICHARD PETTY WAY,37090,LEBANON,Unincorporated,9500,(Unincorporated),,944.8835889649043,7500,9500,WATCH,POSTAL_CITY_EXPOSURE,284.23180939138354,-86.3945939787801,36.03908091233188
BACK 2 HEALTH CHIROPRACTIC,224.0,W MAIN ST,37087,LEBANON,Lebanon,9501,LEBANON,,6551.032518654188,9500,9501,NORMAL,,7.44417583317007,-86.2940760686536,36.20798084062671
WINFREY'S JEWELERS,307.0,W MAIN ST,37087,LEBANON,Lebanon,9501,LEBANON,,7202.152562218846,9500,9501,NORMAL,,3.862234167292092,-86.2966765204864,36.208831477010996
LA CANASTA BAKERY,307.0,W MAIN ST,37087,LEBANON,Lebanon,9501,LEBANON,,7210.6844598975185,9500,9501,NORMAL,,4.365962446842702,-86.2968008840026,36.2091495827579
PREMIER SOLUTIONS,307.0,W MAIN ST,37087,LEBANON,Lebanon,9501,LEBANON,,7201.7605507357275,9500,9501,NORMAL,,3.771285423335288,-86.29679011798372,36.209220905824395
SPEEDY BURRITO,307.0,W MAIN ST,37087,LEBANON,Lebanon,9501,LEBANON,,7196.022218028986,9500,9501,NORMAL,,2.885542755821378,-86.2967868093457,36.209280288139794
HARRISON LOCKSMITH,307.0,W MAIN ST,37087,LEBANON,Lebanon,9501,LEBANON,,7183.571583660547,9500,9501,NORMAL,,2.078123415152545,-86.2967657776633,36.20936081729811
YESTERDAY'S BARBERSHOP,307.0,W MAIN ST,37087,LEBANON,Lebanon,9501,LEBANON,,7169.981321499465,9500,9501,NORMAL,,2.9826333560190377,-86.29674641309991,36.20946367943281
FRIED GREEN TOMATOES,311.0,W MAIN ST,37087,LEBANON,Lebanon,9501,LEBANON,,7196.321881434623,9500,9501,NORMAL,,14.798452430911771,-86.2968748359143,36.209605611827
DOLLAR GENERAL,313.0,W MAIN ST,37087,LEBANON,Lebanon,9501,LEBANON,,7391.6066010784725,9500,9501,NORMAL,,12.357993348164104,-86.2973779213887,36.20896680339591
FIFTY SHADES OF DYE,518.0,W MAIN ST,37087,LEBANON,Lebanon,9501,LEBANON,,8603.052100811112,9500,9501,NORMAL,,17.20066536511613,-86.3035396212594,36.2085629799073
TRI-STAR TATTOOS,520.0,W MAIN ST,37087,LEBANON,Lebanon,9501,LEBANON,,8582.29642917272,9500,9501,NORMAL,,15.047931538474867,-86.3035346562899,36.20862033341011
PAINTURO'S,522.0,W MAIN ST,37087,LEBANON,Lebanon,9501,LEBANON,,8469.172552302318,9500,9501,NORMAL,,17.756540734632548,-86.3034741041827,36.208934534135516
SALON DJANGO,520.0,W MAIN ST,37087,LEBANON,Lebanon,9501,LEBANON,,8535.777428906094,9500,9501,NORMAL,,17.170922645642538,-86.303504993384,36.2087497684075
IPODS & MORE,520.0,W MAIN ST,37087,LEBANON,Lebanon,9501,LEBANON,,8559.8498503823,9500,9501,NORMAL,,16.764013518829266,-86.3035165068211,36.208682973343294
PALAZZO NAILS,516.0,W MAIN ST,37087,LEBANON,Lebanon,9501,LEBANON,,8625.95157512988,9500,9501,NORMAL,,32.30342912790437,-86.3032267774837,36.2085149955554
HELLO BEAUTIFUL SALON,510.0,W MAIN ST,37087,LEBANON,Lebanon,9501,LEBANON,,8582.658993715791,9500,9501,NORMAL,,32.68901459367992,-86.3028212962545,36.20865360622989
ELWOOD STAFFING,514.0,W MAIN ST,37087,LEBANON,Lebanon,9501,LEBANON,,8638.401713036303,9500,9501,NORMAL,,30.160579984998808,-86.3030223538557,36.20849055620629
LIBERTY TAX,514.0,W MAIN ST,37087,LEBANON,Lebanon,9501,LEBANON,,8632.19322835112,9500,9501,NORMAL,,29.86235681400803,-86.3031244837576,36.20850273422227
SWEET THINGS BAKERY,512.0,W MAIN ST,37087,LEBANON,Lebanon,9501,LEBANON,,8642.517727840353,9500,9501,NORMAL,,30.03598123136119,-86.3029456598368,36.2084829141971
LOS COMPADRES,512.0,W MAIN ST,37087,LEBANON,Lebanon,9501,LEBANON,,8620.796160171618,9500,9501,NORMAL,,35.01751552309827,-86.3028430940173,36.208547614199404
QUIK STOP,506.0,W MAIN ST,37087,LEBANON,Lebanon,9501,LEBANON,,8513.911418314607,9500,9501,NORMAL,,34.4429947935495,-86.3023020517808,36.20886772637459
FRANKLIN FINANCIAL,508.0,W MAIN ST,37087,LEBANON,Lebanon,9501,LEBANON,,8492.51649394003,9500,9501,NORMAL,,34.806168629471294,-86.3027023291436,36.20890737297181
WORLD FINANCE,508.0,W MAIN ST,37087,LEBANON,Lebanon,9501,LEBANON,,8498.300760395094,9500,9501,NORMAL,,34.37316295680839,-86.3026015107969,36.208896298929275
CRICKET,506.0,W MAIN ST,37087,LEBANON,Lebanon,9501,LEBANON,,8504.469384189826,9500,9501,NORMAL,,33.22466513139489,-86.3025036304517,36.208884026011724
QUIK WASH LAUNDRY,506.0,W MAIN ST,37087,LEBANON,Lebanon,9501,LEBANON,,8509.16782006443,9500,9501,NORMAL,,33.33087332611699,-86.3024160625813,36.208875303287286
SUPERIOR MOTORS OF LEBANON,1003.0,W MAIN ST,37087,LEBANON,Lebanon,9501,LEBANON,,7616.624665909703,9500,9501,NORMAL,,14.214015886148175,-86.3129328179155,36.2111212512069
CASH 2 GO,1013.0,W MAIN ST,37087,LEBANON,Lebanon,9501,LEBANON,,7562.566378620863,9500,9501,NORMAL,,10.923512521888876,-86.3142594364499,36.21140802527023
KLASSIQ NAIL,1025.0,W MAIN ST,37087,LEBANON,Lebanon,9501,LEBANON,,7488.062004081422,9500,9501,NORMAL,,22.716217441389233,-86.3158086386701,36.211851247387806
BASKIN ROBBINS,1023.0,W MAIN ST,37087,LEBANON,Lebanon,9501,LEBANON,,7510.365458084927,9500,9501,NORMAL,,40.55504553943756,-86.3156927623106,36.21176811052949
DAVID DEATON KARATE,1027.0,W MAIN ST,37087,LEBANON,Lebanon,9501,LEBANON,,7478.60056106343,9500,9501,NORMAL,,21.978426822621856,-86.3161436211939,36.21193970753271
4EVER CIG,1027.0,W MAIN ST,37087,LEBANON,Lebanon,9501,LEBANON,,7476.405265199466,9500,9501,NORMAL,,20.97206525896915,-86.3162335003209,36.211963161142606
DOLLAR GENERAL,1029.0,W MAIN ST,37087,LEBANON,Lebanon,9501,LEBANON,,7404.059573360566,9500,9501,NORMAL,,28.06828450532441,-86.316222538258,36.212165397837275
DT MCCALL,1029.0,W MAIN ST,37087,LEBANON,Lebanon,9501,LEBANON,,7328.966166622047,9500,9501,NORMAL,,27.07454628951964,-86.3160801894189,36.2123499105309
CLUB CADET,1029.0,W MAIN ST,37087,LEBANON,Lebanon,9501,LEBANON,,7191.340515829873,9500,9501,NORMAL,,26.376752471995133,-86.3159826059894,36.2127196959671
COSMO PROF,1029.0,W MAIN ST,37087,LEBANON,Lebanon,9501,LEBANON,,7146.040534310557,9500,9501,NORMAL,,26.410156256286694,-86.3159357051273,36.212838567894195
HOLLYS NAILS,1029.0,W MAIN ST,37087,LEBANON,Lebanon,9501,LEBANON,,7117.549354618609,9500,9501,NORMAL,,25.580672623411434,-86.3159047832759,36.2129130609233
PLANET FITNESS,1031.0,W MAIN ST,37087,LEBANON,Lebanon,9501,LEBANON,,7050.313871819157,9500,9501,NORMAL,,30.817650438294457,-86.3166276471158,36.213252732669595
CUMBRLAND PEDIATRICS WALK-IN,1029.0,W MAIN ST,37087,LEBANON,Lebanon,9501,LEBANON,,7055.342661593707,9500,9501,NORMAL,,29.963579027322478,-86.3163323273271,36.21317490098781
CUMBERLAND PEDIATRICS,1029.0,W MAIN ST,37087,LEBANON,Lebanon,9501,LEBANON,,7057.660660080296,9500,9501,NORMAL,,30.196585624340003,-86.3161608036045,36.2131329435033
H&R BLOCK,1031.0,W MAIN ST,37087,LEBANON,Lebanon,9501,LEBANON,,7045.400534989989,9500,9501,NORMAL,,31.904322480420046,-86.3172371984229,36.21340847486942
MR PANCHOS,1033.0,W MAIN ST,37087,LEBANON,Lebanon,9501,LEBANON,,7044.166670233392,9500,9501,NORMAL,,31.88589485738147,-86.3173839039839,36.213448270003184
BOOST MOBILE,1037.0,W MAIN ST,37087,LEBANON,Lebanon,9501,LEBANON,,7044.026782289519,9500,9501,NORMAL,,32.27028409250294,-86.3175086923173,36.213480170099
RENT A CENTER,1037.0,W MAIN ST,37087,LEBANON,Lebanon,9501,LEBANON,,7043.925977879727,9500,9501,NORMAL,,29.681368038045655,-86.3177043389261,36.2135310709407
EPI ELECTRIC,1037.0,W MAIN ST,37087,LEBANON,Lebanon,9501,LEBANON,,7058.462858001016,9500,9501,NORMAL,,22.38798868500098,-86.3178773189472,36.213534998464674
TN DENTAL,1037.0,W MAIN ST,37087,LEBANON,Lebanon,9501,LEBANON,,7109.605887996557,9500,9501,NORMAL,,23.340708035267106,-86.3180271041559,36.213427420444006
LIVINGSTON CHIROPRACTIC,1037.0,W MAIN ST,37087,LEBANON,Lebanon,9501,LEBANON,,7081.598485630309,9500,9501,NORMAL,,21.99766138774136,-86.31794509539591,36.21348629404519
DONUT TIME,102.0,HARTMANN DR,37087,LEBANON,Lebanon,9501,LEBANON,,7082.887558001358,9500,9501,NORMAL,,17.75869977196086,-86.3217142057365,36.21480152377359
THE UPS STORE,102.0,HARTMANN DR,37087,LEBANON,Lebanon,9501,LEBANON,,6944.109507461908,9500,9501,NORMAL,,17.682026841598955,-86.3215620891398,36.215168190904805
LEBANON DENTAL,102.0,HARTMANN DR,37087,LEBANON,Lebanon,9501,LEBANON,,6918.159652568121,9500,9501,NORMAL,,18.663380158400532,-86.3215321805433,36.21523613788541
WATSON'S BARBERSHOP,102.0,HARTMANN DR,37087,LEBANON,Lebanon,9501,LEBANON,,6976.307588283798,9500,9501,NORMAL,,18.19074834303931,-86.3215968852837,36.2150828794612
LUCKY NAILS,102.0,HARTMANN DR,37087,LEBANON,Lebanon,9501,LEBANON,,7008.511707185056,9500,9501,NORMAL,,16.79713838006432,-86.3216324400629,36.21499789583638
SECURITY FINANACE,102.0,HARTMANN DR,37087,LEBANON,Lebanon,9501,LEBANON,,7043.187373283768,9500,9501,NORMAL,,17.527953258091596,-86.3216703221005,36.21490622966561
AARGUS INSURANCE,102.0,HARTMANN DR,37087,LEBANON,Lebanon,9501,LEBANON,,7213.02089439003,9500,9501,NORMAL,,24.996810755883388,-86.3218874847327,36.21447119180449
LEBANON GUN SHOP,102.0,HARTMANN DR,37087,LEBANON,Lebanon,9501,LEBANON,,7248.200065751749,9500,9501,NORMAL,,25.470618455579785,-86.3219353826403,36.2143823602556
LEBANON FAMILY PHARMACY,1311.0,W MAIN ST,37087,LEBANON,Lebanon,9501,LEBANON,,7081.428224918399,9500,9501,NORMAL,,31.85606362012346,-86.3221913274682,36.2150196552662
MIMI NAILS,1311.0,W MAIN ST,37087,LEBANON,Lebanon,9501,LEBANON,,7085.953358276953,9500,9501,NORMAL,,28.68660920020102,-86.3223372024188,36.2150729182271
THE BARBER COMPANY,1315.0,W MAIN ST,37087,LEBANON,Lebanon,9501,LEBANON,,7130.0143366790535,9500,9501,NORMAL,,33.911866669485704,-86.3233407953146,36.2154245994444
MARTY & LIZ,1315.0,W MAIN ST,37087,LEBANON,Lebanon,9501,LEBANON,,7123.5204008651735,9500,9501,NORMAL,,36.29399366415719,-86.3232256958326,36.21538658260661
PAPA JOHNS ,1315.0,W MAIN ST,37087,LEBANON,Lebanon,9501,LEBANON,,7140.429852534016,9500,9501,NORMAL,,33.19641719192892,-86.3235714688894,36.21551111285861
LA MICHOACANA,1315.0,W MAIN ST,37087,LEBANON,Lebanon,9501,LEBANON,,7134.482897056512,9500,9501,NORMAL,,33.658877535222175,-86.3234592145334,36.215471568241014
ADVANCED TAX SERVICES,1315.0,W MAIN ST,37087,LEBANON,Lebanon,9501,LEBANON,,7137.83649486733,9500,9501,NORMAL,,32.797929293655606,-86.3235180034468,36.215491422654885
JERSEY MIKE'S SUB,1315.0,W MAIN ST,37087,LEBANON,Lebanon,9501,LEBANON,,7132.299893017009,9500,9501,NORMAL,,34.567365967553535,-86.32340663420752,36.21545127810001
TWO FAT MEN CATERING,1331.0,W MAIN ST,37087,LEBANON,Lebanon,9501,LEBANON,,7430.509348652844,9500,9501,NORMAL,,63.276052768493294,-86.3256284521282,36.21502614545691
ACCEPTANCE,1333.0,W MAIN ST,37087,LEBANON,Lebanon,9501,LEBANON,,7346.013824481238,9500,9501,NORMAL,,44.871807788175275,-86.3260778728382,36.215260969457105
ROB GWYNNE STATE FARM,1333.0,W MAIN ST,37087,LEBANON,Lebanon,9501,LEBANON,,7335.053535778115,9500,9501,NORMAL,,27.194611556836055,-86.3261683532505,36.21529242510712
JAMES P BRYANT CPA,1333.0,W MAIN ST,37087,LEBANON,Lebanon,9501,LEBANON,,7326.095245632787,9500,9501,NORMAL,,30.42445786869452,-86.32624072034112,36.215318306826
GILLEY COMMERCIAL SERVICES,1333.0,W MAIN ST,37087,LEBANON,Lebanon,9501,LEBANON,,7316.833089514761,9500,9501,NORMAL,,49.78346141453392,-86.3263232032055,36.215345412982494
JULIA'S BODY SHOP,112.0,BABB DR,37087,LEBANON,Lebanon,9501,LEBANON,,7031.643053472186,9500,9501,NORMAL,,36.39485581678144,-86.3269646120515,36.216150411564705
SHERRY'S HOPE,110.0,BABB DR,37087,LEBANON,Lebanon,9501,LEBANON,,7061.792003018945,9500,9501,NORMAL,,37.893026522661955,-86.3269789867943,36.216068107204
BILL WILLIS DENTISTRY,108.0,BABB DR,37087,LEBANON,Lebanon,9501,LEBANON,,7085.85079604495,9500,9501,NORMAL,,37.79263282026636,-86.3269919578246,36.216002497474804
PEDIATRIC DENTISTRY,106.0,BABB DR,37087,LEBANON,Lebanon,9501,LEBANON,,7111.643357733215,9500,9501,NORMAL,,38.223180119401846,-86.3270049091719,36.2159321193724
SPECIAL EFFECTS,104.0,BABB DR,37087,LEBANON,Lebanon,9501,LEBANON,,7138.354704771978,9500,9501,NORMAL,,38.13837040768559,-86.3270207934368,36.215859348663194
JIMMY JOHNS,109.0,SIGNATURE PL,37087,LEBANON,Lebanon,9501,LEBANON,,6141.300968353608,9500,9501,NORMAL,,33.40259916349324,-86.3330870781888,36.21611055578181
BEAUTY BOUTIQUE,107.0,SIGNATURE PL,37087,LEBANON,Lebanon,9501,LEBANON,,6161.0913554673525,9500,9501,NORMAL,,31.21630725579445,-86.3329872008314,36.2160775549644
NEW IMAGE HAIR STUDIO,93.0,SIGNATURE PL,37087,LEBANON,Lebanon,9501,LEBANON,,6289.897681456065,9500,9501,NORMAL,,30.687273130483177,-86.3323823926984,36.21591792006479
PATRIOT DENTAL,99.0,SIGNATURE PL,37087,LEBANON,Lebanon,9501,LEBANON,,6214.99737732638,9500,9501,NORMAL,,30.99768386284085,-86.3327113565879,36.21597912005398
KCA NEUROLOGY,201.0,SIGNATURE PL,37087,LEBANON,Lebanon,9501,LEBANON,,5950.8206023363055,9500,9501,NORMAL,,27.013472023002286,-86.3332130083489,36.21519275386151
PRYOR FAMILY DENTISTRY,201.0,SIGNATURE PL,37087,LEBANON,Lebanon,9501,LEBANON,,5878.432879471525,9500,9501,NORMAL,,27.50470951822689,-86.3335085784218,36.21522436710092
CRYE LEIKE,1432.0,W MAIN ST,37087,LEBANON,Lebanon,9501,LEBANON,,5934.712650371061,9500,9501,NORMAL,,25.556729431439564,-86.3345691722765,36.2169702369964
QUICK TITLE INC,1432.0,W MAIN ST,37087,LEBANON,Lebanon,9501,LEBANON,,5864.1410177982625,9500,9501,NORMAL,,20.51206832631057,-86.3346694969549,36.21674379912587
FARMERS INSURANCE,1432.0,W MAIN ST,37087,LEBANON,Lebanon,9501,LEBANON,,5855.105839924806,9500,9501,NORMAL,,21.383458342215484,-86.3346730038362,36.21670325194691
RESOURCE MFG,1432.0,W MAIN ST,37087,LEBANON,Lebanon,9501,LEBANON,,5793.044004854786,9500,9501,NORMAL,,21.831029190181496,-86.334728628501,36.216461069854994
TENNESSEE PAROLE BOARD,1432.0,W MAIN ST,37087,LEBANON,Lebanon,9501,LEBANON,,5720.049963587355,9500,9501,NORMAL,,17.474630130100895,-86.3347906534864,36.21616700671349
ABC BEHAVIORAL CONSULTANTS,1432.0,W MAIN ST,37087,LEBANON,Lebanon,9501,LEBANON,,5696.795244868385,9500,9501,NORMAL,,21.17704623312433,-86.334789647758,36.216044951886424
FAST BREAK EXPRESS,404.0,S CUMBERLAND ST,37087,LEBANON,Lebanon,9501,LEBANON,,7105.030961922695,9500,9501,NORMAL,,71.34469171614136,-86.2925529243077,36.19972724529519
KABUL AUTO,410.0,S CUMBERLAND ST,37087,LEBANON,Lebanon,9501,LEBANON,,7206.948644269934,9500,9501,NORMAL,,30.237094324468654,-86.2926639219803,36.19919141222388
CHECK INTO CASH,412.0,S CUMBERLAND ST,37087,LEBANON,Lebanon,9501,LEBANON,,7225.908373138003,9500,9501,NORMAL,,33.4020261077178,-86.2925922967395,36.1989159345844
DZ CUSTOMS,101.0,JENNINGS AVE,37087,LEBANON,Lebanon,9501,LEBANON,,7650.526709169746,9500,9501,NORMAL,,27.437102045957523,-86.2936142424647,36.197438950776025
231 CAR SALES,500.0,S CUMBERLAND ST,37087,LEBANON,Lebanon,9501,LEBANON,,7408.817220397214,9500,9501,NORMAL,,35.17017630553647,-86.2932924442873,36.1968159400326
PREMIER FLOORING INC,502.0,S CUMBERLAND ST,37087,LEBANON,Lebanon,9501,LEBANON,,7265.195270861355,9500,9501,NORMAL,,20.498104959216366,-86.2933681317928,36.196299179785
ADAMS AVENUE CHURCH OF CHRIST,600.0,S CUMBERLAND ST,37087,LEBANON,Lebanon,9501,LEBANON,,6892.53772286437,9500,9501,NORMAL,,72.76861345022371,-86.293979905029,36.194673351480596
PARTLOW FUNERAL HOME,602.0,S CUMBERLAND ST,37087,LEBANON,Lebanon,9501,LEBANON,,6862.625101641188,9500,9501,NORMAL,,45.59672774163401,-86.2942777165553,36.19438218962131
WALGREENS,606.0,S CUMBERLAND ST,37087,LEBANON,Lebanon,9501,LEBANON,,6460.88302964081,9500,9501,NORMAL,,68.9348221514829,-86.2947312527937,36.1926151017842
PANDA EXPRESS,611.0,S CUMBERLAND ST,37087,LEBANON,Lebanon,9501,LEBANON,,6318.855830722057,9500,9501,NORMAL,,30.653776625463667,-86.2938166344596,36.192754290299405
DISCOUNT TIRE,613.0,S CUMBERLAND ST,37087,LEBANON,Lebanon,9501,LEBANON,,6250.370063291905,9500,9501,NORMAL,,48.616038941561065,-86.2939729247326,36.192392804560704
FAITH CHURCH,6978.0,LEBANON RD,37122,LEBANON,Unincorporated,9500,(Unincorporated),,1155.5502459769684,9500,9501,NORMAL,POSTAL_CITY_EXPOSURE,52.941542324778595,-86.4408432998615,36.23284613713022
ENCORE,6978.0,LEBANON RD,37122,LEBANON,Unincorporated,9500,(Unincorporated),,1132.9396202478365,9500,9501,NORMAL,POSTAL_CITY_EXPOSURE,61.80597253482899,-86.4408448866509,36.2329200513488
MISTY BLUE EVENT VENUE,6978.0,LEBANON RD,37122,LEBANON,Unincorporated,9500,(Unincorporated),,1011.4156935241676,9500,9501,NORMAL,POSTAL_CITY_EXPOSURE,22.98308185242288,-86.4407468553717,36.23326752693482
DEACONESS HOMECARE,6978.0,LEBANON RD,37122,LEBANON,Unincorporated,9500,(Unincorporated),,983.7090351503083,9500,9501,WATCH,POSTAL_CITY_EXPOSURE,23.254304059096942,-86.440562270297,36.233260331598814
PRIMARY 3,9695.0,LEBANON RD,37122,MT JULIET,Mt. Juliet,9503,MT. JULIET,,665.7261191021266,9500,9503,WATCH,,20.530055996826263,-86.48682323290892,36.23071230534841
MONTESSORI ACADEMY,9695.0,LEBANON RD,37122,MT JULIET,Mt. Juliet,9503,MT. JULIET,,748.997205258672,9500,9503,WATCH,,29.520726442589464,-86.4864975349166,36.23063492795041
PRMI,9695.0,LEBANON RD,37122,MT JULIET,Mt. Juliet,9503,MT. JULIET,,711.4092453877354,9500,9503,WATCH,,31.686017325987258,-86.4860388217263,36.23058674783858
SMALL WORLD ADOPTION,9695.0,LEBANON RD,37122,MT JULIET,Mt. Juliet,9503,MT. JULIET,,659.6463816751807,9500,9503,WATCH,,30.307944453610812,-86.4858643431081,36.230571353686216
WYNNE WITH MASSAGE,9695.0,LEBANON RD,37122,MT JULIET,Mt. Juliet,9503,MT. JULIET,,638.2172415691037,9500,9503,WATCH,,31.577652649918946,-86.4857914868295,36.230569262036596
GODDARD CONTRUCTION,9695.0,LEBANON RD,37122,MT JULIET,Mt. Juliet,9503,MT. JULIET,,652.28663186343,9500,9503,WATCH,,21.92737732816015,-86.4858853616985,36.23025496257931
LAND HOME FINANCIAL,11183.0,LEBANON RD,37122,MT JULIET,Mt. Juliet,9503,MT. JULIET,,1119.5798688936577,9500,9503,NORMAL,,12.004001860160658,-86.5132797416223,36.232106044082805
EL COMAL,11177.0,LEBANON RD,37122,MT JULIET,Mt. Juliet,9503,MT. JULIET,,1112.504820369888,9500,9503,NORMAL,,12.408841211697426,-86.5133978227304,36.232105704514716
SUBWAY,11191.0,LEBANON RD,37122,MT JULIET,Mt. Juliet,9503,MT. JULIET,,909.5440208225563,9500,9503,WATCH,,21.885280458000352,-86.513437464687,36.23266867071121
M&D MASSAGE,11193.0,LEBANON RD,37122,MT JULIET,Mt. Juliet,9503,MT. JULIET,,890.2361052295215,9500,9503,WATCH,,19.857762674185192,-86.51349504838211,36.2327127289091
ORANGE THEORY FITNESS,11199.0,LEBANON RD,37122,MT JULIET,Mt. Juliet,9503,MT. JULIET,,862.757447181494,9500,9503,WATCH,,17.06677264597294,-86.5136554444822,36.2327652703858
GREAT CLIPS,11201.0,LEBANON RD,37122,MT JULIET,Mt. Juliet,9503,MT. JULIET,,859.66736886851,9500,9503,WATCH,,17.346335230950125,-86.5137352076998,36.2327643354791
LaBELLA NAIL SPA,11203.0,LEBANON RD,37122,MT JULIET,Mt. Juliet,9503,MT. JULIET,,856.3961723034852,9500,9503,WATCH,,16.941883763332196,-86.513815566985,36.23276560330899
THE MAILBOX STORE INC.,11205.0,LEBANON RD,37122,MT JULIET,Mt. Juliet,9503,MT. JULIET,,854.5993481719008,9500,9503,WATCH,,16.654866028157223,-86.5138744365488,36.2327660080944
PUBLIX,11207.0,LEBANON RD,37122,MT JULIET,Mt. Juliet,9503,MT. JULIET,,859.3498058096438,9500,9503,WATCH,,46.119197977904115,-86.5144209004127,36.2327570293094
US BANK,11207.0,LEBANON RD,37122,MT JULIET,Mt. Juliet,9503,MT. JULIET,,867.9522247939735,9500,9503,WATCH,,76.68196278691521,-86.5146245688478,36.232756042859776
OISHII,11219.0,LEBANON RD,37122,MT JULIET,Mt. Juliet,9503,MT. JULIET,,918.2552817499061,9500,9503,WATCH,,28.540944104798964,-86.5152772874125,36.232763155989815
TRU ROOTS CHIROPRACTIC,11227.0,LEBANON RD,37122,MT JULIET,Mt. Juliet,9503,MT. JULIET,,1050.2196825528376,9500,9503,NORMAL,,61.351413984527404,-86.5154031957093,36.23241376295641
PREMIER MARTIAL ARTS,11229.0,LEBANON RD,37122,MT JULIET,Mt. Juliet,9503,MT. JULIET,,1067.322150872495,9500,9503,NORMAL,,61.79276097978163,-86.5154040607569,36.232363729841104
BURN BOOT CAMP,11237.0,LEBANON RD,37122,MT JULIET,Mt. Juliet,9503,MT. JULIET,,1139.1386162177373,9500,9503,NORMAL,,66.09170803361448,-86.5154026928901,36.232153300619494
STAR PHYSICAL THERAPY,11215.0,LEBANON RD,37122,MT JULIET,Mt. Juliet,9503,MT. JULIET,,901.024797043399,9500,9503,WATCH,,28.91836771910542,-86.51510488918161,36.2327619391632
DENTON DENTAL,11211.0,LEBANON RD,37122,MT JULIET,Mt. Juliet,9503,MT. JULIET,,887.2801400411657,9500,9503,WATCH,,29.554865539192846,-86.514948895774,36.23276191929862
ADVANCE FINANCE,11509.0,LEBANON RD,37122,MT JULIET,Mt. Juliet,9503,MT. JULIET,,1913.4293750633847,9500,9503,NORMAL,,48.89738960266521,-86.5185691562556,36.23127910866572
MI BOX,11505.0,LEBANON RD,37122,MT JULIET,Mt. Juliet,9503,MT. JULIET,,1645.4126850380744,9500,9503,NORMAL,,31.15927950290382,-86.5182014537459,36.2320229855786
LUXE DETAILING ARTISTS,11697.0,LEBANON RD,37122,MT JULIET,Mt. Juliet,9503,MT. JULIET,,2668.480846951535,9500,9503,NORMAL,,26.00971560045765,-86.5218420777352,36.2312841238702
INDULGENCE SALON,11853.0,LEBANON RD,37122,MT JULIET,Mt. Juliet,9503,MT. JULIET,,3275.2075030500746,9500,9503,NORMAL,,26.985581899617085,-86.52452718724231,36.23196450551939
MIKE'S AUTOMOTIVE,11907.0,LEBANON RD,37122,MT JULIET,Mt. Juliet,9503,MT. JULIET,,3262.403254155119,9500,9503,NORMAL,,23.80293311967159,-86.5255300151021,36.23149008157791
PACE ANALYTICAL,11935.0,LEBANON RD,37122,MT JULIET,Mt. Juliet,9503,MT. JULIET,,3190.1124693341994,9500,9503,NORMAL,,59.45499845526172,-86.5260451454214,36.2314997618689
UNIVERSAL SUPPLY CO.,11969.0,LEBANON RD,37122,MT JULIET,Mt. Juliet,9503,MT. JULIET,,3110.601702497099,9500,9503,NORMAL,,27.562926764563066,-86.5266721462396,36.23151372161141
PACE ANALYTICAL,12065.0,LEBANON RD,37122,MT JULIET,Mt. Juliet,9503,MT. JULIET,,3258.184925237712,9500,9503,NORMAL,,17.079594773887564,-86.5270778012566,36.23210093045641
NASHVILLE PET SPA,12007.0,LEBANON RD,37122,MT JULIET,Mt. Juliet,9503,MT. JULIET,,2980.7907646378276,9500,9503,NORMAL,,17.101726977719274,-86.5273599161766,36.23137122573648
QUALITY CAR WASH,12085.0,LEBANON RD,37122,MT JULIET,Mt. Juliet,9503,MT. JULIET,,2850.4815309457185,9500,9503,NORMAL,,25.419902575623126,-86.5288151519218,36.23138680182711
SPEEDWAY,12115.0,LEBANON RD,37122,MT JULIET,Mt. Juliet,9503,MT. JULIET,,2766.369135432046,9500,9503,NORMAL,,89.989027822349,-86.5297744836535,36.2313131183699
RICE HAMS,12217.0,LEBANON RD,37122,MT JULIET,Mt. Juliet,9503,MT. JULIET,,2463.7653656007797,9500,9503,NORMAL,,23.617078954133994,-86.5310139284819,36.23065040565
CAR LOGIC GROUP,12295.0,LEBANON RD,37122,MT JULIET,Mt. Juliet,9503,MT. JULIET,,2254.732596362994,9500,9503,NORMAL,,35.125763637387024,-86.5323949564387,36.2303607767735
LOCK BOX STORAGE,12337.0,LEBANON RD,37122,MT JULIET,Mt. Juliet,9503,MT. JULIET,,1916.2433145640912,9500,9503,NORMAL,,68.30686641948955,-86.5334817733686,36.23073899610769
NEEDHAM'S NURSERY,12357.0,LEBANON RD,37122,MT JULIET,Mt. Juliet,9503,MT. JULIET,,1975.5636775555643,9500,9503,NORMAL,,18.54713831916194,-86.5334290314677,36.22998648111242
NEEDHAM'S NURSERY,12357.0,LEBANON RD,37122,MT JULIET,Mt. Juliet,9503,MT. JULIET,,1905.5591004266332,9500,9503,NORMAL,,17.873996589778745,-86.5335931707946,36.23036680396341
MT JULIET MOTORS,12603.0,LEBANON RD,37122,MT JULIET,Mt. Juliet,9503,MT. JULIET,,1260.510281541632,9500,9503,NORMAL,,19.56011866515292,-86.53707732445962,36.228020722595005
TINT WORLD,12641.0,LEBANON RD,37122,MT JULIET,Mt. Juliet,9503,MT. JULIET,,1207.529191518147,9500,9503,NORMAL,,18.30801483720155,-86.537784036647,36.227727619213795
CAR HUNTERS,12695.0,LEBANON RD,37122,MT JULIET,Mt. Juliet,9503,MT. JULIET,,1287.3162506176132,9500,9503,NORMAL,,23.759841040599348,-86.5384311083,36.227190554452704
HOWARD RAWLINGS ANTIQUES,13693.0,LEBANON RD,37138,OLD HICKORY,Mt. Juliet,9503,MT. JULIET,DAVIDSON,305.85062015866623,9500,9503,WATCH,CROSS_COUNTY_POSTAL,39.91753293509896,-86.5543400638144,36.22144482558261
SIMPLY VINTAGE ANTIQUES,13751.0,LEBANON RD,37138,OLD HICKORY,Mt. Juliet,9503,MT. JULIET,DAVIDSON,212.73312850743025,9500,9503,HIGH,CROSS_COUNTY_POSTAL,19.907454205761425,-86.5553305399801,36.22143169131301
AUTO MAX,14137.0,LEBANON RD,37138,OLD HICKORY,Mt. Juliet,9503,MT. JULIET,DAVIDSON,185.99630395127576,9500,9503,HIGH,CROSS_COUNTY_POSTAL,25.0997361806116,-86.56219787681651,36.22149578017739
MARK'S AUTOMOTIVE,14185.0,LEBANON RD,37138,OLD HICKORY,Mt. Juliet,9503,MT. JULIET,DAVIDSON,127.52990694197588,9500,9503,HIGH,CROSS_COUNTY_POSTAL,50.512162089753346,-86.5631645255182,36.22135965057749
PET CENTER,14415.0,LEBANON RD,37138,OLD HICKORY,Mt. Juliet,9503,MT. JULIET,DAVIDSON,63.22934118224424,9500,9503,HIGH,CROSS_COUNTY_POSTAL,31.48071996051676,-86.5670303413444,36.22046405249199
LIVING WATER FELLOWSHIP,14665.0,LEBANON RD,37138,OLD HICKORY,Mt. Juliet,9503,MT. JULIET,DAVIDSON,146.9185574452841,9500,9503,HIGH,CROSS_COUNTY_POSTAL,13.795432359768183,-86.571269448353,36.219559471311804
MASTERS BARBER COLLEGE,14665.0,LEBANON RD,37138,OLD HICKORY,Mt. Juliet,9503,MT. JULIET,DAVIDSON,180.40169471015082,9500,9503,HIGH,CROSS_COUNTY_POSTAL,14.500323977918821,-86.57143399033231,36.2195241167714
WORLD CHAMPION PRODUCTIONS,14789.0,LEBANON RD,37138,OLD HICKORY,Mt. Juliet,9503,MT. JULIET,DAVIDSON,317.111317635518,9500,9503,WATCH,CROSS_COUNTY_POSTAL,36.477868243516376,-86.5723092799743,36.219517945495305
CINCO DE MAYO,14795.0,LEBANON RD,37138,OLD HICKORY,Mt. Juliet,9503,MT. JULIET,DAVIDSON,222.6489946443518,9500,9503,HIGH,CROSS_COUNTY_POSTAL,38.66679824176567,-86.572396724864,36.2197686235533
JOSE'S SANDWICH & GRILL,14801.0,LEBANON RD,37138,OLD HICKORY,Mt. Juliet,9503,MT. JULIET,DAVIDSON,201.97408552753728,9500,9503,HIGH,CROSS_COUNTY_POSTAL,34.5434530236006,-86.5725056484063,36.2198097176546
MEATBALLS ITALIAN GRILL,14805.0,LEBANON RD,37138,OLD HICKORY,Mt. Juliet,9503,MT. JULIET,DAVIDSON,203.2128296731784,9500,9503,HIGH,CROSS_COUNTY_POSTAL,32.17369810546839,-86.5726015257736,36.2197915483277
CHECKMAT,14809.0,LEBANON RD,37138,OLD HICKORY,Mt. Juliet,9503,MT. JULIET,DAVIDSON,206.1380262421276,9500,9503,HIGH,CROSS_COUNTY_POSTAL,31.850536042717405,-86.5727077314636,36.21976707983419
ALISON'S SALON,14811.0,LEBANON RD,37138,OLD HICKORY,Mt. Juliet,9503,MT. JULIET,DAVIDSON,209.175061149126,9500,9503,HIGH,CROSS_COUNTY_POSTAL,33.77087237896269,-86.572768519036,36.2197492651167
EXPLORE CHIROPRACTIC,14813.0,LEBANON RD,37138,OLD HICKORY,Mt. Juliet,9503,MT. JULIET,DAVIDSON,208.6003940147837,9500,9503,HIGH,CROSS_COUNTY_POSTAL,30.673787159195832,-86.5728346711701,36.219740724845785
AUTO ARMOR,14815.0,LEBANON RD,37138,OLD HICKORY,Mt. Juliet,9503,MT. JULIET,DAVIDSON,210.13268324351918,9500,9503,HIGH,CROSS_COUNTY_POSTAL,31.281304074007465,-86.5729021028812,36.21972609778642
MARIO'S MARKET,14817.0,LEBANON RD,37138,OLD HICKORY,Mt. Juliet,9503,MT. JULIET,DAVIDSON,212.0151091863956,9500,9503,HIGH,CROSS_COUNTY_POSTAL,30.308192457015583,-86.5729677632228,36.219710763506036
ALLSTATE,14819.0,LEBANON RD,37138,OLD HICKORY,Mt. Juliet,9503,MT. JULIET,DAVIDSON,213.40848841429795,9500,9503,HIGH,CROSS_COUNTY_POSTAL,30.694493988110196,-86.573032993449,36.21969686240332
LITTLE CAESARS,14821.0,LEBANON RD,37138,OLD HICKORY,Mt. Juliet,9503,MT. JULIET,DAVIDSON,212.42857532617163,9500,9503,HIGH,CROSS_COUNTY_POSTAL,29.249265423346785,-86.5730964652288,36.21968404208759
MARINER FINANCE,14823.0,LEBANON RD,37138,OLD HICKORY,Mt. Juliet,9503,MT. JULIET,DAVIDSON,207.02225162422573,9500,9503,HIGH,CROSS_COUNTY_POSTAL,29.19875208758183,-86.5731634604719,36.21967013253921
TRUTH & GRACE CHURCH,14825.0,LEBANON RD,37138,OLD HICKORY,Mt. Juliet,9503,MT. JULIET,DAVIDSON,202.793457156762,9500,9503,HIGH,CROSS_COUNTY_POSTAL,30.215361529853105,-86.5732277894467,36.219653731956186
CENTURY CASSEROLES,14827.0,LEBANON RD,37138,OLD HICKORY,Mt. Juliet,9503,MT. JULIET,DAVIDSON,196.70687862245683,9500,9503,HIGH,CROSS_COUNTY_POSTAL,30.01542935361288,-86.5732948001473,36.2196419672183
4EVER E CIG,14829.0,LEBANON RD,37138,OLD HICKORY,Mt. Juliet,9503,MT. JULIET,DAVIDSON,191.6201259892716,9500,9503,HIGH,CROSS_COUNTY_POSTAL,29.845545752594862,-86.5733595887164,36.21962806803482
FARRELL CALHOUN PAINT,14831.0,LEBANON RD,37138,OLD HICKORY,Mt. Juliet,9503,MT. JULIET,DAVIDSON,186.38479936107888,9500,9503,HIGH,CROSS_COUNTY_POSTAL,29.021432816466735,-86.5734230603949,36.2196152484485
FIRECRACKER HOT CHICKEN,14833.0,LEBANON RD,37138,OLD HICKORY,Mt. Juliet,9503,MT. JULIET,DAVIDSON,160.5316277663926,9500,9503,HIGH,CROSS_COUNTY_POSTAL,30.82105338365464,-86.5735592546349,36.2195870597906
DUNKIN DONUTS,14835.0,LEBANON RD,37138,OLD HICKORY,Mt. Juliet,9503,MT. JULIET,DAVIDSON,178.78696886910944,9500,9503,HIGH,CROSS_COUNTY_POSTAL,26.074209187989133,-86.5736313085037,36.21911806605809
EL OK CORRAL,14841.0,LEBANON RD,37138,OLD HICKORY,Mt. Juliet,9503,MT. JULIET,DAVIDSON,173.34103518070933,9500,9503,HIGH,CROSS_COUNTY_POSTAL,42.17862240620762,-86.5743918737164,36.2188950726934
O'REILLY AUTO PARTS,14881.0,LEBANON RD,37138,OLD HICKORY,Mt. Juliet,9503,MT. JULIET,DAVIDSON,150.04053308169026,9500,9503,HIGH,CROSS_COUNTY_POSTAL,18.8609475877493,-86.5751503235901,36.21881069842439
PUBLIC STORAGE,15025.0,LEBANON RD,37138,OLD HICKORY,Mt. Juliet,9503,MT. JULIET,DAVIDSON,266.78622588864516,9500,9503,WATCH,CROSS_COUNTY_POSTAL,26.19894784121333,-86.5774438338415,36.218330405501405
ADAM'S AUTO SHOP,15115.0,LEBANON RD,37138,OLD HICKORY,Mt. Juliet,9503,MT. JULIET,DAVIDSON,60.76071972791216,9500,9503,HIGH,CROSS_COUNTY_POSTAL,22.901599514000313,-86.5791842108305,36.2180931563201
AUTO WORLD,15153.0,LEBANON RD,37138,OLD HICKORY,Mt. Juliet,9503,MT. JULIET,DAVIDSON,90.86871742272834,9500,9503,HIGH,CROSS_COUNTY_POSTAL,15.9242302703123,-86.5798447572104,36.21794818254601
VINTAGE WINE & SPIRITS,15255.0,LEBANON RD,37138,OLD HICKORY,Mt. Juliet,9503,MT. JULIET,DAVIDSON,226.0190960493745,9500,9503,HIGH,CROSS_COUNTY_POSTAL,33.0066022455472,-86.5811328775191,36.218031840886404
FRIENDSHIP COMMUNITY CHURCH,15287.0,LEBANON RD,37138,OLD HICKORY,Mt. Juliet,9503,MT. JULIET,DAVIDSON,103.86136183677556,9500,9503,HIGH,CROSS_COUNTY_POSTAL,33.988281507741405,-86.58215087038,36.21814375303471
MARATHON,15333.0,LEBANON RD,37138,OLD HICKORY,Mt. Juliet,9503,MT. JULIET,DAVIDSON,165.11390099941823,9500,9503,HIGH,CROSS_COUNTY_POSTAL,80.54879954285273,-86.5828566799172,36.217281912704905
GEORGE THOMAS REALTY,14444.0,LEBANON RD,37138,OLD HICKORY,Mt. Juliet,9503,MT. JULIET,DAVIDSON,196.14463724371285,9500,9503,HIGH,CROSS_COUNTY_POSTAL,28.002994075207376,-86.5674309587046,36.2195626224143
SHELL,14422.0,LEBANON RD,37138,OLD HICKORY,Mt. Juliet,9503,MT. JULIET,DAVIDSON,247.29273169773262,9500,9503,HIGH,CROSS_COUNTY_POSTAL,71.75169087543594,-86.5670431406801,36.2198978033416
MERAKI SALON,14310.0,LEBANON RD,37138,OLD HICKORY,Mt. Juliet,9503,MT. JULIET,DAVIDSON,121.22393343026731,9500,9503,HIGH,CROSS_COUNTY_POSTAL,33.079045328904925,-86.5650411435672,36.21993866173461
IDEAL MOTORS,14242.0,LEBANON RD,37138,OLD HICKORY,Mt. Juliet,9503,MT. JULIET,DAVIDSON,423.8169684193589,9500,9503,WATCH,CROSS_COUNTY_POSTAL,17.71028569703344,-86.5639852465197,36.22043290453171
RED DOT STORAGE,14130.0,LEBANON RD,37138,OLD HICKORY,Mt. Juliet,9503,MT. JULIET,DAVIDSON,435.29973267928887,9500,9503,WATCH,CROSS_COUNTY_POSTAL,51.95244353121562,-86.5618126953513,36.22082646389462
MUSIC CITY TECHNOLOGY,13670.0,LEBANON RD,37138,OLD HICKORY,Mt. Juliet,9503,MT. JULIET,DAVIDSON,295.33103943543944,9500,9503,WATCH,CROSS_COUNTY_POSTAL,23.846006734267476,-86.5538684805708,36.22097236667062
HICKORY GROVE CHURCH,84.0,S GREENHILL RD,37122,MT JULIET,Mt. Juliet,9503,MT. JULIET,,77.05791228278888,9500,9503,HIGH,BOUNDARY_RISK,37.57067086380329,-86.5499010702429,36.2213314839225
RUMPUS ROOM,13260.0,LEBANON RD,37122,MT JULIET,Mt. Juliet,9503,MT. JULIET,,108.25978108813958,9500,9503,HIGH,BOUNDARY_RISK,23.601846521088515,-86.54721468807242,36.222775205196896
ISSHINRYU KARATE,13260.0,LEBANON RD,37122,MT JULIET,Mt. Juliet,9503,MT. JULIET,,131.52049087582984,9500,9503,HIGH,BOUNDARY_RISK,22.759775448845964,-86.5471144806381,36.22280375351081
CEDAR CITY HOUSE OF PRINT,13260.0,LEBANON RD,37122,MT JULIET,Mt. Juliet,9503,MT. JULIET,,136.82546116086684,9500,9503,HIGH,BOUNDARY_RISK,22.389037947268037,-86.5468173179816,36.222899526648
BALANCE STUDIO,13260.0,LEBANON RD,37122,MT JULIET,Mt. Juliet,9503,MT. JULIET,,160.08749450111858,9500,9503,HIGH,BOUNDARY_RISK,23.60125930261366,-86.5470111254176,36.22283907980499
PAUL BINKLEY CO,13260.0,LEBANON RD,37122,MT JULIET,Mt. Juliet,9503,MT. JULIET,,146.2981281502282,9500,9503,HIGH,BOUNDARY_RISK,22.974261727873476,-86.5469131743625,36.22287161833741
ACTIVE LIFE CHROPRACTIC,12920.0,LEBANON RD,37122,MT JULIET,Mt. Juliet,9503,MT. JULIET,,259.57555980397234,9500,9503,WATCH,,28.546995452463666,-86.5423911971742,36.22462750963541
BANK OF TENNESSEE,12920.0,LEBANON RD,37122,MT JULIET,Mt. Juliet,9503,MT. JULIET,,217.602850770797,9500,9503,HIGH,BOUNDARY_RISK,19.869093898064392,-86.5425333927702,36.224531363061516
LUBU KITCHEN,12912.0,LEBANON RD,37122,MT JULIET,Mt. Juliet,9503,MT. JULIET,,281.6956446775071,9500,9503,WATCH,,49.271512191930874,-86.5419552327512,36.22455124615598
MAXIMIZED LIVING,12908.0,LEBANON RD,37122,MT JULIET,Mt. Juliet,9503,MT. JULIET,,302.0638950299794,9500,9503,WATCH,,47.17170067221068,-86.5418848113303,36.22458196452281
POLISHED NAIL,12906.0,LEBANON RD,37122,MT JULIET,Mt. Juliet,9503,MT. JULIET,,329.53272124306346,9500,9503,WATCH,,47.1923058612786,-86.5418005137761,36.224627649791
MODERN EYE,12904.0,LEBANON RD,37122,MT JULIET,Mt. Juliet,9503,MT. JULIET,,354.77810216174777,9500,9503,WATCH,,46.0469193041223,-86.5417183728823,36.22466617038629
FARM BUREAU,12902.0,LEBANON RD,37122,MT JULIET,Mt. Juliet,9503,MT. JULIET,,374.9999281417118,9500,9503,WATCH,,47.38875390403876,-86.5416548719664,36.224697692126924
TANGLES,12898.0,LEBANON RD,37122,MT JULIET,Mt. Juliet,9503,MT. JULIET,,391.9354483467563,9500,9503,WATCH,,45.07188755418602,-86.5415980892945,36.22472155381622
LOS COMPADRES,12894.0,LEBANON RD,37122,MT JULIET,Mt. Juliet,9503,MT. JULIET,,431.9371141046848,9500,9503,WATCH,,48.89585430723372,-86.541480373507,36.22478682212421
FIRST FREEDOM BANK,12888.0,LEBANON RD,37122,MT JULIET,Mt. Juliet,9503,MT. JULIET,,633.6756613375569,9500,9503,WATCH,,43.74496267654635,-86.540971167795,36.22516490619551
TAKE 5 CAR WASH,12840.0,Lebanon RD,37122,MT JULIET,Mt. Juliet,9503,MT. JULIET,,849.3596487262834,9500,9503,WATCH,,26.875930444567857,-86.54035473059251,36.225722665708886
CHRISTIAN BROTHERS AUTOMOTIVE,12820.0,Lebanon RD,37122,MT JULIET,Mt. Juliet,9503,MT. JULIET,,988.3903883985888,9500,9503,WATCH,,78.8204696864617,-86.5393638949742,36.22602990603251
MORGAN UPHOLSTERY,12234.0,LEBANON RD,37122,MT JULIET,Mt. Juliet,9503,MT. JULIET,,2280.8419476377635,9500,9503,NORMAL,,29.32018821749834,-86.530825232512,36.2301120155973
PROST & RIOT,12192.0,LEBANON RD,37122,MT JULIET,Mt. Juliet,9503,MT. JULIET,,2376.879659831829,9500,9503,NORMAL,,15.807277852486575,-86.5304464495643,36.2303244834931
TENNESSEE QUICK CASH,12168.0,LEBANON RD,37122,MT JULIET,Mt. Juliet,9503,MT. JULIET,,2402.4754516009853,9500,9503,NORMAL,,13.29704617696,-86.5299194730535,36.230318525781605
SHEAR CITY BARBER,12070.0,LEBANON RD,37122,MT JULIET,Mt. Juliet,9503,MT. JULIET,,2664.318695269137,9500,9503,NORMAL,,18.82337168696403,-86.5283788840927,36.23075076563891
READY 2 DRIVE,12020.0,LEBANON RD,37122,MT JULIET,Mt. Juliet,9503,MT. JULIET,,2614.069808558399,9500,9503,NORMAL,,24.180751674592294,-86.5280000305255,36.230493846405594
SALON G2,12020.0,LEBANON RD,37122,MT JULIET,Mt. Juliet,9503,MT. JULIET,,2627.2548343136955,9500,9503,NORMAL,,22.131207666404666,-86.5278898227544,36.2304974851083
THE MYSTICAL HEART,12020.0,LEBANON RD,37122,MT JULIET,Mt. Juliet,9503,MT. JULIET,,2683.297136686742,9500,9503,NORMAL,,25.153745751350623,-86.5275003206235,36.2305307912294
RUFF STYLES BABER SHOP,12004.0,LEBANON RD,37122,MT JULIET,Mt. Juliet,9503,MT. JULIET,,2810.0568692449533,9500,9503,NORMAL,,10.439217945741705,-86.5273159635932,36.23084542678369
MT JULIET BARBER,11992.0,LEBANON RD,37122,MT JULIET,Mt. Juliet,9503,MT. JULIET,,2837.1887767410794,9500,9503,NORMAL,,14.704755658653935,-86.5271066872103,36.23084946384898
GOLF RX,11972.0,LEBANON RD,37122,MT JULIET,Mt. Juliet,9503,MT. JULIET,,2880.46789330094,9500,9503,NORMAL,,21.961770997387934,-86.5267218472774,36.230827841933305
NELL'S SALON,11988.0,LEBANON RD,37122,MT JULIET,Mt. Juliet,9503,MT. JULIET,,2842.5307889126293,9500,9503,NORMAL,,13.347195761172097,-86.5270550547889,36.23084583725299
SEVEN POINT APOTHECARY,12002.0,LEBANON RD,37122,MT JULIET,Mt. Juliet,9503,MT. JULIET,,2820.731210569608,9500,9503,NORMAL,,14.771467151453791,-86.52724101082461,36.230850141176
MT JULIET LOCK & KEY,12008.0,LEBANON RD,37122,MT JULIET,Mt. Juliet,9503,MT. JULIET,,2798.1014280234135,9500,9503,NORMAL,,17.047058021731665,-86.5274107109925,36.23084349906521
MEMORIES CONSIGNMENT,11966.0,LEBANON RD,37122,MT JULIET,Mt. Juliet,9503,MT. JULIET,,2900.948557924169,9500,9503,NORMAL,,22.19322223027709,-86.5265659459533,36.2308248824298
COMPLETE WEALTH MANAGEMENT,11976.0,LEBANON RD,37122,MT JULIET,Mt. Juliet,9503,MT. JULIET,,2862.657393270929,9500,9503,NORMAL,,22.554820597836578,-86.5268574841755,36.2308289600725
GENTLY'S BALLROOM,11952.0,LEBANON RD,37122,MT JULIET,Mt. Juliet,9503,MT. JULIET,,2917.436009673597,9500,9503,NORMAL,,29.46605964345351,-86.5264113246547,36.23080813092213
MAN CAVE INK,11932.0,LEBANON RD,37122,MT JULIET,Mt. Juliet,9503,MT. JULIET,,2972.3234408185704,9500,9503,NORMAL,,31.385584198384034,-86.5260398952273,36.230808675605395
THE SHOP,11936.0,LEBANON RD,37122,MT JULIET,Mt. Juliet,9503,MT. JULIET,,2960.4673062421093,9500,9503,NORMAL,,33.177910550608786,-86.526138321654,36.2308180352786
RESTORATION COMMUNITY OUTREACH,11948.0,LEBANON RD,37122,MT JULIET,Mt. Juliet,9503,MT. JULIET,,2932.666961355157,9500,9503,NORMAL,,29.995677881041775,-86.5263150865608,36.2308123877412
KHLOE NAILS,11928.0,LEBANON RD,37122,MT JULIET,Mt. Juliet,9503,MT. JULIET,,2986.2075206390205,9500,9503,NORMAL,,30.51413039740078,-86.5259423921539,36.230805527664494
MID. TENN. FLOORING & ROOFING,11924.0,LEBANON RD,37122,MT JULIET,Mt. Juliet,9503,MT. JULIET,,3000.46452541837,9500,9503,NORMAL,,33.20032942083211,-86.5258671644426,36.23081407806652
PLAYHOUSE 615,11924.0,LEBANON RD,37122,MT JULIET,Mt. Juliet,9503,MT. JULIET,,3016.0065102617946,9500,9503,NORMAL,,29.164142977853757,-86.5257565544232,36.2308084680759
TICO ICE,11914.0,LEBANON RD,37122,MT JULIET,Mt. Juliet,9503,MT. JULIET,,3030.0300889968917,9500,9503,NORMAL,,33.468386871658424,-86.5256621134104,36.2308054327546
ROCK ZONE,11908.0,LEBANON RD,37122,MT JULIET,Mt. Juliet,9503,MT. JULIET,,3044.8323991653224,9500,9503,NORMAL,,18.98476007103118,-86.5255641923109,36.23080248459971
SMOKE SHOP,11898.0,LEBANON RD,37122,MT JULIET,Mt. Juliet,9503,MT. JULIET,,3066.0894235528717,9500,9503,NORMAL,,17.66701035082666,-86.5254255742701,36.23079817588021
LIFE RECOVERY,11884.0,LEBANON RD,37122,MT JULIET,Mt. Juliet,9503,MT. JULIET,,3099.033519140918,9500,9503,NORMAL,,12.606832846797108,-86.5253113532496,36.23084491602739
LARRY'S BARBERSHOP,11878.0,LEBANON RD,37122,MT JULIET,Mt. Juliet,9503,MT. JULIET,,3110.1839278791995,9500,9503,NORMAL,,16.77155540528243,-86.5252345433131,36.230839483012105
GREATER TRUTH FAITH CHURCH,11876.0,LEBANON RD,37122,MT JULIET,Mt. Juliet,9503,MT. JULIET,,3119.2497268262687,9500,9503,NORMAL,,13.812549225376895,-86.5251711499784,36.23083422323722
CHARISMA BEAUTY,11874.0,LEBANON RD,37122,MT JULIET,Mt. Juliet,9503,MT. JULIET,,3131.044907114836,9500,9503,NORMAL,,14.489124382047123,-86.5251006939354,36.23083381304551
KING AUTOMOTIVE,11846.0,LEBANON RD,37122,MT JULIET,Mt. Juliet,9503,MT. JULIET,,3244.720148016924,9500,9503,NORMAL,,14.395631904144548,-86.5244623184703,36.2308394405833
Dog Sanctuary,765.0,NONAVILLE RD,37122,MT JULIET,Mt. Juliet,9503,MT. JULIET,,564.9462537902541,9500,9503,WATCH,,51.39243189995705,-86.5311341423482,36.23989776041502
JUST BOX IT,129.0,SUNSET CIR,37122,MT JULIET,Mt. Juliet,9503,MT. JULIET,,2277.5243534135584,9500,9503,NORMAL,,10.756312520062457,-86.5177245876441,36.2295719387069
KROGER ,4120.0,N MT JULIET RD,37122,MT JULIET,Mt. Juliet,9503,MT. JULIET,,2221.4054828003086,9500,9503,NORMAL,,18.501052816530194,-86.5163986596854,36.22928876427051
THE BASEMENT MARKETPLACE,14625.0,LEBANON RD,37138,OLD HICKORY,Mt. Juliet,9503,MT. JULIET,DAVIDSON,67.24476326050815,9500,9503,HIGH,CROSS_COUNTY_POSTAL,3.1390230269582373,-86.57080366279571,36.21981306335329
LUCKY PEARL DESIGN,14625.0,LEBANON RD,37138,OLD HICKORY,Mt. Juliet,9503,MT. JULIET,DAVIDSON,111.21354331519849,9500,9503,HIGH,CROSS_COUNTY_POSTAL,21.712236206654495,-86.5707151206868,36.21970750559099
LOFT PHOTOGRAPHY,14625.0,LEBANON RD,37138,OLD HICKORY,Mt. Juliet,9503,MT. JULIET,DAVIDSON,111.4469102870386,9500,9503,HIGH,CROSS_COUNTY_POSTAL,23.406136091314256,-86.5709433467158,36.219656097065
STATE FARM,14625.0,LEBANON RD,37138,OLD HICKORY,Mt. Juliet,9503,MT. JULIET,DAVIDSON,111.28403108504331,9500,9503,HIGH,CROSS_COUNTY_POSTAL,22.70532425495301,-86.5708473340852,36.2196779085361
MERIT INSURANCE,14625.0,LEBANON RD,37138,OLD HICKORY,Mt. Juliet,9503,MT. JULIET,DAVIDSON,114.73493292558642,9500,9503,HIGH,CROSS_COUNTY_POSTAL,23.625326666624073,-86.5705995206071,36.219723177328184
RAPID RIDES AUTO SALES,14345.0,LEBANON RD,37138,OLD HICKORY,Mt. Juliet,9503,MT. JULIET,DAVIDSON,88.7780073142568,9500,9503,HIGH,CROSS_COUNTY_POSTAL,18.329541257423493,-86.5658530245409,36.22076811839831
ADVANCED SECURITY,14155.0,LEBANON RD,37138,OLD HICKORY,Mt. Juliet,9503,MT. JULIET,DAVIDSON,168.20688799512052,9500,9503,HIGH,CROSS_COUNTY_POSTAL,109.02885569750492,-86.5626736214026,36.2214623431072
ADVANTAGE INSURANCE GROUP,13026.0,LEBANON RD,37122,MT JULIET,Mt. Juliet,9503,MT. JULIET,,69.65154210534025,9500,9503,HIGH,BOUNDARY_RISK,19.46395498882327,-86.5436630662712,36.22400417025829
REMAX,13018.0,LEBANON RD,37122,MT JULIET,Mt. Juliet,9503,MT. JULIET,,127.4778435330145,9500,9503,HIGH,BOUNDARY_RISK,20.673344124196642,-86.5431160969881,36.22423745377102
SOMPO INTERNATIONAL,12890.0,LEBANON RD,37122,MT JULIET,Mt. Juliet,9503,MT. JULIET,,346.31482930781294,9500,9503,WATCH,,77.85857615019468,-86.5395869856592,36.2242513629592
 ,14956.0,LEBANON RD,37138,OLD HICKORY,Mt. Juliet,9503,MT. JULIET,DAVIDSON,184.62789267046557,9500,9503,HIGH,CROSS_COUNTY_POSTAL,35.54039774812985,-86.5760011551643,36.2176338616362
BARBER SHOP,14860.0,LEBANON RD,37138,OLD HICKORY,Mt. Juliet,9503,MT. JULIET,DAVIDSON,365.6117113283258,9500,9503,WATCH,CROSS_COUNTY_POSTAL,8.535964183638304,-86.5748947380362,36.21825172254632
COUNTY RECORD SERVICES,14909.0,LEBANON RD,37138,OLD HICKORY,Unincorporated,9500,(Unincorporated),DAVIDSON,52.452574332862895,9500,9503,HIGH,CROSS_COUNTY_POSTAL,26.819226654321824,-86.575543951283,36.21952142870661
WOODLINE USA,14909.0,LEBANON RD,37138,OLD HICKORY,Unincorporated,9500,(Unincorporated),DAVIDSON,82.70892928860683,9500,9503,HIGH,CROSS_COUNTY_POSTAL,27.62894259434874,-86.5754434312385,36.21953836165681
TIM LEEPER ROOFING,14919.0,LEBANON RD,37138,OLD HICKORY,Mt. Juliet,9503,MT. JULIET,DAVIDSON,62.62458109850792,9500,9503,HIGH,CROSS_COUNTY_POSTAL,18.595767234758032,-86.5759430708748,36.21951059662031
BODY INBALANCE,14665.0,LEBANON RD,37138,OLD HICKORY,Mt. Juliet,9503,MT. JULIET,DAVIDSON,143.4540750323236,9500,9503,HIGH,CROSS_COUNTY_POSTAL,10.056731300856617,-86.5715206143638,36.2197424573511
SOUTHERN RETAIL INVENTORY,14927.0,LEBANON RD,37138,OLD HICKORY,Mt. Juliet,9503,MT. JULIET,DAVIDSON,261.61810095540886,9500,9503,WATCH,CROSS_COUNTY_POSTAL,10.976563392117649,-86.5765403012541,36.21919555131769
BUSY BEE HEATING & AC,111.0,CHERRY ST,37087,LEBANON,Lebanon,9501,LEBANON,,4434.808494808598,9500,9501,NORMAL,,8.547515005998177,-86.2858025707989,36.20651668585752
SCHMITT DENTAL,14221.0,LEBANON RD,37138,OLD HICKORY,Mt. Juliet,9503,MT. JULIET,DAVIDSON,204.3776045331618,9500,9503,HIGH,CROSS_COUNTY_POSTAL,26.212638262375627,-86.5637318615227,36.2211034378348
MASONIC LODGE,279.0,TATE LN,37122,MT JULIET,Mt. Juliet,9503,MT. JULIET,,24.082209488283684,9500,9503,CRITICAL,BOUNDARY_RISK,20.100048673446526,-86.5408997078633,36.2234712473197
PACE ANALYTICAL,12049.0,LEBANON RD,37122,MT JULIET,Mt. Juliet,9503,MT. JULIET,,3018.7759865621997,9500,9503,NORMAL,,65.88037122976884,-86.5280779177033,36.2330605019593
PACE ANALYTICAL,12075.0,LEBANON RD,37122,MT JULIET,Mt. Juliet,9503,MT. JULIET,,3084.5229836435287,9500,9503,NORMAL,,25.537041062384198,-86.5276223514242,36.232936113095896
PACE ANALYTICAL,12075.0,LEBANON RD,37122,MT JULIET,Mt. Juliet,9503,MT. JULIET,,3134.1655898603617,9500,9503,NORMAL,,159.12112859254603,-86.5270789901386,36.232887217386704
PACE ANALYTICAL,12065.0,LEBANON RD,37122,MT JULIET,Mt. Juliet,9503,MT. JULIET,,3221.7634173662495,9500,9503,NORMAL,,212.281046080312,-86.5268127945004,36.232691655729596
PACE ANALYTICAL,12075.0,LEBANON RD,37122,MT JULIET,Mt. Juliet,9503,MT. JULIET,,3227.797375959094,9500,9503,NORMAL,,170.1167914872379,-86.52762116532212,36.232536709989986
PACE ANALYTICAL,12075.0,LEBANON RD,37122,MT JULIET,Mt. Juliet,9503,MT. JULIET,,3235.381190240187,9500,9503,NORMAL,,254.69968783438267,-86.5281342195252,36.23245458598121
PACE ANALYTICAL,11995.0,LEBANON RD,37122,MT JULIET,Mt. Juliet,9503,MT. JULIET,,3136.6332587928155,9500,9503,NORMAL,,81.45327263541829,-86.5271244456382,36.231755561301796
PACE ANALYTICAL,12017.0,LEBANON RD,37122,MT JULIET,Mt. Juliet,9503,MT. JULIET,,3011.1625435754772,9500,9503,NORMAL,,124.14288927763644,-86.5278593136618,36.23161404940488
PACE ANALYTICAL,12085.0,LEBANON RD,37122,MT JULIET,Mt. Juliet,9503,MT. JULIET,,2958.0716974149627,9500,9503,NORMAL,,146.12677278808084,-86.528350669136,36.231589248698995
J&K ENGINES,12071.0,LEBANON RD,37122,MT JULIET,Mt. Juliet,9503,MT. JULIET,,2627.6258983202697,9500,9503,NORMAL,,14.190712990921563,-86.5276117412074,36.23421664977489
YOUNG PERFORMANCE MARINE,12049.0,LEBANON RD,37122,MT JULIET,Mt. Juliet,9503,MT. JULIET,,2787.1308090753982,9500,9503,NORMAL,,18.60401782620158,-86.5276355223819,36.233765393276904
CLASSIC AUTO PAINTING,11907.0,LEBANON RD,37122,MT JULIET,Mt. Juliet,9503,MT. JULIET,,3330.7510136665196,9500,9503,NORMAL,,7.176178650197038,-86.5250868675579,36.2314878368526
C&D GRAPHICS,11907.0,LEBANON RD,37122,MT JULIET,Mt. Juliet,9503,MT. JULIET,,3387.2593254696944,9500,9503,NORMAL,,6.831586564307576,-86.5255286876679,36.23188662076849
PSYCHIC READINGS,11804.0,LEBANON RD,37122,MT JULIET,Mt. Juliet,9503,MT. JULIET,,3268.2354133233716,9500,9503,NORMAL,,20.35670137839908,-86.5237816506281,36.2307076157227
GREEN HILL CHURCH OF CHRIST,11706.0,LEBANON RD,37122,MT JULIET,Mt. Juliet,9503,MT. JULIET,,2840.0690432378888,9500,9503,NORMAL,,57.762846827452364,-86.5220425114196,36.2306695803941
ATTIC TRINKETS & TREASURES,11780.0,LEBANON RD,37122,MT JULIET,Mt. Juliet,9503,MT. JULIET,,3150.3624846866846,9500,9503,NORMAL,,23.191429066656173,-86.523345697797,36.23074241212561
RE:MOVE TRAINING,11620.0,LEBANON RD,37122,MT JULIET,Mt. Juliet,9503,MT. JULIET,,2503.6482202448597,9500,9503,NORMAL,,44.24171514238264,-86.5205255661753,36.230591432873204
COUNTY LINE MOTORS,11558.0,LEBANON RD,37122,MT JULIET,Mt. Juliet,9503,MT. JULIET,,2227.6031955562357,9500,9503,NORMAL,,17.29346058668187,-86.5194040913442,36.2307322406562
LA CARRETA MEXICAN,11540.0,LEBANON RD,37122,MT JULIET,Mt. Juliet,9503,MT. JULIET,,2172.5692885240364,9500,9503,NORMAL,,16.65905670334984,-86.5190732602282,36.23068725893741
MT JULIET WINE & SPIRITS,11348.0,LEBANON RD,37122,MT JULIET,Mt. Juliet,9503,MT. JULIET,,1698.4558232616462,9500,9503,NORMAL,,7.364503539901839,-86.5156668086796,36.23061078959039
SMILEY THAI & SUSHI,11356.0,LEBANON RD,37122,MT JULIET,Mt. Juliet,9503,MT. JULIET,,1693.3910161951922,9500,9503,NORMAL,,15.590108519589249,-86.5158293431464,36.23066415722198
NAILS PRO,11338.0,LEBANON RD,37122,MT JULIET,Mt. Juliet,9503,MT. JULIET,,1678.0249273527081,9500,9503,NORMAL,,10.666292054416548,-86.515494332741,36.2306319775129
JADY K BEAUTIQUE,11324.0,LEBANON RD,37122,MT JULIET,Mt. Juliet,9503,MT. JULIET,,1662.3227101708194,9500,9503,NORMAL,,11.2155248243925,-86.5153369641811,36.23064633785919
NOVA NUTRITION,11320.0,LEBANON RD,37122,MT JULIET,Mt. Juliet,9503,MT. JULIET,,1650.76999445086,9500,9503,NORMAL,,5.174948936634716,-86.51519656058801,36.23065504608971
AMERICA'S HOME PLACE,4157.0,N MT JULIET RD,37122,MT JULIET,Mt. Juliet,9503,MT. JULIET,,2119.9666033409508,9500,9503,NORMAL,,8.179545166538084,-86.5133264668161,36.22931729078989
MT JULIET DENTAL,4155.0,N MT JULIET RD,37122,MT JULIET,Mt. Juliet,9503,MT. JULIET,,2197.5243902502534,9500,9503,NORMAL,,7.789519440499801,-86.5133596423731,36.2291001580844
F & M BANK,4151.0,N MT JULIET RD,37122,MT JULIET,Mt. Juliet,9503,MT. JULIET,,2435.124470349536,9500,9503,NORMAL,,34.77420733565995,-86.5134461322049,36.22843827617549
CORNER PUB BETWEEN THE LAKES,4136.0,N MT JULIET RD,37122,MT JULIET,Mt. Juliet,9503,MT. JULIET,,2333.4926704209006,9500,9503,NORMAL,,14.741519936651468,-86.5145041765364,36.2287026240442
PAPA JOHNS,4134.0,N MT JULIET RD,37122,MT JULIET,Mt. Juliet,9503,MT. JULIET,,2408.7781356358446,9500,9503,NORMAL,,11.777336483038146,-86.5145275612298,36.22849650162511
CHINA MOON,4128.0,N  MT JULIET RD,37122,MT JULIET,Mt. Juliet,9503,MT. JULIET,,1966.1531047689825,9500,9503,NORMAL,,2.9677010155302157,-86.5160642806072,36.229938785590704
NATURAL NAILS,4126.0,N  MT JULIET RD,37122,MT JULIET,Mt. Juliet,9503,MT. JULIET,,1984.9089373377224,9500,9503,NORMAL,,3.793109509784148,-86.5160679740196,36.2298858518854
THE VAPE PLACE,4124.0,N  MT JULIET RD,37122,MT JULIET,Mt. Juliet,9503,MT. JULIET,,2004.209690169673,9500,9503,NORMAL,,4.676556582299443,-86.5160718423807,36.22983142768708
HEADS UP,4122.0,N  MT JULIET RD,37122,MT JULIET,Mt. Juliet,9503,MT. JULIET,,2024.9356522254054,9500,9503,NORMAL,,5.422485950709003,-86.5160758770524,36.22977298956929
TENNESSEE HYDRATION,4114.0,N MT JULIET RD,37122,MT JULIET,Mt. Juliet,9503,MT. JULIET,,2378.680205371866,9500,9503,NORMAL,,36.4493147104929,-86.516327263881,36.22882027205451
CENTENNIAL ADULTCARE,4112.0,N MT JULIET RD,37122,MT JULIET,Mt. Juliet,9503,MT. JULIET,,2408.7247219338196,9500,9503,NORMAL,,8.521534120701329,-86.5162200923691,36.22871078187411
FITNESS 1440,4110.0,N MT JULIET RD,37122,MT JULIET,Mt. Juliet,9503,MT. JULIET,,2776.613931292242,9500,9503,NORMAL,,6.991930854193825,-86.5147186725994,36.22749326548572
NOTHING BUNDT CAKES,4110.0,N MT JULIET RD,37122,MT JULIET,Mt. Juliet,9503,MT. JULIET,,2730.133372140526,9500,9503,NORMAL,,7.249562051994141,-86.5146968384424,36.22762008332121
LOCKS & LASHES,4110.0,N MT JULIET RD,37122,MT JULIET,Mt. Juliet,9503,MT. JULIET,,2672.217544338751,9500,9503,NORMAL,,7.264302443451312,-86.5146646602048,36.22777787568852
FIRST BANK,4110.0,N MT JULIET RD,37122,MT JULIET,Mt. Juliet,9503,MT. JULIET,,2636.444412855338,9500,9503,NORMAL,,7.027076935954559,-86.5146536404947,36.22787578349871
CATCH 22,3952.0,N MT JULIET RD,37122,MT JULIET,Mt. Juliet,9503,MT. JULIET,,3539.8844564748297,9500,9503,NORMAL,,15.637761222249521,-86.5150795186882,36.2254122852591
HAMMER & STAIN,3544.0,N  MT JULIET RD,37122,MT JULIET,Mt. Juliet,9503,MT. JULIET,,4571.725097452055,9500,9503,NORMAL,,7.822289067028089,-86.5155815059861,36.219518101254295
WEST WILSON WALK IN CLINIC,3500.0,N MT JULIET RD,37122,MT JULIET,Mt. Juliet,9503,MT. JULIET,,4476.85735925885,9500,9503,NORMAL,,15.152216962703966,-86.5158400156239,36.21894856759291
THE SUGAR PEA,3384.0,N MT JULIET RD,37122,MT JULIET,Mt. Juliet,9503,MT. JULIET,,4434.450998111707,9500,9503,NORMAL,,11.29685574598522,-86.5158467413715,36.21765440798521
PUNCH EMBROIDERY,3384.0,N MT JULIET RD,37122,MT JULIET,Mt. Juliet,9503,MT. JULIET,,4388.7783563941875,9500,9503,NORMAL,,4.04084846985758,-86.5159969423333,36.2176054797294
P&G,5002.0,MARKET PL,37122,MT JULIET,Mt. Juliet,9503,MT. JULIET,,1147.676996952678,9500,9503,NORMAL,,35.46105303777592,-86.5373231646217,36.228260403216495
UNIVERSAL GYMNASTICS,5010.0,MARKET PL,37122,MT JULIET,Mt. Juliet,9503,MT. JULIET,,1020.6977770544216,9500,9503,NORMAL,,21.8150559235796,-86.5369100617169,36.229406815335395
W.A. WRIGHT ELEMENTARY,5017.0,MARKET PL,37122,MT JULIET,Mt. Juliet,9503,MT. JULIET,,928.7607982631779,9500,9503,WATCH,,50.25269389781438,-86.5363360609582,36.23341895020812
DOG TRAINING,5011.0,MARKET PL,37122,MT JULIET,Mt. Juliet,9503,MT. JULIET,,780.9589039109288,9500,9503,WATCH,,20.136980136348853,-86.5377177155504,36.22955185854
DUKES EXTERIORS,5011.0,MARKET PL,37122,MT JULIET,Mt. Juliet,9503,MT. JULIET,,725.5797888588759,9500,9503,WATCH,,19.61480833060524,-86.537910665496,36.2295772291003
EAST COAST METAL,5001.0,MARKET PL,37122,MT JULIET,Mt. Juliet,9503,MT. JULIET,,1032.5810919712005,9500,9503,NORMAL,,15.918685089589502,-86.5381449873946,36.22810969863271
UNIVERSAL GYMNASTICS,5003.0,MARKET PL,37122,MT JULIET,Mt. Juliet,9503,MT. JULIET,,937.4268148312284,9500,9503,WATCH,,13.901287055151693,-86.5381117755821,36.22845600144581
ST STEPHEN CATHOLIC,14544.0,LEBANON RD,37138,OLD HICKORY,Mt. Juliet,9503,MT. JULIET,DAVIDSON,256.097854068476,9500,9503,WATCH,CROSS_COUNTY_POSTAL,39.008871675280744,-86.5697536031651,36.21851214277209
WALK IN CLINIC,4024.0,N MT JULIET RD,37122,MT JULIET,Mt. Juliet,9503,MT. JULIET,,3187.414635464106,9500,9503,NORMAL,,19.46373726807483,-86.5148639558391,36.226370151280705
NGUYEN ORAL SURGERY,3286.0,N MT JULIET RD,37122,MT JULIET,Mt. Juliet,9503,MT. JULIET,,4323.270029791691,9500,9503,NORMAL,,44.097143838615594,-86.5160402463668,36.215915982008106
BILL EASLEY & ASSOC.,2744.0,N MT JULIET RD,37122,MT JULIET,Mt. Juliet,9503,MT. JULIET,,3756.308173766718,9500,9503,NORMAL,,6.550027324854834,-86.5173323501708,36.2084866963605
THE IDEAL WEIGH,2742.0,N MT JULIET RD,37122,MT JULIET,Mt. Juliet,9503,MT. JULIET,,3751.7059242290707,9500,9503,NORMAL,,8.777545738854212,-86.51733766082921,36.20835361687711
FIRST COMMUNITY MORTGAGE,2738.0,N MT JULIET RD,37122,MT JULIET,Mt. Juliet,9503,MT. JULIET,,3746.4358927979874,9500,9503,NORMAL,,7.767797500693209,-86.5173418003176,36.2081761886567
RISE FITNESS,2728.0,N MT JULIET RD,37122,MT JULIET,Mt. Juliet,9503,MT. JULIET,,3640.985423139279,9500,9503,NORMAL,,8.384327903367444,-86.5176520122601,36.20755821649559
SALON GALLERIA,2768.0,N MT JULIET RD,37122,MT JULIET,Mt. Juliet,9503,MT. JULIET,,3887.57208681417,9500,9503,NORMAL,,9.913265452804179,-86.5168574511104,36.2081114976921
MOBILITY PLUS,2726.0,N MT JULIET RD,37122,MT JULIET,Mt. Juliet,9503,MT. JULIET,,3835.872024063317,9500,9503,NORMAL,,8.461048547348241,-86.5170117340738,36.20783676940209
MID. TN ELECTRIC,2722.0,N MT JULIET RD,37122,MT JULIET,Mt. Juliet,9503,MT. JULIET,,3830.3239307712865,9500,9503,NORMAL,,6.217340908949216,-86.517024576719,36.2077593923094
US COMMUNITY CREDIT UNION,2700.0,N MT JULIET RD,37122,MT JULIET,Mt. Juliet,9503,MT. JULIET,,3773.565536659018,9500,9503,NORMAL,,6.857395615490617,-86.5172010897296,36.20754981583309
RMA,2745.0,N MT JULIET RD,37122,MT JULIET,Mt. Juliet,9503,MT. JULIET,,4002.3486358496034,9500,9503,NORMAL,,10.071525464473735,-86.5158613343775,36.2079495678434
MT JULIET LIBRARY,2765.0,N MT JULIET RD,37122,MT JULIET,Mt. Juliet,9503,MT. JULIET,,4111.922229892063,9500,9503,NORMAL,,12.085643609239016,-86.5158166597385,36.208319172549984
SIMPLY SMILES,2788.0,N MT JULIET RD,37122,MT JULIET,Mt. Juliet,9503,MT. JULIET,,3880.16906951988,9500,9503,NORMAL,,8.827048948925816,-86.5169047431719,36.20839715046161
SWEET BISCUIT,2654.0,N MT JULIET RD,37122,MT JULIET,Mt. Juliet,9503,MT. JULIET,,3740.2678422048207,9500,9503,NORMAL,,9.291723757936666,-86.5172631823641,36.206892211352724
COLDWELL BANKER BARNES,2600.0,N MT JULIET RD,37122,MT JULIET,Mt. Juliet,9503,MT. JULIET,,3616.0594918026886,9500,9503,NORMAL,,6.162310392147071,-86.5176593831873,36.20656165367709
NASHVILLE GEEK,2600.0,N MT JULIET RD,37122,MT JULIET,Mt. Juliet,9503,MT. JULIET,,3600.8543708762863,9500,9503,NORMAL,,19.09590984379547,-86.5177115117138,36.206567962414205
RRC WASTE,2616.0,N MT JULIET RD,37122,MT JULIET,Mt. Juliet,9503,MT. JULIET,,3279.901487561277,9500,9503,NORMAL,,26.832414377307316,-86.5188222707742,36.20683543107171
CHARIS HEALTH CENTER ,2620.0,N MT JULIET RD,37122,MT JULIET,Mt. Juliet,9503,MT. JULIET,,3239.774236483142,9500,9503,NORMAL,,21.90762602058769,-86.518961192428,36.2068694905336
CEDAR RECOVERY,2636.0,N  MT JULIET RD,37122,MT JULIET,Mt. Juliet,9503,MT. JULIET,,3097.028503812693,9500,9503,NORMAL,,10.285523667615829,-86.5194268078758,36.20662227666709
NEUHAUS FOOT & ANKLE,2628.0,N MT JULIET RD,37122,MT JULIET,Mt. Juliet,9503,MT. JULIET,,3258.814707334732,9500,9503,NORMAL,,26.059968665487688,-86.518876204288,36.206607475073596
BODIFORD INSURANCE,2624.0,N MT JULIET RD,37122,MT JULIET,Mt. Juliet,9503,MT. JULIET,,3341.919552244808,9500,9503,NORMAL,,25.225812217891832,-86.5185905093934,36.20656291916439
FRONT PORCH REALTY,2626.0,N MT JULIET RD,37122,MT JULIET,Mt. Juliet,9503,MT. JULIET,,3300.6870367842785,9500,9503,NORMAL,,26.355263327947327,-86.5187324925706,36.20658806236251
BRANCHES,2596.0,N MT JULIET RD,37122,MT JULIET,Mt. Juliet,9503,MT. JULIET,,3493.231618293677,9500,9503,NORMAL,,17.8157065480147,-86.5180591958343,36.20633816395802
CONNICO,2594.0,N MT JULIET RD,37122,MT JULIET,Mt. Juliet,9503,MT. JULIET,,3520.0432869557635,9500,9503,NORMAL,,12.637907242362868,-86.5179710644203,36.20637588682021
ONE MAIN FINANCIAL,338.0,S CUMBERLAND ST,37087,LEBANON,Lebanon,9501,LEBANON,,6982.755704540941,9500,9501,NORMAL,,29.293209564318257,-86.2925801355058,36.20080699882562
615 PIZZA CO,340.0,S CUMBERLAND ST,37087,LEBANON,Lebanon,9501,LEBANON,,6995.129796293523,9500,9501,NORMAL,,30.36479792419738,-86.2925972968878,36.200739312283524
T-MOBILE,342.0,S CUMBERLAND ST,37087,LEBANON,Lebanon,9501,LEBANON,,7009.453058136485,9500,9501,NORMAL,,31.51413835183673,-86.2926084153363,36.2006401340771
HEAD'S UP ,344.0,S CUMBERLAND ST,37087,LEBANON,Lebanon,9501,LEBANON,,7023.779755482396,9500,9501,NORMAL,,29.29794497821951,-86.2926257131359,36.20055729742191
REALTOR,2588.0,N MT JULIET RD,37122,MT JULIET,Mt. Juliet,9503,MT. JULIET,,3596.6723076800827,9500,9503,NORMAL,,12.970102971329457,-86.5177016993688,36.206258286020606
BELLA WIGS & BOUTIQUE,2584.0,N MT JULIET RD,37122,MT JULIET,Mt. Juliet,9503,MT. JULIET,,3561.4698765127255,9500,9503,NORMAL,,17.43733634504314,-86.5178045039981,36.20599857744281
CARRIER SERVICES,2534.0,N MT JULIET RD,37122,MT JULIET,Mt. Juliet,9503,MT. JULIET,,3377.4205376447653,9500,9503,NORMAL,,7.424098442365303,-86.5184253772956,36.205309319454415
ALL WAYS CARING,2540.0,N MT JULIET RD,37122,MT JULIET,Mt. Juliet,9503,MT. JULIET,,3434.596033657922,9500,9503,NORMAL,,25.483260675368857,-86.5182299523622,36.2053500671367
SKIN SOLUTIONS,2542.0,N MT JULIET RD,37122,MT JULIET,Mt. Juliet,9503,MT. JULIET,,3465.75975867738,9500,9503,NORMAL,,24.863954835916573,-86.5181244417461,36.20534551168181
FABRICAORS CAD,2538.0,N MT JULIET RD,37122,MT JULIET,Mt. Juliet,9503,MT. JULIET,,3411.2897596224598,9500,9503,NORMAL,,25.112861912485798,-86.5183085858093,36.2053615332378
BODY SHOP CHIROPRACTIC,2534.0,N MT JULIET RD,37122,MT JULIET,Mt. Juliet,9503,MT. JULIET,,3385.775007023853,9500,9503,NORMAL,,17.47041139579671,-86.5183947208511,36.20537296708483
CORE MASSAGE & WELLNESS,2532.0,N MT JULIET RD,37122,MT JULIET,Mt. Juliet,9503,MT. JULIET,,3327.525946631536,9500,9503,NORMAL,,9.342639569358724,-86.518593624524,36.2053334596284
BOSS FISHER,2526.0,N MT JULIET RD,37122,MT JULIET,Mt. Juliet,9503,MT. JULIET,,3176.393143778242,9500,9503,NORMAL,,5.895505347661691,-86.51910331983221,36.20541590451181
CLEANING AUTHORITY,2528.0,N MT JULIET RD,37122,MT JULIET,Mt. Juliet,9503,MT. JULIET,,3180.270925162835,9500,9503,NORMAL,,6.926706826746565,-86.5190887123891,36.2054767723873
CPA,2522.0,N MT JULIET RD,37122,MT JULIET,Mt. Juliet,9503,MT. JULIET,,3135.481267618692,9500,9503,NORMAL,,5.37067284849104,-86.5192487589627,36.20525002994519
RX PREFERRED,2520.0,N MT JULIET RD,37122,MT JULIET,Mt. Juliet,9503,MT. JULIET,,3157.743489283598,9500,9503,NORMAL,,5.347548334946103,-86.5191792467258,36.20514874698149
EDWARD JONES,2512.0,N MT JULIET RD,37122,MT JULIET,Mt. Juliet,9503,MT. JULIET,,3290.5078578216894,9500,9503,NORMAL,,2.5097290798505907,-86.5187342860533,36.2050672482443
FORGET THE WORLD MASSAGE,2504.0,N MT JULIET RD,37122,MT JULIET,Mt. Juliet,9503,MT. JULIET,,3347.80469186222,9500,9503,NORMAL,,6.296717327351484,-86.5185433221599,36.20502055666981
FOUR STAR TITLE,2506.0,N MT JULIET RD,37122,MT JULIET,Mt. Juliet,9503,MT. JULIET,,3356.160834326563,9500,9503,NORMAL,,5.489563196827523,-86.5185201172894,36.204958955387596
COTTAGE REALTY,2500.0,N MT JULIET RD,37122,MT JULIET,Mt. Juliet,9503,MT. JULIET,,3399.953047675638,9500,9503,NORMAL,,5.013618281673099,-86.5183728881865,36.204941107494804
CUMBERLAND INSURANCE,2508.0,N MT JULIET RD,37122,MT JULIET,Mt. Juliet,9503,MT. JULIET,,3326.1933981269526,9500,9503,NORMAL,,2.666715489517341,-86.5186144766867,36.20504916298991
PARRISH REAL ESTATE,2492.0,N MT JULIET RD,37122,MT JULIET,Mt. Juliet,9503,MT. JULIET,,3319.7647553925876,9500,9503,NORMAL,,10.397435613241477,-86.5186644259726,36.20475840561019
NASHVILLE PAIN CENTER,2494.0,N MT JULIET RD,37122,MT JULIET,Mt. Juliet,9503,MT. JULIET,,3076.814510626865,9500,9503,NORMAL,,14.186639927443515,-86.5194757207423,36.204897944695105
LEGENDS TITLE SERVICE,2494.0,N MT JULIET RD,37122,MT JULIET,Mt. Juliet,9503,MT. JULIET,,3075.0793351602906,9500,9503,NORMAL,,11.41547185972135,-86.5194863237323,36.20485461956858
A IS DOWNSTAIRS IN THE FRONT. B IS UPSTAIRS. C IS DOWNSTAIRS IN THE BACK.,1043.0,BECKWITH RD,37122,MT JULIET,Unincorporated,9500,(Unincorporated),,1518.0603611598967,9500,9503,NORMAL,POSTAL_CITY_EXPOSURE,20.54535825157578,-86.471214206612,36.217501911403815
PARRISH & ASSOCIATES,2494.0,N MT JULIET RD,37122,MT JULIET,Mt. Juliet,9503,MT. JULIET,,3073.3479038932796,9500,9503,NORMAL,,16.476578342353083,-86.5194984743858,36.20480055757769
CHRISTOFFERSEN LAW,2494.0,N MT JULIET RD,37122,MT JULIET,Mt. Juliet,9503,MT. JULIET,,3079.604649329284,9500,9503,NORMAL,,13.200699491151493,-86.5194597843301,36.20496213582
CALDWELL PROFESSIONAL BUILDING,2376.0,N MT JULIET RD,37122,MT JULIET,Mt. Juliet,9503,MT. JULIET,,3088.933814094405,9500,9503,NORMAL,,49.439879574092174,-86.5188243235083,36.202979563134306
MARCOS'S PIZZA,2231.0,N MT JULIET RD,37122,MT JULIET,Mt. Juliet,9503,MT. JULIET,,2558.8013961962206,9500,9503,NORMAL,,25.149474623559726,-86.518260797621,36.201429384645195
DIGICHART,2231.0,N MT JULIET RD,37122,MT JULIET,Mt. Juliet,9503,MT. JULIET,,2476.0984261627705,9500,9503,NORMAL,,10.288910780518933,-86.5180087719749,36.20131171452229
MAIN STREET TITLE,2231.0,N MT JULIET RD,37122,MT JULIET,Mt. Juliet,9503,MT. JULIET,,2461.306597862332,9500,9503,NORMAL,,12.017761707930786,-86.5180165977199,36.201248491107904
BASKIN ROBBINS,2231.0,N MT JULIET RD,37122,MT JULIET,Mt. Juliet,9503,MT. JULIET,,2517.4145158198685,9500,9503,NORMAL,,27.12500413865624,-86.5181956596871,36.2013214049334
REFINE BARBER SHOP,2231.0,N MT JULIET RD,37122,MT JULIET,Mt. Juliet,9503,MT. JULIET,,2494.613322466787,9500,9503,NORMAL,,20.223292020975347,-86.5181819484237,36.20124352777152
TEAM WILSON REAL ESTATE,2231.0,N MT JULIET RD,37122,MT JULIET,Mt. Juliet,9503,MT. JULIET,,2437.763270369506,9500,9503,NORMAL,,13.3894561156477,-86.5180479004561,36.201131275265304
JERSEY MIKES,2231.0,N MT JULIET RD,37122,MT JULIET,Mt. Juliet,9503,MT. JULIET,,2481.07172714628,9500,9503,NORMAL,,28.89477483145077,-86.5182251623772,36.20115388300373
PET SUPPLIES PLUS,11223.0,LEBANON RD,37122,MT JULIET,Mt. Juliet,9503,MT. JULIET,,1024.4873059838587,9500,9503,NORMAL,,65.74913133462722,-86.5153821135898,36.232482954287704
HAMPTON CHASE TOWNHOMES,100.0,BRIGHTON LN,37090,LEBANON,Lebanon,9501,LEBANON,,135.5060911831929,9500,9501,HIGH,BOUNDARY_RISK,63.189939567195125,-86.4129513726339,36.19294593638159
RIVER OAKS TOWNHOMES,100.0,FISTER DR,37087,LEBANON,Lebanon,9501,LEBANON,,1043.4732197902833,9500,9501,NORMAL,,88.2441827580544,-86.386663871882,36.232202311929804
S MAPLE APARTMENTS,338.0,S MAPLE ST,37087,LEBANON,Lebanon,9501,LEBANON,,7527.096011563992,9500,9501,NORMAL,,59.02765035188604,-86.2947439741307,36.20125191994451
PUBLIX,445.0,HIGHWAY 109 N,37090,LEBANON,Lebanon,9500,(Unincorporated),,612.5426189421682,9500,9501,WATCH,POSTAL_CITY_EXPOSURE,42.96876483550993,-86.4090112646983,36.1933845124661
GARAGE/SHOP BELONGING TO 1020 MISTY LAKE DR,1015.0,MISTY LAKE DR,37087,LEBANON,Unincorporated,9500,(Unincorporated),,2258.4149548706114,8300,9500,NORMAL,POSTAL_CITY_EXPOSURE,23.931302431541543,-86.289927528376,36.31777604393721
SUBWAY,6795.0,EASTGATE BLVD,37090,LEBANON,Lebanon,9501,LEBANON,,1054.3377920277333,9500,9501,NORMAL,,8.562462398395253,-86.4126870619015,36.1878591050301
CLUBHOUSE,630.0,PROVIDENCE PKWY,37122,MT JULIET,Mt. Juliet,9503,MT. JULIET,,586.1941348267732,9500,9503,WATCH,,27.633544070055578,-86.523824958012,36.1653936373161
BUILDING 1,630.0,PROVIDENCE PKWY,37122,MT JULIET,Mt. Juliet,9503,MT. JULIET,,828.2290236105626,9500,9503,WATCH,,54.47251104203826,-86.5242523242346,36.1659831553826
BUILDING 4,630.0,PROVIDENCE PKWY,37122,MT JULIET,Mt. Juliet,9503,MT. JULIET,,692.7957632107144,9500,9503,WATCH,,40.40623934832082,-86.5230860705549,36.1657259129152
BUILDING 5,630.0,PROVIDENCE PKWY,37122,MT JULIET,Mt. Juliet,9503,MT. JULIET,,455.28161331090604,9500,9503,WATCH,,41.73668102871884,-86.5225814397476,36.1650127272325
BUILDING 2,630.0,PROVIDENCE PKWY,37122,MT JULIET,Mt. Juliet,9503,MT. JULIET,,516.0422121193111,9500,9503,WATCH,,38.223586760751076,-86.5240525683117,36.16512557720859
BUILDING 3,630.0,PROVIDENCE PKWY,37122,MT JULIET,Mt. Juliet,9503,MT. JULIET,,543.3031998839245,9500,9503,WATCH,,28.277967364939297,-86.523430432031,36.165323811955304
BUILDING 6,630.0,PROVIDENCE PKWY,37122,MT JULIET,Mt. Juliet,9503,MT. JULIET,,271.6828820034158,9500,9503,WATCH,,35.87738624163607,-86.5227782016908,36.16452542264031
BUILDING 7,630.0,PROVIDENCE PKWY,37122,MT JULIET,Mt. Juliet,9503,MT. JULIET,,173.43194238483733,9500,9503,HIGH,BOUNDARY_RISK,36.28845859670536,-86.523382562506,36.164308191440924
BUILDING 8,630.0,PROVIDENCE PKWY,37122,MT JULIET,Mt. Juliet,9503,MT. JULIET,,281.7675778614987,9500,9503,WATCH,,21.668013440039957,-86.5240357357043,36.164357818280884
ENCLAVE @ PROVIDENCE,630.0,PROVIDENCE PKWY,37122,MT JULIET,Mt. Juliet,9503,MT. JULIET,,854.7819480564664,9500,9503,WATCH,,82.05233762767298,-86.5234434306998,36.1661798164575
"APT #S ARE BUILDING #, FLOOR #, THEN UNIT #",630.0,PROVIDENCE PKWY,37122,MT JULIET,Mt. Juliet,9503,MT. JULIET,,219.9186415303151,9500,9503,HIGH,BOUNDARY_RISK,113.1532357995806,-86.5241149623778,36.16366356383101
ANDERSON AVE TOWNHOMES,315.0,ANDERSON AVE,37087,LEBANON,Lebanon,9501,LEBANON,,5912.722565091383,9500,9501,NORMAL,,55.27178530048556,-86.2893057502884,36.20218279354142
HIBBETT STATION TOWNHOMES,117.0,LEGGO AVE,37122,MT JULIET,Mt. Juliet,9503,MT. JULIET,,993.4222964096705,9500,9503,WATCH,,120.80860442956543,-86.5039463676149,36.20456241420992
AMENITY CENTER,145.0,LEGGO AVE,37122,MT JULIET,Mt. Juliet,9503,MT. JULIET,,783.7895988719425,9500,9503,WATCH,,20.74189802358047,-86.5024775507949,36.203996244970405
MAIL KIOSK,143.0,LEGGO AVE,37122,MT JULIET,Mt. Juliet,9503,MT. JULIET,,807.7997414174602,9500,9503,WATCH,,16.355147509033714,-86.5026359192216,36.204061674914485
PLAYGROUND,143.0,LEGGO AVE,37122,MT JULIET,Mt. Juliet,9503,MT. JULIET,,809.2998036085896,9500,9503,WATCH,,79.16952902448922,-86.5028984231477,36.204064924159404
(B)UPSTAIRS-CHAPMAN TEAM PROPERTIES,106.0,E MAIN ST,37087,LEBANON,Lebanon,9501,LEBANON,,5493.854886233874,9500,9501,NORMAL,,2.735243189449649,-86.2901354426593,36.2077340164469
CENTRAL LOGISTICS PARK EAST,501.0,HIXSON BLVD,37090,LEBANON,Lebanon,9501,LEBANON,,573.8828971674149,9500,9501,WATCH,,344.15214726751196,-86.395913510686,36.12671161810832
DETATCHED SHOP/APARTMENT,950.0,SWINDELL HOLLOW RD,37090,LEBANON,Unincorporated,9500,(Unincorporated),,4300.680502392925,8000,9500,NORMAL,POSTAL_CITY_EXPOSURE,34.565547293884386,-86.1356102999049,36.23395529855771
BUILDING #2,415.0,ROME PIKE,37087,LEBANON,Lebanon,9501,LEBANON,,2301.0692060399797,9500,9501,NORMAL,,14.942961867965865,-86.2802497912927,36.21131231783601
BUILDING #3,415.0,ROME PIKE,37087,LEBANON,Lebanon,9501,LEBANON,,2214.436260167475,9500,9501,NORMAL,,14.648944599673113,-86.280033372319,36.211520272835294
BUILDING #1,415.0,ROME PIKE,37087,LEBANON,Lebanon,9501,LEBANON,,2097.165068270521,9500,9501,NORMAL,,19.70019803231154,-86.2793449200362,36.21104257992052
BUILDING #6,415.0,ROME PIKE,37087,LEBANON,Lebanon,9501,LEBANON,,1957.3686223931563,9500,9501,NORMAL,,6.388075956475686,-86.2790674681693,36.211466711574936
BUILDING #8,415.0,ROME PIKE,37087,LEBANON,Lebanon,9501,LEBANON,,1814.2855745920176,9500,9501,NORMAL,,17.16436741446676,-86.2783408088426,36.21116793916692
BUILDING #7,415.0,ROME PIKE,37087,LEBANON,Lebanon,9501,LEBANON,,1681.8228189360493,9500,9501,NORMAL,,16.96511201594318,-86.2782371604697,36.211817719869295
BUILDING #4,415.0,ROME PIKE,37087,LEBANON,Lebanon,9501,LEBANON,,2117.5487551190076,9500,9501,NORMAL,,18.552159361565977,-86.2799153408908,36.21209283012891
BUILDING #5,415.0,ROME PIKE,37087,LEBANON,Lebanon,9501,LEBANON,,1914.5676900037877,9500,9501,NORMAL,,16.66883112181105,-86.2793091763281,36.21242329701109
IRONWOOD MAILBOXES,415.0,ROME PIKE,37087,LEBANON,Lebanon,9501,LEBANON,,1946.3532681392246,9500,9501,NORMAL,,8.680972915626665,-86.2793258031867,36.212131394391925
IRONWOOD POOL,415.0,ROME PIKE,37087,LEBANON,Lebanon,9501,LEBANON,,1918.9144145205305,9500,9501,NORMAL,,8.372004992157054,-86.2791877135449,36.2120229790865
IRONWOOD CLUBHOUSE,415.0,ROME PIKE,37087,LEBANON,Lebanon,9501,LEBANON,,1884.8292734565716,9500,9501,NORMAL,,8.162290275777606,-86.2791068694602,36.2121276079962
BUILDING #3,336.0,PARK PLACE ST,37122,MT JULIET,Lebanon,9501,LEBANON,,210.97586265628533,9500,9501,HIGH,POSTAL_CITY_EXPOSURE,22.14368178181889,-86.4357878582423,36.23586581420061
BUILDING #4,432.0,LANDON DR,37122,MT JULIET,Lebanon,9501,LEBANON,,321.4130908681485,9500,9501,WATCH,POSTAL_CITY_EXPOSURE,16.03339207566504,-86.4362189062118,36.2363981364174
BUILDING #5,537.0,KENNINGTON CV,37122,MT JULIET,Lebanon,9501,LEBANON,,204.3617271853154,9500,9501,HIGH,POSTAL_CITY_EXPOSURE,21.754826888387335,-86.4358222185164,36.2364136174715
BUILDING #6,632.0,LANDON DR,37122,MT JULIET,Lebanon,9501,LEBANON,,324.4481642136018,9500,9501,WATCH,POSTAL_CITY_EXPOSURE,18.873174090592734,-86.4363047205202,36.237125266361105
BUILDING #7,737.0,KENNINGTON CV,37122,MT JULIET,Lebanon,9501,LEBANON,,210.20883672549272,9500,9501,HIGH,POSTAL_CITY_EXPOSURE,20.95022868872533,-86.4359181238472,36.23714581404091
BUILDING #8,837.0,LANDON DR,37122,MT JULIET,Lebanon,9501,LEBANON,,245.04792435582164,9500,9501,HIGH,POSTAL_CITY_EXPOSURE,19.695306480443936,-86.4361075150835,36.2378282124728
BUILDING #11,1132.0,JUBILEE DR,37122,MT JULIET,Lebanon,9501,LEBANON,,335.02765127111223,9500,9501,WATCH,POSTAL_CITY_EXPOSURE,15.580066516714544,-86.4377061559977,36.2363920972266
BUILDING #12,1236.0,JUBILEE DR,37122,MT JULIET,Lebanon,9501,LEBANON,,164.66999865979582,9500,9501,HIGH,POSTAL_CITY_EXPOSURE,14.164291555997918,-86.4382702890177,36.23613609293419
LIMESTONE TRAIL APARTMENTS,1414.0,ALHAMBRA DR,37087,LEBANON,Lebanon,9501,LEBANON,,999.4313168396485,9500,9501,WATCH,,18.290733034817546,-86.3224417246788,36.23459536770132
COMFORT SUITES ,600.0,RED INK DR,37122,MT JULIET,Mt. Juliet,9503,MT. JULIET,,2134.305077830551,9500,9503,NORMAL,,75.88252035189302,-86.512030532408,36.17269695955171
EV CHARGING STATION,600.0,RED INK DR,37122,MT JULIET,Mt. Juliet,9503,MT. JULIET,,2080.5296766115885,9500,9503,NORMAL,,12.09431326639741,-86.5119715444492,36.173119397200104
PROPOSED BLUE HICKORY MIXED USE HOUSING,1668.0,HICKORY RIDGE RD,37087,LEBANON,Lebanon,9501,LEBANON,,5695.1957691266125,9500,9501,NORMAL,,358.21716086745755,-86.3294823927804,36.20612142927921
BYARS DOWDY ELEMENTARY SCHOOL,904.0,HICKORY RIDGE RD,37087,LEBANON,Lebanon,9501,LEBANON,,8747.48096522022,9500,9501,NORMAL,,161.45378854851543,-86.3186407885309,36.204817176993
MCMILLEN AMENITY CENTER,1800.0,CANTON CT,37087,LEBANON,Lebanon,9501,LEBANON,,1423.263276540533,9500,9501,NORMAL,,38.136630288285275,-86.351318745563,36.22694713822761
POOL,1800.0,CANTON CT,37087,LEBANON,Lebanon,9501,LEBANON,,1429.672269869437,9500,9501,NORMAL,,53.07315465928607,-86.3510295335201,36.22703382129331
1ST FLOOR- APTS 901-904,910.0,FIVE OAKS CT,37087,LEBANON,Lebanon,9501,LEBANON,,2608.2225847488876,9500,9501,NORMAL,,11.08676948701815,-86.3858500475425,36.23665203449081
2ND FLOOR- APTS 905-910,914.0,FIVE OAKS CT,37087,LEBANON,Lebanon,9501,LEBANON,,2592.6670224950262,9500,9501,NORMAL,,28.53287972304507,-86.3857499564133,36.236611950210595
3RD FLOOR- APTS 911-916,905.0,FIVE OAKS CT,37087,LEBANON,Lebanon,9501,LEBANON,,2577.909754816574,9500,9501,NORMAL,,18.330610501157697,-86.3856163872425,36.2365735435582
BLDG B-9,914.0,FIVE OAKS CT,37087,LEBANON,Lebanon,9501,LEBANON,,2603.6026106642307,9500,9501,NORMAL,,16.972428400919135,-86.3857382338375,36.23664225273452
1ST FLOOR- APTS 1001-1004,1010.0,FIVE OAKS CT,37087,LEBANON,Lebanon,9501,LEBANON,,2739.0698588708387,9500,9501,NORMAL,,11.345117063723077,-86.3856277813072,36.23701615870289
2ND FLOOR- APTS 1005-1010,1014.0,FIVE OAKS CT,37087,LEBANON,Lebanon,9501,LEBANON,,2728.8241191714096,9500,9501,NORMAL,,23.008056641463305,-86.3855336045397,36.23698859597581
3RD FLOOR- APTS 1011-1016,1011.0,FIVE OAKS CT,37087,LEBANON,Lebanon,9501,LEBANON,,2708.7217520226272,9500,9501,NORMAL,,16.026909506333403,-86.3854029922735,36.23693289677501
BLDG B-10,1014.0,FIVE OAKS CT,37087,LEBANON,Lebanon,9501,LEBANON,,2742.6890938103934,9500,9501,NORMAL,,13.827894311657374,-86.3854738273895,36.237026650084296
1ST FLOOR- APTS 1101-1104,1111.0,FIVE OAKS CT,37087,LEBANON,Lebanon,9501,LEBANON,,2627.9222706956675,9500,9501,NORMAL,,16.408957219243582,-86.3867856796683,36.2366370714626
2ND FLOOR- APTS 1105-1110,1114.0,FIVE OAKS CT,37087,LEBANON,Lebanon,9501,LEBANON,,2615.7764086899488,9500,9501,NORMAL,,33.25401244913552,-86.3867055490246,36.236612492805506
3RD FLOOR- APTS 1111-1116,1116.0,FIVE OAKS CT,37087,LEBANON,Lebanon,9501,LEBANON,,2601.7275378745376,9500,9501,NORMAL,,14.201069072581669,-86.386628164402,36.23658183822891
BLDG B-11,1113.0,FIVE OAKS CT,37087,LEBANON,Lebanon,9501,LEBANON,,2610.803613031985,9500,9501,NORMAL,,21.820016057037588,-86.3867465059636,36.236594104583396
1ST FLOOR- APTS 1201-1204,1205.0,FIVE OAKS CT,37087,LEBANON,Lebanon,9501,LEBANON,,2756.532602672948,9500,9501,NORMAL,,10.759846840179463,-86.3862714909313,36.237039552920805
2ND FLOOR- APTS 1205-1210,1205.0,FIVE OAKS CT,37087,LEBANON,Lebanon,9501,LEBANON,,2727.252641504459,9500,9501,NORMAL,,38.02221228866174,-86.3863179438308,36.2369556459116
3RD FLOOR- APTS 1211-1216,1210.0,FIVE OAKS CT,37087,LEBANON,Lebanon,9501,LEBANON,,2698.05428740364,9500,9501,NORMAL,,22.19914171658207,-86.386357022354,36.23687225273568
BLDG B-12,1214.0,FIVE OAKS CT,37087,LEBANON,Lebanon,9501,LEBANON,,2736.9871781947086,9500,9501,NORMAL,,25.334113613635044,-86.3863968512421,36.23697662562092
1ST FLOOR- APTS 801-804,811.0,FIVE OAKS CT,37087,LEBANON,Lebanon,9501,LEBANON,,2503.5357449337457,9500,9501,NORMAL,,19.36212768751821,-86.3859718661104,36.236359576644006
3RD FLOOR- APTS 811-816,816.0,FIVE OAKS CT,37087,LEBANON,Lebanon,9501,LEBANON,,2477.814791492923,9500,9501,NORMAL,,21.171042056814002,-86.385781721866,36.2362955514132
2ND FLOOR- APTS 805-810,813.0,FIVE OAKS CT,37087,LEBANON,Lebanon,9501,LEBANON,,2493.564905430555,9500,9501,NORMAL,,33.57428569354628,-86.3858890262115,36.2363354891601
THERMOFISHER SCIENTIFIC CORPORATION,1200.0,DARRELL WALTRIP DR,37090,LEBANON,Unincorporated,9500,(Unincorporated),,4319.224407544624,7500,9500,NORMAL,POSTAL_CITY_EXPOSURE,151.1915787938847,-86.396992011566,36.0481624026476
 CLUBHOUSE,401.0,NONAVILLE RD,37122,MT JULIET,Mt. Juliet,9503,MT. JULIET,,1990.1171487900058,9500,9503,NORMAL,,34.21399011820057,-86.5322566360002,36.235677514988915
BUILDING #1,401.0,NONAVILLE RD,37122,MT JULIET,Mt. Juliet,9503,MT. JULIET,,1837.5791204694626,9500,9503,NORMAL,,17.15812121977557,-86.5327515917936,36.23627253824851
BUILDING #2,401.0,NONAVILLE RD,37122,MT JULIET,Mt. Juliet,9503,MT. JULIET,,1686.599670324517,9500,9503,NORMAL,,27.30586693725864,-86.5333452998792,36.236932100777416
BUILDING #3,401.0,NONAVILLE RD,37122,MT JULIET,Mt. Juliet,9503,MT. JULIET,,1374.8955095314438,9500,9503,NORMAL,,24.543981319246118,-86.5345550837842,36.2373297385962
BUILDING #4,401.0,NONAVILLE RD,37122,MT JULIET,Mt. Juliet,9503,MT. JULIET,,1281.4056198642659,9500,9503,NORMAL,,19.952067321707066,-86.5350945797337,36.237716504725114
BUILDING #5,401.0,NONAVILLE RD,37122,MT JULIET,Mt. Juliet,9503,MT. JULIET,,1170.001666833819,9500,9503,NORMAL,,23.2980272242907,-86.5355421799224,36.23774504258161
BUILDING #6,401.0,NONAVILLE RD,37122,MT JULIET,Mt. Juliet,9503,MT. JULIET,,1112.9690898100205,9500,9503,NORMAL,,15.397661062194446,-86.53542285731,36.23716184010371
BUILDING #7,401.0,NONAVILLE RD,37122,MT JULIET,Mt. Juliet,9503,MT. JULIET,,1248.4458091249312,9500,9503,NORMAL,,21.858285123641675,-86.5348777280019,36.23698684663
BUILDING #8,401.0,NONAVILLE RD,37122,MT JULIET,Mt. Juliet,9503,MT. JULIET,,1111.7365742375493,9500,9503,NORMAL,,23.14770783621301,-86.5352615774882,36.23664177466801
BUILDING #9,401.0,NONAVILLE RD,37122,MT JULIET,Mt. Juliet,9503,MT. JULIET,,1249.3953257708845,9500,9503,NORMAL,,22.24909107869837,-86.5347735043614,36.236546647787
BUILDING #10,401.0,NONAVILLE RD,37122,MT JULIET,Mt. Juliet,9503,MT. JULIET,,1448.5000801319172,9500,9503,NORMAL,,26.442684056354636,-86.5340695388961,36.23621211300039
BUILDING #11,401.0,NONAVILLE RD,37122,MT JULIET,Mt. Juliet,9503,MT. JULIET,,1500.749080265105,9500,9503,NORMAL,,27.76023564192053,-86.5338920792725,36.23608508679971
BUILDING #12,401.0,NONAVILLE RD,37122,MT JULIET,Mt. Juliet,9503,MT. JULIET,,1671.6789908436347,9500,9503,NORMAL,,26.719328201142403,-86.5333362457741,36.2357174637896
FUTURE WEMA STATION 3,700.0,CLEMMONS RD,37122,MT JULIET,Mt. Juliet,9503,MT. JULIET,,178.9036828358978,9500,9503,HIGH,BOUNDARY_RISK,53.17029630072637,-86.5024131934428,36.2023348485449
KENSINGTON SUBD/TOWNHOMES,701.0,HOLLIE WAY,37087,LEBANON,Lebanon,9501,LEBANON,,1582.0522758041548,9500,9501,NORMAL,,110.44226551848618,-86.3951266472861,36.2351304268091
STONEHAVEN VILLAS,714.0,HOLLIE WAY,37087,LEBANON,Lebanon,9501,LEBANON,,1899.7087392836222,9500,9501,NORMAL,,42.55879318996391,-86.394070614847,36.235344713694396
BEXLEY APARTMENTS,403.0,NONAVILLE RD,37122,MT JULIET,Mt. Juliet,9503,MT. JULIET,,2003.3000934018655,9500,9503,NORMAL,,125.6027305390134,-86.5319585859037,36.23600169295271
"APTS ARE BUILDING, FLOOR, AND UNIT",403.0,NONAVILLE RD,37122,MT JULIET,Mt. Juliet,9503,MT. JULIET,,2019.953172629454,9500,9503,NORMAL,,123.82057863674196,-86.5319741816329,36.23595727174482
CLUBHOUSE/POOL,2645.0,HIGHWAY 109 N,37090,LEBANON,Lebanon,9501,LEBANON,,625.7600053260607,9500,9501,WATCH,,24.601011495900398,-86.4230960466596,36.22074506875061
QUALITY INN,110.0,OLD LEEVILLE PIKE,37090,LEBANON,Lebanon,9501,LEBANON,,65.71027150346316,9500,9501,HIGH,BOUNDARY_RISK,38.95566745211915,-86.4079596513926,36.18958467516119
VITALITY PROVIDENCE CENTRAL SENIOR LIVING,420.0,PROVIDENCE PKWY,37122,MT JULIET,Mt. Juliet,9503,MT. JULIET,,589.3208914582398,9500,9503,WATCH,,70.04426168771496,-86.5254806183614,36.1630676079887
BEING DEMOLISHED,220.0,ADAMS LN,37122,MT JULIET,Mt. Juliet,9503,MT. JULIET,,1239.4882902929191,9500,9503,NORMAL,,232.07051571743327,-86.5194121729027,36.1668376526145
CONSTRUCTION TRAILER,302.0,ADAMS LN,37122,MT JULIET,Mt. Juliet,9503,MT. JULIET,,890.707195815625,9500,9503,WATCH,,92.35563765655208,-86.51927635110252,36.16585579469039
NEW TOWN TOWNHOMES,237.0,NEW TOWN RD,37184,WATERTOWN,Watertown,9502,WATERTOWN,,738.9714595645734,9500,9502,WATCH,,27.091714826382763,-86.1466436345926,36.10150179068762
HICKMAN LABEL 2 COMPANY,360.0,BUSINESS PARK DR,37090,LEBANON,Lebanon,9501,LEBANON,,263.89482349948224,9500,9501,WATCH,,88.8762689354782,-86.418189817462,36.224135041973206
C IS UPSTAIRS,301.0,MARTIN AVE,37087,LEBANON,Lebanon,9501,LEBANON,,8398.341707824853,9500,9501,NORMAL,,4.609310292876513,-86.298150280124,36.20184379934361
SMILES NAIL SALON,1216.0,HUNTERS POINT PIKE,37087,LEBANON,Lebanon,9501,LEBANON,,1891.351080690115,9500,9501,NORMAL,,7.73601629353628,-86.2904618506962,36.22775924543523
PEYTON PARK APARTMENTS,360.0,PEYTON RD,37087,LEBANON,Lebanon,9501,LEBANON,,178.2122761308164,9500,9501,HIGH,BOUNDARY_RISK,89.66680436189012,-86.2662847991513,36.19260572578452
OFFICE,360.0,PEYTON RD,37087,LEBANON,Lebanon,9501,LEBANON,,188.32648512604698,9500,9501,HIGH,BOUNDARY_RISK,19.153504510614397,-86.2665114018256,36.19274440205751
"WCSO FOR POLICE, SMITH COUNTY SERVICE FOR EVERYTHING ELSE",,,,,,9500,(Unincorporated),,1126.7681813226698,8000,9500,NORMAL,,,-86.1135575748902,36.22387717338991
"SHAGGYS TAVERN AND HOOKAH BAR, SUITE C & D",1129.0,FRANKLIN RD,37090,LEBANON,Lebanon,9501,LEBANON,,3933.82201715797,9500,9501,NORMAL,,13.55725629737016,-86.3236435992616,36.1845320140557
SPORTS WORLD,535.0,W BADDOUR PKWY,37087,LEBANON,Lebanon,9501,LEBANON,,5819.344881813394,9500,9501,NORMAL,,25.302654714218846,-86.3039716853295,36.21620235449831
MYSA NAILS & SPA,1418.0,W MAIN ST,37087,LEBANON,Lebanon,9501,LEBANON,,6371.529973204936,9500,9501,NORMAL,,16.212903719764643,-86.3315117638299,36.21498699313079
SUITE A - HENDRICK COUNSELING,440.0,PARK AVE,37087,LEBANON,Lebanon,9501,LEBANON,,3910.901580435963,9500,9501,NORMAL,,31.729377143890694,-86.2832534701535,36.20472724745452
OPEN SPACE,535.0,MEDWYK DR,37087,LEBANON,Lebanon,9501,LEBANON,,469.90018260762986,9500,9501,WATCH,,13.861900137038042,-86.3856221136172,36.2307803001864
CHIPOTLE,620.0,S  CUMBERLAND ST,37087,LEBANON,Lebanon,9501,LEBANON,,6306.603010991626,9500,9501,NORMAL,,32.71811892719727,-86.2952495419837,36.19160909473221
NO RESIDENCE HERE,6050.0,SE TATER PEELER RD,37090,LEBANON,Unincorporated,9500,(Unincorporated),,12456.796757534046,9500,9501,NORMAL,POSTAL_CITY_EXPOSURE,27.522577897984725,-86.279786479086,36.1237679466572
APEX TINT & CUSTOMS,11513.0,LEBANON RD,37122,MT JULIET,Mt. Juliet,9503,MT. JULIET,,1705.80611185388,9500,9503,NORMAL,,48.69399405119297,-86.5185274477937,36.23207020659311
QUIKTRIP,1215.0,SPARTA PIKE,37090,LEBANON,Lebanon,9501,LEBANON,,909.6037663536097,9500,9501,WATCH,,14.708792274484399,-86.2662744189645,36.18524082738112
THE GOAT RESTAURANT,1127.0,WESTWOOD BLVD,37122,MT JULIET,Mt. Juliet,9503,MT. JULIET,,2727.8967219241463,9500,9503,NORMAL,,14.917017540899517,-86.5077375906015,36.162632005121324
THE CHRISTMAS PLACE,2250.0,N MT JULIET RD,37122,MT JULIET,Mt. Juliet,9503,MT. JULIET,,2865.9561067499535,9500,9503,NORMAL,,48.75061536086396,-86.5192530127733,36.201811532279116
DUNKIN,2234.0,N MT JULIET RD,37122,MT JULIET,Mt. Juliet,9503,MT. JULIET,,2681.3409340889884,9500,9503,NORMAL,,9.968015830853014,-86.51898935441781,36.2012914545766
JEREMIAH'S ICE,2236.0,N MT JULIET RD,37122,MT JULIET,Mt. Juliet,9503,MT. JULIET,,2694.801251746429,9500,9503,NORMAL,,10.231953429554254,-86.5189733427362,36.201362106146284
BARN,7647.0,LEBANON RD,37122,LEBANON,Unincorporated,9500,(Unincorporated),,2217.431208016859,9500,9501,NORMAL,POSTAL_CITY_EXPOSURE,54.24892060153252,-86.4511226199287,36.23910234490079
119-120 DOWNSTAIRS- KELLER WILLIAMS/SALLIS REALTY GROUP,119.0,PUBLIC SQUARE,37087,LEBANON,Lebanon,9501,LEBANON,,5792.755307871509,9500,9501,NORMAL,,14.068091594376913,-86.2915522889103,36.2084345029531
121 UPSTAIRS- KELLER WILLIAMS/SALLIS REALTY GROUP,121.0,PUBLIC SQUARE,37087,LEBANON,Lebanon,9501,LEBANON,,5807.494096112402,9500,9501,NORMAL,,11.78852686410787,-86.2915752197102,36.2083646226932
PLATINUM NAIL STUDIO,123.0,PUBLIC SQUARE,37087,LEBANON,Lebanon,9501,LEBANON,,5826.600135291947,9500,9501,NORMAL,,9.778347337380275,-86.2915958892267,36.20825439964579
DREAMS BOUTIQUE,124.0,PUBLIC SQUARE,37087,LEBANON,Lebanon,9501,LEBANON,,5840.748419048218,9500,9501,NORMAL,,13.497760945162906,-86.2916049163561,36.20815986454561
VASEK & ROBBINS,103.0,W MAIN ST,37087,LEBANON,Lebanon,9501,LEBANON,,5882.97928749216,9500,9501,NORMAL,,14.518511687967493,-86.2917915301908,36.2082380788883
ASANTE MASTERS,109.0,W MAIN ST,37087,LEBANON,Lebanon,9501,LEBANON,,5924.351843703542,9500,9501,NORMAL,,13.635550768611624,-86.2919430495915,36.208244619741315
CAPITOL THEATER,110.0,W MAIN ST,37087,LEBANON,Lebanon,9501,LEBANON,,6029.661526208147,9500,9501,NORMAL,,11.299100567998977,-86.2921585409455,36.20787602653142
CHARLIE'S SHOE AND BOOT REPAIR,108.0,W MAIN ST,37087,LEBANON,Lebanon,9501,LEBANON,,6006.489396947967,9500,9501,NORMAL,,10.185746308647557,-86.2920732270606,36.20787268203921
LUCKY PEARL DESIGNS-106 2ND FLOOR,106.0,W MAIN ST,37087,LEBANON,Lebanon,9501,LEBANON,,5985.80184143245,9500,9501,NORMAL,,1.5428529834273537,-86.292010300957,36.20789858517501
BLOOM YOGA STUDIO- 104 2ND FLOOR,104.0,W MAIN ST,37087,LEBANON,Lebanon,9501,LEBANON,,5975.788211460156,9500,9501,NORMAL,,1.4985369005444633,-86.2919746002039,36.2078997052121
ASHLEY JACKSON ATTORNEY-104 2ND FLOOR,104.0,W MAIN ST,37087,LEBANON,Lebanon,9501,LEBANON,,5976.757172506531,9500,9501,NORMAL,,2.3380651190644346,-86.29197475016,36.207892408459
JOHN FOUTCH CPA,102.0,W MAIN ST,37087,LEBANON,Lebanon,9501,LEBANON,,5955.34435929052,9500,9501,NORMAL,,12.166888890570306,-86.2919143249257,36.207929462774906
IDDY & OSCARS,133.0,PUBLIC SQUARE,37087,LEBANON,Lebanon,9501,LEBANON,,5934.66925228998,9500,9501,NORMAL,,14.183660793230308,-86.2916902140996,36.207615060861606
MAIN STREET MERCANTILE AND CREAMERY,128.0,PUBLIC SQUARE,37087,LEBANON,Lebanon,9501,LEBANON,,5893.955324758804,9500,9501,NORMAL,,17.435913560913978,-86.2916602011952,36.2078610161345
URBAN MILLS PROMOTIONS AND BOUTIQUE,126.0,PUBLIC SQUARE,37087,LEBANON,Lebanon,9501,LEBANON,,5882.9547932092555,9500,9501,NORMAL,,22.900981828082106,-86.2916516219283,36.207927922837406
THE WELLNESS BARRE,130.0,PUBLIC SQUARE,37087,LEBANON,Lebanon,9501,LEBANON,,5910.5496956701645,9500,9501,NORMAL,,16.72612551818264,-86.2916760336683,36.20776730002591
POPPIE'S BOUTIQUE,132.0,PUBLIC SQUARE,37087,LEBANON,Lebanon,9501,LEBANON,,5919.968910910152,9500,9501,NORMAL,,19.515888169584205,-86.2916781484496,36.2077003755866
HUBNER GROUP,110.0,S CUMBERLAND ST,37087,LEBANON,Lebanon,9501,LEBANON,,5966.441511960812,9500,9501,NORMAL,,3.445127500733817,-86.2914784345572,36.20698116736159
FLEMING HOMES,110.0,S CUMBERLAND ST,37087,LEBANON,Lebanon,9501,LEBANON,,5945.034352383916,9500,9501,NORMAL,,25.358396052464634,-86.2913943885198,36.206972740876225
SQUARE MARKET,115.0,S CUMBERLAND ST,37087,LEBANON,Lebanon,9501,LEBANON,,5846.33854249328,9500,9501,NORMAL,,24.157788461205293,-86.2910211302957,36.206961524778905
MARK PODY OFFICE,113.0,S CUMBERLAND ST,37087,LEBANON,Lebanon,9501,LEBANON,,5829.91085205623,9500,9501,NORMAL,,30.013221219312303,-86.2910028745988,36.20703811149491
HARPER'S BOOKS,107.0,S CUMBERLAND ST,37087,LEBANON,Lebanon,9501,LEBANON,,5786.515968845468,9500,9501,NORMAL,,30.86297155436819,-86.29094520487561,36.207226044221414
HEALTH MARKETS,105.0,S CUMBERLAND ST,37087,LEBANON,Lebanon,9501,LEBANON,,5793.1715182683665,9500,9501,NORMAL,,9.817668827855742,-86.2910233492625,36.20732563516171
MANOUS DESIGNS,142.0,PUBLIC SQUARE,37087,LEBANON,Lebanon,9501,LEBANON,,5687.554409575395,9500,9501,NORMAL,,27.57490153373509,-86.2907043026657,36.20745874443693
MORRISON INDUSTRIES,142.0,PUBLIC SQUARE,37087,LEBANON,Lebanon,9501,LEBANON,,5697.600475319566,9500,9501,NORMAL,,39.36984740359945,-86.2907120440949,36.20740364327437
VENUE 142,142.0,PUBLIC SQUARE,37087,LEBANON,Lebanon,9501,LEBANON,,5659.431520210387,9500,9501,NORMAL,,2.7084139218451355,-86.2906071046313,36.20747113963263
LOWERY & LOWERY ATTORNEYS,150.0,PUBLIC SQUARE,37087,LEBANON,Lebanon,9501,LEBANON,,5577.408335832064,9500,9501,NORMAL,,23.076009216639168,-86.2904808959561,36.2078089049604
LEBANON CHAMBER OF COMME.,149.0,PUBLIC SQUARE,37087,LEBANON,Lebanon,9501,LEBANON,,5598.674883596292,9500,9501,NORMAL,,23.00300992804089,-86.2905020467827,36.20769764180571
TOWN SQUARE SOCIAL,145.0,PUBLIC SQUARE,37087,LEBANON,Lebanon,9501,LEBANON,,5631.334705748076,9500,9501,NORMAL,,10.71562765443312,-86.2905605056692,36.207579039356716
BARBER SHOP,102.0,E MAIN ST,37087,LEBANON,Lebanon,9501,LEBANON,,5532.243569934653,9500,9501,NORMAL,,8.59340188492999,-86.2902892083676,36.207758165891185
STE A UPSTAIRS- STUDIO 1802,,E MAIN ST,37087,LEBANON,Lebanon,9501,LEBANON,,5442.837170822061,9500,9501,NORMAL,,7.413608859609106,-86.2899422716933,36.207724263105995
JESSY'S BOUTIQUE,106.0,S COLLEGE ST,37087,LEBANON,Lebanon,9501,LEBANON,,5459.384410230223,9500,9501,NORMAL,,9.532337391027237,-86.2898911557881,36.207516391824115
HAIR OFF THE SQUARE,104.0,S COLLEGE ST,37087,LEBANON,Lebanon,9501,LEBANON,,5453.075952580324,9500,9501,NORMAL,,7.391251993527587,-86.2898926001805,36.20756168077501
HOMETOWN FLOORING,112.0,S COLLEGE ST,37087,LEBANON,Lebanon,9501,LEBANON,,5531.8799641562,9500,9501,NORMAL,,21.61264177845236,-86.2899977358875,36.207225568143606
CRV GROUP,111.0,E MAIN ST,37087,LEBANON,Lebanon,9501,LEBANON,,5444.370166541071,9500,9501,NORMAL,,11.321133821757835,-86.2901232119597,36.208066525458605
BRYAN INSURANCE,113.0,E MAIN ST,37087,LEBANON,Lebanon,9501,LEBANON,,5414.57490312666,9500,9501,NORMAL,,30.566392169043876,-86.2900395419031,36.208117397417205
OHIO NATIONAL FINANCIAL SERVICES,113.0,E MAIN ST,37087,LEBANON,Lebanon,9501,LEBANON,,5410.024539816693,9500,9501,NORMAL,,40.80300132428477,-86.2900367018711,36.2081454226988
JERRY ESSARY COACHING,113.0,E MAIN ST,37087,LEBANON,Lebanon,9501,LEBANON,,5404.567268914773,9500,9501,NORMAL,,51.96142501320499,-86.2900316642409,36.20817583702181
AUBREY GIVENS ATTORNEY,113.0,E MAIN ST,37087,LEBANON,Lebanon,9501,LEBANON,,5399.846642680277,9500,9501,NORMAL,,62.21815097854496,-86.2900280880248,36.208203864070796
MAI COUNSELING,104.0,N COLLEGE ST,37087,LEBANON,Lebanon,9501,LEBANON,,5369.283089659423,9500,9501,NORMAL,,55.65075399363801,-86.289948887051,36.20827022374971
JOHN MEADOWS ATTORNEY,117.0,E MAIN ST,37087,LEBANON,Lebanon,9501,LEBANON,,5388.490386656966,9500,9501,NORMAL,,49.497123469612056,-86.2899742965885,36.20817836035291
TIMOTHY DAVIS ATTORNEY,113.0,E MAIN ST,37087,LEBANON,Lebanon,9501,LEBANON,,5403.213478315808,9500,9501,NORMAL,,28.13517117861397,-86.2899857526998,36.20809248941411
ELUSIAN BOURNE PHOTOGRAPHIC IMAGING,104.0,N COLLEGE ST,37087,LEBANON,Lebanon,9501,LEBANON,,5354.83567749571,9500,9501,NORMAL,,44.14213468169081,-86.2898966638247,36.208270945742704
POSH,117.0,E MAIN ST,37087,LEBANON,Lebanon,9501,LEBANON,,5371.71667142526,9500,9501,NORMAL,,33.04579611689349,-86.2899102805904,36.208172551488104
GRIFFIN LAW OFFICE,117.0,E MAIN ST,37087,LEBANON,Lebanon,9501,LEBANON,,5384.551102138097,9500,9501,NORMAL,,25.840130934443184,-86.2899158594002,36.2080890802314
SMITHS CATERING,104.0,N COLLEGE ST,37087,LEBANON,Lebanon,9501,LEBANON,,5356.142094254426,9500,9501,NORMAL,,61.676169209852155,-86.2899826183475,36.208442425321
COACH HOUSE ANTIQUES & GIFTS,103.0,PUBLIC SQUARE,37087,LEBANON,Lebanon,9501,LEBANON,,5539.374436350656,9500,9501,NORMAL,,37.20831813185698,-86.2905476126374,36.208230231747905
EM & KATE,105.0,PUBLIC SQUARE,37087,LEBANON,Lebanon,9501,LEBANON,,5524.607534386069,9500,9501,NORMAL,,33.47629807939195,-86.2905244299465,36.208295336781006
REVIVE PERFORMANCE AND RECOVERY,105.0,PUBLIC SQUARE,37087,LEBANON,Lebanon,9501,LEBANON,,5494.959205036626,9500,9501,NORMAL,,10.395721948278503,-86.29045932605621,36.20838696051279
WILKIE'S OUTFITTERS,110.0,PUBLIC SQUARE,37087,LEBANON,Lebanon,9501,LEBANON,,5565.1476521018885,9500,9501,NORMAL,,27.567730396339,-86.2907565116098,36.208485063840506
N CUMBERLAND GUNS & AMMO,107.0,N CUMBERLAND ST,37087,LEBANON,Lebanon,9501,LEBANON,,5536.594923203419,9500,9501,NORMAL,,26.432039048426784,-86.2907429496663,36.20869097163849
JACKSON HEWITT TAX SERVICE,113.0,N CUMBERLAND ST,37087,LEBANON,Lebanon,9501,LEBANON,,5503.311065415242,9500,9501,NORMAL,,20.56204173224254,-86.2907079888299,36.20889345578
BMK BUILDING GROUP,115.0,N CUMBERLAND ST,37087,LEBANON,Lebanon,9501,LEBANON,,5482.047094607583,9500,9501,NORMAL,,28.647033125298123,-86.2906681060898,36.208982539598104
GREENS TV & APPLIANCES,106.0,E MARKET ST,37087,LEBANON,Lebanon,9501,LEBANON,,5400.896375407598,9500,9501,NORMAL,,29.659494937483657,-86.2903476990326,36.20890700561481
NEIGHBORHOOD CONNECTIONS,106.0,E MARKET ST,37087,LEBANON,Lebanon,9501,LEBANON,,5358.415019483055,9500,9501,NORMAL,,31.5304354742302,-86.2901929059081,36.2089002245887
THE SHOPS AROUND THE CORNER,120.0,N COLLEGE ST,37087,LEBANON,Lebanon,9501,LEBANON,,5239.677772722415,9500,9501,NORMAL,,5.073781109666407,-86.2897048589275,36.208757011524845
DEMETER'S COMMON,116.0,N COLLEGE ST,37087,LEBANON,Lebanon,9501,LEBANON,,5251.1502706052015,9500,9501,NORMAL,,4.24731947261323,-86.2897149410565,36.208687015550304
PUBLIC SQ MARKETPLACE,120.0,N COLLEGE ST,37087,LEBANON,Lebanon,9501,LEBANON,,5244.457223992182,9500,9501,NORMAL,,14.619629138536762,-86.2897385116716,36.208794250877304
HENDERSON FLORIST,204.0,W MAIN ST,37087,LEBANON,Lebanon,9501,LEBANON,,6250.776118343697,9500,9501,NORMAL,,21.502371514139444,-86.2929973750943,36.20797159787179
7 ELEVEN,1700.0,W MAIN ST,37087,LEBANON,Lebanon,9501,LEBANON,,4096.2327796452555,9500,9501,NORMAL,,31.40864812222442,-86.3456829821954,36.22108014821301
PUGHS,1706.0,W MAIN ST,37087,LEBANON,Lebanon,9501,LEBANON,,3937.953610215344,9500,9501,NORMAL,,49.268308256134176,-86.3462082982476,36.221326792485804
AMENITY CENTER,198.0,NETHERLANDS BLVD,37090,LEBANON,Lebanon,9501,LEBANON,,1365.7420258029176,9500,9501,NORMAL,,54.70686672189223,-86.3969482782118,36.187286918088994
DRIVE IS GOING IN BESIDE 140 AND COMING ACROSS,142.0,MEDEARIS DR,37138,OLD HICKORY,Unincorporated,9500,(Unincorporated),DAVIDSON,177.2000289613708,9500,9503,HIGH,CROSS_COUNTY_POSTAL,34.54991601475664,-86.5563688028454,36.21705242304301
WILSON COUNTY CLERKS OFFICE,10905.0,LEBANON RD,37122,MT JULIET,Mt. Juliet,9503,MT. JULIET,,715.7960063352783,9500,9503,WATCH,,23.88528797302562,-86.5081912695959,36.231608961664016
WEMA TOWER,2001.0,CREIGHTON LN,37087,LEBANON,Unincorporated,9500,(Unincorporated),,2813.757821517702,8300,9500,NORMAL,POSTAL_CITY_EXPOSURE,56.778151261740064,-86.4586115409482,36.3218920322098
DOLLAR GENERAL,6248.0,HUNTERS POINT PIKE,37087,LEBANON,Unincorporated,9500,(Unincorporated),,1503.4775807915187,8500,9500,NORMAL,POSTAL_CITY_EXPOSURE,73.83692958999626,-86.2649322903053,36.295498893549
Fitzroy at Lebanon Place,8106.0,AVIATION WAY,37087,LEBANON,Lebanon,9501,LEBANON,,5316.955563346584,9500,9501,NORMAL,,57.937237281408294,-86.32149442502141,36.18916231162059
Fitzroy at Lebanon Place,100.0,AVIATION WAY,37090,LEBANON,Lebanon,9501,LEBANON,,5147.590182883621,9500,9501,NORMAL,,54.50178696323493,-86.32194996434562,36.18887912598221
Garage #1 has 1-4,29.0,VENUE CIR,37090,LEBANON,Lebanon,9501,LEBANON,,1444.8120945728585,9500,9501,NORMAL,,199.29589738307658,-86.3970108761352,36.1810988268358
Garage #2 has 5-8,29.0,VENUE CIR,37090,LEBANON,Lebanon,9501,LEBANON,,1418.8093912372046,9500,9501,NORMAL,,137.07512317388966,-86.3967813052275,36.1810697747615
Garage #3 has 9-12,1200.0,VENUE CIR,37090,LEBANON,Lebanon,9501,LEBANON,,1368.548140971566,9500,9501,NORMAL,,120.65590567955151,-86.3970479854539,36.1808733649152
Garage #4 has 13-16,27.0,KENNEDY PARK,37090,LEBANON,Lebanon,9501,LEBANON,,934.0446885443018,9500,9501,WATCH,,148.16989548131838,-86.3956691470362,36.17982392297699
Garage #5 has 17-20,19.0,VENUE CIR,37090,LEBANON,Lebanon,9501,LEBANON,,839.9197497899723,9500,9501,WATCH,,79.3111565230376,-86.3957149232846,36.17956624144111
Garage #6 has 21-24,18.0,VENUE CIR,37090,LEBANON,Lebanon,9501,LEBANON,,365.2004623711373,9500,9501,WATCH,,73.14634452198354,-86.3959730654391,36.1782491245179
Garage #7 has 25-28,18.0,VENUE CIR,37090,LEBANON,Lebanon,9501,LEBANON,,304.2692012488744,9500,9501,WATCH,,119.29173673447069,-86.3957399385122,36.17809489382602
Garage #8 has 29-32,11.0,VENUE CIR,37090,LEBANON,Lebanon,9501,LEBANON,,277.0074791828242,9500,9501,WATCH,,77.65880594426365,-86.3960217859976,36.1779926263391
Garage #9 has 33-36,12.0,PERTH PL,37090,LEBANON,Lebanon,9501,LEBANON,,491.0747797119757,9500,9501,WATCH,,80.66476742682477,-86.3974348566297,36.17748484247489
Garage #10 has 37-40,12.0,PERTH PL,37090,LEBANON,Lebanon,9501,LEBANON,,493.0638677140214,9500,9501,WATCH,,86.27934419761479,-86.3975192431884,36.1773033386577
Garage #11 has 41-44,5.0,VENUE CIR,37090,LEBANON,Lebanon,9501,LEBANON,,834.2875783757233,9500,9501,WATCH,,85.40304040484158,-86.3985305742662,36.1778007592067
Garage #12 has 45-48,7.0,VENUE CIR,37090,LEBANON,Lebanon,9501,LEBANON,,836.0702241590465,9500,9501,WATCH,,88.59191870644774,-86.3986091358547,36.17763119643692
PARK PLACE TOWNSHIP CLUBHOUSE,100.0,TOWNSHIP BLVD,37122,MT JULIET,Lebanon,9501,LEBANON,,196.64857204032896,9500,9501,HIGH,POSTAL_CITY_EXPOSURE,28.789285843149194,-86.4351764974532,36.23407982877611
POOL,100.0,TOWNSHIP BLVD,37122,MT JULIET,Lebanon,9501,LEBANON,,208.4558467623842,9500,9501,HIGH,POSTAL_CITY_EXPOSURE,90.28322862959048,-86.4351612433916,36.23434385732569
PUTTING GREEN,100.0,TOWNSHIP BLVD,37122,MT JULIET,Lebanon,9501,LEBANON,,123.94469720552043,9500,9501,HIGH,POSTAL_CITY_EXPOSURE,92.92388077053621,-86.43552082782021,36.233899041685
THE ARK VET CLINIC,7104.0,LEBANON RD,37122,MT JULIET,Unincorporated,9500,(Unincorporated),,1260.4730480733883,9500,9501,NORMAL,POSTAL_CITY_EXPOSURE,6.136130026632895,-86.4416111362343,36.232947122145
109 LIVING,618.0,VIVIAN DR,37090,LEBANON,Lebanon,9501,LEBANON,,737.2974066401548,9500,9501,WATCH,,10.102573847008404,-86.3986961434813,36.1484261424475
USING 503 DRIVEWAY,501.0,BETHLEHEM RD,37087,LEBANON,Lebanon,9501,LEBANON,,229.74380789634307,9500,9501,HIGH,BOUNDARY_RISK,96.67513994868848,-86.3682529241515,36.20713519874021
SAIGON BASIL VIATNAMESE AND THAI CUISINE,151.0,ADAMS LN,37122,MT JULIET,Mt. Juliet,9503,MT. JULIET,,2321.978884603106,9500,9503,NORMAL,,9.711300929988274,-86.5174396842375,36.1696212686615
AQUA BELLA DAY SPA,151.0,ADAMS LN,37122,MT JULIET,Mt. Juliet,9503,MT. JULIET,,2363.5788347601065,9500,9503,NORMAL,,19.511266754328364,-86.5173862861551,36.16973071038931
AQUA BELLA HAIR STUDIO,151.0,ADAMS LN,37122,MT JULIET,Mt. Juliet,9503,MT. JULIET,,2372.003124099425,9500,9503,NORMAL,,12.434424825085188,-86.5173003864252,36.169745493192615
STAR PHYSICAL THERAPY,151.0,ADAMS LN,37122,MT JULIET,Mt. Juliet,9503,MT. JULIET,,2385.4388146432307,9500,9503,NORMAL,,18.67206807488176,-86.5171801143343,36.16977403933349
USA SPORTS GRILL,151.0,ADAMS LN,37122,MT JULIET,Mt. Juliet,9503,MT. JULIET,,2419.5983767108905,9500,9503,NORMAL,,16.948309392995615,-86.5168588393981,36.16984552209069
GRAZE CRAZE,151.0,ADAMS LN,37122,MT JULIET,Mt. Juliet,9503,MT. JULIET,,2455.0476434362677,9500,9503,NORMAL,,16.072002599832867,-86.516534646784,36.169920353811115
FAYZANO'S PIZZA,401.0,S MT JULIET RD,37122,MT JULIET,Mt. Juliet,9503,MT. JULIET,,2031.7361006454155,9500,9503,NORMAL,,26.267504147234973,-86.5119904582122,36.1670471038092
BED BATH & BEYOND HOME,401.0,S MT JULIET RD,37122,MT JULIET,Mt. Juliet,9503,MT. JULIET,,1957.1776682159227,9500,9503,NORMAL,,33.801197839070575,-86.5120349289712,36.16678540683662
GNC,401.0,S MT JULIET RD,37122,MT JULIET,Mt. Juliet,9503,MT. JULIET,,1903.4355740579815,9500,9503,NORMAL,,28.901715381641168,-86.5120486960543,36.16657441478019
DIVA NAILS,401.0,S MT JULIET RD,37122,MT JULIET,Mt. Juliet,9503,MT. JULIET,,2001.382038580062,9500,9503,NORMAL,,29.576234807555558,-86.5113710095353,36.16630000945951
THE GOOD FEET STORE,401.0,S MT JULIET RD,37122,MT JULIET,Mt. Juliet,9503,MT. JULIET,,1973.030239606836,9500,9503,NORMAL,,11.103517703541803,-86.51151063099641,36.16632585877362
EUROPEAN WAX CENTER,401.0,S MT JULIET RD,37122,MT JULIET,Mt. Juliet,9503,MT. JULIET,,1935.5870018879382,9500,9503,NORMAL,,11.742482194893014,-86.511684436625,36.166344858591394
CASTLE DENTAL,401.0,S MT JULIET RD,37122,MT JULIET,Mt. Juliet,9503,MT. JULIET,,1916.2898158207574,9500,9503,NORMAL,,20.678564466138717,-86.5117841211362,36.166364286934105
VACANT,401.0,S MT JULIET RD,37122,MT JULIET,Mt. Juliet,9503,MT. JULIET,,1895.692223780872,9500,9503,NORMAL,,17.628094448574732,-86.5118792622415,36.166371873077715
LOVESAC,401.0,S MT JULIET RD,37122,MT JULIET,Mt. Juliet,9503,MT. JULIET,,2329.228933068602,9500,9503,NORMAL,,20.75363728476677,-86.5099697092809,36.166158071709205
YANKEE CANDLE,401.0,S MT JULIET RD,37122,MT JULIET,Mt. Juliet,9503,MT. JULIET,,2393.667920956052,9500,9503,NORMAL,,23.505196124643703,-86.5093983779281,36.16556803334638
HAWAII FLUID ART,401.0,S MT JULIET RD,37122,MT JULIET,Mt. Juliet,9503,MT. JULIET,,2364.856877159095,9500,9503,NORMAL,,21.735022593031808,-86.5095078355081,36.1655774670813
BATH & BODY WORKS,401.0,S MT JULIET RD,37122,MT JULIET,Mt. Juliet,9503,MT. JULIET,,2308.1664361901767,9500,9503,NORMAL,,27.47387572545454,-86.5097232527184,36.1655940517334
CLAIRE'S,401.0,S MT JULIET RD,37122,MT JULIET,Mt. Juliet,9503,MT. JULIET,,2269.9977071848934,9500,9503,NORMAL,,12.58887500812607,-86.5097696306784,36.165404494552305
BLUSH BOOT CAMP,401.0,S MT JULIET RD,37122,MT JULIET,Mt. Juliet,9503,MT. JULIET,,2217.9190407205047,9500,9503,NORMAL,,35.70468508398476,-86.509824679795,36.1651041637834
CPR-CELL PHONE REPAIR,401.0,S MT JULIET RD,37122,MT JULIET,Mt. Juliet,9503,MT. JULIET,,1593.216274718563,9500,9503,NORMAL,,30.856589656674192,-86.5122799957662,36.1653691334274
FANTASTIC SAMS,401.0,S MT JULIET RD,37122,MT JULIET,Mt. Juliet,9503,MT. JULIET,,1621.7562095519693,9500,9503,NORMAL,,30.748057390746784,-86.5122498460487,36.16548193241881
UPS,401.0,S MT JULIET RD,37122,MT JULIET,Mt. Juliet,9503,MT. JULIET,,1734.0020988804915,9500,9503,NORMAL,,21.054805899260465,-86.5119827534261,36.165718175527495
MASSAGE ENVY,401.0,S MT JULIET RD,37122,MT JULIET,Mt. Juliet,9503,MT. JULIET,,1750.92895095548,9500,9503,NORMAL,,23.529971128768846,-86.5118868647734,36.1656809062727
THE JOINT CHIROPRACTOR,401.0,S MT JULIET RD,37122,MT JULIET,Mt. Juliet,9503,MT. JULIET,,1769.3429628056733,9500,9503,NORMAL,,18.447238080612482,-86.5117936589552,36.16565323201891
CRUMBL COOKIE,401.0,S MT JULIET RD,37122,MT JULIET,Mt. Juliet,9503,MT. JULIET,,1793.6289127980278,9500,9503,NORMAL,,21.01994641748763,-86.5117002231123,36.165655893034405
HAAGEN DAZ,401.0,S MT JULIET RD,37122,MT JULIET,Mt. Juliet,9503,MT. JULIET,,1831.342800817036,9500,9503,NORMAL,,26.969882514919984,-86.5115477288113,36.1656483641898
THAI SAMURAI,401.0,S MT JULIET RD,37122,MT JULIET,Mt. Juliet,9503,MT. JULIET,,1865.2068056974042,9500,9503,NORMAL,,31.556876070898063,-86.5114149025404,36.16564607371361
BJS HOT CHICKEN,1984.0,PROVIDENCE PKWY,37122,MT JULIET,Mt. Juliet,9503,MT. JULIET,,256.4511505253837,9500,9503,WATCH,,49.22575132600872,-86.5167676952892,36.163868528471106
UPSTAIRS-BOHO BEAUTY CO,1984.0,PROVIDENCE PKWY,37122,MT JULIET,Mt. Juliet,9503,MT. JULIET,,243.81204214652652,9500,9503,HIGH,BOUNDARY_RISK,77.23918721682999,-86.517138208765,36.1638657491201
OSCAR TACO SHOP,1984.0,PROVIDENCE PKWY,37122,MT JULIET,Mt. Juliet,9503,MT. JULIET,,265.80540337877403,9500,9503,WATCH,,58.246212942412825,-86.5170931881314,36.16392321126418
BURGER REPUBLIC,1982.0,PROVIDENCE PKWY,37122,MT JULIET,Mt. Juliet,9503,MT. JULIET,,268.45080873651773,9500,9503,WATCH,,61.38674772043518,-86.5172975238081,36.1639449498906
BANK TENNESSEE,1982.0,PROVIDENCE PKWY,37122,MT JULIET,Mt. Juliet,9503,MT. JULIET,,271.65407477146465,9500,9503,WATCH,,61.25180867760153,-86.5176726966193,36.16398030169321
MY SALON SUITE,1984.0,PROVIDENCE PKWY,37122,MT JULIET,Mt. Juliet,9503,MT. JULIET,,233.54791970294946,9500,9503,HIGH,BOUNDARY_RISK,52.90936299759904,-86.5169909202869,36.163827035004694
UPSTAIRS-PARKS REALTY,1982.0,PROVIDENCE PKWY,37122,MT JULIET,Mt. Juliet,9503,MT. JULIET,,208.539152315059,9500,9503,HIGH,BOUNDARY_RISK,95.30811723020756,-86.5173699984025,36.16378487223022
GOTCHA POKE BOWL,1984.0,PROVIDENCE PKWY,37122,MT JULIET,Mt. Juliet,9503,MT. JULIET,,256.9699877510586,9500,9503,WATCH,,29.463980435008732,-86.5168501181417,36.1638812905741
UPSTAIRS-RESTORATION DENTISTRY,1984.0,PROVIDENCE PKWY,37122,MT JULIET,Mt. Juliet,9503,MT. JULIET,,186.30696108797815,9500,9503,HIGH,BOUNDARY_RISK,108.72398573738373,-86.5171062824628,36.163704927447306
UPSTAIRS-NETCO TITLE,1982.0,PROVIDENCE PKWY,37122,MT JULIET,Mt. Juliet,9503,MT. JULIET,,165.11564319130065,9500,9503,HIGH,BOUNDARY_RISK,131.05140306961255,-86.517472190694,36.1636723596407
UPSTAIRS-JOSEPH MEDIA GROUP,1984.0,PROVIDENCE PKWY,37122,MT JULIET,Mt. Juliet,9503,MT. JULIET,,218.87174423495773,9500,9503,HIGH,BOUNDARY_RISK,67.32950933169032,-86.5168361867239,36.16377404429168
UPSTAIRS-WHITE STORK & CO,1982.0,PROVIDENCE PKWY,37122,MT JULIET,Mt. Juliet,9503,MT. JULIET,,245.835528000448,9500,9503,HIGH,BOUNDARY_RISK,76.02204151776712,-86.517684001048,36.163909908569586
THREE DOG BAKERY,1982.0,PROVIDENCE PKWY,37122,MT JULIET,Mt. Juliet,9503,MT. JULIET,,268.15218741005884,9500,9503,WATCH,,29.006895188911372,-86.5175152325159,36.16395951543411
UPSTAIRS- HOLMES & STAFFORD CPA,1982.0,PROVIDENCE PKWY,37122,MT JULIET,Mt. Juliet,9503,MT. JULIET,,243.83016655251805,9500,9503,HIGH,BOUNDARY_RISK,52.446575684587714,-86.5175192083529,36.1638927308251
UPSTAIRS-SUCCESS LAB,1982.0,PROVIDENCE PKWY,37122,MT JULIET,Mt. Juliet,9503,MT. JULIET,,226.80422947003743,9500,9503,HIGH,BOUNDARY_RISK,94.85009294663476,-86.5177160211963,36.163859694874084
UPSTAIRS-FARMERS INSURANCE,1982.0,PROVIDENCE PKWY,37122,MT JULIET,Mt. Juliet,9503,MT. JULIET,,194.67819034240114,9500,9503,HIGH,BOUNDARY_RISK,114.6826212476649,-86.5176889649403,36.16376919800119
UPSTAIRS- JMT CONSULTING,1982.0,PROVIDENCE PKWY,37122,MT JULIET,Mt. Juliet,9503,MT. JULIET,,177.11097494341976,9500,9503,HIGH,BOUNDARY_RISK,131.0096905281415,-86.5176989455796,36.16372146355782
FIVE BELOW,655.0,S MT JULIET RD,37122,MT JULIET,Mt. Juliet,9503,MT. JULIET,,1341.570320668301,9500,9503,NORMAL,,27.179308343648003,-86.5126152914787,36.16208318506101
SALONS BY JC,661.0,S MT JULIET RD,37122,MT JULIET,Mt. Juliet,9503,MT. JULIET,,1337.9894488611508,9500,9503,NORMAL,,33.80056571129132,-86.5127058468986,36.161898712123985
POSTAL ANNEX,651.0,S MT JULIET RD,37122,MT JULIET,Mt. Juliet,9503,MT. JULIET,,1307.1078503600347,9500,9503,NORMAL,,8.639903101420709,-86.5126443975598,36.16235537972891
ANYTIME FITNESS,645.0,S MT JULIET RD,37122,MT JULIET,Mt. Juliet,9503,MT. JULIET,,1342.9109940743144,9500,9503,NORMAL,,8.405016722070023,-86.5124871681736,36.16248089543171
DIAMOND DANCE ACADEMY,639.0,S MT JULIET RD,37122,MT JULIET,Mt. Juliet,9503,MT. JULIET,,1401.837386968116,9500,9503,NORMAL,,7.631197609308177,-86.5122869523378,36.162468137414294
SUBWAY,637.0,S MT JULIET RD,37122,MT JULIET,Mt. Juliet,9503,MT. JULIET,,1425.4748248362976,9500,9503,NORMAL,,8.120250062983208,-86.5122074986202,36.162459413437205
FARM BUREAU,635.0,S MT JULIET RD,37122,MT JULIET,Mt. Juliet,9503,MT. JULIET,,1449.7364275280931,9500,9503,NORMAL,,11.751441225908577,-86.5121282721631,36.1624404348818
"(APT #S ARE BUILDING, FLOOR, UNIT)",415.0,ROME PIKE,37087,LEBANON,Lebanon,9501,LEBANON,,2165.376786217371,9500,9501,NORMAL,,107.99478932917633,-86.2801628614827,36.2123588461829
RN ENTERTAINMENT,3764.0,MURFREESBORO RD,37090,LEBANON,Unincorporated,9500,(Unincorporated),,14847.220565699614,9500,9501,NORMAL,POSTAL_CITY_EXPOSURE,19.609084268206036,-86.3300477916419,36.1121020791958
CARVER CREEK SUBD,101.0,PEKKA DR,37087,LEBANON,Lebanon,9501,LEBANON,,50.720997039598586,9500,9501,HIGH,BOUNDARY_RISK,91.82838470423786,-86.328888247002,36.241334847268504
ZAXBYS,447.0,HIGHWAY 109 N,37090,LEBANON,Lebanon,9500,(Unincorporated),,147.16934256559603,9500,9501,HIGH,POSTAL_CITY_EXPOSURE,34.634724513707326,-86.41021894952,36.1924120112863
NORTHSIDE VILLAGE TOWNHOMES,109.0,NOAH'S WAY,37087,LEBANON,Lebanon,9501,LEBANON,,1151.6293659435948,9500,9501,NORMAL,,106.560130878367,-86.2906693812516,36.2305249842823
COLES FERRY VILLAGE,100.0,NOAH'S WAY,37087,LEBANON,Lebanon,9501,LEBANON,,1195.1620754398637,9500,9501,NORMAL,,64.77378358154543,-86.2903409151827,36.23002943538391
TAQUERIA EL RINCON MEXICAN RESTAURANT,3193.0,S  MT JULIET RD,37122,MT JULIET,Unincorporated,9500,(Unincorporated),,2315.6247353946005,1900,9500,NORMAL,POSTAL_CITY_EXPOSURE,26.340751393072434,-86.5183990161179,36.127382944627094
BETWEEN THE LAKES NUTRITION,3193.0,S  MT JULIET RD,37122,MT JULIET,Unincorporated,9500,(Unincorporated),,2324.5990893302005,1900,9500,NORMAL,POSTAL_CITY_EXPOSURE,25.999243477351,-86.5183903575967,36.12726607641599
VACANT,3193.0,S  MT JULIET RD,37122,MT JULIET,Unincorporated,9500,(Unincorporated),,2331.6546059795187,1900,9500,NORMAL,POSTAL_CITY_EXPOSURE,26.220977707856164,-86.5183819175552,36.1271828369595
MJ FENCE & DECK BUILDERS,3193.0,S  MT JULIET RD,37122,MT JULIET,Unincorporated,9500,(Unincorporated),,2335.6758234707563,1900,9500,NORMAL,POSTAL_CITY_EXPOSURE,21.549114328284688,-86.51838145750071,36.12711237465261
K NAIL SPA,3193.0,S  MT JULIET RD,37122,MT JULIET,Unincorporated,9500,(Unincorporated),,2341.789960499285,1900,9500,NORMAL,POSTAL_CITY_EXPOSURE,20.383005506751125,-86.518375033389,36.12703553270169
ZIGGY'S PIZZA & SUBS,3193.0,S  MT JULIET RD,37122,MT JULIET,Unincorporated,9500,(Unincorporated),,2346.7250863364284,1900,9500,NORMAL,POSTAL_CITY_EXPOSURE,17.327825998670743,-86.518374468786,36.126949056312604
TIPSY THAI SPICE IT UP!,3193.0,S  MT JULIET RD,37122,MT JULIET,Unincorporated,9500,(Unincorporated),,2352.2631036563503,1900,9500,NORMAL,POSTAL_CITY_EXPOSURE,16.04261953816616,-86.5183700198807,36.1268722058708
NASH CARDS,3195.0,S MT JULIET RD,37122,MT JULIET,Unincorporated,9500,(Unincorporated),,2361.0751728469363,1900,9500,NORMAL,POSTAL_CITY_EXPOSURE,33.59385501025503,-86.5184287525011,36.1263906766986
DONUT TIME,3195.0,S MT JULIET RD,37122,MT JULIET,Unincorporated,9500,(Unincorporated),,2366.2094356912403,1900,9500,NORMAL,POSTAL_CITY_EXPOSURE,30.499229614818184,-86.5184189479492,36.12632967272721
VAPOR CITY,3195.0,S MT JULIET RD,37122,MT JULIET,Unincorporated,9500,(Unincorporated),,2354.767774068242,1900,9500,NORMAL,POSTAL_CITY_EXPOSURE,33.455385822620535,-86.5184409077273,36.126451670566
Kwality Korner,3195.0,S MT JULIET RD,37122,MT JULIET,Unincorporated,9500,(Unincorporated),,2354.530182734861,1900,9500,NORMAL,POSTAL_CITY_EXPOSURE,62.398889424689294,-86.5185051349074,36.12602076863859
PHEONIX ROSE,216.0,HARTMANN DR,37087,LEBANON,Lebanon,9501,LEBANON,,4329.4703387045765,9500,9501,NORMAL,,8.937586655318764,-86.3201563814557,36.22309345156469
MAINSTREET MEDIA,216.0,HARTMANN DR,37087,LEBANON,Lebanon,9501,LEBANON,,4348.12017275566,9500,9501,NORMAL,,5.424963411473488,-86.3198746325202,36.22282622062419
BEAL PROPERTIES LLC,216.0,HARTMANN DR,37087,LEBANON,Lebanon,9501,LEBANON,,4317.300595544717,9500,9501,NORMAL,,5.231760128242959,-86.31980614994991,36.22289016766479
THE BEAUTY ROOM,365.0,S HARTMANN DR,37087,LEBANON,Lebanon,9501,LEBANON,,6033.568818799303,9500,9501,NORMAL,,15.496570181216429,-86.3276204580631,36.2019147406438
EDWARD JONES,365.0,S HARTMANN DR,37087,LEBANON,Lebanon,9501,LEBANON,,5956.44356719082,9500,9501,NORMAL,,17.929416905765514,-86.3278836010928,36.20168755466271
RESTORATIVE HEALTH SERVICES,365.0,S HARTMANN DR,37087,LEBANON,Lebanon,9501,LEBANON,,5937.301202978462,9500,9501,NORMAL,,16.033039953528757,-86.3279495312287,36.201630839244686
HIRE DYNAMICS,365.0,S HARTMANN DR,37087,LEBANON,Lebanon,9501,LEBANON,,5985.464176812246,9500,9501,NORMAL,,17.88874112939034,-86.3277842023639,36.20176545344101
BURNETT ENTERPRISES,1222.0,S HARTMANN DR,37090,LEBANON,Lebanon,9501,LEBANON,,1085.7793683632653,9500,9501,NORMAL,,61.39065680710716,-86.3075471962714,36.17334026942951
1ST HERITAGE  CREDIT,1221.0,S HARTMANN DR,37090,LEBANON,Lebanon,9501,LEBANON,,1280.2154939540226,9500,9501,NORMAL,,47.425427521850864,-86.3080289145682,36.17439443984069
VACANT,1221.0,S HARTMANN DR,37090,LEBANON,Lebanon,9501,LEBANON,,1370.7851117121468,9500,9501,NORMAL,,33.99719290809577,-86.3073615114056,36.17430028220212
ALL STAR STITCHES,1221.0,S HARTMANN DR,37090,LEBANON,Lebanon,9501,LEBANON,,1374.7554858834555,9500,9501,NORMAL,,53.2866570162448,-86.3074276224323,36.174359489523695
WOOD PERSONNEL,1221.0,S HARTMANN DR,37090,LEBANON,Lebanon,9501,LEBANON,,1342.8132697205178,9500,9501,NORMAL,,33.03382291430724,-86.3075240444343,36.174310002710996
EAGLEVIEW  ROOFING & CONTRACTING,1221.0,S HARTMANN DR,37090,LEBANON,Lebanon,9501,LEBANON,,1347.4356695023982,9500,9501,NORMAL,,52.06247233543238,-86.3075958995547,36.1743721757165
STANDING STONE POOLS & PATIOS,1221.0,S HARTMANN DR,37090,LEBANON,Lebanon,9501,LEBANON,,1323.331759156158,9500,9501,NORMAL,,37.48290661325574,-86.3076744401507,36.17433751923651
WRIGHT MEDICAL BILLING,1221.0,S HARTMANN DR,37090,LEBANON,Lebanon,9501,LEBANON,,1315.3775018511894,9500,9501,NORMAL,,44.773707463696155,-86.3077735324256,36.17436981590591
COUNTRYSIDE FIREPLACE & PATIO,1221.0,S HARTMANN DR,37090,LEBANON,Lebanon,9501,LEBANON,,1313.5188771462408,9500,9501,NORMAL,,54.66384747679937,-86.3078377680761,36.1744005313886
VACANT,1221.0,S HARTMANN DR,37090,LEBANON,Lebanon,9501,LEBANON,,1292.380696719635,9500,9501,NORMAL,,45.97521059821601,-86.3079194333874,36.1743756434624
VACANT,1221.0,S HARTMANN DR,37090,LEBANON,Lebanon,9501,LEBANON,,1372.9872844568204,9500,9501,NORMAL,,21.87431757919003,-86.3072944500264,36.174260868555095
SUITE 100- ALLERGY & ENT ASSOCIATES,920.0,S HARTMANN DR,37090,LEBANON,Lebanon,9501,LEBANON,,3498.160162631201,9500,9501,NORMAL,,54.90577836488439,-86.326556030154,36.1863075020185
SUITE 200-CHILDRENS CLINIC EAST,920.0,S HARTMANN DR,37090,LEBANON,Lebanon,9501,LEBANON,,3575.90837920656,9500,9501,NORMAL,,111.034908202307,-86.3265840539222,36.18668418254351
SUITE 310- ASSOCIATES IN GASTROENTROLOGY,920.0,S HARTMANN DR,37090,LEBANON,Lebanon,9501,LEBANON,,3503.918138361538,9500,9501,NORMAL,,105.75178927321595,-86.3268692634398,36.18665479630241
SUITE 330- BENCHMARK PHYSICAL THERAPY,920.0,S HARTMANN DR,37090,LEBANON,Lebanon,9501,LEBANON,,3456.4776824742303,9500,9501,NORMAL,,38.66970885677673,-86.3268359149066,36.186414049024016
SUITE 300- MIDDLE TN PERIODONTICS,920.0,S HARTMANN DR,37090,LEBANON,Lebanon,9501,LEBANON,,3480.0662576966797,9500,9501,NORMAL,,65.68276336730116,-86.3268511133946,36.186533234771304
SUITE 210- ZOO CREW PEDIATRIC DENTISTRY,920.0,S HARTMANN DR,37090,LEBANON,Lebanon,9501,LEBANON,,3518.704343762815,9500,9501,NORMAL,,37.31133125271001,-86.3265918679434,36.186438554481214
SUITE 110- TRI STAR MEDICAL  LEBANON PRIMARY CARE,920.0,S HARTMANN DR,37090,LEBANON,Lebanon,9501,LEBANON,,3410.492538521151,9500,9501,NORMAL,,77.56050911202301,-86.3268394948886,36.186211949684505
SUITE 340- THE LETT CENTER,920.0,S HARTMANN DR,37090,LEBANON,Lebanon,9501,LEBANON,,3549.4227198715557,9500,9501,NORMAL,,76.26318779946924,-86.3266042495439,36.1865881512214
HARTMANN MEDICAL PLAZA,920.0,S HARTMANN DR,37090,LEBANON,Lebanon,9501,LEBANON,,3505.407218611704,9500,9501,NORMAL,,167.2914343699562,-86.3263100888043,36.18606760520961
MARINER FINANCE,1416.0,W MAIN ST,37087,LEBANON,Lebanon,9501,LEBANON,,6877.624968746211,9500,9501,NORMAL,,30.041685046251743,-86.329544355054,36.214785882410794
GNC,1416.0,W MAIN ST,37087,LEBANON,Lebanon,9501,LEBANON,,6862.035644782112,9500,9501,NORMAL,,28.235545942407988,-86.3295807669658,36.21474410911821
GREAT CLIPS,1416.0,W MAIN ST,37087,LEBANON,Lebanon,9501,LEBANON,,6930.635175674247,9500,9501,NORMAL,,22.132630293145812,-86.3294557500423,36.21499750662422
MANGOS MEXICAN RESTAURANT,1416.0,W MAIN ST,37087,LEBANON,Lebanon,9501,LEBANON,,6907.515618770496,9500,9501,NORMAL,,34.821008402622844,-86.3294932234668,36.21490335529092
SUBWAY,1416.0,W MAIN ST,37087,LEBANON,Lebanon,9501,LEBANON,,6846.117399465825,9500,9501,NORMAL,,31.33983452117175,-86.3296116411031,36.21468834576108
EDWARD JONES,1416.0,W MAIN ST,37087,LEBANON,Lebanon,9501,LEBANON,,6831.487720917167,9500,9501,NORMAL,,32.70198772047729,-86.329640182207,36.214637205781685
STARBUCKS,1418.0,W MAIN ST,37087,LEBANON,Lebanon,9501,LEBANON,,6447.581447165223,9500,9501,NORMAL,,84.78990940470385,-86.3310142256077,36.21457979446299
GOODWILL,1414.0,W MAIN ST,37087,LEBANON,Lebanon,9501,LEBANON,,7061.480367531568,9500,9501,NORMAL,,45.98216186282814,-86.3288264491235,36.214682665254315
MCALISTERS,609.0,S CUMBERLAND ST,37087,LEBANON,Lebanon,9501,LEBANON,,6345.083847039323,9500,9501,NORMAL,,26.08240276753806,-86.2935494119566,36.19303127873379
ROSS DRESS FOR LESS,1441.0,W MAIN ST,37087,LEBANON,Lebanon,9501,LEBANON,,6485.324367098275,9500,9501,NORMAL,,13.268296968086075,-86.3310390956748,36.218155144716505
MARSHALL'S,1439.0,W MAIN ST,37087,LEBANON,Lebanon,9501,LEBANON,,6505.58186071183,9500,9501,NORMAL,,22.120864803796746,-86.3307658604616,36.2180479445846
ULTA ,1435.0,W MAIN ST,37087,LEBANON,Lebanon,9501,LEBANON,,6526.685535550507,9500,9501,NORMAL,,8.23476175565204,-86.3302552353187,36.217898490914294
FIVE BELOW,1437.0,W MAIN ST,37087,LEBANON,Lebanon,9501,LEBANON,,6520.0211636273025,9500,9501,NORMAL,,13.91263992373976,-86.3304906771829,36.217958570137
BUFF CITY SOAPS,1433.0,W MAIN ST,37087,LEBANON,Lebanon,9501,LEBANON,,6543.397039395447,9500,9501,NORMAL,,8.794432627838482,-86.3300024700862,36.217809520889595
SHOP,1390.0,KNOWLES RD,37090,NORENE,Unincorporated,9500,(Unincorporated),WILSON,26191.286698119093,9500,9501,NORMAL,,48.578992008048616,-86.2588005130567,36.09004195203661
PAVILLION,122.0,CREEKSIDE VILLAGE CT,37087,LEBANON,Lebanon,9501,LEBANON,,4553.5337762946665,9500,9501,NORMAL,,21.251013162753793,-86.3006360999165,36.2198466876429
LP MEDICAL OFFICE BUILDING,121.0,BEAR XING,37122,MT JULIET,Mt. Juliet,9503,MT. JULIET,,1877.8549500173065,9501,9503,NORMAL,,88.42350973957053,-86.4588311011786,36.17963728074271
LP OFFICE,145.0,BEAR XING,37122,MT JULIET,Mt. Juliet,9503,MT. JULIET,,2285.0739215490644,9501,9503,NORMAL,,154.2005343259541,-86.4603633545464,36.179102076203606
BATES FORD ,1780.0,FRANKLIN RD,37090,LEBANON,Lebanon,9501,LEBANON,,1308.4728764117153,9500,9501,NORMAL,,14.065702396969758,-86.3320449363694,36.1821120378248
AMENITY CENTER,1000.0,HEATHERLY WAY,37087,LEBANON,Lebanon,9501,LEBANON,,1571.8828494597549,9500,9501,NORMAL,,97.69839897739621,-86.4045313504626,36.24361800655911
SOUTH MAPLE TOWNHOMES,145.0,LAWRENCE WAY,37087,LEBANON,Lebanon,9501,LEBANON,,7829.012169190415,9500,9501,NORMAL,,94.45955838049579,-86.3043292759187,36.19237960245248
CLUB HOUSE AND POOL,5000.0,NAPOLI DR,37122,MT JULIET,Mt. Juliet,9503,MT. JULIET,,2064.3413235349326,9500,9503,NORMAL,,60.305051472303546,-86.496467646488,36.223142264114315
AMENITY CENTER/POOL,2951.0,MALLARD DR,37090,LEBANON,Lebanon,9501,LEBANON,,1018.9907568796855,9500,9501,NORMAL,,25.545753300556292,-86.3998471715696,36.168292270493495
TSI TRUCKING,145.0,MADDOX SIMPSON PKWY,37090,LEBANON,Lebanon,9501,LEBANON,,2296.772362048762,9500,9501,NORMAL,,47.2384868336475,-86.3001739325212,36.1742335611707
BEE WELL URGENT CARE,6650.0,EASTGATE BLVD,37090,LEBANON,Lebanon,9501,LEBANON,,953.9884688579153,9500,9501,WATCH,,13.409846158509714,-86.4106789126123,36.18761270793412
AV NAILS,6650.0,EASTGATE BLVD,37090,LEBANON,Lebanon,9501,LEBANON,,907.2494645320106,9500,9501,WATCH,,17.345027529708258,-86.4104806489047,36.18766941877881
JERSEY MIKES,6650.0,EASTGATE BLVD,37090,LEBANON,Lebanon,9501,LEBANON,,924.037555206039,9500,9501,WATCH,,20.10787427082622,-86.4105379864215,36.18764228566481
HI FIVE SMOKE & VAPE,6650.0,EASTGATE BLVD,37090,LEBANON,Lebanon,9501,LEBANON,,883.7638406991143,9500,9501,WATCH,,19.15897000531853,-86.410395390042,36.18770513919388
WAVERLY SUBD,723.0,OVERBROOK AVE,37122,MT JULIET,Lebanon,9501,LEBANON,,715.6160737630946,9500,9501,WATCH,POSTAL_CITY_EXPOSURE,54.11308498087838,-86.4179772050039,36.1961577430994
AMENITY CENTER,101.0,WILLOW BEND DR,37122,MT JULIET,Lebanon,9501,LEBANON,,907.7786062043158,9500,9501,WATCH,POSTAL_CITY_EXPOSURE,94.55447636802705,-86.420685227502,36.1964344824402
POOL,105.0,WILLOW BEND DR,37122,MT JULIET,Lebanon,9501,LEBANON,,1082.464634216495,9500,9501,NORMAL,POSTAL_CITY_EXPOSURE,89.18639791713662,-86.42149557056942,36.19668203290952
SHOP,7280.0,CEDAR FOREST RD,37090,NORENE,Unincorporated,9500,(Unincorporated),WILSON,14301.33539471215,7500,9500,NORMAL,,25.60308633448712,-86.2993482889444,36.0244414000127
BUILDING #2,233.0,TOWNSHIP BLVD,37122,MT JULIET,Lebanon,9501,LEBANON,,139.77196843216785,9500,9501,HIGH,POSTAL_CITY_EXPOSURE,17.588482701228653,-86.4354726107081,36.2351991598596
BUILDING #1,132.0,TOWNSHIP BLVD,37122,MT JULIET,Lebanon,9501,LEBANON,,175.568406564086,9500,9501,HIGH,POSTAL_CITY_EXPOSURE,19.664715910703492,-86.4357014748247,36.234576306116104
BUILDING #9,936.0,LANDON DR,37122,MT JULIET,Lebanon,9501,LEBANON,,455.83530648987164,9500,9501,WATCH,POSTAL_CITY_EXPOSURE,19.192181962133706,-86.43686585645732,36.2366191544387
BUILDING #10,1033.0,LANDON DR,37122,MT JULIET,Lebanon,9501,LEBANON,,228.5566277976838,9500,9501,HIGH,POSTAL_CITY_EXPOSURE,15.82637589363875,-86.4367718017313,36.23598042033828
SPORTS ORTHO URGENT CARE,4998.0,CROSSINGS CIR,37122,MT JULIET,Mt. Juliet,9503,MT. JULIET,,1897.1538368867455,9500,9503,NORMAL,,28.579691494990353,-86.5165859636944,36.16838564333401
PROVIDENCE WEST MEDICAL CENTER,5000.0,CROSSINGS CIR,37122,MT JULIET,Mt. Juliet,9503,MT. JULIET,,1798.2693037455147,9500,9503,NORMAL,,34.06677017143046,-86.51723066874,36.168158550677795
STAYATT,155.0,S EASTGATE CT,37090,LEBANON,Lebanon,9501,LEBANON,,1650.5837734103343,9500,9501,NORMAL,,67.6787891480734,-86.4106678151652,36.18543235067701
MAPLE CROSSING,101.0,BROADMOOR DR,37122,MT JULIET,Mt. Juliet,9503,MT. JULIET,,1037.9079839156288,9500,9503,NORMAL,,85.62050961023866,-86.4928812956372,36.2257540346398
WEMA STATION 2,160.0,OLD STATESVILLE RD,37184,WATERTOWN,Watertown,9502,WATERTOWN,,475.48185268983667,9500,9502,WATCH,,22.14527799517513,-86.1398049316045,36.096549829171515
BARN,801.0,FITE RD,37184,WATERTOWN,Unincorporated,9500,(Unincorporated),,6096.740119100722,9500,9502,NORMAL,POSTAL_CITY_EXPOSURE,55.14581356414334,-86.120750065601,36.0809602277022
VILLAGE SQUARE TOWNHOMES,420.0,PARK AVE,37087,LEBANON,Lebanon,9501,LEBANON,,4305.347870691737,9500,9501,NORMAL,,170.00343254815607,-86.2850076992454,36.2054476926344
SUNDANCE LEBANON APARTMENTS,1201.0,BUFFLEHEAD WAY,37090,LEBANON,Lebanon,9501,LEBANON,,936.2901988318315,9500,9501,WATCH,,390.1141395437382,-86.4031760389805,36.163268018917904
Changing Address To 1660,1660.0,OLD ALEXANDRIA RD,37184,WATERTOWN,Unincorporated,9500,(Unincorporated),,885.0940786999071,2100,9500,WATCH,POSTAL_CITY_EXPOSURE,54.29374468926273,-86.0632321020232,36.085298035808805
SHOP,100.0,PEBO'S PL,37122,MT JULIET,Unincorporated,9500,(Unincorporated),,3566.159047971449,9500,9503,NORMAL,POSTAL_CITY_EXPOSURE,30.241315729791452,-86.5565122013986,36.2430820105572
CONTAINERS SHOP,100.0,PEBO'S PL,37122,MT JULIET,Unincorporated,9500,(Unincorporated),,3713.0879428091366,9500,9503,NORMAL,POSTAL_CITY_EXPOSURE,111.36836019295697,-86.5569916003323,36.243231814545275
SHED,100.0,PEBO'S PL,37122,MT JULIET,Unincorporated,9500,(Unincorporated),,3715.286443188628,9500,9503,NORMAL,POSTAL_CITY_EXPOSURE,191.2733015010807,-86.5570481673013,36.242903681559106
GARAGE APARTMENT,80.0,JONES RD,37090,NORENE,Unincorporated,9500,(Unincorporated),WILSON,19983.637791235473,9500,9501,NORMAL,,6.735775916348335,-86.2683354136151,36.10525160942571
AFFORDABLE HEATING & COOLING,5540.0,E DIVISION ST,37122,LEBANON,Lebanon,9501,LEBANON,,279.8180597872296,9500,9501,WATCH,,21.90495440598261,-86.4253151400964,36.18944849817221
MOA,5540.0,E DIVISION ST,37122,LEBANON,Lebanon,9501,LEBANON,,279.9039496063751,9500,9501,WATCH,,23.29946289888915,-86.425476992082,36.189459850439114
PROVIDENCE STORM SHELTERS,5540.0,E DIVISION ST,37122,LEBANON,Lebanon,9501,LEBANON,,276.469197693734,9500,9501,WATCH,,20.397159869095052,-86.4256683237015,36.1894830220028
DEKALB HAS THE SAME NUMBER RANGE,,,,,,9500,(Unincorporated),,141.22811876441511,2100,9500,HIGH,BOUNDARY_RISK,,-86.0363159842211,36.02596610689259
CARLTON PARK TOWNHOMES,1229.0,S HARTMANN DR,37090,LEBANON,Lebanon,9501,LEBANON,,1673.6684047632816,9500,9501,NORMAL,,165.09784768031957,-86.3055410842725,36.17383300137019
CIRCLE K,3450.0,HIGHWAY 109 N,37122,MT JULIET,Lebanon,9501,LEBANON,,175.13149076795867,9500,9501,HIGH,POSTAL_CITY_EXPOSURE,34.50531465796211,-86.4294073677796,36.231453288609494
FUTURE CEDAR FARM VILLAGE,409.0,CARVER LN,37087,LEBANON,Lebanon,9500,(Unincorporated),,388.30308276446004,9500,9501,WATCH,POSTAL_CITY_EXPOSURE,208.7481977493431,-86.3270300078794,36.237818897390106
POOL PHONE,1419.0,TOSHIBA DR,37087,LEBANON,Lebanon,9501,LEBANON,,844.7835418084293,9500,9501,WATCH,,3.276709686749071,-86.3255241343935,36.2331196209788
PHO LEE SOUP COM.,1722.0,N MT JULIET RD,37122,MT JULIET,Mt. Juliet,9503,MT. JULIET,,1437.611025528345,9500,9503,NORMAL,,13.322428308551018,-86.5175522180526,36.193701278359505
SWEET CECES,1720.0,N MT JULIET RD,37122,MT JULIET,Mt. Juliet,9503,MT. JULIET,,1424.045428095033,9500,9503,NORMAL,,18.41775890886641,-86.5175167420104,36.1936370877556
NUTRITION FACTORY,1730.0,N MT JULIET RD,37122,MT JULIET,Mt. Juliet,9503,MT. JULIET,,1448.2745218337834,9500,9503,NORMAL,,15.796861714345352,-86.5175668028061,36.19382079408171
DYNAMIC BALLROOM,1732.0,N MT JULIET RD,37122,MT JULIET,Mt. Juliet,9503,MT. JULIET,,1468.7019560385274,9500,9503,NORMAL,,23.02267961857307,-86.5176226132296,36.1938978141535
WHITE LILLY,1736.0,N MT JULIET RD,37122,MT JULIET,Mt. Juliet,9503,MT. JULIET,,1489.9887292111052,9500,9503,NORMAL,,22.289708334271666,-86.5176860509532,36.1939494070837
ASIA HAIR SALON,1738.0,N MT JULIET RD,37122,MT JULIET,Mt. Juliet,9503,MT. JULIET,,1499.4512570934119,9500,9503,NORMAL,,25.179770858195774,-86.5177112840117,36.19398845082441
NO 1 NAIL BAR,1752.0,N MT JULIET RD,37122,MT JULIET,Mt. Juliet,9503,MT. JULIET,,1533.9754685610824,9500,9503,NORMAL,,25.264619257979206,-86.5178142048804,36.1940719461262
GRACIE BARRA,1754.0,N MT JULIET RD,37122,MT JULIET,Mt. Juliet,9503,MT. JULIET,,1590.7007956162504,9500,9503,NORMAL,,29.266151274476123,-86.5180139420354,36.19404279923441
4EVER CIG,1758.0,N MT JULIET RD,37122,MT JULIET,Mt. Juliet,9503,MT. JULIET,,1618.353841280175,9500,9503,NORMAL,,28.580181729760646,-86.5180923056429,36.1941317981202
HYPER MARKET TOBACCO & BEER,1760.0,N MT JULIET RD,37122,MT JULIET,Mt. Juliet,9503,MT. JULIET,,1635.2890264433388,9500,9503,NORMAL,,29.572701895919995,-86.51814088725762,36.194183096762124
PARTNERS PERSONNEL,1762.0,N MT JULIET RD,37122,MT JULIET,Mt. Juliet,9503,MT. JULIET,,1656.3948606377871,9500,9503,NORMAL,,31.205438385909243,-86.5182035956072,36.19423528647
CITY CLEANERS,1764.0,N MT JULIET RD,37122,MT JULIET,Mt. Juliet,9503,MT. JULIET,,1682.3081674455498,9500,9503,NORMAL,,32.29620694659448,-86.5182805044117,36.19429981633541
GLOBAL VISION CHURCH,1750.0,N MT JULIET RD,37122,MT JULIET,Mt. Juliet,9503,MT. JULIET,,1650.9887388270613,9500,9503,NORMAL,,25.085985350659755,-86.5182458135585,36.1939054420566
CASSA NASHVILLE MT JULIET EAST,500.0,E  CASSA WAY,37122,MT JULIET,Unincorporated,9500,(Unincorporated),,1976.4508578319067,1900,9500,NORMAL,POSTAL_CITY_EXPOSURE,152.99478535990153,-86.5191737979144,36.13166981844428
CEDAR CITY TOWNHOMES,885.0,E  BADDOUR PKWY,37087,LEBANON,Lebanon,9501,LEBANON,,1623.475735025805,9500,9501,NORMAL,,30.85206246004312,-86.2752279699453,36.20516908853129
VINTAGE STATION NORTH,2093.0,N  MT JULIET RD,37122,MT JULIET,Mt. Juliet,9503,MT. JULIET,,2097.0244008538,9500,9503,NORMAL,,63.59135208527867,-86.5173706027934,36.20035038400441
BLDG A,2093.0,N  MT JULIET RD,37122,MT JULIET,Mt. Juliet,9503,MT. JULIET,,2065.4286508149553,9500,9503,NORMAL,,32.22408338583344,-86.5173627457317,36.2002283287788
BLDG B,2099.0,N  MT JULIET RD,37122,MT JULIET,Mt. Juliet,9503,MT. JULIET,,1708.6760794915624,9500,9503,NORMAL,,37.78786026053745,-86.5164280612859,36.1996050519935
SUITE NUMBERS ARE ON THE 1ST FLOOR,2093.0,N  MT JULIET RD,37122,MT JULIET,Mt. Juliet,9503,MT. JULIET,,1915.4689218289157,9500,9503,NORMAL,,42.95862038146202,-86.5172371383742,36.1997099113337
LEASING OFFICE,2099.0,N  MT JULIET RD,37122,MT JULIET,Mt. Juliet,9503,MT. JULIET,,1869.7096045612907,9500,9503,NORMAL,,17.27558056629266,-86.5169113566756,36.1998305338667
RED BICYCLE,2099.0,N  MT JULIET RD,37122,MT JULIET,Mt. Juliet,9503,MT. JULIET,,1866.9381582472524,9500,9503,NORMAL,,14.215191332989646,-86.5168381646013,36.19988569151093
HATHAWAY AT LEBANON,40.0,HATHAWAY LN,37087,LEBANON,Lebanon,9501,LEBANON,,1659.969575587584,9500,9501,NORMAL,,68.8683761983002,-86.3572976753258,36.22745415678179
CLUB HOUSE & POOL,4.0,VENUE CIR,37090,LEBANON,Lebanon,9501,LEBANON,,1495.1867143314498,9500,9501,NORMAL,,37.73475793708047,-86.4005476170168,36.17862707239038
THE OAKS,600.0,DONNA OAKS DR,37122,MT JULIET,Unincorporated,9500,(Unincorporated),,5683.502016125609,9500,9501,NORMAL,POSTAL_CITY_EXPOSURE,196.1444568701164,-86.422800278156,36.100857190034105
FAST PACE HEALTH,11060.0,LEBANON RD,37122,MT JULIET,Mt. Juliet,9503,MT. JULIET,,1385.1346565024253,9500,9503,NORMAL,,58.7945751083938,-86.5104793945611,36.23060034938341
HONEY BAKED HAM,2240.0,N MT JULIET RD,37122,MT JULIET,Mt. Juliet,9503,MT. JULIET,,2797.217638355698,9500,9503,NORMAL,,14.702899561573021,-86.5193786381655,36.2014128015513
BECKWITH BAPTIST CHURCH,3830.0,E DIVISION ST,37122,LEBANON,Unincorporated,9500,(Unincorporated),,477.1515029670226,9500,9503,WATCH,POSTAL_CITY_EXPOSURE,87.9421011680956,-86.4551270374155,36.194523337720085
THORNTONS GAS STATION,1525.0,W MAIN ST,37087,LEBANON,Lebanon,9501,LEBANON,,5707.612089647,9500,9501,NORMAL,,37.03390390877687,-86.3375547610527,36.21958077028529
WELL HEALTH & CHIROPRATIC,443.0,HIGHWAY 109 N,37090,LEBANON,Lebanon,9500,(Unincorporated),,619.05274479423,9500,9501,WATCH,POSTAL_CITY_EXPOSURE,13.938420229538409,-86.4087588925954,36.19294176161402
FUTURE CARVER RETREAT CONDOS,101.0,SADDLE BROOK DR,37087,LEBANON,Lebanon,9501,LEBANON,,4623.060070749435,9500,9501,NORMAL,,147.65327026632858,-86.3343770426796,36.2238057113181
GARAGE / SHOP,1480.0,SALEM RD,37085,NORENE,Unincorporated,9500,(Unincorporated),WILSON,15712.824120377694,7500,9500,NORMAL,,55.72743551463575,-86.2740698941323,36.01791157895159
PLAYGROUND,415.0,ROME PIKE,37087,LEBANON,Lebanon,9501,LEBANON,,1733.7490960626162,9500,9501,NORMAL,,89.94991520431418,-86.2783032983203,36.211589031992396
STAFFMARK,6650.0,EASTGATE BLVD,37090,LEBANON,Lebanon,9501,LEBANON,,1024.5759188753182,9500,9501,NORMAL,,10.655355739440752,-86.4105524667752,36.18733388152422
S.T.A.R PHYSICAL THERAPY,6650.0,EASTGATE BLVD,37090,LEBANON,Lebanon,9501,LEBANON,,991.8350848247788,9500,9501,WATCH,,10.542109972177757,-86.4106175676184,36.1874652866746
CHEROKEE STEAKHOUSE,450.0,CHEROKEE DOCK RD,37087,LEBANON,Unincorporated,9500,(Unincorporated),,1181.7133121854238,8300,9500,NORMAL,POSTAL_CITY_EXPOSURE,39.18393179595779,-86.4299692355023,36.33560955274141
NIRV,1000.0,AUBREY DR,37090,LEBANON,Lebanon,9501,LEBANON,,3602.3246734615823,9500,9501,NORMAL,,252.2362342720772,-86.3127069364285,36.181453791331315
WATERFORD PARK,801.0,CAWTHORN LN,37122,MT JULIET,Mt. Juliet,9503,MT. JULIET,,273.11723709029474,9500,9503,WATCH,,175.14015667632472,-86.487278181453,36.16135420374221
WASTE WATER AUTHORITY,500.0,E  CASSA WAY,37122,MT JULIET,Unincorporated,9500,(Unincorporated),,2126.8030164690726,1900,9500,NORMAL,POSTAL_CITY_EXPOSURE,30.63826101764227,-86.5186685930583,36.131575931467715
WASTE WATER AUTHORITY,550.0,E  CASSA WAY,37122,MT JULIET,Unincorporated,9500,(Unincorporated),,2276.628926592268,1900,9500,NORMAL,POSTAL_CITY_EXPOSURE,20.013288035639082,-86.5181614454955,36.1315638032224
CHAMBER OF COMMERCE,2055.0,N MT JULIET RD,37122,MT JULIET,Mt. Juliet,9503,MT. JULIET,,1806.3899964698937,9500,9503,NORMAL,,70.9366664905771,-86.51765124739941,36.19861624621441
SUITE 100-GENERATIONS DENTAL ARTS,2031.0,N MT JULIET RD,37122,MT JULIET,Mt. Juliet,9503,MT. JULIET,,1730.2322767630283,9500,9503,NORMAL,,15.141749251023219,-86.5177069185935,36.1979541430964
SUITE 101-KELLER WILLIAMS REALTY,2031.0,N MT JULIET RD,37122,MT JULIET,Mt. Juliet,9503,MT. JULIET,,1722.42920018488,9500,9503,NORMAL,,18.631279017284356,-86.5177209431409,36.197849162709986
SUITE 200-EPM FINANCIAL,2031.0,N MT JULIET RD,37122,MT JULIET,Mt. Juliet,9503,MT. JULIET,,1715.998445752001,9500,9503,NORMAL,,19.992629506496648,-86.5177292235671,36.1977656682996
SUITE 201-CONNECT COUNCELING CENTER,2031.0,N MT JULIET RD,37122,MT JULIET,Mt. Juliet,9503,MT. JULIET,,1712.2266268305957,9500,9503,NORMAL,,21.24419467952987,-86.5177434203601,36.19768691700608
HERMITAGE HEATING & AIR,211.0,E DIVISION ST,37122,LEBANON,Mt. Juliet,9503,MT. JULIET,,1089.3523216128453,9500,9503,NORMAL,POSTAL_CITY_EXPOSURE,30.705986013933913,-86.5153094197391,36.1979882448266
DELMAR,198.0,E DIVISION ST,37122,LEBANON,Mt. Juliet,9503,MT. JULIET,,1238.682320409762,9500,9503,NORMAL,POSTAL_CITY_EXPOSURE,17.91808644012083,-86.5160605315713,36.197675045594806
AVERY DENNISON,206.0,E DIVISION ST,37122,LEBANON,Mt. Juliet,9503,MT. JULIET,,971.5249565739477,9500,9503,WATCH,POSTAL_CITY_EXPOSURE,24.658931069245437,-86.5153619637624,36.19701917756809
BENNY WILSON IRON,180.0,E DIVISION ST,37122,LEBANON,Mt. Juliet,9503,MT. JULIET,,1315.6013351428182,9500,9503,NORMAL,POSTAL_CITY_EXPOSURE,40.66500709238171,-86.5165872335018,36.196785025317304
THE FELLOWSHIP AT MT JULIET,490.0,INDUSTRIAL DR,37122,MT JULIET,Mt. Juliet,9503,MT. JULIET,,965.9431715396767,9500,9503,WATCH,,48.924900056657066,-86.5145666750562,36.1982315364694
NASHVILLE READY MIX,48.0,INDUSTRIAL DR,37122,MT JULIET,Mt. Juliet,9503,MT. JULIET,,657.8379972475394,9500,9503,WATCH,,17.541715459142477,-86.5131401826098,36.1980623420513
THE INSURANCE PLACE ,346.0,E DIVISION ST,37122,LEBANON,Mt. Juliet,9503,MT. JULIET,,565.2235890097636,9500,9503,WATCH,POSTAL_CITY_EXPOSURE,19.205055499011632,-86.5140192037725,36.196771691951916
MANOR HEALTHCARE SUPPLY,190.0,E DIVISION ST,37122,LEBANON,Mt. Juliet,9503,MT. JULIET,,1303.4456813249838,9500,9503,NORMAL,POSTAL_CITY_EXPOSURE,18.026843015097025,-86.516284856181,36.197697454113104
MT JULIET TAE KWON DO,360.0,INDUSTRIAL DR,37122,MT JULIET,Mt. Juliet,9503,MT. JULIET,,1290.1611869185958,9500,9503,NORMAL,,19.88484527820243,-86.51369811986821,36.19975807055512
UNIT A & B- ADAM'S HVAC & PLUMBING,335.0,INDUSTRIAL DR,37122,MT JULIET,Mt. Juliet,9503,MT. JULIET,,1279.9459014153583,9500,9503,NORMAL,,18.87331183986642,-86.5128621679358,36.199958830738304
FMP (FLEXIBLE METAL PRODUCTS),300.0,INDUSTRIAL DR,37122,MT JULIET,Mt. Juliet,9503,MT. JULIET,,1439.6563261241831,9500,9503,NORMAL,,22.34385250570026,-86.513818404665,36.20015995088491
HYDRO DESIGN SERVICE,315.0,INDUSTRIAL DR,37122,MT JULIET,Mt. Juliet,9503,MT. JULIET,,1393.5293687915378,9500,9503,NORMAL,,25.88841126882039,-86.5130400890446,36.2003659465551
EUROPEAN MOTORWORKS,270.0,INDUSTRIAL DR,37122,MT JULIET,Mt. Juliet,9503,MT. JULIET,,1569.9821802985166,9500,9503,NORMAL,,17.773951998834487,-86.5142429393392,36.20040852103131
ONLY MOTORSPORTS,235.0,INDUSTRIAL DR,37122,MT JULIET,Mt. Juliet,9503,MT. JULIET,,1889.067037544755,9500,9503,NORMAL,,13.398325012663772,-86.5143077512243,36.20132927603001
LAKE AND LAND DETAILING,210.0,INDUSTRIAL DR,37122,MT JULIET,Mt. Juliet,9503,MT. JULIET,,1771.3628838826364,9500,9503,NORMAL,,20.243448207522448,-86.5150172448078,36.2007181924757
SUMMIT LANDSCAPING,215.0,INDUSTRIAL DR,37122,MT JULIET,Mt. Juliet,9503,MT. JULIET,,1954.9803094334047,9500,9503,NORMAL,,23.200696054848994,-86.5146760263595,36.201408185286816
"SKENDER, INC",305.0,INDUSTRIAL DR,37122,MT JULIET,Mt. Juliet,9503,MT. JULIET,,1407.7383961227217,9500,9503,NORMAL,,16.564555089324244,-86.5123064375241,36.2012245179009
BERRY DENTAL GROUP,66.0,E HILL ST,37122,MT JULIET,Mt. Juliet,9503,MT. JULIET,,3213.6731152839593,9500,9503,NORMAL,,13.873000583362876,-86.5174059703659,36.20417511116961
WORLD TESTING INC,68.0,E HILL ST,37122,MT JULIET,Mt. Juliet,9503,MT. JULIET,,3135.6689384786323,9500,9503,NORMAL,,12.744091216197878,-86.51700537362511,36.204105290758896
WORLD TESTING INC,70.0,E HILL ST,37122,MT JULIET,Mt. Juliet,9503,MT. JULIET,,3043.2131324286042,9500,9503,NORMAL,,28.694265295929938,-86.5165962623694,36.20408319564901
MARTECH COMPANY,72.0,E HILL ST,37122,MT JULIET,Mt. Juliet,9503,MT. JULIET,,2842.9961676847374,9500,9503,NORMAL,,18.806650069648573,-86.5157864776095,36.20397935248239
VTTM,74.0,E HILL ST,37122,MT JULIET,Mt. Juliet,9503,MT. JULIET,,2680.8821984224187,9500,9503,NORMAL,,15.593229204113582,-86.5151765426464,36.203841268475216
MT JULIET CITY BEAUTIFUL,65.0,E HILL ST,37122,MT JULIET,Mt. Juliet,9503,MT. JULIET,,3103.1871256838645,9500,9503,NORMAL,,10.30685734779062,-86.5174359691784,36.203812531299114
MT JULIET FD,69.0,E HILL ST,37122,MT JULIET,Mt. Juliet,9503,MT. JULIET,,2983.701657775432,9500,9503,NORMAL,,16.557262529020623,-86.5169935015312,36.20363797017971
MT JULIET PUBLIC WORKS,71.0,E HILL ST,37122,MT JULIET,Mt. Juliet,9503,MT. JULIET,,2847.533699668065,9500,9503,NORMAL,,59.9836211968009,-86.5162488037291,36.203588696619896
7-ELEVEN,8000.0,GOLDEN BEAR GTWY,37122,MT JULIET,Mt. Juliet,9503,MT. JULIET,,2271.299211446634,9500,9503,NORMAL,,80.92445926640579,-86.4650162357252,36.18535926991609
SAMSUNG REPAIR,163.0,N MT JULIET RD,37122,MT JULIET,Mt. Juliet,9503,MT. JULIET,,2173.882726508862,9500,9503,NORMAL,,4.025587362892538,-86.5124171283948,36.173836793907114
BIG BAD WOLF,189.0,N MT JULIET RD,37122,MT JULIET,Mt. Juliet,9503,MT. JULIET,,2229.926696999939,9500,9503,NORMAL,,9.717725877912574,-86.5126249507175,36.174099048796904
TIG INSURANCE GROUP,203.0,N MT JULIET RD,37122,MT JULIET,Mt. Juliet,9503,MT. JULIET,,2171.819265460022,9500,9503,NORMAL,,80.7153562008413,-86.5124301837137,36.17442954608001
RELOADER'S BENCH,201.0,N MT JULIET RD,37122,MT JULIET,Mt. Juliet,9503,MT. JULIET,,2230.979365628166,9500,9503,NORMAL,,6.725560945994207,-86.5126322038999,36.1742471944322
MJ SMOKES VAPE & GLASS,195.0,N MT JULIET RD,37122,MT JULIET,Mt. Juliet,9503,MT. JULIET,,2229.304515501738,9500,9503,NORMAL,,10.274756464837843,-86.512625281645,36.17417487682779
THE THERAPY GYM *BOTH 203 & 205*,203.0,N MT JULIET RD,37122,MT JULIET,Mt. Juliet,9503,MT. JULIET,,2215.7927448821524,9500,9503,NORMAL,,10.028356234749829,-86.5125802906956,36.17421322053491
TOTTY PROFESSIONAL BUILDING,541.0,N MT JULIET RD,37122,MT JULIET,Mt. Juliet,9503,MT. JULIET,,2119.7760396740723,9500,9503,NORMAL,,36.894358493526596,-86.5111830964137,36.1788150082708
SUITE 2101 & 2102-TOTTY CHIROPRACTIC,541.0,N MT JULIET RD,37122,MT JULIET,Mt. Juliet,9503,MT. JULIET,,2087.036306657579,9500,9503,NORMAL,,7.108966555286669,-86.5110961112394,36.17871872928891
SUITE 2201A-PROCOMFORT MEDICAL,541.0,N MT JULIET RD,37122,MT JULIET,Mt. Juliet,9503,MT. JULIET,,2091.3027987291357,9500,9503,NORMAL,,8.357579515372676,-86.5110659899476,36.17888065363948
FOSTER PROFESSIONAL BUILDING,545.0,N MT JULIET RD,37122,MT JULIET,Mt. Juliet,9503,MT. JULIET,,2300.7536667704094,9500,9503,NORMAL,,9.940649028989748,-86.5117464191009,36.179049996218026
SUITE 1205-FRANK LANOM LAW FIRM,545.0,N MT JULIET RD,37122,MT JULIET,Mt. Juliet,9503,MT. JULIET,,2340.55911696703,9500,9503,NORMAL,,5.469939189508197,-86.5118521363999,36.17916720432921
SUITE 1202B-M3 EVENTS,545.0,N MT JULIET RD,37122,MT JULIET,Mt. Juliet,9503,MT. JULIET,,2316.9407940428737,9500,9503,NORMAL,,7.36248021798777,-86.5117726629328,36.1791580033572
SUITE 1201-WRN,545.0,N MT JULIET RD,37122,MT JULIET,Mt. Juliet,9503,MT. JULIET,,2291.3378232222867,9500,9503,NORMAL,,7.020748777401785,-86.5116872825275,36.17914525031202
SUITE 1102-PERMOBIL,545.0,N MT JULIET RD,37122,MT JULIET,Mt. Juliet,9503,MT. JULIET,,2268.4678648893796,9500,9503,NORMAL,,7.374713826889863,-86.5116107427954,36.179134843543906
SUITE 1202A-WOOD FINANCIAL GROUP,545.0,N MT JULIET RD,37122,MT JULIET,Mt. Juliet,9503,MT. JULIET,,2330.089188931999,9500,9503,NORMAL,,6.861591615850611,-86.5118326262363,36.1791064806509
SUITE 1101-BENCHMARK REALTY,545.0,N MT JULIET RD,37122,MT JULIET,Mt. Juliet,9503,MT. JULIET,,2302.5670166209125,9500,9503,NORMAL,,7.512940813980408,-86.5117399100144,36.179096143452504
SUITE 300-PLEASANT GROVE DENTAL,545.0,N MT JULIET RD,37122,MT JULIET,Mt. Juliet,9503,MT. JULIET,,2279.794228933938,9500,9503,NORMAL,,8.303360432226848,-86.5116633769002,36.179086929042825
AM ASIAN CUISINE,1235.0,N MT JULIET RD,37122,MT JULIET,Mt. Juliet,9503,MT. JULIET,,711.3736006363339,9500,9503,WATCH,,21.375998912983164,-86.5110632485837,36.18898350343462
ROCKSTAR DANCE,1253.0,N MT JULIET RD,37122,MT JULIET,Mt. Juliet,9503,MT. JULIET,,440.054980469781,9500,9503,WATCH,,17.87863345676312,-86.5109152269546,36.18978670202899
LUXURY NAILS,1257.0,N MT JULIET RD,37122,MT JULIET,Mt. Juliet,9503,MT. JULIET,,402.7325710229741,9500,9503,WATCH,,23.20550634750806,-86.5108862507373,36.18990080713291
FRED ASTAIRE DANCE STUDIO,1273.0,N MT JULIET RD,37122,MT JULIET,Mt. Juliet,9503,MT. JULIET,,328.50206360555916,9500,9503,WATCH,,15.574488152016661,-86.5108505424245,36.1901575350702
H & R BLOCK,1317.0,N MT JULIET RD,37122,MT JULIET,Mt. Juliet,9503,MT. JULIET,,491.1649404897158,9500,9503,WATCH,,12.41263668818776,-86.5116577998621,36.19042338036361
PLANET FITNESS,1335.0,N MT JULIET RD,37122,MT JULIET,Mt. Juliet,9503,MT. JULIET,,430.40100231088974,9500,9503,WATCH,,12.19029998749014,-86.5119293504622,36.190473653489214
MEMO'S MEXICAN ,1319.0,N MT JULIET RD,37122,MT JULIET,Mt. Juliet,9503,MT. JULIET,,471.00591721264743,9500,9503,WATCH,,11.648462714799116,-86.5117855247065,36.19044072335023
PLAY IT AGAIN SPORTS,1315.0,N MT JULIET RD,37122,MT JULIET,Mt. Juliet,9503,MT. JULIET,,438.48428693663544,9500,9503,WATCH,,14.467457381032387,-86.5114608174802,36.190397437153116
NEW TRIBE CHURCH,1279.0,N MT JULIET RD,37122,MT JULIET,Mt. Juliet,9503,MT. JULIET,,306.3939535638788,9500,9503,WATCH,,9.952925927275528,-86.5109115841515,36.19031282294311
CRYE LEIKE REALTORS,1285.0,N MT JULIET RD,37122,MT JULIET,Mt. Juliet,9503,MT. JULIET,,520.3970849113894,9500,9503,WATCH,,16.41927372483833,-86.5124695330989,36.1898812831003
CASH EXPRESS ,1395.0,N MT JULIET RD,37122,MT JULIET,Mt. Juliet,9503,MT. JULIET,,196.0487505585422,9500,9503,HIGH,BOUNDARY_RISK,11.864293921044869,-86.5134294631256,36.1907900118136
BACH TO ROCK,1475.0,N MT JULIET RD,37122,MT JULIET,Mt. Juliet,9503,MT. JULIET,,286.49565853384155,9500,9503,WATCH,,9.230916367402793,-86.5139291676648,36.19182653279882
PHOENIX MMA & FITNESS,1479.0,N MT JULIET RD,37122,MT JULIET,Mt. Juliet,9503,MT. JULIET,,281.4241704068764,9500,9503,WATCH,,12.780193847225112,-86.5138885893387,36.1919654866564
VACANT,1499.0,N MT JULIET RD,37122,MT JULIET,Mt. Juliet,9503,MT. JULIET,,384.4520151172085,9500,9503,WATCH,,7.270871495292426,-86.51420419330222,36.1921851898456
IMI,445.0,INDUSTRIAL DR,37122,MT JULIET,Mt. Juliet,9503,MT. JULIET,,814.7230944792868,9500,9503,WATCH,,15.283066576484536,-86.5130639396559,36.19855555231678
RACKLEY ROOFING,405.0,INDUSTRIAL DR,37122,MT JULIET,Mt. Juliet,9503,MT. JULIET,,947.2823125319032,9500,9503,WATCH,,14.165265345210434,-86.5130761046555,36.198935359040924
RD HERBERT & SONS,405.0,INDUSTRIAL DR,37122,MT JULIET,Mt. Juliet,9503,MT. JULIET,,1004.1172525658199,9500,9503,NORMAL,,10.11478108327752,-86.51306394501,36.19910082694938
SUITE 100-MASTEC,385.0,INDUSTRIAL DR,37122,MT JULIET,Mt. Juliet,9503,MT. JULIET,,1119.070804742339,9500,9503,NORMAL,,8.310490666753434,-86.5130272995374,36.19943467656209
SUITE 102-VACANT,385.0,INDUSTRIAL DR,37122,MT JULIET,Mt. Juliet,9503,MT. JULIET,,1073.0865016179196,9500,9503,NORMAL,,9.294698788964824,-86.5130489357377,36.199300216283106
SUITE 101-VACANT,385.0,INDUSTRIAL DR,37122,MT JULIET,Mt. Juliet,9503,MT. JULIET,,1099.2777324721922,9500,9503,NORMAL,,11.66486956472637,-86.5130401512785,36.19937619517622
SUITE 103-R & T DIRECT FLOORING,385.0,INDUSTRIAL DR,37122,MT JULIET,Mt. Juliet,9503,MT. JULIET,,1097.7609893236493,9500,9503,NORMAL,,2.3444730969017296,-86.5128557319743,36.19940488384161
SUITE 104-DEAD EYE VIRTUAL ACADEMY,385.0,INDUSTRIAL DR,37122,MT JULIET,Mt. Juliet,9503,MT. JULIET,,1091.8249722112455,9500,9503,NORMAL,,3.6717600830595205,-86.512738348066,36.199405262487495
SUITE 105-BACKYARD LIVING,385.0,INDUSTRIAL DR,37122,MT JULIET,Mt. Juliet,9503,MT. JULIET,,1054.8273794825304,9500,9503,NORMAL,,4.998704086486408,-86.5126061293758,36.199318192254296
BOAR'S HEAD BRAND,355.0,INDUSTRIAL DR,37122,MT JULIET,Mt. Juliet,9503,MT. JULIET,,1181.957983519937,9500,9503,NORMAL,,5.299526951875784,-86.512762602209,36.199652834093705
BENCHMARK REALTY,75.0,INDUSTRIAL DR,37122,MT JULIET,Mt. Juliet,9503,MT. JULIET,,2442.672322429606,9500,9503,NORMAL,,8.372619207438074,-86.5171040253737,36.20181852090761
SUITE 1-VETMED ANIMAL HEALTH,105.0,INDUSTRIAL DR,37122,MT JULIET,Mt. Juliet,9503,MT. JULIET,,2373.4951837516073,9500,9503,NORMAL,,12.840355225068299,-86.5168255364944,36.2017481769314
SUITE 7-LEGENDS TITLE SERVICES,105.0,INDUSTRIAL DR,37122,MT JULIET,Mt. Juliet,9503,MT. JULIET,,2255.280269019446,9500,9503,NORMAL,,9.686421014292177,-86.51622785796232,36.20168277345119
SUITE 5-EXPLORE ESSENTIALS,105.0,INDUSTRIAL DR,37122,MT JULIET,Mt. Juliet,9503,MT. JULIET,,2297.5497851020796,9500,9503,NORMAL,,11.307597646226151,-86.51645012997172,36.20170447667582
SUITE 4-FARMERS INSURANCE,105.0,INDUSTRIAL DR,37122,MT JULIET,Mt. Juliet,9503,MT. JULIET,,2318.6815006219076,9500,9503,NORMAL,,12.84059395565976,-86.5165619899279,36.20171353606832
"LAMB BROTHERS FLOORING, INC",128.0,NONAVILLE RD,37122,MT JULIET,Mt. Juliet,9503,MT. JULIET,,2892.1348975247847,9500,9503,NORMAL,,10.516304416570716,-86.5298126018933,36.23231775481649
TENNESSEE AIRCRAFT COMPANY,5005.0,MARKET PL,37122,MT JULIET,Mt. Juliet,9503,MT. JULIET,,859.9140445142648,9500,9503,WATCH,,9.303085868472337,-86.5380402076302,36.2287968315127
H & H AUTO SERVICE,9465.0,LEBANON RD,37122,MT JULIET,Mt. Juliet,9503,MT. JULIET,,69.0376224198042,9500,9503,HIGH,BOUNDARY_RISK,11.819451901775592,-86.4825150670819,36.231354473909605
DANNER KARATE CENTER,9695.0,LEBANON RD,37122,MT JULIET,Mt. Juliet,9503,MT. JULIET,,721.4103875563891,9500,9503,WATCH,,13.93819263068015,-86.4861236060604,36.2302475412789
U-HAUL,14535.0,LEBANON RD,37138,OLD HICKORY,Mt. Juliet,9503,MT. JULIET,DAVIDSON,143.68702617532645,9500,9503,HIGH,CROSS_COUNTY_POSTAL,39.70634541448211,-86.5687708470079,36.22023386760122
G&C ENCLOSURES ,60.0,ATHENS DR,37122,MT JULIET,Mt. Juliet,9503,MT. JULIET,,827.8915349069104,9500,9503,WATCH,,13.754412786141833,-86.4960292213131,36.17142166423051
ROB'S AUTOMOTIVE,14111.0,LEBANON RD,37138,OLD HICKORY,Mt. Juliet,9503,MT. JULIET,DAVIDSON,169.4125681128112,9500,9503,HIGH,CROSS_COUNTY_POSTAL,22.31431705777764,-86.56185341006731,36.2215574733282
NEEDHAM'S NURSERY,12425.0,LEBANON RD,37122,MT JULIET,Mt. Juliet,9503,MT. JULIET,,1680.1835214508928,9500,9503,NORMAL,,14.857332698099054,-86.5345056299267,36.2296784095915
ADVANCE AUTO PARTS,11439.0,LEBANON RD,37122,MT JULIET,Mt. Juliet,9503,MT. JULIET,,1695.4508482445717,9500,9503,NORMAL,,14.074836158774204,-86.517643314241,36.231424581907405
NASHVILLE HOT TUBS AND SWIM SPAS,1249.0,N MT JULIET RD,37122,MT JULIET,Mt. Juliet,9503,MT. JULIET,,492.54834158641506,9500,9503,WATCH,,15.383239050988921,-86.5109480232036,36.189626321548694
TRACTOR SUPPLY,14925.0,LEBANON RD,37138,OLD HICKORY,Mt. Juliet,9503,MT. JULIET,DAVIDSON,141.34097886175726,9500,9503,HIGH,CROSS_COUNTY_POSTAL,11.443715855083125,-86.5758948851124,36.218832832298425
WALGREEN'S,11185.0,LEBANON RD,37122,MT JULIET,Mt. Juliet,9503,MT. JULIET,,1399.3885307503742,9500,9503,NORMAL,,46.16143389091679,-86.5129830581864,36.231373140160414
SUITE D-MT JULIET PAWN,12020.0,LEBANON RD,37122,MT JULIET,Mt. Juliet,9503,MT. JULIET,,2645.5498077075586,9500,9503,NORMAL,,12.055658705533347,-86.5276944087502,36.23048630921171
MAPCO EXPRESS ,194.0,S MT JULIET RD,37122,MT JULIET,Mt. Juliet,9503,MT. JULIET,,2171.7845096850615,9500,9503,NORMAL,,15.452755632921848,-86.5148962071364,36.168908225700505
MAPCO EXPRESS,11247.0,LEBANON RD,37122,MT JULIET,Mt. Juliet,9503,MT. JULIET,,1397.7608551558067,9500,9503,NORMAL,,10.662164186548305,-86.51384841721321,36.23127182764969
SIGN CENTRAL,12020.0,LEBANON RD,37122,MT JULIET,Mt. Juliet,9503,MT. JULIET,,2630.5682275627523,9500,9503,NORMAL,,9.800674836820136,-86.5277874005794,36.230473383856015
CAPTAIN D'S,271.0,N MT JULIET RD,37122,MT JULIET,Mt. Juliet,9503,MT. JULIET,,2250.5940712047995,9500,9503,NORMAL,,17.33073427236667,-86.5126184451038,36.17519242322398
DOT & STELL'S,2396.0,N MT JULIET RD,37122,MT JULIET,Mt. Juliet,9503,MT. JULIET,,3164.69415347041,9500,9503,NORMAL,,7.404316359769026,-86.5186892378753,36.20333329406521
CINCO DE MAYO,580.0,NONAVILLE RD,37122,MT JULIET,Mt. Juliet,9503,MT. JULIET,,1120.4108032717827,9500,9503,NORMAL,,12.620167533575419,-86.5306146271515,36.23829803373641
FUTURE ELEVATE COFFEE,605.0,S CUMBERLAND ST,37087,LEBANON,Lebanon,9501,LEBANON,,6477.003355897063,9500,9501,NORMAL,,67.24769119422217,-86.2932515568838,36.19368778003749
MT JULIET ELEMENTARY,2521.0,W DIVISION ST,37122,MT JULIET,Mt. Juliet,9503,MT. JULIET,,905.9134319625844,9500,9503,WATCH,,93.33197408921204,-86.56282848688942,36.20106357945029
 ENTRANCE TO BOTH 358 & 380 TRONE RD ARE @ THE END OF CEDAR GROVE CHURCH RD,358.0,TYRONE RD,37122,MT JULIET,Unincorporated,9500,(Unincorporated),,1784.7106519983654,9500,9503,NORMAL,POSTAL_CITY_EXPOSURE,94.84436959908679,-86.53284005329452,36.24997812681361
 ,2318.0,TROUSDALE FERRY PIKE,37087,LEBANON,Unincorporated,9500,(Unincorporated),,7970.834727974308,9500,9501,NORMAL,POSTAL_CITY_EXPOSURE,89.62834875220408,-86.2351973313044,36.2079740603253
 ,2378.0,TROUSDALE FERRY PIKE,37087,LEBANON,Unincorporated,9500,(Unincorporated),,8103.526038403806,9500,9501,NORMAL,POSTAL_CITY_EXPOSURE,29.408727373004453,-86.2346725805853,36.207763430326
JONES BRUMMETT ELEMENTARY SCHOOL,1530.0,HARTMANN DR,37087,LEBANON,Lebanon,9501,LEBANON,,472.4729092933525,9500,9501,WATCH,,98.70465870328516,-86.3084690828634,36.23566164227212
SHOP KIRANA,300.0,PLEASANT GROVE RD,37122,MT JULIET,Mt. Juliet,9503,MT. JULIET,,3534.4288791215404,9500,9503,NORMAL,,11.547496051365032,-86.51588830316412,36.179564181450715
SPORTS CLIPS,300.0,PLEASANT GROVE RD,37122,MT JULIET,Mt. Juliet,9503,MT. JULIET,,3568.075871561233,9500,9503,NORMAL,,10.869883692806928,-86.5160044506234,36.17956673576379
NUTRISHOP,300.0,PLEASANT GROVE RD,37122,MT JULIET,Mt. Juliet,9503,MT. JULIET,,3592.2567375061594,9500,9503,NORMAL,,13.565184469127557,-86.516086347453,36.179574244564314
EDWARD JONES,300.0,PLEASANT GROVE RD,37122,MT JULIET,Mt. Juliet,9503,MT. JULIET,,3609.7296079010835,9500,9503,NORMAL,,13.041720641847194,-86.5161448318479,36.17958216975391
AVIS,300.0,PLEASANT GROVE RD,37122,MT JULIET,Mt. Juliet,9503,MT. JULIET,,3625.645496560218,9500,9503,NORMAL,,13.313319370627902,-86.5161982121242,36.1795890018953
RELAX TO MASSAGE,300.0,PLEASANT GROVE RD,37122,MT JULIET,Mt. Juliet,9503,MT. JULIET,,3643.40943867414,9500,9503,NORMAL,,12.946351674749593,-86.5162584652285,36.1795941958905
 FIVE GUYS,300.0,PLEASANT GROVE RD,37122,MT JULIET,Mt. Juliet,9503,MT. JULIET,,4027.2295720346533,9500,9503,NORMAL,,6.529181208142775,-86.5180652877758,36.1798168309373
7052-MOTHER IN LAW SUITE,7052.0,HARTSVILLE PIKE,37087,LEBANON,Unincorporated,9500,(Unincorporated),,12961.595315364319,8500,9500,NORMAL,POSTAL_CITY_EXPOSURE,41.057276400935635,-86.210670811318,36.28877214184201
CABIN-MAIN HOUSE,9400.0,COUCHVILLE PIKE,37122,MT JULIET,Unincorporated,9500,(Unincorporated),,18.365688216114044,7500,9500,CRITICAL,POSTAL_CITY_EXPOSURE,209.5090558927742,-86.5117459600169,36.098094299041094
CABIN-A FRAME CHALET,9400.0,COUCHVILLE PIKE,37122,MT JULIET,Unincorporated,9500,(Unincorporated),,92.20402356128243,7500,9500,HIGH,POSTAL_CITY_EXPOSURE,203.7187771559995,-86.5116676340854,36.098305452514914
CABIN 1,9400.0,COUCHVILLE PIKE,37122,MT JULIET,Unincorporated,9500,(Unincorporated),,144.38550684616087,7500,9500,HIGH,POSTAL_CITY_EXPOSURE,259.61963024295176,-86.5117200984624,36.09852771250801
CABIN 2,9400.0,COUCHVILLE PIKE,37122,MT JULIET,Unincorporated,9500,(Unincorporated),,181.0087752908564,7500,9500,HIGH,POSTAL_CITY_EXPOSURE,294.94446263134665,-86.5117278028944,36.098663979530095
CABIN 3,9400.0,COUCHVILLE PIKE,37122,MT JULIET,Unincorporated,9500,(Unincorporated),,196.51234832725027,7500,9500,HIGH,POSTAL_CITY_EXPOSURE,255.93336002060164,-86.51158562174182,36.0986231388665
9400 COUCHVILLE PKE IS IN BOTH WILSON AND RUTHERFORD COUNTY,9400.0,COUCHVILLE PIKE,37122,MT JULIET,Unincorporated,9500,(Unincorporated),,339.53845808445476,7500,9500,WATCH,POSTAL_CITY_EXPOSURE,209.84250082388562,-86.5108466945142,36.0986343566383
BUILDING 1,2645.0,HIGHWAY 109 N,37090,LEBANON,Lebanon,9501,LEBANON,,351.2529446218261,9500,9501,WATCH,,31.60270815517942,-86.4228827757407,36.22001105659123
BUILDING 2,2645.0,HIGHWAY 109 N,37090,LEBANON,Lebanon,9501,LEBANON,,306.8529049955717,9500,9501,WATCH,,15.12267453661226,-86.4219716523168,36.2200534740075
BUILDING 3,2645.0,HIGHWAY 109 N,37090,LEBANON,Lebanon,9501,LEBANON,,297.3470574656474,9500,9501,WATCH,,2.8917888481633383,-86.4213885645006,36.22013387665361
BUILDING 4,2645.0,HIGHWAY 109 N,37090,LEBANON,Lebanon,9501,LEBANON,,361.6181597237369,9500,9501,WATCH,,55.976391909565095,-86.4206398025617,36.220452537230486
BUILDING 5,2645.0,HIGHWAY 109 N,37090,LEBANON,Lebanon,9501,LEBANON,,85.43337799889906,9500,9501,HIGH,BOUNDARY_RISK,27.385753484242443,-86.4197062190227,36.22059960678172
BUILDING 6,2645.0,HIGHWAY 109 N,37090,LEBANON,Lebanon,9501,LEBANON,,447.7282548272638,9500,9501,WATCH,,40.05443217232398,-86.421206864444,36.2205908580841
BUILDING 7,2645.0,HIGHWAY 109 N,37090,LEBANON,Lebanon,9501,LEBANON,,576.7638106043368,9500,9501,WATCH,,13.776797040028937,-86.4221376940856,36.220783221442694
STONEHENGE APARTMENTS,2645.0,HIGHWAY 109 N,37090,LEBANON,Lebanon,9501,LEBANON,,505.77023413230376,9500,9501,WATCH,,95.42122471686902,-86.4235210886033,36.2203289550081
APARTMENT,901.0,N CUMBERLAND ST,37087,LEBANON,Lebanon,9501,LEBANON,,3562.0029123855356,9500,9501,NORMAL,,13.206689043526257,-86.28987652814061,36.22277177027502
BASIC EATERY,122.0,PUBLIC SQUARE,37087,LEBANON,Lebanon,9501,LEBANON,,5819.898113053569,9500,9501,NORMAL,,6.905051827155047,-86.29159257074451,36.208301866636
STE C UPSTAIRS- BEAUMONT MED SPA,,E MAIN ST,37087,LEBANON,Lebanon,9501,LEBANON,,5452.881794317492,9500,9501,NORMAL,,3.6348352497234977,-86.2899460679178,36.20766181019069
STE E UPSTAIRS- BODY SUGAR BOUTIQUE,,E MAIN ST,37087,LEBANON,Lebanon,9501,LEBANON,,5431.917308653234,9500,9501,NORMAL,,4.829081491775703,-86.2898807631463,36.20768451494259
MOTHER IN LAW SUITE,601.0,IDLEWOOD DR,37122,MT JULIET,Unincorporated,9500,(Unincorporated),,4812.215844056548,8305,9500,NORMAL,POSTAL_CITY_EXPOSURE,32.74091125974746,-86.5454516293054,36.2696992897322
AUTUMN BREEZE SUBD,104.0,AUTUMN BREEZE DR,37122,MT JULIET,Unincorporated,9500,(Unincorporated),,1041.1117453450738,1900,9500,NORMAL,POSTAL_CITY_EXPOSURE,143.18030039797068,-86.51981354386801,36.13490720004521
SHOP,1550.0,CLEVER CREEK RD,37184,NORENE,Unincorporated,9500,(Unincorporated),WILSON,22534.403524572434,7500,9500,NORMAL,,32.094402215618366,-86.1725721236024,36.025097495224216
ROCKDALE IV,400.0,MADDOX RD,37122,MT JULIET,Unincorporated,9500,(Unincorporated),,1473.2398496731983,7500,9500,NORMAL,POSTAL_CITY_EXPOSURE,191.67134348670467,-86.4432848787906,36.06259366054132
ROCKDALE VI,600.0,MADDOX RD,37122,MT JULIET,Unincorporated,9500,(Unincorporated),,878.4777053039671,7500,9500,WATCH,POSTAL_CITY_EXPOSURE,119.73776378594503,-86.4464749601467,36.06240312246919
BUILDING 3,1414.0,ALHAMBRA DR,37087,LEBANON,Lebanon,9501,LEBANON,,967.7870336440775,9500,9501,WATCH,,40.30100477953876,-86.3225926313498,36.234508268479
BUILDING 1,1414.0,ALHAMBRA DR,37087,LEBANON,Lebanon,9501,LEBANON,,830.0800302637508,9500,9501,WATCH,,25.97536493157819,-86.3230744553024,36.234550083888806
BUILDING 2,1414.0,ALHAMBRA DR,37087,LEBANON,Lebanon,9501,LEBANON,,1159.287271338165,9500,9501,NORMAL,,42.13122544282302,-86.3228050201043,36.23325459284789
 ,1405.0,W BADDOUR PKWY,37087,LEBANON,Lebanon,9501,LEBANON,,5458.4328317989575,9500,9501,NORMAL,,190.99437129703327,-86.3258846493908,36.220444344585495
KEYS 2 POTENTIAL,9695.0,LEBANON RD,37122,MT JULIET,Mt. Juliet,9503,MT. JULIET,,681.9901756433615,9500,9503,WATCH,,30.32409851915122,-86.4859404392958,36.23057264187509
PRIMARY 1,9695.0,LEBANON RD,37122,MT JULIET,Mt. Juliet,9503,MT. JULIET,,782.5833790662504,9500,9503,WATCH,,20.016066521517438,-86.4863789633131,36.23059810059652
PRIMARY 2,9695.0,LEBANON RD,37122,MT JULIET,Mt. Juliet,9503,MT. JULIET,,765.1527664945987,9500,9503,WATCH,,18.757151511936367,-86.4864604666222,36.23060225334311
ELEMENTARY,9695.0,LEBANON RD,37122,MT JULIET,Mt. Juliet,9503,MT. JULIET,,749.2550013042279,9500,9503,WATCH,,17.58877335019633,-86.4865322270545,36.230609026414406
TODDLER,9695.0,LEBANON RD,37122,MT JULIET,Mt. Juliet,9503,MT. JULIET,,730.3734629905338,9500,9503,WATCH,,16.508148728141812,-86.4866238728396,36.2306140394348
MONTESSORI OFFICE,9695.0,LEBANON RD,37122,MT JULIET,Mt. Juliet,9503,MT. JULIET,,644.5794408648276,9500,9503,WATCH,,17.558664660465176,-86.4868255261005,36.230784867176894
GODDARD CONSTRUCTION,9695.0,LEBANON RD,37122,MT JULIET,Mt. Juliet,9503,MT. JULIET,,679.1034951857238,9500,9503,WATCH,,21.344399494681728,-86.48683137484352,36.230661274333
 ,9695.0,LEBANON RD,37122,MT JULIET,Mt. Juliet,9503,MT. JULIET,,697.9355586247149,9500,9503,WATCH,,20.56833222967462,-86.486842216327,36.2305911875316
GEPNER INSURANCE,2598.0,N MT JULIET RD,37122,MT JULIET,Mt. Juliet,9503,MT. JULIET,,3486.126338323137,9500,9503,NORMAL,,9.669467987384433,-86.5180805319632,36.20630212995009
WINDTREE STAFFING SERVICES,2610.0,N MT JULIET RD,37122,MT JULIET,Mt. Juliet,9503,MT. JULIET,,3548.922065297883,9500,9503,NORMAL,,3.2650785369093493,-86.5178913631323,36.2066128364816
RUTH CLINIC,2734.0,N MT JULIET RD,37122,MT JULIET,Mt. Juliet,9503,MT. JULIET,,3667.1656463851737,9500,9503,NORMAL,,3.9697196575304527,-86.5175823184849,36.20780606134841
Fitzroy Townhomes,107.0,AVIATION WAY,37090,LEBANON,Lebanon,9501,LEBANON,,5230.774316419369,9500,9501,NORMAL,,75.77381175134734,-86.3219287895456,36.18923786859689
BJ'S Wholesale Club,181.0,ADAMS LN,37122,MT JULIET,Mt. Juliet,9503,MT. JULIET,,1529.4231724708427,9500,9503,NORMAL,,68.3926533149451,-86.5212289606474,36.167841520071015
COSTCO,100.0,LEGACY POINTE BLVD,37122,MT JULIET,Mt. Juliet,9503,MT. JULIET,,2224.665400045297,9500,9503,NORMAL,,88.10519362825738,-86.4635309101909,36.18291220482661
Rooms To Go,165.0,ADAMS LN,37122,MT JULIET,Mt. Juliet,9503,MT. JULIET,,2053.1458915100284,9500,9503,NORMAL,,60.794666016842704,-86.5195786818042,36.169111627190595
LEE LAW FIRM,2530.0,N MT JULIET RD,37122,MT JULIET,Mt. Juliet,9503,MT. JULIET,,3335.842915803421,9500,9503,NORMAL,,8.898600149939313,-86.5185608506186,36.205506263263196
YANCY BELCHER,2306.0,N MT JULIET RD,37122,MT JULIET,Mt. Juliet,9503,MT. JULIET,,2836.9334249820117,9500,9503,NORMAL,,12.471548103877748,-86.5188484174695,36.2020325540554
JERSEY OVEN BAGEL SHOP,300.0,PLEASANT GROVE RD,37122,MT JULIET,Mt. Juliet,9503,MT. JULIET,,4072.931260813415,9500,9503,NORMAL,,8.017911857414036,-86.5179081013444,36.1797979428857
SALLY BEAUTY SUPPLY,300.0,PLEASANT GROVE RD,37122,MT JULIET,Mt. Juliet,9503,MT. JULIET,,4089.6374053965465,9500,9503,NORMAL,,8.439868429846024,-86.5178405986023,36.179792217530995
ARMED FORCES CAREER CENTER,300.0,PLEASANT GROVE RD,37122,MT JULIET,Mt. Juliet,9503,MT. JULIET,,4055.114568680995,9500,9503,NORMAL,,10.688292462411754,-86.5176742988222,36.179768568213014
HOT WORX,300.0,PLEASANT GROVE RD,37122,MT JULIET,Mt. Juliet,9503,MT. JULIET,,3668.5216884406864,9500,9503,NORMAL,,11.83843734079035,-86.5163422664816,36.17960649913209
ARMED FORCES CAREER CENTER,300.0,PLEASANT GROVE RD,37122,MT JULIET,Mt. Juliet,9503,MT. JULIET,,3700.773480520022,9500,9503,NORMAL,,11.660774044916685,-86.5164497948118,36.179622653689904
NASH CARDS,300.0,PLEASANT GROVE RD,37122,MT JULIET,Mt. Juliet,9503,MT. JULIET,,3719.8548596743003,9500,9503,NORMAL,,9.521664364232107,-86.5165129519569,36.179633871703906
THE LITTLE GYM,300.0,PLEASANT GROVE RD,37122,MT JULIET,Mt. Juliet,9503,MT. JULIET,,3764.967679909795,9500,9503,NORMAL,,13.59446107441727,-86.516664437025,36.1796525840921
COSMO PROF,300.0,PLEASANT GROVE RD,37122,MT JULIET,Mt. Juliet,9503,MT. JULIET,,3805.697334019556,9500,9503,NORMAL,,12.25961618795597,-86.5168023053669,36.179665508179504
DOS SISTERS MEXICAN RESTAURANT,300.0,PLEASANT GROVE RD,37122,MT JULIET,Mt. Juliet,9503,MT. JULIET,,3842.310496148996,9500,9503,NORMAL,,11.738921650457824,-86.5169255159217,36.179679734095416
FAR EAST BUFFET,300.0,PLEASANT GROVE RD,37122,MT JULIET,Mt. Juliet,9503,MT. JULIET,,3887.9346235908374,9500,9503,NORMAL,,12.325107524887914,-86.5170795661676,36.17969560144989
DOLLAR TREE SOUTH,300.0,PLEASANT GROVE RD,37122,MT JULIET,Mt. Juliet,9503,MT. JULIET,,3960.445134256043,9500,9503,NORMAL,,13.613263691505539,-86.5173222342657,36.17972861998431
LESLIE'S POOL SUPPLIES,300.0,PLEASANT GROVE RD,37122,MT JULIET,Mt. Juliet,9503,MT. JULIET,,4023.7069548881686,9500,9503,NORMAL,,12.058568572420215,-86.5175352147774,36.1797528690759
RESIDENT USES 1516 FOR ADDRESS,1456.0,CHUMLEY HOLLOW RD,37184,NORENE,Unincorporated,9500,(Unincorporated),WILSON,10782.056543629675,2100,9500,NORMAL,,128.43814359955482,-86.0862928719673,36.03094054641921
ACCESS ONLY FROM HICKORY RIDGE RD,8654.0,HICKORY RIDGE RD,37122,MT JULIET,Unincorporated,9500,(Unincorporated),,1125.7074483393383,9500,9501,NORMAL,POSTAL_CITY_EXPOSURE,26.271635267042377,-86.446387828326,36.19374298580639
ROAD AND ADDRESSES USED TO BE MEDICAL CENTER BLVD,1409.0,CORNERSTONE PL,37087,LEBANON,Lebanon,9501,LEBANON,,4051.411472177043,9500,9501,NORMAL,,149.24550990580613,-86.3280997843264,36.224484215658016
SHARED DRIVEWAY,885.0,MANN RD,37087,LEBANON,Unincorporated,9500,(Unincorporated),,9935.8149392068,9500,9501,NORMAL,POSTAL_CITY_EXPOSURE,138.33278880119886,-86.327915996478,36.27935645553269
FUTURE S MAPLE COTTAGES,1.0,WEATHERLY DR,37087,LEBANON,Lebanon,9501,LEBANON,,5034.125677508354,9500,9501,NORMAL,,149.50242144625116,-86.3061537637904,36.1848377611538
APT B IS UPSTAIRS,105.0,N HATTON AVE,37087,LEBANON,Lebanon,9501,LEBANON,,7692.249982787987,9500,9501,NORMAL,,10.772826609061914,-86.2985879424805,36.20959952279149
NEUROLOGY ASSOCIATES,431.0,PARK AVE,37087,LEBANON,Lebanon,9501,LEBANON,,3683.8126794325567,9500,9501,NORMAL,,43.09861662098262,-86.2829067550233,36.205732950149795
DWELL REALTY,433.0,PARK AVE,37087,LEBANON,Lebanon,9501,LEBANON,,3678.5043250700724,9500,9501,NORMAL,,44.289090349657464,-86.2828544043707,36.205654454508284
JAMES STALLINGS ATTORNEY,435.0,PARK AVE,37087,LEBANON,Lebanon,9501,LEBANON,,3687.1099708004726,9500,9501,NORMAL,,39.87975907605756,-86.2828422239395,36.20555580148249
HEARN HOUSE,437.0,PARK AVE,37087,LEBANON,Lebanon,9501,LEBANON,,3670.0017444516393,9500,9501,NORMAL,,52.58726401035904,-86.2827263439781,36.20543657277138
HG STAFFING,435.0,PARK AVE,37087,LEBANON,Lebanon,9501,LEBANON,,3664.844912915865,9500,9501,NORMAL,,62.0679767773175,-86.2827627423079,36.2055574764593
WWUD,11095.0,LEBANON RD,37122,MT JULIET,Mt. Juliet,9503,MT. JULIET,,955.9995893779184,9500,9503,WATCH,,38.50482838755926,-86.5111309064763,36.23224449367252
LYTTLE FOX THERAPY,116.0,LINEBERRY BLVD,37122,MT JULIET,Mt. Juliet,9503,MT. JULIET,,795.2270087123635,9500,9503,WATCH,,14.991550562620366,-86.5098764210178,36.232240683712
CITY ELECTRIC SUPPLY,120.0,LINEBERRY BLVD,37122,MT JULIET,Mt. Juliet,9503,MT. JULIET,,659.310645118078,9500,9503,WATCH,,28.860047527662818,-86.5099129900397,36.232685514591516
MATHNASIUM,11195.0,LEBANON RD,37122,MT JULIET,Mt. Juliet,9503,MT. JULIET,,870.2654855224167,9500,9503,WATCH,,13.81442511701213,-86.5135307327552,36.23276274812509
 ,11315.0,LEBANON RD,37122,MT JULIET,Mt. Juliet,9503,MT. JULIET,,1280.293766752248,9500,9503,NORMAL,,10.52112187909553,-86.5151298734586,36.2316845164539
HIBACHI JR.,11321.0,LEBANON RD,37122,MT JULIET,Mt. Juliet,9503,MT. JULIET,,1421.482693497237,9500,9503,NORMAL,,18.177116078483735,-86.5154268588115,36.23134644675522
JENKIN'S NURSERY,11663.0,LEBANON RD,37122,MT JULIET,Mt. Juliet,9503,MT. JULIET,,2492.6254537226823,9500,9503,NORMAL,,13.239688193755905,-86.5212120840684,36.231379991114
MAGPIES,11853.0,LEBANON RD,37122,MT JULIET,Mt. Juliet,9503,MT. JULIET,,3301.1787758493037,9500,9503,NORMAL,,25.522181041106013,-86.5245152374304,36.2317413102381
CROSSROADS MEDICAL GROUP,11853.0,LEBANON RD,37122,MT JULIET,Mt. Juliet,9503,MT. JULIET,,3341.4409135514643,9500,9503,NORMAL,,6.7452728610301955,-86.5247876092917,36.232011851066325
TRUE RESCUE,12110.0,LEBANON RD,37122,MT JULIET,Mt. Juliet,9503,MT. JULIET,,2517.8076060576573,9500,9503,NORMAL,,28.77979607908933,-86.529093781407,36.23050128775169
SIPS,12070.0,LEBANON RD,37122,MT JULIET,Mt. Juliet,9503,MT. JULIET,,2655.1217655842197,9500,9503,NORMAL,,9.814863256962235,-86.5283318635918,36.2307114051845
SW & ASSOCIATES,11942.0,LEBANON RD,37122,MT JULIET,Mt. Juliet,9503,MT. JULIET,,2947.3382422619707,9500,9503,NORMAL,,33.56287770949848,-86.526230448489,36.230819663564304
HIGHBROW STUDIO,11872.0,LEBANON RD,37122,MT JULIET,Mt. Juliet,9503,MT. JULIET,,3142.2331707731864,9500,9503,NORMAL,,14.861440431597188,-86.5250349724609,36.2308337733711
MIDWAY MANAGEMENT,11870.0,LEBANON RD,37122,MT JULIET,Mt. Juliet,9503,MT. JULIET,,3154.24004498002,9500,9503,NORMAL,,14.656129543966955,-86.5249563216417,36.23082869065041
On the Road Coach LLC,885.0,CAINSVILLE RD,37087,LEBANON,Lebanon,9501,LEBANON,,3761.921352567165,9500,9501,NORMAL,,52.26211065766162,-86.2804734720521,36.19074585839939
HOME HAS BOTH ADDRESSES,800.0,CREEKWOOD CT,37122,MT JULIET,Unincorporated,9500,(Unincorporated),,3533.6618310244635,8300,9500,NORMAL,POSTAL_CITY_EXPOSURE,33.053303608049866,-86.5434420641093,36.2784725028
SHARPE'S CROSSING,108.0,WENDELL K RD,37122,MT JULIET,Unincorporated,9500,(Unincorporated),,2127.997648033761,9500,9503,NORMAL,POSTAL_CITY_EXPOSURE,250.81250320829915,-86.4534990294004,36.15432912332751
ROAD COMMISSION,970.0,TENNESSEE BLVD,37087,LEBANON,Lebanon,9501,LEBANON,,1064.2761144276901,9500,9501,NORMAL,,32.0497096606409,-86.2679273601112,36.201824570432606
ROAD COMMISSION,1000.0,TENNESSEE BLVD,37087,LEBANON,Lebanon,9501,LEBANON,,1015.1712319207037,9500,9501,NORMAL,,62.31181946756223,-86.2671130657072,36.20184539592299
ROAD COMMISSION,100.0,STEVE ARMISTEAD LN,37087,LEBANON,Lebanon,9501,LEBANON,,754.2415506569785,9500,9501,WATCH,,38.338253783641555,-86.2650771258354,36.20119480539441
SALT BARN,1000.0,TENNESSEE BLVD,37087,LEBANON,Lebanon,9501,LEBANON,,820.3936771848108,9500,9501,WATCH,,260.0852989086681,-86.2663274154165,36.20219609932119
B-USED FOR WFS FREIGHT DELIVERY,1015.0,HIXSON BLVD,37090,LEBANON,Lebanon,9500,(Unincorporated),,871.7314353250666,9500,9501,WATCH,POSTAL_CITY_EXPOSURE,98.04354702650438,-86.3987646955906,36.1183666882977
A-USED FOR FREIGHT DELIVERY,1015.0,HIXSON BLVD,37090,LEBANON,Lebanon,9500,(Unincorporated),,521.8518019976736,9500,9501,WATCH,POSTAL_CITY_EXPOSURE,150.07322481723216,-86.4009237494893,36.1185064654453
WALMART WAREHOUSE,1015.0,HIXSON BLVD,37090,LEBANON,Lebanon,9500,(Unincorporated),,349.390185369891,9500,9501,WATCH,POSTAL_CITY_EXPOSURE,297.3098888235077,-86.3981095083559,36.11972821495258
HOME OFFICE,2009.0,N GREENHILL RD,37122,MT JULIET,Unincorporated,9500,(Unincorporated),,1665.2908707172674,9500,9503,NORMAL,POSTAL_CITY_EXPOSURE,9.524073015316205,-86.5460609188052,36.25021901317831
 ,,,,,,9500,(Unincorporated),,9435.37679530793,7500,9500,NORMAL,,,-86.2429721182865,35.9928678379841
COMMERCE CUMBERLAND PRESBYTERIAN CHURCH,4260.0,S COMMERCE RD,37184,WATERTOWN,Unincorporated,9500,(Unincorporated),,7410.398759305224,8000,9500,NORMAL,POSTAL_CITY_EXPOSURE,47.064321154194104,-86.1064303677577,36.143513296231085
CANVAS AT MT JULIET,374.0,PARK GLEN DR,37122,MT JULIET,Mt. Juliet,9503,MT. JULIET,,2059.1417632415582,9500,9503,NORMAL,,64.37304018858924,-86.5007472486319,36.22076484867043
CANVAS AT MT JULIET,7000.0,PARK KNOLL LN,37122,MT JULIET,Mt. Juliet,9503,MT. JULIET,,2473.143004296812,9500,9503,NORMAL,,57.26963934695909,-86.4998880475259,36.223003740744005
GARAGE,3940.0,SAUNDERSVILLE FERRY RD,37122,MT JULIET,Unincorporated,9500,(Unincorporated),,2335.202070541054,8300,9500,NORMAL,POSTAL_CITY_EXPOSURE,20.164986193546312,-86.5480100974838,36.30663672403421
FUTURE COURTYARDS AT HWY 109,2645.0,HIGHWAY 109 N,37090,LEBANON,Lebanon,9501,LEBANON,,96.40487863165043,9500,9501,HIGH,BOUNDARY_RISK,170.70338035719132,-86.4215128956527,36.21954502267152
RECREATIONAL AREA,290.0,CHICKEN RD,37090,LEBANON,Unincorporated,9500,(Unincorporated),,18911.09672120595,9500,9501,NORMAL,POSTAL_CITY_EXPOSURE,42.90260297759153,-86.3271145617662,36.099656060674214
DUNKIN,350.0,HIGHWAY 109 N,37090,LEBANON,Lebanon,9501,LEBANON,,521.5017837809171,9500,9501,WATCH,,18.326360709918575,-86.4105016508486,36.189071919129795
DENTAL,350.0,HIGHWAY 109 N,37090,LEBANON,Lebanon,9501,LEBANON,,516.414233236753,9500,9501,WATCH,,8.233535774554733,-86.4105858174895,36.1892147854037
SYCAMORE TOWNHOMES,329.0,SYCAMORE ST,37087,LEBANON,Lebanon,9501,LEBANON,,3371.5882427787374,9500,9501,NORMAL,,69.92800822949246,-86.2838213433041,36.210668059719005
3 ADDRESSES ACCESSING ONE DRIVEWAY,1601.0,HARKREADER RD,37122,MT JULIET,Unincorporated,9500,(Unincorporated),,6958.883578482906,9500,9503,NORMAL,POSTAL_CITY_EXPOSURE,245.64216504066724,-86.45664542609802,36.13055105107883
NASHVILLE SUPER SPEEDWAY,,,,,,9500,(Unincorporated),,2478.568175972102,7500,9500,NORMAL,,,-86.4106019190924,36.0462997951398
LOT 3,4320.0,E RICHMOND SHOP RD,37090,LEBANON,Unincorporated,9500,(Unincorporated),,21329.615688260783,7500,9500,NORMAL,POSTAL_CITY_EXPOSURE,163.74553983685155,-86.3350431422703,36.0795268384253
LOT 6,4406.0,E RICHMOND SHOP RD,37090,LEBANON,Unincorporated,9500,(Unincorporated),,21533.769623886437,7500,9500,NORMAL,POSTAL_CITY_EXPOSURE,143.91465851896697,-86.3337151765264,36.0793178796523
LOT 7,4430.0,E RICHMOND SHOP RD,37090,LEBANON,Unincorporated,9500,(Unincorporated),,21264.74095025202,7500,9500,NORMAL,POSTAL_CITY_EXPOSURE,180.49817345411265,-86.333681276109,36.07829046485839
LOT 9,4466.0,E RICHMOND SHOP RD,37090,LEBANON,Unincorporated,9500,(Unincorporated),,21765.616111588526,7500,9500,NORMAL,POSTAL_CITY_EXPOSURE,101.71877944595231,-86.33269631418031,36.079425095444115
LOT 16,4610.0,E RICHMOND SHOP RD,37090,LEBANON,Unincorporated,9500,(Unincorporated),,22400.298382453057,7500,9500,NORMAL,POSTAL_CITY_EXPOSURE,262.19694887041544,-86.32933970499671,36.0792347469259
LOT 2,4320.0,E RICHMOND SHOP RD,37090,LEBANON,Unincorporated,9500,(Unincorporated),,20958.563975235367,7500,9500,NORMAL,POSTAL_CITY_EXPOSURE,243.9239765857606,-86.3354645531837,36.0784691525125
LOT 4,4364.0,E RICHMOND SHOP RD,37090,LEBANON,Unincorporated,9500,(Unincorporated),,21411.44206493277,7500,9500,NORMAL,POSTAL_CITY_EXPOSURE,174.65295179687396,-86.334610144291,36.07951690671629
LOT 5,4400.0,E RICHMOND SHOP RD,37090,LEBANON,Unincorporated,9500,(Unincorporated),,21474.96536296226,7500,9500,NORMAL,POSTAL_CITY_EXPOSURE,185.8620097682565,-86.3342185125085,36.079467890768896
LOT 13,4580.0,E RICHMOND SHOP RD,37090,LEBANON,Unincorporated,9500,(Unincorporated),,22104.487126896573,7500,9500,NORMAL,POSTAL_CITY_EXPOSURE,192.10608107445327,-86.3307198352494,36.07919240376669
LOT 8,4430.0,E RICHMOND SHOP RD,37090,LEBANON,Unincorporated,9500,(Unincorporated),,21378.545467566986,7500,9500,NORMAL,POSTAL_CITY_EXPOSURE,152.18888364331272,-86.333275676781,36.07841121087301
LOT 11,4560.0,E RICHMOND SHOP RD,37090,LEBANON,Unincorporated,9500,(Unincorporated),,21404.45159665111,7500,9500,NORMAL,POSTAL_CITY_EXPOSURE,68.07530692799578,-86.3312940069138,36.07695389753842
LOT 12,4570.0,E RICHMOND SHOP RD,37090,LEBANON,Unincorporated,9500,(Unincorporated),,21725.335137201764,7500,9500,NORMAL,POSTAL_CITY_EXPOSURE,83.96029207855703,-86.3308351271912,36.077827460446606
LOT 14,4608.0,E RICHMOND SHOP RD,37090,LEBANON,Unincorporated,9500,(Unincorporated),,22177.117792567744,7500,9500,NORMAL,POSTAL_CITY_EXPOSURE,139.27869536440187,-86.3302179205397,36.07907539472828
LOT 15,4610.0,E RICHMOND SHOP RD,37090,LEBANON,Unincorporated,9500,(Unincorporated),,22234.180050800966,7500,9500,NORMAL,POSTAL_CITY_EXPOSURE,113.10205940403137,-86.3297040904028,36.07888548758609
TUCKERS GAP EVENT CENTER,,,,,,9500,(Unincorporated),,871.5607584311721,9500,9501,WATCH,,,-86.3854622697536,36.16240738998251
NOBLE AUTO SALES,200.0,W MAIN ST,37087,LEBANON,Lebanon,9501,LEBANON,,6201.16505818488,9500,9501,NORMAL,,10.393981172813463,-86.29278656248891,36.20789705259859
3150 -BASEMENT APT,3150.0,BELOTES FERRY RD,37087,LEBANON,Unincorporated,9500,(Unincorporated),,2582.888506722533,8300,9500,NORMAL,POSTAL_CITY_EXPOSURE,28.20540936675225,-86.32367268352631,36.3102035613155
BETHLEHEM CEMETARY,7400.0,TROUSDALE FERRY PIKE,37090,LEBANON,Unincorporated,9500,(Unincorporated),,13313.105307024865,8000,9500,NORMAL,POSTAL_CITY_EXPOSURE,30.717325844142188,-86.1482181624148,36.2007035398388
Water's Edge Church,3633.0,POPLAR HILL RD,37184,WATERTOWN,Unincorporated,9500,(Unincorporated),,21307.112135330026,9500,9501,NORMAL,POSTAL_CITY_EXPOSURE,60.61821445779635,-86.190335929076,36.15903835344042
Bethlehem Church of Christ,2427.0,SPARTA PIKE,37090,LEBANON,Unincorporated,9500,(Unincorporated),,11352.250240853042,9500,9501,NORMAL,POSTAL_CITY_EXPOSURE,45.65363188228015,-86.2349239049647,36.146616822069916
POOL HOUSE,40.0,HATHAWAY LN,37087,LEBANON,Lebanon,9501,LEBANON,,1552.453107337619,9500,9501,NORMAL,,42.2218340584656,-86.3570990942278,36.2277099834358
FUTURE HOTEL,80.0,AVIATION WAY,37090,LEBANON,Lebanon,9501,LEBANON,,4822.842878426561,9500,9501,NORMAL,,80.4821880005628,-86.3229680297185,36.188494201912995
JUDICIAL COMMISSIONER OFFICE,400.0,E SPRING ST,37087,LEBANON,Lebanon,9501,LEBANON,,4534.8859404567565,9500,9501,NORMAL,,40.09155858620016,-86.2849934996925,36.2036851355524
PIC CENTER,207.0,JOE BRANHAM DR,37087,LEBANON,Lebanon,9501,LEBANON,,4635.912967252205,9500,9501,NORMAL,,40.42012855204882,-86.2852275663378,36.2033894032319
WILCO CONVENTION AND VISITOR CENTER,230.0,E GAY ST,37087,LEBANON,Lebanon,9501,LEBANON,,4891.1565961050965,9500,9501,NORMAL,,44.322827837527505,-86.2873217093787,36.2062801407248
LEBANON HEATING & AIR,326.0,E HIGH ST,37087,LEBANON,Lebanon,9501,LEBANON,,3235.2206927336974,9500,9501,NORMAL,,31.558026335203863,-86.2835985965089,36.211370220830105
WHOLESALE SUPPLY GROUP,320.0,E HIGH ST,37087,LEBANON,Lebanon,9501,LEBANON,,3370.737111584658,9500,9501,NORMAL,,37.593685414657024,-86.2840388233074,36.211263150776794
MIKE'S CABOVE TRUCKS & BEDS,802.0,TENNESSEE BLVD,37087,LEBANON,Lebanon,9501,LEBANON,,1905.6764219194959,9500,9501,NORMAL,,23.467527056436296,-86.2746948024492,36.20302725970121
VACANT,806.0,TENNESSEE BLVD,37087,LEBANON,Lebanon,9501,LEBANON,,1771.6158249158832,9500,9501,NORMAL,,16.585240970162868,-86.2740402436207,36.203027162565604
HILLER PLUMBING,810.0,TENNESSEE BLVD,37087,LEBANON,Lebanon,9501,LEBANON,,1581.5709874542492,9500,9501,NORMAL,,18.833040621729744,-86.2732404360361,36.20295586594241
HILLER PLUMBING,910.0,TENNESSEE BLVD,37087,LEBANON,Lebanon,9501,LEBANON,,1414.8618819414767,9500,9501,NORMAL,,11.670243841370697,-86.272556370708,36.202885726785304
CEDAR CITY DIESEL,918.0,TENNESSEE BLVD,37087,LEBANON,Lebanon,9501,LEBANON,,1203.081042246446,9500,9501,NORMAL,,12.518258486081487,-86.2714860646206,36.2026668000054
CONRAD CONSTRUCTION,920.0,TENNESSEE BLVD,37087,LEBANON,Lebanon,9501,LEBANON,,1025.8391889858551,9500,9501,NORMAL,,26.016188757060114,-86.2701400255581,36.202389851071715
ELROD,1032.0,TENNESSEE BLVD,37087,LEBANON,Lebanon,9501,LEBANON,,464.4123188196246,9500,9501,WATCH,,29.742160171282908,-86.2645543991892,36.201868898462216
GOLDEN OAK CABINET,1030.0,TENNESSEE BLVD,37087,LEBANON,Lebanon,9501,LEBANON,,315.30729715247816,9500,9501,WATCH,,19.289465679370615,-86.2647095566415,36.202649725254105
SEC,1031.0,TENNESSEE BLVD,37087,LEBANON,Lebanon,9501,LEBANON,,323.81081730735133,9500,9501,WATCH,,22.088051951614432,-86.2647526548178,36.203359626939616
OZARK,1017.0,TENNESSEE BLVD,37087,LEBANON,Lebanon,9501,LEBANON,,386.88421291402864,9500,9501,WATCH,,21.81075874745837,-86.2664785387252,36.20351175861382
SUNBELT RENTALS,1025.0,TENNESSEE BLVD,37087,LEBANON,Lebanon,9501,LEBANON,,373.67116989096195,9500,9501,WATCH,,25.784278429701352,-86.2653174660564,36.20340561016119
CHRISTENSON,921.0,TENNESSEE BLVD,37087,LEBANON,Lebanon,9501,LEBANON,,780.7047980064461,9500,9501,WATCH,,22.123994971300903,-86.2700544778316,36.2031548545443
 ,1202.0,MIMOSA CT,37087,LEBANON,Lebanon,9501,LEBANON,,629.9111495941461,9500,9501,WATCH,,403.90317296646276,-86.2686684633318,36.203114070563394
ARD,917.0,TENNESSEE BLVD,37087,LEBANON,Lebanon,9501,LEBANON,,1005.4092299615411,9500,9501,NORMAL,,21.879053550972724,-86.2713806020391,36.20348526262872
WHOLESALE DISTRIBUTIONS,911.0,TENNESSEE BLVD,37087,LEBANON,Lebanon,9501,LEBANON,,1233.5791387656384,9500,9501,NORMAL,,40.46409644359994,-86.2722445897374,36.2034897562582
AMERICAN COLORS,909.0,TENNESSEE BLVD,37087,LEBANON,Lebanon,9501,LEBANON,,1344.163188080423,9500,9501,NORMAL,,40.45627036490501,-86.2731736449952,36.2039763273141
SPECIALTY WELDING ,805.0,TENNESSEE BLVD,37087,LEBANON,Lebanon,9501,LEBANON,,1626.145857385649,9500,9501,NORMAL,,28.4369466138206,-86.2742123797271,36.203737710772096
MIDTENN PRIMARY CARE,701.0,PARK AVE,37087,LEBANON,Lebanon,9501,LEBANON,,3473.703532329312,9500,9501,NORMAL,,32.93758070320787,-86.27727399037431,36.19855607513989
JR MOWERS,601.0,PARK AVE,37087,LEBANON,Lebanon,9501,LEBANON,,3493.334968336905,9500,9501,NORMAL,,21.029931565204393,-86.2786031264575,36.19995608037279
KM CABINET COMPANY,551.0,PARK AVE,37087,LEBANON,Lebanon,9501,LEBANON,,3440.5773037464573,9500,9501,NORMAL,,41.21020207326635,-86.279146283726,36.200752638411004
SUITE A - ATTORNEY,501.0,PARK AVE,37087,LEBANON,Lebanon,9501,LEBANON,,3637.555635492937,9500,9501,NORMAL,,48.855157608813315,-86.2820018872548,36.20423405430931
SUITE B - VACANT,501.0,PARK AVE,37087,LEBANON,Lebanon,9501,LEBANON,,3621.6873448250185,9500,9501,NORMAL,,21.731990153997195,-86.28191393432,36.20413148016769
SUITE C - INTERNAL MEDICINE FAMILY PRACTICE,501.0,PARK AVE,37087,LEBANON,Lebanon,9501,LEBANON,,3608.0371016588033,9500,9501,NORMAL,,50.20342691581101,-86.2818332852895,36.2040326704941
SUITE D - KENDRICK CONTRACTING,440.0,PARK AVE,37087,LEBANON,Lebanon,9501,LEBANON,,3955.8657129888647,9500,9501,NORMAL,,30.19091815067113,-86.2834099674416,36.204709563042
SUITE A - HEARTLAND,438.0,PARK AVE,37087,LEBANON,Lebanon,9501,LEBANON,,3920.9878786635622,9500,9501,NORMAL,,40.12010035637465,-86.2833893766609,36.20491819940061
SUITE B - TRUE FAITH,438.0,PARK AVE,37087,LEBANON,Lebanon,9501,LEBANON,,3927.765733333132,9500,9501,NORMAL,,38.10634130564779,-86.2834473868729,36.20498499793791
CROCKETT SURVEYING,427.0,PARK AVE,37087,LEBANON,Lebanon,9501,LEBANON,,3728.6805767907726,9500,9501,NORMAL,,17.61378825360145,-86.2831464217261,36.20593141971739
PARK PLACE,425.0,PARK AVE,37087,LEBANON,Lebanon,9501,LEBANON,,3847.663610869223,9500,9501,NORMAL,,13.435716490113712,-86.2836065884015,36.20603634845542
ANY LENGTHS SERVICES,407.0,PARK AVE,37087,LEBANON,Lebanon,9501,LEBANON,,3989.122759139717,9500,9501,NORMAL,,12.680048175236982,-86.284351178314,36.20687714956971
CLOUD 9 ANTIQUES,405.0,Park AVE,37087,LEBANON,Lebanon,9501,LEBANON,,4034.6739195896853,9500,9501,NORMAL,,9.98919531795389,-86.2845678669899,36.207143130442
ACTION AWNING & SIGNS,105.0,W HIGH ST,37087,LEBANON,Lebanon,9501,LEBANON,,5332.049628117547,9500,9501,NORMAL,,19.980903371352653,-86.2911919806396,36.21274568910951
HALFWAY HOME,107.0,W HIGH ST,37087,LEBANON,Lebanon,9501,LEBANON,,5354.715969531873,9500,9501,NORMAL,,22.105683751646282,-86.2913224395307,36.212936054602494
WILSON COUNTY COMMUNITY HELP CENTER,203.0,W HIGH ST,37087,LEBANON,Lebanon,9501,LEBANON,,5522.102332986303,9500,9501,NORMAL,,29.72684149774004,-86.2919173537624,36.2129963290827
SMILE GALLERY,205.0,W HIGH ST,37087,LEBANON,Lebanon,9501,LEBANON,,5657.870164546742,9500,9501,NORMAL,,13.52387849735161,-86.2923765991152,36.212955299846094
ALIVE HOSPICE,102.0,W HIGH ST,37087,LEBANON,Lebanon,9501,LEBANON,,5723.928761488326,9500,9501,NORMAL,,6.706917852777573,-86.2926091116461,36.2129726586359
JAMES AUTO CARE,333.0,W HIGH ST,37087,LEBANON,Lebanon,9501,LEBANON,,5953.084024503091,9500,9501,NORMAL,,12.268760719533379,-86.293398882226,36.212967321460596
WESTMORELAND GRADING,333.0,W BADDOUR PKWY,37087,LEBANON,Lebanon,9501,LEBANON,,6881.562883221604,9500,9501,NORMAL,,8.658126529101317,-86.29779545516,36.213691485946015
DISCOUNT TOBACCO,337.0,W BADDOUR PKWY,37087,LEBANON,Lebanon,9501,LEBANON,,6874.3357616938,9500,9501,NORMAL,,7.203679305412932,-86.2981446955698,36.2136652978444
BORDER STATES,509.0,W BADDOUR PKWY,37087,LEBANON,Lebanon,9501,LEBANON,,6256.658101432006,9500,9501,NORMAL,,10.471963369460825,-86.3018484925727,36.2151009555042
IGLESIA RENACER,511.0,W BADDOUR PKWY,37087,LEBANON,Lebanon,9501,LEBANON,,6223.4823908001645,9500,9501,NORMAL,,7.464738536494095,-86.3019914119202,36.2151853834651
COSTCO FUEL CENTER,100.0,LEGACY POINTE BLVD,37122,MT JULIET,Mt. Juliet,9503,MT. JULIET,,1957.5162120881766,9500,9503,NORMAL,,58.41345942279958,-86.4628296738674,36.1833781196472
EMPOWER ME DAYCAMP,1160.0,S HARTMANN DR,37090,LEBANON,Lebanon,9501,LEBANON,,1057.6043850020662,9500,9501,NORMAL,,158.88191949737742,-86.3173429382345,36.174872267286894
PAVILION/ DOG PARK,162.0,RAVENS CREST AVE,37122,MT JULIET,Unincorporated,9500,(Unincorporated),,3676.296684854265,9500,9501,NORMAL,POSTAL_CITY_EXPOSURE,86.4716233621334,-86.4237929775513,36.1251830544114
CARROL OAKLAND ,4664.0,HUNTERS POINT PIKE,37087,LEBANON,Unincorporated,9500,(Unincorporated),,9614.975465444304,8500,9500,NORMAL,POSTAL_CITY_EXPOSURE,56.725807544106516,-86.2785406748903,36.2759093959399
PHILIDELPHIA CHURCH OF CHRIST,5320.0,HUNTERS POINT PIKE,37087,LEBANON,Unincorporated,9500,(Unincorporated),,6162.738969066373,8500,9500,NORMAL,POSTAL_CITY_EXPOSURE,20.093984265583792,-86.2730441320713,36.284297255708815
RUTLAND PLACE,435.0,NW RUTLAND RD,37122,MT JULIET,Mt. Juliet,9503,MT. JULIET,,341.3200328733186,9500,9503,WATCH,,72.3653100810049,-86.5048634301029,36.1804354900853
CARRICK GLEN ASSISTED LIVING HOME,200.0,CARRICK CT,37122,MT JULIET,Mt. Juliet,9503,MT. JULIET,,133.6672844441751,9500,9503,HIGH,BOUNDARY_RISK,75.29918390762877,-86.5042074573745,36.17909527517899
LA PETITE ACADEMY,65.0,OLD PLEASANT GROVE RD,37122,MT JULIET,Mt. Juliet,9503,MT. JULIET,,2784.1181104597626,9500,9503,NORMAL,,21.263556300619843,-86.51445302214812,36.17348323804229
CEDAR CITY RV,1102.0,SPARTA PIKE,37087,LEBANON,Lebanon,9501,LEBANON,,2287.5663480634585,9500,9501,NORMAL,,27.718793570897333,-86.27372820814,36.19293931170021
SHELL,1140.0,SPARTA PIKE,37087,LEBANON,Lebanon,9501,LEBANON,,1832.7369323459934,9500,9501,NORMAL,,22.027129202615377,-86.2717912194508,36.1904478047986
SUBWAY,1150.0,SPARTA PIKE,37087,LEBANON,Lebanon,9501,LEBANON,,1729.7918141012378,9500,9501,NORMAL,,16.587400776212565,-86.2715262218069,36.19000889166541
SOUTHERN SPIRITS,1150.0,SPARTA PIKE,37087,LEBANON,Lebanon,9501,LEBANON,,1765.7832727267887,9500,9501,NORMAL,,15.4092102020206,-86.2716294403449,36.19012984715021
JALISCO 2,1150.0,SPARTA PIKE,37087,LEBANON,Lebanon,9501,LEBANON,,1799.8590980906997,9500,9501,NORMAL,,13.92695403740356,-86.2717236824458,36.19024788380919
JALISCO,1290.0,SPARTA PIKE,37090,LEBANON,Lebanon,9501,LEBANON,,222.31271559703632,9500,9501,HIGH,BOUNDARY_RISK,12.218814722343012,-86.2650217301518,36.18225895039011
SUPER DISCOUNT BEER & TOBACCO,1294.0,SPARTA PIKE,37090,LEBANON,Lebanon,9501,LEBANON,,223.37222843307643,9500,9501,HIGH,BOUNDARY_RISK,8.12886359092121,-86.2649660764013,36.1821757628563
ONCE NEW LES DEUX,1298.0,SPARTA PIKE,37090,LEBANON,Lebanon,9501,LEBANON,,233.23739801553526,9500,9501,HIGH,BOUNDARY_RISK,10.712904350212666,-86.2649004192064,36.18210074445352
BEAUTIFUL YOU SALON,1300.0,SPARTA PIKE,37090,LEBANON,Lebanon,9501,LEBANON,,245.9049001724355,9500,9501,HIGH,BOUNDARY_RISK,5.937907195491826,-86.2648399397963,36.1820288716976
JIMMY'S BAR AND GRILL,1310.0,SPARTA PIKE,37090,LEBANON,Lebanon,9501,LEBANON,,376.6986478512104,9500,9501,WATCH,,19.455465410000702,-86.2644343133399,36.1816239677499
TATTOO,1314.0,SPARTA PIKE,37090,LEBANON,Lebanon,9501,LEBANON,,409.01373590420275,9500,9501,WATCH,,15.600311564246356,-86.2643422690766,36.18151962460912
SPARTA PKE WINE & SPIRITS,1316.0,SPARTA PIKE,37090,LEBANON,Lebanon,9501,LEBANON,,434.942395689742,9500,9501,WATCH,,17.543412334414278,-86.2642648070688,36.18144866294419
LIL PANCHO'S EXPRESS,509.0,S CUMBERLAND ST,37087,LEBANON,Lebanon,9501,LEBANON,,6699.880666950052,9500,9501,NORMAL,,31.273585968918365,-86.2928388037776,36.19470080211969
PUFFN STUFF SMOKE SHOP,313.0,S CUMBERLAND ST,37087,LEBANON,Lebanon,9501,LEBANON,,6584.8690971834785,9500,9501,NORMAL,,20.110706108832495,-86.2916910110063,36.202039350976094
POP'S COFFEE SHOP,517.0,W MAIN ST,37087,LEBANON,Lebanon,9501,LEBANON,,8267.575011579302,9500,9501,NORMAL,,17.15439259507765,-86.3034635788488,36.209489791024616
ZION WELLNESS & MEDICAL CLINIC,521.0,W MAIN ST,37087,LEBANON,Lebanon,9501,LEBANON,,8238.01994711122,9500,9501,NORMAL,,16.101794403338538,-86.3038456433243,36.2095527638795
BANE & ASSOCIATES,528.0,W MAIN ST,37087,LEBANON,Lebanon,9501,LEBANON,,8397.193957563208,9500,9501,NORMAL,,20.272869393784713,-86.3044369788602,36.209086339712194
WHITAKER LAW OFFICE,601.0,W MAIN ST,37087,LEBANON,Lebanon,9501,LEBANON,,8149.052537156409,9500,9501,NORMAL,,23.072971204614902,-86.304749608317,36.20975414784111
WILSON BANK & TRUST,105.0,N CASTLE HEIGHTS AVE,37087,LEBANON,Lebanon,9501,LEBANON,,7661.978233617065,9500,9501,NORMAL,,57.143146419723344,-86.3067261907155,36.21101296373129
THE WEARHOUSE,1012.0,W MAIN ST,37087,LEBANON,Lebanon,9501,LEBANON,,7729.92760966459,9500,9501,NORMAL,,18.268457750834973,-86.3144040056107,36.21096099300091
LET THEM SHINE DROP-IN CHILDCARE,1112.0,W MAIN ST,37087,LEBANON,Lebanon,9501,LEBANON,,7665.081071488968,9500,9501,NORMAL,,36.14904017721692,-86.3198108713774,36.212329768788095
LOS COMPADRES,401.0,HIGHWAY 109 N,37090,LEBANON,Lebanon,9501,LEBANON,,102.68191769353334,9500,9501,HIGH,BOUNDARY_RISK,42.40531217827776,-86.4095922890546,36.19044889315322
DESTACO,210.0,MUNDY MEMORIAL DR,37122,MT JULIET,Mt. Juliet,9503,MT. JULIET,,896.3355273486878,9500,9503,WATCH,,92.15575828428052,-86.4833695687008,36.17269388297319
VACANT,1420.0,TOSHIBA DR,37087,LEBANON,Lebanon,9501,LEBANON,,2369.2270180990454,9500,9501,NORMAL,,54.81165693217412,-86.3292777226656,36.22954766336749
SPECIALTY MOTORS,1420.0,TOSHIBA DR,37087,LEBANON,Lebanon,9501,LEBANON,,2554.876031547906,9500,9501,NORMAL,,44.25856518272091,-86.3292568811255,36.228987458165605
HOGAN TEXTILES,1420.0,TOSHIBA DR,37087,LEBANON,Lebanon,9501,LEBANON,,2213.355660196179,9500,9501,NORMAL,,30.016665276599785,-86.3287143109935,36.229822847191315
TRUCK DRIVERS LOUNGE,1420.0,TOSHIBA DR,37087,LEBANON,Lebanon,9501,LEBANON,,1720.3635001609234,9500,9501,NORMAL,,72.14049599634383,-86.327760799584,36.230988105047096
FUTURE GAS STATION,4430.0,MURFREESBORO RD,37090,LEBANON,Unincorporated,9500,(Unincorporated),,17966.72076996551,9500,9501,NORMAL,POSTAL_CITY_EXPOSURE,132.51507420976336,-86.3317799749993,36.1034865543953
TROPICAL SMOOTHIE CAFE,1443.0,W MAIN ST,37087,LEBANON,Lebanon,9501,LEBANON,,6813.2878601185985,9500,9501,NORMAL,,18.184240310747608,-86.3310928146022,36.21700285979101
HOT WAX,1443.0,W MAIN ST,37087,LEBANON,Lebanon,9501,LEBANON,,6797.557533938547,9500,9501,NORMAL,,21.491607141247002,-86.3311837742442,36.21704531441791
DECA DENTAL,1443.0,W MAIN ST,37087,LEBANON,Lebanon,9501,LEBANON,,6776.8269449583195,9500,9501,NORMAL,,22.708222051357403,-86.3312906310413,36.21708204039431
FIREHOUSE SUBS,1443.0,W MAIN ST,37087,LEBANON,Lebanon,9501,LEBANON,,6753.732209369051,9500,9501,NORMAL,,15.519061781749713,-86.3314043782563,36.217114846833525
HIGHBROW STUDIOS,12002.0,LEBANON RD,37122,MT JULIET,Mt. Juliet,9503,MT. JULIET,,2814.295406903302,9500,9503,NORMAL,,9.303518526180412,-86.5272709295264,36.2308417480435
1370 Has a new 50 ft entrance beside 1400 Ben Green Rd,1370.0,BEN GREEN RD,37090,LEBANON,Unincorporated,9500,(Unincorporated),,11523.798494379767,8000,9500,NORMAL,POSTAL_CITY_EXPOSURE,68.81431565255521,-86.1596094009927,36.22526737635779
MADISON @ TOWNSHIP APTS,103.0,CADES BLF,37087,LEBANON,Lebanon,9501,LEBANON,,507.4726359705386,9500,9501,WATCH,,207.63703828981872,-86.4358079063447,36.24157518712939
CEDAR LANDING,108.0,MAYBROOK DR,37087,LEBANON,Lebanon,9501,LEBANON,,8891.743089491969,9500,9501,NORMAL,,57.15356314745929,-86.3179446198379,36.2025752430034
POLE BARN,1379.0,MAYS CHAPEL RD,37122,MT JULIET,Unincorporated,9500,(Unincorporated),,4097.4121116955885,9500,9503,NORMAL,POSTAL_CITY_EXPOSURE,33.133081938910536,-86.48103078694112,36.2502274325064
ICONIC CULTURE BARBER SHOP,282.0,NONAVILLE RD,37122,MT JULIET,Mt. Juliet,9503,MT. JULIET,,2406.588952256434,9500,9503,NORMAL,,64.37614783229004,-86.5290931671033,36.234672150505595
MT JULIET DONUT SHOP,286.0,NONAVILLE RD,37122,MT JULIET,Mt. Juliet,9503,MT. JULIET,,2338.47483067725,9500,9503,NORMAL,,56.12545291976833,-86.5291270891384,36.234858212661806
RUTLAND ELEMENTARY,1995.0,S RUTLAND RD,37122,MT JULIET,Mt. Juliet,9503,MT. JULIET,,2523.7200867336055,9500,9503,NORMAL,,157.13042140904582,-86.4794658154362,36.1674174004993
WEST WILSON UTILITIES METER,3100.0,NONAVILLE RD,37122,MT JULIET,Unincorporated,9500,(Unincorporated),,798.3645262766188,8300,9500,WATCH,POSTAL_CITY_EXPOSURE,19.432788764372397,-86.5234193041625,36.27577293191129
BARN,3400.0,HUNTERS POINT PIKE,37087,LEBANON,Unincorporated,9500,(Unincorporated),,3714.7911190938466,9500,9501,NORMAL,POSTAL_CITY_EXPOSURE,30.86648601380374,-86.2861841772912,36.2590361644016
FUTURE WHATABURGER,1325.0,RUTLAND DR,37122,MT JULIET,Mt. Juliet,9503,MT. JULIET,,1530.0082297269348,9500,9503,NORMAL,,95.06304473606443,-86.460601537809,36.183190009269104
WINE AND SPIRITS,209.0,N CUMBERLAND ST,37087,LEBANON,Lebanon,9501,LEBANON,,5378.372948971574,9500,9501,NORMAL,,19.061744066554468,-86.290513791898,36.209547394096205
DOMINOS,1051.0,MURFREESBORO RD,37090,LEBANON,Lebanon,9501,LEBANON,,2719.044939085499,9500,9501,NORMAL,,12.98956454922744,-86.3019861633896,36.1745121654689
SMOKE SHOP,1051.0,MURFREESBORO RD,37090,LEBANON,Lebanon,9501,LEBANON,,2684.8224734661762,9500,9501,NORMAL,,12.966228586428244,-86.3020356317907,36.17437033571981
VACANT,1051.0,MURFREESBORO RD,37090,LEBANON,Lebanon,9501,LEBANON,,2662.2288023822907,9500,9501,NORMAL,,12.284245901570428,-86.3020731600491,36.1742835855293
THE LUCKY ROOSTER,5234.0,SAUNDERSVILLE RD,37122,OLD HICKORY,Unincorporated,9500,(Unincorporated),DAVIDSON,3790.7866887459995,8305,9500,NORMAL,CROSS_COUNTY_POSTAL,14.740669814584589,-86.5611890476031,36.25260554790729
SUNNY KITCHEN,621.0,S MT JULIET RD,37122,MT JULIET,Mt. Juliet,9503,MT. JULIET,,797.9490729559373,9500,9503,WATCH,,19.64358651228592,-86.5143471239013,36.16260034743641
INTUNE CHIROPRACTIC,650.0,S MT JULIET RD,37122,MT JULIET,Mt. Juliet,9503,MT. JULIET,,586.1566651503202,9500,9503,WATCH,,11.535148742139924,-86.5159905293258,36.16142571400248
PINNACLE DERMATOLOGY,650.0,S MT JULIET RD,37122,MT JULIET,Mt. Juliet,9503,MT. JULIET,,594.4025461056199,9500,9503,WATCH,,10.662852984198913,-86.5160024705091,36.161369150717405
LITTLE CAESARS,640.0,S MT JULIET RD,37122,MT JULIET,Mt. Juliet,9503,MT. JULIET,,541.908915338084,9500,9503,WATCH,,14.140196932784193,-86.5159507227045,36.161698885727176
SAFFIRE VAPOR,640.0,S MT JULIET RD,37122,MT JULIET,Mt. Juliet,9503,MT. JULIET,,536.9134470782117,9500,9503,WATCH,,10.57139303609453,-86.51592113105062,36.1617611095257
WASH N ROLL CAR WASH,1930.0,LEEVILLE PIKE,37090,LEBANON,Lebanon,9501,LEBANON,,4892.437729196756,9500,9501,NORMAL,,24.084333219546714,-86.3323721582549,36.195095858560705
FREEBYRDS EXPRESS WASH,1459.0,W MAIN ST,37087,LEBANON,Lebanon,9501,LEBANON,,6353.162823201272,9500,9501,NORMAL,,30.134066703757266,-86.3335390940661,36.21778497519999
GRAY'S AUTO,1515.0,W MAIN ST,37087,LEBANON,Lebanon,9501,LEBANON,,5902.859569355296,9500,9501,NORMAL,,25.275934849534547,-86.3367486537074,36.21901622281043
KUBOTA,1506.0,W MAIN ST,37087,LEBANON,Lebanon,9501,LEBANON,,5374.4882131613,9500,9501,NORMAL,,43.92227160589817,-86.3384234552023,36.218325900038884
N2 NUTRITION,1701.0,W MAIN ST,37087,LEBANON,Lebanon,9501,LEBANON,,3653.401891837385,9500,9501,NORMAL,,18.969899133627177,-86.3448254310121,36.22313980116561
CHIPOTLE,30.0,OLD PLEASANT GROVE RD,37122,MT JULIET,Mt. Juliet,9503,MT. JULIET,,2703.3259871117993,9500,9503,NORMAL,,15.458557152435274,-86.5142011565561,36.1749136580751
STARBUCKS,1500.0,W MAIN ST,37087,LEBANON,Lebanon,9501,LEBANON,,5635.528516656053,9500,9501,NORMAL,,37.85180140302193,-86.3364604367504,36.2176474425995
BANK OF AMERICA ATM,1360.0,N MT JULIET RD,37122,MT JULIET,Mt. Juliet,9503,MT. JULIET,,336.94203037509016,9500,9503,WATCH,,9.274943960266489,-86.512860848491,36.1903185196655
DOLLAR GENERAL,345.0,S HARTMANN DR,37087,LEBANON,Lebanon,9501,LEBANON,,6319.433211817046,9500,9501,NORMAL,,13.002674062880123,-86.3266781679395,36.2027678570584
WINDTREE PINES,825.0,NONAVILLE RD,37122,MT JULIET,Mt. Juliet,9503,MT. JULIET,,151.2076881605353,9500,9503,HIGH,BOUNDARY_RISK,130.25091125185781,-86.5283702718051,36.2415206061817
NOBLE OIL SERVICES,234.0,KNOXVILLE AVE,37087,LEBANON,Lebanon,9501,LEBANON,,5705.4119541565,9500,9501,NORMAL,,50.77770291507954,-86.2880027049615,36.2008515697576
PROVENZA AT PARK PLACE APTS,115.0,TOWNSHIP BLVD,37122,MT JULIET,Lebanon,9501,LEBANON,,43.631201031619,9500,9501,CRITICAL,POSTAL_CITY_EXPOSURE,275.1731006481203,-86.4361469201777,36.2336875554546
APT A IS UPSTAIRS,706.0,N GREENWOOD EXT,37087,LEBANON,Lebanon,9501,LEBANON,,5435.986089222101,9500,9501,NORMAL,,40.30204751343638,-86.295019474383,36.21841768070941
APT B IS DOWNSTAIRS,706.0,N GREENWOOD EXT,37087,LEBANON,Lebanon,9501,LEBANON,,5448.025270775377,9500,9501,NORMAL,,34.6914246082007,-86.2950098020566,36.21838523567089
JUST IN TIME TRUCKING EXPRESS,5350.0,E DIVISION ST,37122,LEBANON,Lebanon,9501,LEBANON,,138.13971116375492,9500,9501,HIGH,BOUNDARY_RISK,95.73894752859479,-86.4289905641011,36.19010566974951
BONFIRE GRILL,630.0,S MT JULIET RD,37122,MT JULIET,Mt. Juliet,9503,MT. JULIET,,457.9425152696483,9500,9503,WATCH,,13.644330781661916,-86.5158311323089,36.16227235103719
FLEET FEET,630.0,S MT JULIET RD,37122,MT JULIET,Mt. Juliet,9503,MT. JULIET,,471.7006912893679,9500,9503,WATCH,,14.297007425929122,-86.5158597466182,36.162167109195806
PERSIS INDIAN GRILL,630.0,S MT JULIET RD,37122,MT JULIET,Mt. Juliet,9503,MT. JULIET,,485.44806291884,9500,9503,WATCH,,13.013589318881374,-86.5158653108449,36.162090744707406
SUMMIT MEDICAL ASSOCIATES - SUITE 100,660.0,S MT JULIET RD,37122,MT JULIET,Mt. Juliet,9503,MT. JULIET,,718.2583071460194,9500,9503,WATCH,,11.891326718937302,-86.5159284178502,36.16083643590422
TRISTAR SUMMIT IMAGING - SUITE 110,660.0,S MT JULIET RD,37122,MT JULIET,Mt. Juliet,9503,MT. JULIET,,724.4049488229351,9500,9503,WATCH,,11.690959503565816,-86.515949763198,36.1607189310643
CENTENNIAL HEART AT SUMMIT - SUITE 120,660.0,S MT JULIET RD,37122,MT JULIET,Mt. Juliet,9503,MT. JULIET,,713.2207081061163,9500,9503,WATCH,,10.867664190233326,-86.5159672289323,36.160604560241204
VEIN CENTRE AT MT JULIET - SUITE 211,660.0,S MT JULIET RD,37122,MT JULIET,Mt. Juliet,9503,MT. JULIET,,689.4693366622408,9500,9503,WATCH,,16.987825302229307,-86.5160642560422,36.160690730680905
THE LETT CENTER - SUITE 210,660.0,S MT JULIET RD,37122,MT JULIET,Mt. Juliet,9503,MT. JULIET,,688.5079923157305,9500,9503,WATCH,,20.92123957255737,-86.5160623151581,36.16081920284778
REFLEXOLOGY - SUITE 101,1400.0,N  MT JULIET RD,37122,MT JULIET,Mt. Juliet,9503,MT. JULIET,,459.9765759451081,9500,9503,WATCH,,13.382117133233079,-86.5143534368494,36.190539828668314
CAPELLA'S SALON & SPA - SUITE 102,1400.0,N  MT JULIET RD,37122,MT JULIET,Mt. Juliet,9503,MT. JULIET,,457.7830544816294,9500,9503,WATCH,,13.904064636001761,-86.5143057287549,36.19049426569202
STATE FARM - SUITE 103,1400.0,N  MT JULIET RD,37122,MT JULIET,Mt. Juliet,9503,MT. JULIET,,458.2467924596645,9500,9503,WATCH,,9.628180850616717,-86.514232575427,36.1904166176384
ME TIME DROP IN CHILD CARE,1410.0,N  MT JULIET RD,37122,MT JULIET,Mt. Juliet,9503,MT. JULIET,,493.40627660448064,9500,9503,WATCH,,16.61251972042362,-86.5146083779091,36.1907424916612
COOL SPRINGS PLASTIC SURGERY,1410.0,N  MT JULIET RD,37122,MT JULIET,Mt. Juliet,9503,MT. JULIET,,503.19805118011766,9500,9503,WATCH,,15.46480257357169,-86.5146667703147,36.190794631332686
CAMPIONES TASTE OF CHICAGO,1410.0,N  MT JULIET RD,37122,MT JULIET,Mt. Juliet,9503,MT. JULIET,,511.96729934448507,9500,9503,WATCH,,14.928409272493795,-86.5147152241966,36.1908397529789
INSURANCE MANAGMENT SERVICES - SUITE 100,258.0,W DIVISION ST,37122,MT JULIET,Mt. Juliet,9503,MT. JULIET,,2360.701177525315,9500,9503,NORMAL,,18.230751937936223,-86.5231337601302,36.20211208941571
WONDER HOLLOW - SUITE 101,258.0,W DIVISION ST,37122,MT JULIET,Mt. Juliet,9503,MT. JULIET,,2413.88251203753,9500,9503,NORMAL,,18.448671020020555,-86.5229810713926,36.202034440791216
BOHO BEAUTY CO - SUITE 102,258.0,W DIVISION ST,37122,MT JULIET,Mt. Juliet,9503,MT. JULIET,,2452.451357198567,9500,9503,NORMAL,,19.440260038134184,-86.5228689392706,36.2019798937045
BENJAMIN MOORE,518.0,PLEASANT GROVE RD,37122,MT JULIET,Mt. Juliet,9503,MT. JULIET,,3754.6090819747633,9500,9503,NORMAL,,15.797556468671313,-86.51711418814202,36.17790191820642
AMOUR NAIL BAR,516.0,PLEASANT GROVE RD,37122,MT JULIET,Mt. Juliet,9503,MT. JULIET,,3722.0387200190203,9500,9503,NORMAL,,15.162431149677417,-86.5169899437214,36.1779420341823
DIAMOND VAPE & SMOKE,514.0,PLEASANT GROVE RD,37122,MT JULIET,Mt. Juliet,9503,MT. JULIET,,3689.5111476668185,9500,9503,NORMAL,,13.791083166532532,-86.5168644567719,36.1779871635959
GREAT INDIAN FOOD,512.0,PLEASANT GROVE RD,37122,MT JULIET,Mt. Juliet,9503,MT. JULIET,,3652.888261093908,9500,9503,NORMAL,,12.1235731662162,-86.5167253033236,36.17803028751641
THE GODDARD SCHOOL,455.0,PLEASANT GROVE RD,37122,MT JULIET,Mt. Juliet,9503,MT. JULIET,,3292.8351300888808,9500,9503,NORMAL,,24.3924773822055,-86.51568630940761,36.1772682173538
CADILLAC,560.0,PLEASANT GROVE RD,37122,MT JULIET,Mt. Juliet,9503,MT. JULIET,,3792.0657041328536,9500,9503,NORMAL,,110.53864602273111,-86.5217527792761,36.17644033522571
BLDG A,4675.0,OLD LEBANON DIRT RD,37122,MT JULIET,Mt. Juliet,9503,MT. JULIET,,152.81856221094864,9500,9503,HIGH,BOUNDARY_RISK,43.36188496766236,-86.5131724889826,36.1935788268854
BLDG B,4675.0,OLD LEBANON DIRT RD,37122,MT JULIET,Mt. Juliet,9503,MT. JULIET,,184.7276013067142,9500,9503,HIGH,BOUNDARY_RISK,38.333666361687,-86.5131908471545,36.1940315501346
BLDG C,4675.0,OLD LEBANON DIRT RD,37122,MT JULIET,Mt. Juliet,9503,MT. JULIET,,248.73915061247808,9500,9503,HIGH,BOUNDARY_RISK,22.157657967648248,-86.5134222309704,36.19398540410561
BLDG D,4675.0,OLD LEBANON DIRT RD,37122,MT JULIET,Mt. Juliet,9503,MT. JULIET,,345.6784075356034,9500,9503,WATCH,,31.67985010992043,-86.51364926306091,36.19444897754212
BLDG E,4675.0,OLD LEBANON DIRT RD,37122,MT JULIET,Mt. Juliet,9503,MT. JULIET,,420.9799291878803,9500,9503,WATCH,,22.218108912030285,-86.5139159428214,36.19441853873731
BLDG F,4675.0,OLD LEBANON DIRT RD,37122,MT JULIET,Mt. Juliet,9503,MT. JULIET,,433.56249801541145,9500,9503,WATCH,,30.008226036854875,-86.5137938504816,36.19513403820701
BLDG G,4675.0,OLD LEBANON DIRT RD,37122,MT JULIET,Mt. Juliet,9503,MT. JULIET,,438.85747161485136,9500,9503,WATCH,,34.53167918473668,-86.513708939917,36.1955801150033
BLDG H,4675.0,OLD LEBANON DIRT RD,37122,MT JULIET,Mt. Juliet,9503,MT. JULIET,,521.53977726076,9500,9503,WATCH,,28.743400729505957,-86.5139144137919,36.195924374377206
LEASING OFFICE,4675.0,OLD LEBANON DIRT RD,37122,MT JULIET,Mt. Juliet,9503,MT. JULIET,,506.5615616523771,9500,9503,WATCH,,15.145255421494946,-86.5141247220012,36.1947917227871
LAUREL VALLEY APTS,4675.0,OLD LEBANON DIRT RD,37122,MT JULIET,Mt. Juliet,9503,MT. JULIET,,551.8411941305665,9500,9503,WATCH,,30.325045713292436,-86.5142754255101,36.19481516497291
BUILDING 1,1419.0,TOSHIBA DR,37087,LEBANON,Lebanon,9501,LEBANON,,974.681486183379,9500,9501,WATCH,,27.03361639024702,-86.32543294828,36.23276663824599
BUILDING 2,1419.0,TOSHIBA DR,37087,LEBANON,Lebanon,9501,LEBANON,,845.4473906279311,9500,9501,WATCH,,26.992572527516874,-86.3259046411685,36.23312287946142
SHOP,3739.0,SWINDELL HOLLOW RD,37090,LEBANON,Unincorporated,9500,(Unincorporated),,6316.406596588309,8000,9500,NORMAL,POSTAL_CITY_EXPOSURE,33.176208016192376,-86.1252410037153,36.205500539823895
BUILDING 3,401.0,OLD PLEASANT GROVE RD,37122,MT JULIET,Mt. Juliet,9503,MT. JULIET,,3009.188824028728,9500,9503,NORMAL,,29.168255303151724,-86.5206357859642,36.17187840944621
BUILDING 4,401.0,OLD PLEASANT GROVE RD,37122,MT JULIET,Mt. Juliet,9503,MT. JULIET,,2944.7328173513115,9500,9503,NORMAL,,28.75510340884354,-86.520115620836,36.17164243490392
BUILDING 5,401.0,OLD PLEASANT GROVE RD,37122,MT JULIET,Mt. Juliet,9503,MT. JULIET,,2952.7838506795647,9500,9503,NORMAL,,28.755394412226707,-86.5195852407474,36.17160633753921
BUILDING 6,401.0,OLD PLEASANT GROVE RD,37122,MT JULIET,Mt. Juliet,9503,MT. JULIET,,2964.7576654479203,9500,9503,NORMAL,,29.3678940120905,-86.5190858537715,36.171584526394405
BUILDING 7,401.0,OLD PLEASANT GROVE RD,37122,MT JULIET,Mt. Juliet,9503,MT. JULIET,,2664.760620148064,9500,9503,NORMAL,,28.75536520837143,-86.5191000424553,36.170754433200415
BUILDING 8,401.0,OLD PLEASANT GROVE RD,37122,MT JULIET,Mt. Juliet,9503,MT. JULIET,,2713.8283080665806,9500,9503,NORMAL,,29.216410378745632,-86.5198977419716,36.1709783218184
BUILDING 9,401.0,OLD PLEASANT GROVE RD,37122,MT JULIET,Mt. Juliet,9503,MT. JULIET,,2867.070356284868,9500,9503,NORMAL,,27.597426427608685,-86.5215285335559,36.17158274635741
BUILDING 10,401.0,OLD PLEASANT GROVE RD,37122,MT JULIET,Mt. Juliet,9503,MT. JULIET,,2753.874821152444,9500,9503,NORMAL,,26.37427255877044,-86.5211449587294,36.17122670251669
BUILDING 11,401.0,OLD PLEASANT GROVE RD,37122,MT JULIET,Mt. Juliet,9503,MT. JULIET,,2676.5253186714804,9500,9503,NORMAL,,27.5977660482178,-86.5207483335225,36.17096859240568
BUILDING 12,401.0,OLD PLEASANT GROVE RD,37122,MT JULIET,Mt. Juliet,9503,MT. JULIET,,2511.654759853826,9500,9503,NORMAL,,27.59812758776871,-86.5207017544912,36.170506406925014
BUILDING 13,401.0,OLD PLEASANT GROVE RD,37122,MT JULIET,Mt. Juliet,9503,MT. JULIET,,2457.4386214303,9500,9503,NORMAL,,27.598155563295276,-86.5213693879848,36.170429636712115
BUILDING 14,401.0,OLD PLEASANT GROVE RD,37122,MT JULIET,Mt. Juliet,9503,MT. JULIET,,2380.3903879278014,9500,9503,NORMAL,,27.52851609945519,-86.5219368881142,36.170278540573186
BUILDING 15,401.0,OLD PLEASANT GROVE RD,37122,MT JULIET,Mt. Juliet,9503,MT. JULIET,,2603.727285660038,9500,9503,NORMAL,,27.646444019250374,-86.5221222087394,36.17091808408661
 REUNION @ TOWNSHIP APTS,312.0,BROAD ST,37122,MT JULIET,Lebanon,9501,LEBANON,,188.329580116948,9500,9501,HIGH,POSTAL_CITY_EXPOSURE,139.32201272102202,-86.4357820467386,36.239489728445776
THE STUDIO RENTAL,3313.0,ROCKY BRANCH RD,37184,NORENE,Unincorporated,9500,(Unincorporated),WILSON,17398.111786386748,9500,9502,NORMAL,,32.38593518570932,-86.16149992397,36.04790899313619
THE COTTAGE RENTAL,3315.0,ROCKY BRANCH RD,37184,NORENE,Unincorporated,9500,(Unincorporated),WILSON,17456.009614083854,9500,9502,NORMAL,,24.45879482602322,-86.16137881161912,36.04770335618111
TRI STAR SUMMIT SURGERY CENTER,125.0,WILLARD HAGAN DR,37090,LEBANON,Lebanon,9501,LEBANON,,3403.5214898862514,9500,9501,NORMAL,,109.13224393997291,-86.3279352803437,36.187189800749806
BRADSHAW FARMS,150.0,VANNER RD,37122,MT JULIET,Mt. Juliet,9503,MT. JULIET,,1598.8568758968067,9500,9503,NORMAL,,129.9925177012093,-86.4864119249751,36.209937164000614
CANEBRAKE SUBD,2345.0,DEVONSHIRE DR,37138,OLD HICKORY,Unincorporated,9500,(Unincorporated),DAVIDSON,114.88428922177688,9500,9503,HIGH,CROSS_COUNTY_POSTAL,137.39965003995087,-86.5754308845842,36.2052418773292
HABITAT FOR HUMANITY OFFICES,204.0,GRANVILLE DR,37090,LEBANON,Lebanon,9501,LEBANON,,3559.5564926471243,9500,9501,NORMAL,,50.15261474648299,-86.3041913054713,36.17983181437191
RESTORE,200.0,GRANVILLE DR,37090,LEBANON,Lebanon,9501,LEBANON,,3733.7299463915547,9500,9501,NORMAL,,62.60842307657375,-86.3041065814656,36.180345892185
LEBANON PLACE,204.0,GRANVILLE DR,37090,LEBANON,Lebanon,9501,LEBANON,,3500.901991461409,9500,9501,NORMAL,,304.5067081671116,-86.3052250038202,36.180100891594705
KEKE'S BREAKFAST CAFE,11395.0,LEBANON RD,37122,MT JULIET,Mt. Juliet,9503,MT. JULIET,,1569.223036590358,9500,9503,NORMAL,,34.00815480803556,-86.5166479194743,36.2313117834744
CHIPOTLE,11381.0,LEBANON RD,37122,MT JULIET,Mt. Juliet,9503,MT. JULIET,,1534.149893194048,9500,9503,NORMAL,,38.01869133133273,-86.5163627685637,36.231302395168406
LOT 5,3365.0,SAUNDERSVILLE FERRY RD,37122,MT JULIET,Unincorporated,9500,(Unincorporated),,2393.8597551492135,8300,9500,NORMAL,POSTAL_CITY_EXPOSURE,84.86467082276504,-86.5481489875067,36.297947832437
LOT 6,3375.0,SAUNDERSVILLE FERRY RD,37122,MT JULIET,Unincorporated,9500,(Unincorporated),,2518.007737808212,8300,9500,NORMAL,POSTAL_CITY_EXPOSURE,73.44032433430058,-86.5485869205755,36.29806508566221
SHOP,1840.0,SMITH HOLLOW RD,37184,WATERTOWN,Unincorporated,9500,(Unincorporated),,11780.847960647074,9500,9502,NORMAL,POSTAL_CITY_EXPOSURE,30.01541198606641,-86.1626775828307,36.064122046798914
IN-N-OUT BURGER,915.0,S HARTMANN DR,37090,LEBANON,Lebanon,9501,LEBANON,,3875.409221362682,9500,9501,NORMAL,,39.59997555611003,-86.3250640388925,36.186390147276
POSSIBLE CAMPER BEING LIVED IN,420.0,W CARVER LN,37122,MT JULIET,Unincorporated,9500,(Unincorporated),,2503.204498202432,9500,9503,NORMAL,POSTAL_CITY_EXPOSURE,61.94951537829374,-86.5477323118127,36.16048323155869
ADDRESS NUMBER NOT LABELED AT ROAD,420.0,W CARVER LN,37122,MT JULIET,Unincorporated,9500,(Unincorporated),,2489.1456283320854,9500,9503,NORMAL,POSTAL_CITY_EXPOSURE,92.91852784152519,-86.54738958810171,36.16050527024851
DIAMOND PARK TRAILER PARK,347.0,N MT JULIET RD,37122,MT JULIET,Mt. Juliet,9503,MT. JULIET,,2125.448285982814,9500,9503,NORMAL,,94.5987945568895,-86.5118192853968,36.176593582365
SHOP,2400.0,LEEVILLE RD,37122,MT JULIET,Unincorporated,9500,(Unincorporated),,2819.844020936246,9500,9501,NORMAL,POSTAL_CITY_EXPOSURE,34.00353648985875,-86.4221749390452,36.16054235859179
WILLOW LANDING SUBD,307.0,RIGNEY RD,37122,MT JULIET,Unincorporated,9500,(Unincorporated),,5122.578028000919,9500,9503,NORMAL,POSTAL_CITY_EXPOSURE,73.02711524739703,-86.4729848467789,36.2500948115473
WAWA,1000.0,MURFREESBORO RD,37090,LEBANON,Lebanon,9501,LEBANON,,3420.692379313578,9500,9501,NORMAL,,5.181852677909359,-86.301981036897,36.1779128858767
ONE STEP AHEAD HALFWAY HOUSE,561.0,VICTOR AVE,37087,LEBANON,Lebanon,9501,LEBANON,,3086.972432694383,9500,9501,NORMAL,,13.23236765092368,-86.2769121033122,36.199895054204504
FUTURE DUNKIN,1115.0,RUTLAND DR,37122,MT JULIET,Mt. Juliet,9503,MT. JULIET,,1787.9349715642613,9500,9503,NORMAL,,93.33587810236047,-86.463080016966,36.18470337112559
DRIVE WILL COME OFF 3200 KENNEDY CREEK RD,3204.0,KENNEDY CREEK RD,37016,AUBURNTOWN,Unincorporated,9500,(Unincorporated),CANNON,5062.974771659562,0800,9500,NORMAL,CROSS_COUNTY_POSTAL,95.1551994120717,-86.1326116939742,35.974598997041305
HAWKS LANDING,306.0,PERSIMMON WAY,37087,LEBANON,Lebanon,9501,LEBANON,,480.7255480644589,9500,9501,WATCH,,131.8189562561791,-86.3314208177585,36.235882147105606
CLUBHOUSE,100.0,REUNION BLVD,37122,MT JULIET,Lebanon,9501,LEBANON,,128.40721424194123,9500,9501,HIGH,POSTAL_CITY_EXPOSURE,25.123494699920386,-86.4343459490614,36.241088685763195
BLDG 3,303.0,BROAD ST,37122,MT JULIET,Lebanon,9501,LEBANON,,302.36425819366536,9500,9501,WATCH,POSTAL_CITY_EXPOSURE,38.49079587007931,-86.435954836886,36.239960084619995
BLDG 4,401.0,SUNSHINE WAY,37122,MT JULIET,Lebanon,9501,LEBANON,,426.46098028387394,9500,9501,WATCH,POSTAL_CITY_EXPOSURE,14.609224615297299,-86.4367387880411,36.240101017458
BLDG 5,503.0,SUNSHINE WAY,37122,MT JULIET,Lebanon,9501,LEBANON,,369.1598443477861,9500,9501,WATCH,POSTAL_CITY_EXPOSURE,3.028535323352022,-86.4369418593539,36.24009339957501
BLDG 6,704.0,HOLLAND AVE,37122,MT JULIET,Lebanon,9501,LEBANON,,138.53124245741037,9500,9501,HIGH,POSTAL_CITY_EXPOSURE,26.931393754342075,-86.4377021968533,36.2402419503634
BLDG 7,702.0,HOLLAND AVE,37122,MT JULIET,Lebanon,9501,LEBANON,,100.73791685134346,9500,9501,HIGH,POSTAL_CITY_EXPOSURE,22.048431904401358,-86.4378769325608,36.24010863527979
BLDG 8,804.0,HOLLAND AVE,37122,MT JULIET,Lebanon,9501,LEBANON,,111.64608013109336,9500,9501,HIGH,POSTAL_CITY_EXPOSURE,21.08255809520628,-86.4379949972605,36.239617273546
BLDG 9,8.0,HOLLAND AVE,37122,MT JULIET,Lebanon,9501,LEBANON,,154.8085259990825,9500,9501,HIGH,POSTAL_CITY_EXPOSURE,12.498394655018338,-86.4378911004888,36.2394687217753
BLDG 10,1002.0,SUNSHINE WAY,37122,MT JULIET,Lebanon,9501,LEBANON,,390.4179159995727,9500,9501,WATCH,POSTAL_CITY_EXPOSURE,3.011003940204826,-86.4371024277175,36.2393544511686
BLDG 11,1101.0,SUNSHINE WAY,37122,MT JULIET,Lebanon,9501,LEBANON,,435.95767412647757,9500,9501,WATCH,POSTAL_CITY_EXPOSURE,30.993041661224193,-86.43689935553871,36.239491576206895
BLDG 12,1212.0,SUNSHINE WAY,37122,MT JULIET,Lebanon,9501,LEBANON,,438.757465857203,9500,9501,WATCH,POSTAL_CITY_EXPOSURE,19.91703826077532,-86.4370552016006,36.23884403954831
BLDG 13,1302.0,SUNSHINE WAY,37122,MT JULIET,Lebanon,9501,LEBANON,,382.9457863708416,9500,9501,WATCH,POSTAL_CITY_EXPOSURE,10.119121193852203,-86.4372771632059,36.23867263150908
BLDG 14,1505.0,HOLLAND AVE,37122,MT JULIET,Lebanon,9501,LEBANON,,154.9478282014717,9500,9501,HIGH,POSTAL_CITY_EXPOSURE,22.78067917793886,-86.4380044427646,36.238973546822194
BLDG 15,1509.0,HOLLAND AVE,37122,MT JULIET,Lebanon,9501,LEBANON,,104.44918293368745,9500,9501,HIGH,POSTAL_CITY_EXPOSURE,17.33626876506289,-86.4382075146124,36.23880594927281
BLDG 16,1606.0,HOLLAND AVE,37122,MT JULIET,Lebanon,9501,LEBANON,,103.27266345368855,9500,9501,HIGH,POSTAL_CITY_EXPOSURE,8.605617255531936,-86.4382925209147,36.238421233383306
BLDG 17,1605.0,HOLLAND AVE,37122,MT JULIET,Lebanon,9501,LEBANON,,152.5798113390715,9500,9501,HIGH,POSTAL_CITY_EXPOSURE,35.03209153564459,-86.4381130628074,36.23845170606081
BLDG 18,18.0,SUNSHINE WAY,37122,MT JULIET,Lebanon,9501,LEBANON,,405.3120623708204,9500,9501,WATCH,POSTAL_CITY_EXPOSURE,22.50773105011422,-86.4373338341373,36.23808984262011
BLDG 19,19.0,SUNSHINE WAY,37122,MT JULIET,Lebanon,9501,LEBANON,,275.59523154016347,9500,9501,WATCH,POSTAL_CITY_EXPOSURE,35.49958810815593,-86.4378627655631,36.237800351904205
BLDG 20,2003.0,HOLLAND AVE,37122,MT JULIET,Lebanon,9501,LEBANON,,134.04755291355744,9500,9501,HIGH,POSTAL_CITY_EXPOSURE,8.866687036026011,-86.4384035057197,36.23756402198031
BLDG 21,2103.0,HOLLAND AVE,37122,MT JULIET,Lebanon,9501,LEBANON,,126.83772670663241,9500,9501,HIGH,POSTAL_CITY_EXPOSURE,17.602217088888526,-86.4384406216975,36.2368981980478
BLDG 1,102.0,REUNION BLVD,37122,MT JULIET,Lebanon,9501,LEBANON,,220.09605914048802,9500,9501,HIGH,POSTAL_CITY_EXPOSURE,35.93581861409787,-86.4345839621454,36.241332531874306
BLDG 2,204.0,REUNION BLVD,37122,MT JULIET,Lebanon,9501,LEBANON,,120.0954963728408,9500,9501,HIGH,POSTAL_CITY_EXPOSURE,27.5671795583822,-86.4348197141224,36.24084011112738
BLDG A,1407.0,TOSHIBA DR,37087,LEBANON,Lebanon,9501,LEBANON,,1231.0426115353473,9500,9501,NORMAL,,18.07624539848319,-86.3236687255089,36.232468488728095
BLDG B,1407.0,TOSHIBA DR,37087,LEBANON,Lebanon,9501,LEBANON,,1100.3081400042558,9500,9501,NORMAL,,24.713890962019885,-86.3236445457097,36.232897574358084
BLDG I,1407.0,TOSHIBA DR,37087,LEBANON,Lebanon,9501,LEBANON,,1010.464309937535,9500,9501,NORMAL,,22.577780130791616,-86.323599208949,36.233224263158014
BLDG H,1407.0,TOSHIBA DR,37087,LEBANON,Lebanon,9501,LEBANON,,948.3721266390845,9500,9501,WATCH,,25.19523541736517,-86.323590141522,36.23344855633011
BLDG G,1407.0,TOSHIBA DR,37087,LEBANON,Lebanon,9501,LEBANON,,911.4732022827064,9500,9501,WATCH,,29.377239467104072,-86.3237624224778,36.2334656218081
BLDG F,1407.0,TOSHIBA DR,37087,LEBANON,Lebanon,9501,LEBANON,,881.0249351887924,9500,9501,WATCH,,25.755818881173766,-86.3239649275233,36.23344855577911
BLDG E,1407.0,TOSHIBA DR,37087,LEBANON,Lebanon,9501,LEBANON,,943.8228044158902,9500,9501,WATCH,,27.12387067240774,-86.3239951519827,36.23322670133501
BLDG D,1407.0,TOSHIBA DR,37087,LEBANON,Lebanon,9501,LEBANON,,1029.6221122570212,9500,9501,NORMAL,,28.584332267098194,-86.3240193315223,36.232943895876105
BLDG C,1407.0,TOSHIBA DR,37087,LEBANON,Lebanon,9501,LEBANON,,1173.8132330701994,9500,9501,NORMAL,,31.00542694665297,-86.3240586229677,36.232487992329006
LOT 1,3233.0,SAUNDERSVILLE FERRY RD,37122,MT JULIET,Unincorporated,9500,(Unincorporated),,1915.3426854968636,8300,9500,NORMAL,POSTAL_CITY_EXPOSURE,58.34737664894939,-86.5464434019243,36.29735365715842
BLDG E,110.0,CEDARWOOD DR,37087,LEBANON,Lebanon,9501,LEBANON,,5119.435535177934,9500,9501,NORMAL,,40.919720989864416,-86.296133139597,36.185725195733504
BLDG F,110.0,CEDARWOOD DR,37087,LEBANON,Lebanon,9501,LEBANON,,5046.232484558281,9500,9501,NORMAL,,34.22885304040979,-86.2961967928258,36.18529462460932
BLDG C,110.0,CEDARWOOD DR,37087,LEBANON,Lebanon,9501,LEBANON,,4721.413841008813,9500,9501,NORMAL,,23.807376736310456,-86.2952480595864,36.18483958647361
BLDG B,110.0,CEDARWOOD DR,37087,LEBANON,Lebanon,9501,LEBANON,,4758.472556225181,9500,9501,NORMAL,,20.657288537791583,-86.2952147174578,36.18505976610108
BLDG A,110.0,CEDARWOOD DR,37087,LEBANON,Lebanon,9501,LEBANON,,4871.361155170237,9500,9501,NORMAL,,25.69099069868295,-86.2952510902738,36.18555149990841
BLDG D,110.0,CEDARWOOD DR,37087,LEBANON,Lebanon,9501,LEBANON,,4637.013035634249,9500,9501,NORMAL,,18.943425884300343,-86.2945690938826,36.18521633835221
OFFICE,110.0,CEDARWOOD DR,37087,LEBANON,Lebanon,9501,LEBANON,,4511.854201835442,9500,9501,NORMAL,,106.88696880312007,-86.2944842227021,36.18472460275122
SHOP,505.0,LAGO VISTA DR,37087,LEBANON,Unincorporated,9500,(Unincorporated),,199.58255047852282,8300,9500,HIGH,POSTAL_CITY_EXPOSURE,17.762230233751044,-86.39670926577841,36.3058390722431
LOT 4,3303.0,SAUNDERSVILLE FERRY RD,37122,MT JULIET,Unincorporated,9500,(Unincorporated),,2322.028947821175,8300,9500,NORMAL,POSTAL_CITY_EXPOSURE,82.1868205125112,-86.5478897485562,36.2978327455991
LOT 3,3255.0,SAUNDERSVILLE FERRY RD,37122,MT JULIET,Unincorporated,9500,(Unincorporated),,2216.1285640625456,8300,9500,NORMAL,POSTAL_CITY_EXPOSURE,89.77252548749587,-86.5475131088176,36.297707897087896
LYNWOOD STATION,1111.0,ORCADIAN DR S,37122,MT JULIET,Mt. Juliet,9503,MT. JULIET,,182.32441017022092,9500,9503,HIGH,BOUNDARY_RISK,46.93798807039158,-86.5076400181506,36.1988907693065
 WASTEWATER TREATMENT FACILITY,239.0,HIDDEN HARBOUR DR,37122,MT JULIET,Unincorporated,9500,(Unincorporated),,3900.859489521828,9500,9503,NORMAL,POSTAL_CITY_EXPOSURE,85.91009247976393,-86.5572502564904,36.24577738165049
SHOP,10141.0,STEWARTS FERRY PIKE,37090,LEBANON,Unincorporated,9500,(Unincorporated),,2801.1420591881547,9500,9501,NORMAL,POSTAL_CITY_EXPOSURE,36.75992736761591,-86.3947325673599,36.11257108945851
BECKWITH APARTMENTS,302.0,BECKWITH AVE,37184,WATERTOWN,Watertown,9502,WATERTOWN,,399.8028852907724,9500,9502,WATCH,,91.31636354772716,-86.1368098975817,36.10333842160819
LOT 2,3241.0,SAUNDERSVILLE FERRY RD,37122,MT JULIET,Unincorporated,9500,(Unincorporated),,2044.547307194113,8300,9500,NORMAL,POSTAL_CITY_EXPOSURE,41.2697846430082,-86.5469013299897,36.297493151138205
BARN,1609.0,BLUEBIRD RD,37087,LEBANON,Unincorporated,9500,(Unincorporated),,657.5835749205917,9500,9501,WATCH,POSTAL_CITY_EXPOSURE,36.31277348349021,-86.261084441997,36.2045537605038
ELDERLY PARENTS 2 BEDROOM APARTMENT,2050.0,UNDERWOOD RD,37122,MT JULIET,Unincorporated,9500,(Unincorporated),,7355.23194841394,7500,9500,NORMAL,POSTAL_CITY_EXPOSURE,20.014059290681814,-86.4494640610042,36.08715333846321
LOT 8,3050.0,HARTSVILLE PIKE,37087,LEBANON,Unincorporated,9500,(Unincorporated),,5956.758075561455,9500,9501,NORMAL,POSTAL_CITY_EXPOSURE,67.69295586644682,-86.2549385156785,36.24552328048281
LOT 7,3082.0,HARTSVILLE PIKE,37087,LEBANON,Unincorporated,9500,(Unincorporated),,6064.817430016874,9500,9501,NORMAL,POSTAL_CITY_EXPOSURE,43.94904010701216,-86.2547380754105,36.2457818613736
LOT 6,3086.0,HARTSVILLE PIKE,37087,LEBANON,Unincorporated,9500,(Unincorporated),,6117.690680806846,9500,9501,NORMAL,POSTAL_CITY_EXPOSURE,42.57825364671595,-86.2546048385232,36.24587924181091
BLDG 13,305.0,HARTMANN DR,37087,LEBANON,Lebanon,9501,LEBANON,,3077.335027226635,9500,9501,NORMAL,,193.73856590479474,-86.3171026815007,36.2254985578046
BLDG 1,305.0,HARTMANN DR,37087,LEBANON,Lebanon,9501,LEBANON,,3274.7385148228805,9500,9501,NORMAL,,72.06802434401307,-86.3170508343412,36.224769612995715
BLDG 4,307.0,HARTMANN DR,37087,LEBANON,Lebanon,9501,LEBANON,,2963.7207704046345,9500,9501,NORMAL,,178.37054675026303,-86.3148066175094,36.224644137583
MAINTENANCE SHED,309.0,HARTMANN DR,37087,LEBANON,Lebanon,9501,LEBANON,,2783.4812378250076,9500,9501,NORMAL,,221.94797711366405,-86.3146886214703,36.225150760751674
BLDG 3,309.0,HARTMANN DR,37087,LEBANON,Lebanon,9501,LEBANON,,2702.3496617512806,9500,9501,NORMAL,,128.49358008552676,-86.3148362448515,36.22546868336053
BLDG 2,311.0,HARTMANN DR,37087,LEBANON,Lebanon,9501,LEBANON,,2580.7627414816416,9500,9501,NORMAL,,74.89699422169906,-86.3161860334034,36.2266607924733
BLDG 5,312.0,HARTMANN DR,37087,LEBANON,Lebanon,9501,LEBANON,,3240.350791819183,9500,9501,NORMAL,,217.03044666651678,-86.3203432416387,36.2276511764989
CRACKER BARREL OFFICES,312.0,HARTMANN DR,37087,LEBANON,Lebanon,9501,LEBANON,,3258.278506650902,9500,9501,NORMAL,,122.98753820474346,-86.3200256446911,36.22762823309801
CRACKER BARREL MAIN OFFICES,305.0,HARTMANN DR,37087,LEBANON,Lebanon,9501,LEBANON,,3206.8201518181554,9500,9501,NORMAL,,425.5126033932685,-86.318109986721,36.2257734042586
HIGH PARK TOWNHOMES,176.0,HIGH PARK CIR,37090,LEBANON,Lebanon,9501,LEBANON,,7996.44481110571,9500,9501,NORMAL,,61.91901130331576,-86.3190396156742,36.197641133461694
APARTMENT ABOVE DETATCHED GARAGE,5285.0,STATESVILLE RD,37184,NORENE,Unincorporated,9500,(Unincorporated),WILSON,21958.30950603663,2100,9500,NORMAL,,23.721789561576948,-86.1256266238029,36.02961278316971
FAMILY EYE MED,404.0,N CASTLE HEIGHTS AVE,37087,LEBANON,Lebanon,9501,LEBANON,,5636.459735474578,9500,9501,NORMAL,,21.567874916078928,-86.3018286376877,36.216808550916916
STAR PHYSICAL THERAPY,404.0,N CASTLE HEIGHTS AVE,37087,LEBANON,Lebanon,9501,LEBANON,,5578.535545246371,9500,9501,NORMAL,,32.843472933246254,-86.3025420762978,36.2169336800601
DOG PARK,408.0,JIM DRAPER BLVD,37087,LEBANON,Lebanon,9501,LEBANON,,5982.587135145892,9500,9501,NORMAL,,61.0876064785553,-86.300088176739,36.215943690159314
BELLE'S LITTLE COUNTRY KITCHEN,210.0,W HIGH ST,37087,LEBANON,Lebanon,9501,LEBANON,,5936.852253832363,9500,9501,NORMAL,,38.850072721574385,-86.2931840081879,36.21235226881691
ANCHOR ACADEMY,314.0,W BADDOUR PKWY,37087,LEBANON,Lebanon,9501,LEBANON,,6564.873493831624,9500,9501,NORMAL,,50.25544458120478,-86.2954504601227,36.212715163105514
WILSON COUNTY SCHOOLS OPERATIONS BUILDING,308.0,W HIGH ST,37087,LEBANON,Lebanon,9501,LEBANON,,6184.774118137584,9500,9501,NORMAL,,57.724448224677175,-86.2941176095159,36.21262962067681
TENN LAKES BREWING COMPANY,300.0,N MAPLE ST,37087,LEBANON,Lebanon,9501,LEBANON,,6088.703712360234,9500,9501,NORMAL,,5.9046841853529175,-86.2933542497257,36.2108992109449
HOOD CONTAINER,1315.0,W BADDOUR PKWY,37087,LEBANON,Lebanon,9501,LEBANON,,5930.231310398358,9500,9501,NORMAL,,104.35343562239238,-86.3246385641404,36.219168639487705
VANDERBILT CENTER FOR WOMENS HEALTH,1421.0,W BADDOUR PKWY,37087,LEBANON,Lebanon,9501,LEBANON,,5414.948372259937,9500,9501,NORMAL,,43.35602171824532,-86.3289448613208,36.220801730957
EMERGENCY ROOM,1411.0,W BADDOUR PKWY,37087,LEBANON,Lebanon,9501,LEBANON,,4912.881524938336,9500,9501,NORMAL,,232.4857847268373,-86.3270329743982,36.2219873496106
VANDERBILT HEALTH,206.0,BABB DR,37087,LEBANON,Lebanon,9501,LEBANON,,5311.478450098144,9500,9501,NORMAL,,79.45976618615583,-86.32615233399942,36.2208522801678
DCI DIALYSIS CLINIC INC,212.0,BABB DR,37087,LEBANON,Lebanon,9501,LEBANON,,4812.074985236071,9500,9501,NORMAL,,65.70699515510692,-86.325867296974,36.22221981218341
SUPERIOR,211.0,BABB DR,37087,LEBANON,Lebanon,9501,LEBANON,,4828.978832101055,9500,9501,NORMAL,,127.36553322433952,-86.3244000255805,36.22221217564891
VOLUNTEER CUMBERLAND MENTAL HEALTH,1404.0,WINTER DR,37087,LEBANON,Lebanon,9501,LEBANON,,4344.287354180096,9500,9501,NORMAL,,69.05555822320314,-86.3259856258059,36.22350659249562
JUST BOX IT STORAGE,307.0,BABB DR,37087,LEBANON,Lebanon,9501,LEBANON,,3369.9413108182894,9500,9501,NORMAL,,97.03981094501782,-86.3239125125894,36.22629008779021
HAMILTON MACHINE,309.0,BABB DR,37087,LEBANON,Lebanon,9501,LEBANON,,2875.5540726912973,9500,9501,NORMAL,,83.98057793140586,-86.3231889336103,36.2277977731482
WEST ROCK,316.0,BABB DR,37087,LEBANON,Lebanon,9501,LEBANON,,2006.406737003645,9500,9501,NORMAL,,128.5739498398057,-86.3223236575841,36.2306374302549
ALLEY CASSETTY BRICK & STONE,1325.0,QUARLES DR,37087,LEBANON,Lebanon,9501,LEBANON,,2209.090949664787,9500,9501,NORMAL,,64.2560149088337,-86.3194763803897,36.23202142822601
THE BRIDGE HOUSE,110.0,W HIGH ST,37087,LEBANON,Lebanon,9501,LEBANON,,5455.266494965072,9500,9501,NORMAL,,28.464028064217075,-86.2914670529542,36.2122312390287
GULF,130.0,E HIGH ST,37087,LEBANON,Lebanon,9501,LEBANON,,4340.364197188185,9500,9501,NORMAL,,40.02331627489992,-86.2875563466891,36.21192084213379
JEWELL AND JANE CO,109.0,PUBLIC SQUARE,37087,LEBANON,Lebanon,9501,LEBANON,,5550.376252319025,9500,9501,NORMAL,,21.49089409221606,-86.2906986845382,36.20847455858251
JACKS GUITARCHEOLOGY,107.0,PUBLIC SQUARE,37087,LEBANON,Lebanon,9501,LEBANON,,5513.662569909648,9500,9501,NORMAL,,23.66602624625314,-86.2905594322548,36.2084589761175
BJS HOT CHICKEN,109.0,N CUMBERLAND ST,37087,LEBANON,Lebanon,9501,LEBANON,,5520.755143731785,9500,9501,NORMAL,,23.56810354031086,-86.2907189203795,36.2087687275544
CEDAR CITY BREWING COMPANY,112.0,PUBLIC SQUARE,37087,LEBANON,Lebanon,9501,LEBANON,,5601.485048993817,9500,9501,NORMAL,,18.271100880107593,-86.2908777385947,36.20846338111981
POLLOW SPARROW BAKERY,102.0,PUBLIC SQUARE,37087,LEBANON,Lebanon,9501,LEBANON,,5552.887653635404,9500,9501,NORMAL,,24.22301290383532,-86.2905538426644,36.208139533702514
 THE SUNDAY FARM AND APIARY,117.0,E MAIN ST,37087,LEBANON,Lebanon,9501,LEBANON,,5376.9597083085855,9500,9501,NORMAL,,10.19185644900972,-86.2898555524463,36.20802430461169
FUTURE HATTONS RESTAURANT,208.0,E MAIN ST,37087,LEBANON,Lebanon,9501,LEBANON,,5267.381547976923,9500,9501,NORMAL,,18.575659917529563,-86.2892300050377,36.20761140716
LIQUOR STORE,1505.0,W MAIN ST,37087,LEBANON,Lebanon,9501,LEBANON,,5930.471222307596,9500,9501,NORMAL,,20.740831751755906,-86.33637420039501,36.2188027684143
EV MOTORS INC,105.0,CARVER LN,37087,LEBANON,Lebanon,9501,LEBANON,,5645.454177306771,9500,9501,NORMAL,,42.38900419264409,-86.3366257165078,36.21996694299211
ALICE & IVY STUDIOS,1432.0,W MAIN ST,37087,LEBANON,Lebanon,9501,LEBANON,,5786.275609848355,9500,9501,NORMAL,,25.36506779376913,-86.3348484497363,36.21657549802672
BELAMOUR BALLET DANCE COMPANY,1411.0,W MAIN ST,37087,LEBANON,Lebanon,9501,LEBANON,,7183.600936283837,9500,9501,NORMAL,,29.740773102676272,-86.3277743154614,36.215778357979005
HOT YOGA,1411.0,W MAIN ST,37087,LEBANON,Lebanon,9501,LEBANON,,7167.285271939166,9500,9501,NORMAL,,25.123414770472415,-86.3280038561616,36.21584042276682
DIFFERENT,1411.0,W MAIN ST,37087,LEBANON,Lebanon,9501,LEBANON,,7173.184552056285,9500,9501,NORMAL,,31.0517218396229,-86.3279053861034,36.2158166047036
LIQUOR STORE,1400.0,W MAIN ST,37087,LEBANON,Lebanon,9501,LEBANON,,7328.205730527456,9500,9501,NORMAL,,33.72597965237487,-86.3280629052448,36.2151151860799
VOLUNTEER AUTO SALES,106.0,WESTHILL DR,37087,LEBANON,Lebanon,9501,LEBANON,,7958.544828493282,9500,9501,NORMAL,,25.916514295144676,-86.32258172176921,36.21245481769731
WASH N ROLL,441.0,HIGHWAY 109 N,37090,LEBANON,Lebanon,9500,(Unincorporated),,82.29297042377577,9500,9501,HIGH,POSTAL_CITY_EXPOSURE,54.705735982371515,-86.4101681232756,36.191814126161304
WHATABURGER,439.0,HIGHWAY 109 N,37090,LEBANON,Lebanon,9500,(Unincorporated),,94.57539046229202,9500,9501,HIGH,POSTAL_CITY_EXPOSURE,55.679960210893775,-86.4098466023412,36.191307400586915
RESULTS PT,443.0,HIGHWAY 109 N,37090,LEBANON,Lebanon,9500,(Unincorporated),,622.9342051506893,9500,9501,WATCH,POSTAL_CITY_EXPOSURE,16.15452907650612,-86.4087214472052,36.19289658746949
GREAT CLIPS,443.0,HIGHWAY 109 N,37090,LEBANON,Lebanon,9500,(Unincorporated),,625.4858231926332,9500,9501,WATCH,POSTAL_CITY_EXPOSURE,17.3718534128524,-86.4086947575389,36.192860619138514
FARM BUREAU,443.0,HIGHWAY 109 N,37090,LEBANON,Lebanon,9500,(Unincorporated),,626.6494926991993,9500,9501,WATCH,POSTAL_CITY_EXPOSURE,15.627706590434496,-86.4086699137993,36.1928143352502
5TH NAIL LOUNGE,443.0,HIGHWAY 109 N,37090,LEBANON,Lebanon,9500,(Unincorporated),,615.835091123859,9500,9501,WATCH,POSTAL_CITY_EXPOSURE,13.874652990567924,-86.4088080918704,36.1930142035701
109 LIQUOR & WINE,443.0,HIGHWAY 109 N,37090,LEBANON,Lebanon,9500,(Unincorporated),,632.3881509552891,9500,9501,WATCH,POSTAL_CITY_EXPOSURE,16.356241116577326,-86.4086282418075,36.19276451866592
STE 200 & 201 UPSTAIRS ARE RESIDENTIAL,204.0,E MAIN ST,37087,LEBANON,Lebanon,9501,LEBANON,,5332.115540317308,9500,9501,NORMAL,,21.228546836889592,-86.2894895576861,36.207644967240896
TRI STAR TRUCK & EQUIPMENT,1229.0,S HARTMANN DR,37090,LEBANON,Lebanon,9501,LEBANON,,1920.4718133496315,9500,9501,NORMAL,,94.37178348017551,-86.3048187841033,36.17417479702849
GROCE ELECTRIC,1803.0,MURFREESBORO RD,37090,LEBANON,Unincorporated,9500,(Unincorporated),,139.99114446176162,9500,9501,HIGH,POSTAL_CITY_EXPOSURE,55.383136642338314,-86.3116155433792,36.14970777256389
 POLLEI ORTHODONICS,325.0,S HARTMANN DR,37087,LEBANON,Lebanon,9501,LEBANON,,6546.936561308662,9500,9501,NORMAL,,34.19760654815991,-86.3259412746994,36.20323335684862
CEDAR CITY TRAIL,1366.0,HICKORY RIDGE RD,37087,LEBANON,Lebanon,9501,LEBANON,,7616.734446688901,9500,9501,NORMAL,,47.764745977369614,-86.3228055184505,36.206203101938094
CHRISTMAS FOR ALL FROM SEPTEMBER-DECEMBER,1301.0,W BADDOUR PKWY,37087,LEBANON,Lebanon,9501,LEBANON,,5617.444773863766,9500,9501,NORMAL,,101.7915056891045,-86.3214429615041,36.2193988833315
TRAILER DEPOT,901.0,CAINSVILLE RD,37087,LEBANON,Lebanon,9501,LEBANON,,3401.808938189701,9500,9501,NORMAL,,59.88455473694433,-86.27937211965802,36.19016435464321
LEBANON PRIMITIVE BAPTIST CHURCH,1364.0,LEEVILLE PIKE,37090,LEBANON,Lebanon,9501,LEBANON,,7107.037783124556,9500,9501,NORMAL,,32.155884699384224,-86.3220829656713,36.196444668388985
BELINDA PARKWAY CHURCH OF CHRIST,436.0,BELINDA PKWY,37122,MT JULIET,Mt. Juliet,9503,MT. JULIET,,1770.4832412683631,9500,9503,NORMAL,,39.317127444131536,-86.4753935980011,36.17460958998968
CALIBER COLLISON,202.0,BELINDA PKWY,37122,MT JULIET,Mt. Juliet,9503,MT. JULIET,,885.6737916788777,9500,9503,WATCH,,70.26986011166684,-86.4894344819771,36.171943703832106
OVERSTOCK OUTLET,126.0,BELINDA PKWY,37122,MT JULIET,Mt. Juliet,9503,MT. JULIET,,972.0618880394557,9500,9503,WATCH,,67.3049107630027,-86.4928552411537,36.171351272229
MT JULIET FIRE STATION 1,104.0,BELINDA PKWY,37122,MT JULIET,Mt. Juliet,9503,MT. JULIET,,1056.4361436396864,9500,9503,NORMAL,,66.31205229044355,-86.4953753226601,36.1708567590802
SPORTSWEAR PROMOTIONS INC,98.0,BELINDA PKWY,37122,MT JULIET,Mt. Juliet,9503,MT. JULIET,,983.773702800255,9500,9503,WATCH,,57.92064035086719,-86.4971463534851,36.1708738961403
TEKNIA NASHVILLE,94.0,BELINDA PKWY,37122,MT JULIET,Mt. Juliet,9503,MT. JULIET,,857.1992751246545,9500,9503,WATCH,,129.43384062280435,-86.4983533234213,36.171099120003085
MUSIC CITY HONDA,88.0,BELINDA PKWY,37122,MT JULIET,Mt. Juliet,9503,MT. JULIET,,864.1848063907931,9500,9503,WATCH,,46.250200054176155,-86.5016103234862,36.170741699678096
BUSY BEE PLUMBING HEATING AND AIR,137.0,SOUTHSIDE PARK DR,37090,LEBANON,Lebanon,9501,LEBANON,,252.11648123140085,9500,9501,WATCH,,55.009743951457196,-86.2995607356055,36.16694154630021
CADES BLUFF,106.0,CADES BLF,37087,LEBANON,Lebanon,9501,LEBANON,,519.6364879189515,9500,9501,WATCH,,67.83351253146859,-86.43577201545172,36.2423814750627
ICE SYSTEMS,125.0,SOUTHSIDE PARK DR,37090,LEBANON,Lebanon,9501,LEBANON,,826.6364961990381,9500,9501,WATCH,,30.834961055874867,-86.3003708929427,36.16862124638741
FERGUSON COUNTER,106.0,HARTMANN COMMERCE DR,37090,LEBANON,Lebanon,9501,LEBANON,,2048.602068136234,9500,9501,NORMAL,,48.406849332309335,-86.3058986830145,36.17573590135769
IGP CERAMICS,107.0,HARTMANN COMMERCE DR,37090,LEBANON,Lebanon,9501,LEBANON,,2378.987451917375,9500,9501,NORMAL,,104.83235282434995,-86.3054710893907,36.17662204556052
CERTECH,107.0,HARTMANN COMMERCE DR,37090,LEBANON,Lebanon,9501,LEBANON,,2345.04522922195,9500,9501,NORMAL,,71.11352081486295,-86.3056621414793,36.176622045908
GYRO & PHILLY STEAK #2,6720.0,EASTGATE BLVD,37090,LEBANON,Lebanon,9501,LEBANON,,1215.2487875334818,9500,9501,NORMAL,,37.50750394475368,-86.4113964056219,36.1871345016195
THE ADOPTED FARMHOUSE COFFEE CO,100.0,PUBLIC SQ,37184,WATERTOWN,Watertown,9502,WATERTOWN,,1139.9820222794979,9500,9502,NORMAL,,7.822077362794701,-86.1334629537658,36.10008540076169
 ,,,,,,9500,(Unincorporated),,8776.837157471355,9500,9501,NORMAL,,,-86.3458134957963,36.150853366143686
 ,2222.0,OLD SHANNON RD,37090,LEBANON,Unincorporated,9500,(Unincorporated),,8900.409281680735,9500,9501,NORMAL,POSTAL_CITY_EXPOSURE,356.5373774325059,-86.3445250614976,36.1501993087263
WATERTOWN CHAMBER OF COMMERCE,100.0,W MAIN ST,37184,WATERTOWN,Watertown,9502,WATERTOWN,,1133.589421089765,9500,9502,NORMAL,,18.45572640392637,-86.1342194268169,36.09992013774581
MUSIC CITY TOYS & COLLECTIBLES,101.0,W MAIN ST,37184,WATERTOWN,Watertown,9502,WATERTOWN,,1137.8246551623245,9500,9502,NORMAL,,17.187696494103466,-86.1342900746156,36.09992114691183
STUDIO 25,412.0,PUBLIC SQ,37184,WATERTOWN,Watertown,9502,WATERTOWN,,1052.5891052786421,9500,9502,NORMAL,,12.157981582168851,-86.1335127296433,36.099833107380896
"THOMAS GRAMLING, CPA",408.0,PUBLIC SQ,37184,WATERTOWN,Watertown,9502,WATERTOWN,,1049.2102025002837,9500,9502,NORMAL,,16.763213794170323,-86.1335797093124,36.09981171217981
ATWOOD WELCOME CENTER,110.0,E MAIN ST,37184,WATERTOWN,Watertown,9502,WATERTOWN,,1045.0011250357425,9500,9502,NORMAL,,9.05684712303751,-86.133346974004,36.09983672276459
THE EVENT ROOM,120.0,E MAIN ST,37184,WATERTOWN,Watertown,9502,WATERTOWN,,1168.0337635901374,9500,9502,NORMAL,,20.400906442138012,-86.1330961077226,36.10022416709781
WATERTOWN SMOKE SHOP,308.0,PUBLIC SQ,37184,WATERTOWN,Watertown,9502,WATERTOWN,,1182.6457570668153,9500,9502,NORMAL,,15.566849897483904,-86.1341292910922,36.10007622661859
SIGNS- SUN GRAPHICS,128.0,DEPOT AVE,37184,WATERTOWN,Watertown,9502,WATERTOWN,,720.7031109759217,9500,9502,WATCH,,20.852930774558555,-86.133599415569,36.09887667165761
LOCAL & MANE HAIR COMPANY,719.0,MCFADDEN CT,37087,LEBANON,Lebanon,9501,LEBANON,,7424.046030341138,9500,9501,NORMAL,,31.833941244491893,-86.30943752745621,36.21155803634599
BRUCE JOHNSON DENTISTRY,716.0,CASTLE HEIGHTS CT,37087,LEBANON,Lebanon,9501,LEBANON,,7429.1932117638835,9500,9501,NORMAL,,51.564129881166224,-86.308955300465,36.21156170700999
AMERICAN ESOTERIC LABORATORIES,715.0,CASTLE HEIGHTS CT,37087,LEBANON,Lebanon,9501,LEBANON,,7271.829744146193,9500,9501,NORMAL,,52.73641948491757,-86.3085276652148,36.21201318628881
MEDICAL ARTS PHARMACY,715.0,CASTLE HEIGHTS CT,37087,LEBANON,Lebanon,9501,LEBANON,,7257.779101900507,9500,9501,NORMAL,,61.88381026188909,-86.3089143563043,36.2120352098792
RMA LAW,109.0,N CASTLE HEIGHTS AVE,37087,LEBANON,Lebanon,9501,LEBANON,,7309.187307476563,9500,9501,NORMAL,,60.21552656751323,-86.3067124896815,36.211983821687305
CASTLE HEIGHTS MILITARY ACADEMY MUSEUM AND ARCHIVES,702.0,CADET CT,37087,LEBANON,Lebanon,9501,LEBANON,,7047.5191521179795,9500,9501,NORMAL,,34.91311116704141,-86.3076269011771,36.21266654138579
VERTREES CLINICAL GROUP,704.0,CADET CT,37087,LEBANON,Lebanon,9501,LEBANON,,6956.95850725351,9500,9501,NORMAL,,41.049804942248485,-86.307977197906,36.21290145445979
JANTZ FAMILY PRACTICE,706.0,CADET CT,37087,LEBANON,Lebanon,9501,LEBANON,,6741.488534279096,9500,9501,NORMAL,,58.24640976746842,-86.3082001134946,36.21348506329911
SAMMY B'S,705.0,CADET CT,37087,LEBANON,Lebanon,9501,LEBANON,,6754.517016244996,9500,9501,NORMAL,,32.10089063552438,-86.3076769436042,36.21347038145889
SOUL TO SOUL AESTHETICS,115.0,N CASTLE HEIGHTS AVE,37087,LEBANON,Lebanon,9501,LEBANON,,7157.197985035043,9500,9501,NORMAL,,76.94192998019315,-86.3060664879794,36.21242795714442
REMAX LEGACY PROPERTIES,115.0,N CASTLE HEIGHTS AVE,37087,LEBANON,Lebanon,9501,LEBANON,,7202.640101624054,9500,9501,NORMAL,,67.8604114781237,-86.3060619371115,36.2123031586843
MIRACLE EAR,115.0,N CASTLE HEIGHTS AVE,37087,LEBANON,Lebanon,9501,LEBANON,,7259.023533724325,9500,9501,NORMAL,,79.44280396016691,-86.3061301781936,36.212145325769704
ALPHA & OMEGA COMPUTER CONSULTANTS,125.0,N CASTLE HEIGHTS AVE,37087,LEBANON,Lebanon,9501,LEBANON,,7014.527390724912,9500,9501,NORMAL,,26.372996407296508,-86.306205435252,36.21281473776452
"TROY LONG, DDS GENERAL & AESTHETIC DENTISTRY",212.0,N CASTLE HEIGHTS AVE,37087,LEBANON,Lebanon,9501,LEBANON,,6400.974921617689,9500,9501,NORMAL,,58.297271454082576,-86.3052476115813,36.2145409804244
FED EX DROP OFF,212.0,N CASTLE HEIGHTS AVE,37087,LEBANON,Lebanon,9501,LEBANON,,6482.014372479957,9500,9501,NORMAL,,62.37488589570357,-86.3051457063683,36.21432251597281
ACADEMY PLACE CLUBHOUSE,1.0,ARMSTRONG CT,37087,LEBANON,Lebanon,9501,LEBANON,,6105.188115850502,9500,9501,NORMAL,,37.90570987281139,-86.3053233118261,36.21535140723251
FARM BUREAU INSURANCE,214.0,N CASTLE HEIGHTS AVE,37087,LEBANON,Lebanon,9501,LEBANON,,6373.829149862636,9500,9501,NORMAL,,35.498030577494596,-86.30439743575592,36.214656084925814
RESOLUTION THERAPY,123.0,N GREENWOOD ST,37087,LEBANON,Lebanon,9501,LEBANON,,6764.438683761355,9500,9501,NORMAL,,28.49176554793163,-86.2956945509237,36.210986934286204
SHINE PRESCHOOL,122.0,N GREENWOOD ST,37087,LEBANON,Lebanon,9501,LEBANON,,6897.280077295457,9500,9501,NORMAL,,19.407911263186442,-86.2961473572229,36.2109688932777
 WILDBERRY CAFE & CATERING,120.0,N GREENWOOD ST,37087,LEBANON,Lebanon,9501,LEBANON,,6969.467934477864,9500,9501,NORMAL,,42.36678198327627,-86.2963709652598,36.21085011823461
CSR ENGINEERING,118.0,N GREENWOOD ST,37087,LEBANON,Lebanon,9501,LEBANON,,6990.770191623164,9500,9501,NORMAL,,42.770040374359816,-86.2964100958639,36.21068473509059
OUR HOUSE-ALCOHOLICS ANONYMOUS,115.0,N GREENWOOD ST,37087,LEBANON,Lebanon,9501,LEBANON,,6830.104661641021,9500,9501,NORMAL,,21.463959685342576,-86.295774677519,36.210290821846094
ACTUARIAL CONSULTING GROUP,111.0,N GREENWOOD ST,37087,LEBANON,Lebanon,9501,LEBANON,,6884.360202635662,9500,9501,NORMAL,,24.280866964155805,-86.2958858068232,36.2099650366784
LAW OFFICES OF THOMAS MAYNARD,111.0,N GREENWOOD ST,37087,LEBANON,Lebanon,9501,LEBANON,,6862.840760451161,9500,9501,NORMAL,,20.27196191649296,-86.2958547390911,36.21014677444421
CHILD ADVOCACY CENTER,107.0,N GREENWOOD ST,37087,LEBANON,Lebanon,9501,LEBANON,,6918.342292137285,9500,9501,NORMAL,,36.45760380486061,-86.295907166159,36.20958902391521
ES PROPERTIES,108.0,N GREENWOOD ST,37087,LEBANON,Lebanon,9501,LEBANON,,7025.975046917079,9500,9501,NORMAL,,27.079640554158193,-86.2963343509009,36.2097989642498
 ,307.0,W MAIN ST,37087,LEBANON,Lebanon,9501,LEBANON,,7258.548563333747,9500,9501,NORMAL,,30.870481500943544,-86.2969227002109,36.20899523450531
THW,321.0,W MAIN ST,37087,LEBANON,Lebanon,9501,LEBANON,,7629.041656158006,9500,9501,NORMAL,,28.926902724525988,-86.2981984273711,36.20894666622287
LIBELLE  BEECH SALON,320.0,W MAIN ST,37087,LEBANON,Lebanon,9501,LEBANON,,7621.353692052263,9500,9501,NORMAL,,34.69893669288582,-86.297977068132,36.20830586927481
C TRACEY PARKS LAW OFFICE,324.0,W MAIN ST,37087,LEBANON,Lebanon,9501,LEBANON,,7692.978927216322,9500,9501,NORMAL,,21.90851851461672,-86.2982780397399,36.208464110258824
THW,325.0,W MAIN ST,37087,LEBANON,Lebanon,9501,LEBANON,,7694.579659880944,9500,9501,NORMAL,,19.450577695761485,-86.2984450296967,36.20901403531241
SUNSHINE YARN SHOP,327.0,W MAIN ST,37087,LEBANON,Lebanon,9501,LEBANON,,7746.495671509854,9500,9501,NORMAL,,48.00533542385785,-86.2986819230309,36.2092255442209
JOHN GALLAHER EYE CARE,401.0,W MAIN ST,37087,LEBANON,Lebanon,9501,LEBANON,,7980.116913316614,9500,9501,NORMAL,,43.415172690480624,-86.2994935732668,36.20923651092459
EFFICIENT HEATING AND COOLING,401.0,W MAIN ST,37087,LEBANON,Lebanon,9501,LEBANON,,7919.122238870004,9500,9501,NORMAL,,43.02416660768651,-86.2992489125688,36.20910647276742
HARDIN FAMILY CHIROPRACTIC,406.0,W MAIN ST,37087,LEBANON,Lebanon,9501,LEBANON,,8107.694762607403,9500,9501,NORMAL,,29.492967239125893,-86.2997207574903,36.20844844272841
SKE HOMES,416.0,W MAIN ST,37087,LEBANON,Lebanon,9501,LEBANON,,8241.277259055938,9500,9501,NORMAL,,25.698370470870557,-86.3002197863624,36.20856594885761
ROYCE BELCHER CPA,420.0,W MAIN ST,37087,LEBANON,Lebanon,9501,LEBANON,,8378.285782528386,9500,9501,NORMAL,,33.60483208329806,-86.3006625043158,36.20844687589149
POWELL & MEADOWS,431.0,W MAIN ST,37087,LEBANON,Lebanon,9501,LEBANON,,8306.976174717014,9500,9501,NORMAL,,43.98559636345067,-86.3017498829837,36.20946368652991
NEUHAUS FOOT & ANKLE,430.0,W MAIN ST,37087,LEBANON,Lebanon,9501,LEBANON,,8618.399130681779,9500,9501,NORMAL,,23.872507639640354,-86.3016527950597,36.20861138425652
WIGGINS JEWLERS,439.0,W MAIN ST,37087,LEBANON,Lebanon,9501,LEBANON,,8343.257905439654,9500,9501,NORMAL,,28.1985529549931,-86.3023459992386,36.20933521530431
LOT 6,267.0,RUTLEDGE LN,37087,LEBANON,Unincorporated,9500,(Unincorporated),,1229.4720205610042,9500,9501,NORMAL,POSTAL_CITY_EXPOSURE,43.96481249038714,-86.2845070171663,36.2444143191873
NEW SHILOH BAPTIST CHURCH,349.0,SUGAR FLAT RD,37087,LEBANON,Unincorporated,9500,(Unincorporated),,20573.850426584824,9500,9501,NORMAL,POSTAL_CITY_EXPOSURE,48.583523215825394,-86.1936073030199,36.23231443313201
LOUISIANA SEAFOOD MARKET,1200.0,S MT JULIET RD,37122,MT JULIET,Mt. Juliet,9503,MT. JULIET,,167.6622228156648,9500,9503,HIGH,BOUNDARY_RISK,34.15998340192203,-86.51686038296542,36.15464315122681
CITGO,1200.0,S MT JULIET RD,37122,MT JULIET,Mt. Juliet,9503,MT. JULIET,,107.83566623340177,9500,9503,HIGH,BOUNDARY_RISK,41.08061194343274,-86.5168452245873,36.15443752075958
PREMIER BARBER,324.0,N CUMBERLAND ST,37087,LEBANON,Lebanon,9501,LEBANON,,5270.513915669188,9500,9501,NORMAL,,25.529071075699903,-86.2907234684253,36.21177792672879
THE MYSTIKAL APOTHICARY,322.0,N CUMBERLAND ST,37087,LEBANON,Lebanon,9501,LEBANON,,5287.519697479358,9500,9501,NORMAL,,13.45415239373687,-86.2907610853246,36.21167682146652
EDWARDS FEED,123.0,W MARKET ST,37087,LEBANON,Lebanon,9501,LEBANON,,5824.105389856944,9500,9501,NORMAL,,42.960891836113674,-86.2920119369932,36.20934121865271
ASSURANT,255.0,ALDI BLVD,37122,MT JULIET,Unincorporated,9500,(Unincorporated),,4060.226938926265,7500,9500,NORMAL,POSTAL_CITY_EXPOSURE,100.26349173693134,-86.43297519530552,36.065405997448885
MCPHERSON CLEANERS,109.0,W MARKET ST,37087,LEBANON,Lebanon,9501,LEBANON,,5708.755677271215,9500,9501,NORMAL,,27.563064844558816,-86.2916339785895,36.20942243640229
LIGHTHOUSE COMPUTER SOLUTIONS,107.0,W MARKET ST,37087,LEBANON,Lebanon,9501,LEBANON,,5671.197366939267,9500,9501,NORMAL,,30.989420397926978,-86.291493807456,36.2093994166485
CANALES AND SON TRUCKING,105.0,W MARKET ST,37087,LEBANON,Lebanon,9501,LEBANON,,5654.528333044374,9500,9501,NORMAL,,28.267592267713663,-86.2914305445719,36.20938640501332
PUBLIC DEFENDER - SHELLEY THOMPSON GARDNER,308.0,N CUMBERLAND ST,37087,LEBANON,Lebanon,9501,LEBANON,,5463.402566653896,9500,9501,NORMAL,,59.20922550678587,-86.2911861765999,36.21082865073208
VILLAGE LAUNDRY MAT,313.0,N CUMBERLAND ST,37087,LEBANON,Lebanon,9501,LEBANON,,5045.274254485373,9500,9501,NORMAL,,36.44002317322945,-86.2897259110026,36.2107685429779
CLEARANCE CENTER,317.0,N CUMBERLAND ST,37087,LEBANON,Lebanon,9501,LEBANON,,5027.027553469706,9500,9501,NORMAL,,34.46507215963882,-86.2897066470257,36.210942330730404
GROOMING LA POO,408.0,N CUMBERLAND ST,37087,LEBANON,Lebanon,9501,LEBANON,,5128.730614643505,9500,9501,NORMAL,,23.151279201980625,-86.2905758753398,36.213075538092305
TRAILERS PLUS,512.0,N CUMBERLAND ST,37087,LEBANON,Lebanon,9501,LEBANON,,5038.919677341837,9500,9501,NORMAL,,68.45963621275757,-86.2905274202347,36.214343762686994
NAPA AUTOCARE,627.0,N CUMBERLAND ST,37087,LEBANON,Lebanon,9501,LEBANON,,4692.393157735086,9500,9501,NORMAL,,47.70251502566351,-86.2894846675435,36.216465764290696
MASTER AUTO SALES & SERVICE,731.0,N CUMBERLAND ST,37087,LEBANON,Lebanon,9501,LEBANON,,4551.701461351529,9500,9501,NORMAL,,41.99332797098204,-86.2890467550114,36.218810239301895
CODY JOES CONSTRUCTION,738.0,N CUMBERLAND ST,37087,LEBANON,Lebanon,9501,LEBANON,,4707.134112146012,9500,9501,NORMAL,,33.32512667975204,-86.2896463863371,36.21955053848093
GARNER CONSTRUCTION,802.0,N CUMBERLAND ST,37087,LEBANON,Lebanon,9501,LEBANON,,4587.251659909139,9500,9501,NORMAL,,45.99209106453676,-86.29018847715982,36.21995366914642
TACOMA,802.0,N CUMBERLAND ST,37087,LEBANON,Lebanon,9501,LEBANON,,4547.17844215063,9500,9501,NORMAL,,72.80986830656076,-86.2902429885102,36.220073386549615
SOLITUDE,802.0,N CUMBERLAND ST,37087,LEBANON,Lebanon,9501,LEBANON,,4501.27086160059,9500,9501,NORMAL,,72.00073283699331,-86.29021876191982,36.22019798946002
MY FAVORITE STORAGE,807.0,N CUMBERLAND ST,37087,LEBANON,Lebanon,9501,LEBANON,,4217.215147348768,9500,9501,NORMAL,,41.22919530580791,-86.2893253709586,36.2208723103663
LEBANON DOJO,112.0,WEBSTER LN,37087,LEBANON,Lebanon,9501,LEBANON,,3772.2167102012204,9500,9501,NORMAL,,27.13497154107047,-86.2914452806997,36.222509224033516
MID CUMBERLAND COMMUNITY ACTION,106.0,WEBSTER LN,37087,LEBANON,Lebanon,9501,LEBANON,,3773.2016153013883,9500,9501,NORMAL,,15.359293399185432,-86.2913241429676,36.2224750207811
GRACE LIFE,1000.0,N CUMBERLAND ST,37087,LEBANON,Lebanon,9501,LEBANON,,3315.113946979103,9500,9501,NORMAL,,54.36488131183045,-86.2915603605084,36.223874921822905
J & T AUTOMOTIVE SOLUTIONS,1103.0,N CUMBERLAND ST,37087,LEBANON,Lebanon,9501,LEBANON,,2647.6552622126437,9500,9501,NORMAL,,16.235614411973497,-86.2898583766516,36.2253480892319
TODD EQUIPMENT,1110.0,N CUMBERLAND ST,37087,LEBANON,Lebanon,9501,LEBANON,,2461.3055306183355,9500,9501,NORMAL,,38.17133033412467,-86.2905670324113,36.22607855437171
TRANSFORCE,1123.0,N CASTLE HEIGHTS AVE,37087,LEBANON,Lebanon,9501,LEBANON,,2764.4142681209864,9500,9501,NORMAL,,22.233773022434175,-86.2918473363269,36.225639904468615
LYMPHACARE,1123.0,N CASTLE HEIGHTS AVE,37087,LEBANON,Lebanon,9501,LEBANON,,2752.038420867226,9500,9501,NORMAL,,36.51955026670261,-86.2920309230165,36.22575898360561
THE GLAM ROOM % SALON,1123.0,N CASTLE HEIGHTS AVE,37087,LEBANON,Lebanon,9501,LEBANON,,2762.8233036595534,9500,9501,NORMAL,,40.8001933379232,-86.29212519661,36.2257679896418
MARLEYS SMOKE SHOP,1123.0,N CASTLE HEIGHTS AVE,37087,LEBANON,Lebanon,9501,LEBANON,,2773.638882246877,9500,9501,NORMAL,,38.307752278553366,-86.2922095481359,36.225772993815944
ANNIE O'S FIREARMS,1123.0,N CASTLE HEIGHTS AVE,37087,LEBANON,Lebanon,9501,LEBANON,,2785.0775240813723,9500,9501,NORMAL,,42.940127509360465,-86.2922926576247,36.225775994799996
LUTTRELL STAFFING,1123.0,N CASTLE HEIGHTS AVE,37087,LEBANON,Lebanon,9501,LEBANON,,2799.0142241071894,9500,9501,NORMAL,,44.13679798606391,-86.292393133971,36.22577999821341
LEBANON HEALTH CARE CENTER,1123.0,N CASTLE HEIGHTS AVE,37087,LEBANON,Lebanon,9501,LEBANON,,2814.481234388829,9500,9501,NORMAL,,45.880387307126654,-86.2924898886354,36.2257779966512
AGL INSURANCE,1123.0,N CASTLE HEIGHTS AVE,37087,LEBANON,Lebanon,9501,LEBANON,,2824.928130159771,9500,9501,NORMAL,,47.288758907042656,-86.2925729988083,36.225786001967904
THE RICE BOX,1123.0,N CASTLE HEIGHTS AVE,37087,LEBANON,Lebanon,9501,LEBANON,,2837.4207848033598,9500,9501,NORMAL,,50.69925122338287,-86.2926523876985,36.225786002511285
COVINGTON CREDIT,1123.0,N CASTLE HEIGHTS AVE,37087,LEBANON,Lebanon,9501,LEBANON,,2849.4561797153056,9500,9501,NORMAL,,49.202765488756924,-86.2927280547968,36.2257860021086
CASTLE HEIGHTS WINE & SPIRITS,1123.0,N CASTLE HEIGHTS AVE,37087,LEBANON,Lebanon,9501,LEBANON,,2920.045673849457,9500,9501,NORMAL,,14.68828494850974,-86.2929389322573,36.2256659220538
LOT 11,525.0,RUTLEDGE LN,37087,LEBANON,Unincorporated,9500,(Unincorporated),,1622.4174237466723,9500,9501,NORMAL,POSTAL_CITY_EXPOSURE,54.2812780278502,-86.2800099898995,36.243916212074
STORAGE SHED BELONGING TO 149 KAREN DR,149.0,KAREN DR,37122,MT JULIET,Unincorporated,9500,(Unincorporated),,897.3520561964854,9500,9503,WATCH,POSTAL_CITY_EXPOSURE,38.05114792860433,-86.4828452737487,36.24150680668972
LOT 1,4533.0,SHERRILLTOWN RD,37184,WATERTOWN,Unincorporated,9500,(Unincorporated),,11647.91103578843,9500,9502,NORMAL,POSTAL_CITY_EXPOSURE,42.39442007000337,-86.1854904346112,36.07222744395421
PAIN MANAGEMENT GROUP,40.0,W CALDWELL ST,37122,MT JULIET,Mt. Juliet,9503,MT. JULIET,,3039.0257949723086,9500,9503,NORMAL,,70.57774610918075,-86.5187578620534,36.20284601485127
ADDRESS FOR FARM USE,740.0,OREGON RD,37085,LASCASSAS,Unincorporated,9500,(Unincorporated),RUTHERFORD,2132.9477867488745,7500,9500,NORMAL,CROSS_COUNTY_POSTAL,70.76071459181304,-86.2431133635643,35.966412765013295
ON TRAC,2500.0,MARTY ROBBINS DR,37090,LEBANON,Unincorporated,9500,(Unincorporated),,777.9464502202524,7500,9500,WATCH,POSTAL_CITY_EXPOSURE,186.9181722989777,-86.3880800423934,36.0380850438117
MID TENN POWERSPORTS,6050.0,LEEVILLE PIKE,37090,LEBANON,Lebanon,9501,LEBANON,,1638.9823202922216,9500,9501,NORMAL,,35.98453238732749,-86.4012406271088,36.1860852656723
CAMP BOW WOW,3085.0,N MT JULIET RD,37122,MT JULIET,Mt. Juliet,9503,MT. JULIET,,4383.658646966116,9500,9503,NORMAL,,55.8769547542099,-86.5155496750654,36.21284810559549
HIGHWAY 109 CHURCH OF CHRIST,3320.0,HIGHWAY 109 N,37122,MT JULIET,Lebanon,9501,LEBANON,,237.85135741976276,9500,9501,HIGH,POSTAL_CITY_EXPOSURE,128.48945769874976,-86.4292548197848,36.22706994233842
SERV PRO,2550.0,HIGHWAY 109 N,37090,LEBANON,Lebanon,9501,LEBANON,,154.94894087727175,9500,9501,HIGH,BOUNDARY_RISK,31.17341949890856,-86.4241484056225,36.217628299155
SPECTRUM,223.0,S COLLEGE ST,37087,LEBANON,Lebanon,9501,LEBANON,,6049.216761825995,9500,9501,NORMAL,,58.477863505562695,-86.2901931808194,36.202964016053905
ESSEN MOTOR COMPANY,7649.0,EASTGATE BLVD,37122,MT JULIET,Lebanon,9501,LEBANON,,1596.5825188125125,9500,9501,NORMAL,POSTAL_CITY_EXPOSURE,26.946157407185556,-86.4291190543508,36.18609244842161
FUTURE COFFEE SHOP,330.0,W DIVISION ST,37122,MT JULIET,Mt. Juliet,9503,MT. JULIET,,1989.0676636624885,9500,9503,NORMAL,,27.630367914195805,-86.52431958840961,36.2025104549482
FUTURE SALON,320.0,W DIVISION ST,37122,MT JULIET,Mt. Juliet,9503,MT. JULIET,,2169.9509643460083,9500,9503,NORMAL,,44.80986976662696,-86.5237977966898,36.2022485206277
AUBREYS,1648.0,W MAIN ST,37087,LEBANON,Lebanon,9501,LEBANON,,5065.796191969523,9500,9501,NORMAL,,20.83974318746278,-86.3423229328621,36.21976775716431
LOT 3,1350.0,MARTHA LEEVILLE RD,37090,LEBANON,Unincorporated,9500,(Unincorporated),,1422.478084398591,9500,9501,NORMAL,POSTAL_CITY_EXPOSURE,68.23867697443673,-86.4147684428295,36.209433593714714
LOT 7,1222.0,MARTHA LEEVILLE RD,37090,LEBANON,Unincorporated,9500,(Unincorporated),,1708.9518146151854,9500,9501,NORMAL,POSTAL_CITY_EXPOSURE,110.84287848441016,-86.4145537048813,36.211518708474415
LOT 5,1306.0,MARTHA LEEVILLE RD,37090,LEBANON,Unincorporated,9500,(Unincorporated),,1507.4078326708036,9500,9501,NORMAL,POSTAL_CITY_EXPOSURE,115.82306173334972,-86.4148128720737,36.210299908961304
LOT 1,1444.0,MARTHA LEEVILLE RD,37090,LEBANON,Unincorporated,9500,(Unincorporated),,1160.0666940581666,9500,9501,NORMAL,POSTAL_CITY_EXPOSURE,68.5304382984884,-86.4152248724072,36.208397348291314
HOUSE TO BE REMOVED,151.0,EDNA GROOMS LN,37184,WATERTOWN,Watertown,9502,WATERTOWN,,870.8878571473905,9500,9502,WATCH,,95.07240859092319,-86.1496655594706,36.10146794379911
HOUSE HAS BEEN REMOVED,311.0,CAINSVILLE RD,37087,LEBANON,Lebanon,9501,LEBANON,,6230.690451661723,9500,9501,NORMAL,,26.347318071257437,-86.2870444370016,36.195805865756
FARM LAND- NO HOME,4200.0,GOSHEN RD,37087,LEBANON,Unincorporated,9500,(Unincorporated),,9377.430927991625,8000,9500,NORMAL,POSTAL_CITY_EXPOSURE,33.54449224070891,-86.1539958776218,36.25525604310409
PUBLIC WORKS,115.0,CLEMMONS RD,37122,MT JULIET,Mt. Juliet,9503,MT. JULIET,,269.9932567229209,9500,9503,WATCH,,153.57027228017765,-86.5099048027635,36.19635123494998
CODES DEPARTMENT,115.0,CLEMMONS RD,37122,MT JULIET,Mt. Juliet,9503,MT. JULIET,,243.74639306983386,9500,9503,HIGH,BOUNDARY_RISK,129.89324407595817,-86.5099711728977,36.19712786482639
REHAB 23,115.0,CLEMMONS RD,37122,MT JULIET,Mt. Juliet,9503,MT. JULIET,,201.31757543585732,9500,9503,HIGH,BOUNDARY_RISK,199.71087774558842,-86.5102057337147,36.196263231496
MODEL HOME,470.0,TOMLINSON POINTE DR,37122,MT JULIET,Mt. Juliet,9500,(Unincorporated),,99.67877982532143,9500,9503,HIGH,POSTAL_CITY_EXPOSURE,33.11785837856644,-86.4872291364371,36.22583888200079
WEST ROCK,302.0,HARTMANN DR,37087,LEBANON,Lebanon,9501,LEBANON,,4023.3800489279492,9500,9501,NORMAL,,84.20934805633857,-86.3199640549894,36.22410291702091
DOLLAR GENERAL,19680.0,CENTRAL PIKE,37090,LEBANON,Unincorporated,9500,(Unincorporated),,18570.673377218875,9500,9501,NORMAL,POSTAL_CITY_EXPOSURE,106.57827229613032,-86.3324783469255,36.10192714059338
VANDERBILT LIFEFLIGHT,1316.0,W BADDOUR PKWY,37087,LEBANON,Lebanon,9501,LEBANON,,6264.711171517684,9500,9501,NORMAL,,44.34510013767234,-86.325720835125,36.21822856216691
WILSON COUNTY COURTHOUSE ANNEX,233.0,E GAY ST,37087,LEBANON,Lebanon,9501,LEBANON,,4710.4047647706375,9500,9501,NORMAL,,39.77103998124126,-86.2868076616336,36.20674630673321
H. T. HACKNEY,102.0,SOUTHSIDE PARK DR,37090,LEBANON,Lebanon,9501,LEBANON,,1578.4593764310919,9500,9501,NORMAL,,31.300055503927975,-86.3030222090096,36.17095178053471
CHICKEN,104.0,SOUTHSIDE PARK DR,37090,LEBANON,Lebanon,9501,LEBANON,,1568.3613144666951,9500,9501,NORMAL,,34.52725304114455,-86.3027371846034,36.17089303439708
GIBSON BROACH & TOOL,105.0,SOUTHSIDE PARK DR,37090,LEBANON,Lebanon,9501,LEBANON,,1787.5755926828353,9500,9501,NORMAL,,47.89482978737477,-86.3018851431895,36.171411956682896
TRI-STAR PAVING,124.0,SOUTHSIDE PARK DR,37090,LEBANON,Lebanon,9501,LEBANON,,724.0393965555675,9500,9501,WATCH,,35.97040802301721,-86.3013818017781,36.168430553898816
EXPRESS TOWING & HEAVY HAULING,132.0,SOUTHSIDE PARK DR,37090,LEBANON,Lebanon,9501,LEBANON,,305.76943331613853,9500,9501,WATCH,,65.89610202482264,-86.3008481393148,36.1672286593652
VIP CAMPGROUND,134.0,SOUTHSIDE PARK DR,37090,LEBANON,Lebanon,9501,LEBANON,,223.30444951971748,9500,9501,HIGH,BOUNDARY_RISK,68.36996046698177,-86.3007848269854,36.166993565343205
DONATION CENTER,321.0,N CUMBERLAND ST,37087,LEBANON,Lebanon,9501,LEBANON,,5002.117541051794,9500,9501,NORMAL,,36.64150647823659,-86.2896670815799,36.211138975575096
TN HAT CO,216.0,HARTMANN DR,37087,LEBANON,Lebanon,9501,LEBANON,,4257.701317359092,9500,9501,NORMAL,,7.899610013104263,-86.3198411738461,36.22313054136849
 MI CORONEL TORTILLA FACTORY,212.0,HARTMANN DR,37087,LEBANON,Lebanon,9501,LEBANON,,4423.668715879963,9500,9501,NORMAL,,10.512227362500507,-86.3199752090622,36.22262351700759
LESTER FARMS,524.0,HARTMANN DR,37087,LEBANON,Lebanon,9501,LEBANON,,286.84668983510034,9500,9501,WATCH,,76.18098233954922,-86.3128033442726,36.23613928508862
KERRY BECHT PHYSICAL THERAPY & MASSAGE,1427.0,W BADDOUR PKWY,37087,LEBANON,Lebanon,9501,LEBANON,,5735.881137617309,9500,9501,NORMAL,,18.324830284408435,-86.3299986996577,36.22007628635932
HEALTH HAPPENS,1417.0,W BADDOUR PKWY,37087,LEBANON,Lebanon,9501,LEBANON,,5737.134114740102,9500,9501,NORMAL,,37.85442040725787,-86.3289183734847,36.2198994329237
HEARING HEALTH CENTER,1417.0,W BADDOUR PKWY,37087,LEBANON,Lebanon,9501,LEBANON,,5730.962960141684,9500,9501,NORMAL,,33.027649578126415,-86.3288023643982,36.219900967259
FAMILY MEDICAL,1407.0,W BADDOUR PKWY,37087,LEBANON,Lebanon,9501,LEBANON,,5772.099002008907,9500,9501,NORMAL,,55.298545061996435,-86.3281880889237,36.2197137856804
EDUCATION CENTER BY GIBBS PHARMACY,1409.0,W BADDOUR PKWY,37087,LEBANON,Lebanon,9501,LEBANON,,5614.880550397719,9500,9501,NORMAL,,32.60039902156019,-86.3277373668926,36.22010502491301
COMMUNITY PATHOLOGY LABS,1409.0,W BADDOUR PKWY,37087,LEBANON,Lebanon,9501,LEBANON,,5589.003288873242,9500,9501,NORMAL,,48.730768361573794,-86.3278609835925,36.2201878749264
DR KIRK- IMPLANT AND ORAL SURGERY,1409.0,W BADDOUR PKWY,37087,LEBANON,Lebanon,9501,LEBANON,,5561.136817519145,9500,9501,NORMAL,,92.07942144617726,-86.3281880890064,36.2202983418653
BARRETT SURGICAL CENTER,1409.0,W BADDOUR PKWY,37087,LEBANON,Lebanon,9501,LEBANON,,5580.17490308207,9500,9501,NORMAL,,53.84864873616247,-86.3280188309182,36.22022776565792
DR LITTMAN- INTERNAL MEDICINE,1419.0,W BADDOUR PKWY,37087,LEBANON,Lebanon,9501,LEBANON,,5572.261374839811,9500,9501,NORMAL,,33.989775889009174,-86.32877954332801,36.22033976712982
DR KHAN- INFECTIOUS DISEASE,1419.0,W BADDOUR PKWY,37087,LEBANON,Lebanon,9501,LEBANON,,5574.986083369747,9500,9501,NORMAL,,36.88533246951365,-86.3289012566502,36.22034897258681
TPMPM- TN PHYSICAL MEDICINE & PAIN MANAGEMENT,1423.0,W BADDOUR PKWY,37087,LEBANON,Lebanon,9501,LEBANON,,5596.968074627287,9500,9501,NORMAL,,31.292096618174085,-86.3293405685003,36.22035357581651
MAN ENTRANCE,1411.0,W BADDOUR PKWY,37087,LEBANON,Lebanon,9501,LEBANON,,5152.2475459067045,9500,9501,NORMAL,,162.19580669200596,-86.3271725379657,36.2213370314123
WOMEN'S PAVILION,1411.0,W BADDOUR PKWY,37087,LEBANON,Lebanon,9501,LEBANON,,5182.603466387265,9500,9501,NORMAL,,131.08030712304216,-86.3279503667754,36.2213216891601
OUTPATIENT CENTER,1421.0,W BADDOUR PKWY,37087,LEBANON,Lebanon,9501,LEBANON,,5113.648823704842,9500,9501,NORMAL,,260.2389177125769,-86.3287110793794,36.22160859217252
VANDERBILT INGRAM CANCER CENTER,1411.0,W BADDOUR PKWY,37087,LEBANON,Lebanon,9501,LEBANON,,4894.277262697342,9500,9501,NORMAL,,418.2596118510918,-86.3287985608111,36.222234558549424
NORTH TOWER,1411.0,W BADDOUR PKWY,37087,LEBANON,Lebanon,9501,LEBANON,,4867.203222801614,9500,9501,NORMAL,,215.37405163315432,-86.32767841160221,36.222167052436085
VANDERBILT OTOLARYNGOLOGY. HEAD &NECK SURGERY,206.0,BABB DR,37087,LEBANON,Lebanon,9501,LEBANON,,5251.289229572466,9500,9501,NORMAL,,19.252904135228096,-86.3261626928447,36.22101790849099
CEDAR RECOVERY,1405.0,W BADDOUR PKWY,37087,LEBANON,Lebanon,9501,LEBANON,,5569.71508577715,9500,9501,NORMAL,,46.00746878117502,-86.3262501751427,36.220144915767015
VANDERBILT ORTHEPEDICS,1405.0,W BADDOUR PKWY,37087,LEBANON,Lebanon,9501,LEBANON,,5575.423389679803,9500,9501,NORMAL,,51.46069662776768,-86.326832120169,36.220151052465496
VANDERBILT HEART & VASCULAR,1405.0,W BADDOUR PKWY,37087,LEBANON,Lebanon,9501,LEBANON,,5606.391729460682,9500,9501,NORMAL,,56.543400150188305,-86.326231156492,36.2200436542535
DR. YONG SUH,1405.0,W BADDOUR PKWY,37087,LEBANON,Lebanon,9501,LEBANON,,5604.93530765792,9500,9501,NORMAL,,49.695851413969635,-86.3268302179011,36.220069736754105
"BANCROFT O'QUINN, ENT",1405.0,W BADDOUR PKWY,37087,LEBANON,Lebanon,9501,LEBANON,,5647.000796308247,9500,9501,NORMAL,,41.345163562987295,-86.3268131017177,36.21995313211341
FLEA MARKET,4994.0,MURFREESBORO RD,37090,LEBANON,Unincorporated,9500,(Unincorporated),,19559.04859461212,9500,9501,NORMAL,POSTAL_CITY_EXPOSURE,265.3783326299453,-86.336137128203,36.0958340458092
EXPRESS TRUCKS AND TRAILER CARE,214.0,MCCOWN DR,37087,LEBANON,Lebanon,9501,LEBANON,,4778.352811584906,9500,9501,NORMAL,,50.26291354141091,-86.3222235453559,36.22261140974562
SMITH INSURANCE,202.0,E GAY ST,37087,LEBANON,Lebanon,9501,LEBANON,,5518.582295598126,9500,9501,NORMAL,,17.658490489371633,-86.2895362723619,36.20650763293259
CHILD SUPPORT SERVICES,125.0,S COLLEGE ST,37087,LEBANON,Lebanon,9501,LEBANON,,5578.32697990609,9500,9501,NORMAL,,19.43025966312816,-86.2897440304219,36.20652016737641
CONSTRUCTION ADDRESS,995.0,TOWNSHIP BLVD,37122,MT JULIET,Lebanon,9501,LEBANON,,604.4659398694611,9500,9501,WATCH,POSTAL_CITY_EXPOSURE,33.85994827600606,-86.43531796246141,36.242237284820106
FUTURE GODDARD SCHOOL,3600.0,LEBANON RD,37087,LEBANON,Lebanon,9501,LEBANON,,839.7084416701016,9500,9501,WATCH,,89.10027929129659,-86.3832065373165,36.231523972154775
 LOT 3,3200.0,HARTSVILLE PIKE,37087,LEBANON,Unincorporated,9500,(Unincorporated),,6611.842535877481,9500,9501,NORMAL,POSTAL_CITY_EXPOSURE,56.97575277474658,-86.2562682416887,36.248825069781795
LOT 2,8085.0,CAINSVILLE RD,37090,NORENE,Unincorporated,9500,(Unincorporated),WILSON,21084.268196354373,9500,9502,NORMAL,,83.26962637326626,-86.2345026776474,36.09884277053789
FUTURE ASSISTED LIVING,915.0,CALLIS XING,37090,LEBANON,Lebanon,9501,LEBANON,,170.93947503569052,9500,9501,HIGH,BOUNDARY_RISK,55.25014804308073,-86.39622688767892,36.17408612192622
LOT 1,8081.0,CAINSVILLE RD,37090,NORENE,Unincorporated,9500,(Unincorporated),WILSON,21191.69033215329,9500,9502,NORMAL,,79.36261510120532,-86.2348725317676,36.099223499420916
WALMART,125.0,WILSON FARMS BLVD,37090,LEBANON,Lebanon,9501,LEBANON,,2414.9247999800114,9500,9501,NORMAL,,121.46374983327281,-86.401839941754,36.18170863141801
SAM'S CLUB,600.0,WILLARD HAGAN DR,37090,LEBANON,Lebanon,9501,LEBANON,,1478.6953602159956,9500,9501,NORMAL,,39.505965805608575,-86.3338585238026,36.18418792757693
WALMART FUEL STATION,123.0,WILSON FARMS BLVD,37090,LEBANON,Lebanon,9501,LEBANON,,1815.3068012585127,9500,9501,NORMAL,,100.31116380933126,-86.4006746987783,36.180269239322016
SAM'S CLUB FUEL STATION,602.0,WILLARD HAGAN DR,37090,LEBANON,Lebanon,9501,LEBANON,,1832.306221378147,9500,9501,NORMAL,,34.42779235808283,-86.33441646107042,36.1853863659583
NOI-NASHVILLE OFFICE INTERIOR,107.0,MUNDY MEMORIAL DR,37122,MT JULIET,Mt. Juliet,9503,MT. JULIET,,437.5912638932447,9500,9503,WATCH,,57.08900319452342,-86.4882875838801,36.1733039414474
CUMBERLAND VILLAS,273.0,BURKENTINE AVE,37087,LEBANON,Lebanon,9501,LEBANON,,4244.352877728712,9500,9501,NORMAL,,38.27992370708395,-86.2898441653989,36.1879815103245
PARKING LOT FOR 155 CEDAR CREEK LN,157.0,CEDAR CREEK LN,37090,LEBANON,Lebanon,9501,LEBANON,,780.9331109441341,9500,9501,WATCH,,134.37827050944483,-86.3885043116654,36.1559460549696
SUITES 100 AND 200-TRU ROOT,1020.0,MEB CT,37122,MT JULIET,Mt. Juliet,9503,MT. JULIET,,1072.1426811721522,9500,9503,NORMAL,,39.43174214891764,-86.5169936986629,36.23330056551252
LOT 7,275.0,RUTLEDGE LN,37087,LEBANON,Unincorporated,9500,(Unincorporated),,1506.796870174309,9500,9501,NORMAL,POSTAL_CITY_EXPOSURE,67.74737301148251,-86.2835437217358,36.244754824038864
SPROUTS FARMERS MARKET,1919.0,N MT JULIET RD,37122,MT JULIET,Mt. Juliet,9503,MT. JULIET,,1511.826798835917,9500,9503,NORMAL,,27.792458903432024,-86.5172930513322,36.19642074196842
SHEPARD SPECIALTY PAPER,112.0,TENNESSEE BLVD,37184,WATERTOWN,Watertown,9502,WATERTOWN,,764.5332117754351,9500,9502,WATCH,,87.96434058631104,-86.1586325053366,36.0992515049424
WALTER J BAIRD MIDDLE SCHOOL,131.0,WJB PRIDE LN,37087,LEBANON,Lebanon,9501,LEBANON,,4489.514234495712,9500,9501,NORMAL,,109.50236423097314,-86.2948438340832,36.22132729781521
SPARTA PIKE AUTO SALES AND REPAIR,1331.0,SPARTA PIKE,37090,LEBANON,Lebanon,9501,LEBANON,,559.8661907089844,9500,9501,WATCH,,111.97039990931655,-86.2628207438493,36.1812096180487
PUCKETTS SUPPLY CO,1501.0,HIGHWAY 109 N,37090,LEBANON,Unincorporated,9500,(Unincorporated),,137.6723276063099,9500,9501,HIGH,POSTAL_CITY_EXPOSURE,139.3094495444334,-86.4167607697384,36.20426862252141
DILLON CABINET & MILLWORK,314.0,BABB DR,37087,LEBANON,Lebanon,9501,LEBANON,,2138.4884422302016,9500,9501,NORMAL,,40.77784301120787,-86.3230253972259,36.2299667869411
CHAMPS AUTO,347.0,S MAPLE ST,37087,LEBANON,Lebanon,9501,LEBANON,,7527.5464266616655,9500,9501,NORMAL,,29.27303705919812,-86.29441011666411,36.20053447917371
J & D EQUIPMENT HAULING,3470.0,W RICHMOND SHOP RD,37090,LEBANON,Unincorporated,9500,(Unincorporated),,18851.03443289581,7500,9500,NORMAL,POSTAL_CITY_EXPOSURE,69.48689005664646,-86.3500366182617,36.0799799363561
GVH DISTRIBUTION,35.0,GENESCO PKWY,37090,LEBANON,Lebanon,9501,LEBANON,,517.3016413036495,9500,9501,WATCH,,53.37073171227274,-86.3951148620267,36.17204250652841
COLES FERRY ELEMENTARY,511.0,COLES FERRY PIKE,37087,LEBANON,Lebanon,9501,LEBANON,,5068.716195468717,9500,9501,NORMAL,,119.04890144047762,-86.2960290071805,36.219189850428315
CARE NOW URGENT CARE,620.0,S MT JULIET RD,37122,MT JULIET,Mt. Juliet,9503,MT. JULIET,,389.7165621543306,9500,9503,WATCH,,36.856465457609914,-86.5156603557223,36.16296632606391
SLEEP NUMBER,622.0,S MT JULIET RD,37122,MT JULIET,Mt. Juliet,9503,MT. JULIET,,399.2880468613872,9500,9503,WATCH,,35.60706362686703,-86.5156734680171,36.16282685241212
WASHTOPIA,640.0,S CUMBERLAND ST,37087,LEBANON,Lebanon,9501,LEBANON,,6041.8060828796115,9500,9501,NORMAL,,44.91895136989808,-86.2962937578688,36.18948423540872
LEBANON DISTRIBUTING,804.0,CARTHAGE HWY,37087,LEBANON,Lebanon,9501,LEBANON,,1430.0041731294093,9500,9501,NORMAL,,81.63847685535006,-86.2759280684479,36.2093618606241
PURITY DAIRY,921.0,E BADDOUR PKWY,37087,LEBANON,Lebanon,9501,LEBANON,,2388.401444396881,9500,9501,NORMAL,,40.50027539690542,-86.2753513354651,36.20146236593491
LEBANON DUMP,923.0,E BADDOUR PKWY,37087,LEBANON,Lebanon,9501,LEBANON,,2204.812074739774,9500,9501,NORMAL,,66.67482866412418,-86.2747173039957,36.20158966124101
WILSON COUNTY HEALTH DEPARTMENT,927.0,E BADDOUR PKWY,37087,LEBANON,Lebanon,9501,LEBANON,,2210.68162258368,9500,9501,NORMAL,,60.061405246140744,-86.2739801277798,36.20077447903049
UT/TSU EXTENSION OFFICE,925.0,E BADDOUR PKWY,37087,LEBANON,Lebanon,9501,LEBANON,,2487.1440981678325,9500,9501,NORMAL,,53.77330054296612,-86.2750874083232,36.200666766664085
QUALITY CARE,932.0,E BADDOUR PKWY,37087,LEBANON,Lebanon,9501,LEBANON,,2821.819867958929,9500,9501,NORMAL,,159.0352753529111,-86.2764404134204,36.200627598479606
FUTURE RESTAURANT,1901.0,N MT JULIET RD,37122,MT JULIET,Mt. Juliet,9503,MT. JULIET,,1740.2126001947324,9500,9503,NORMAL,,52.936425729143885,-86.51823569395431,36.195408725008505
FUTURE RESTAURANT,1909.0,N MT JULIET RD,37122,MT JULIET,Mt. Juliet,9503,MT. JULIET,,1883.245532630806,9500,9503,NORMAL,,48.713920954255954,-86.5185980003573,36.19597474962951
FUTURE RESIDENTIAL DEVELOPMENT,1725.0,N MT JULIET RD,37122,MT JULIET,Mt. Juliet,9503,MT. JULIET,,1324.242703479795,9500,9503,NORMAL,,210.88363512872237,-86.51689330094742,36.19501138175671
EXPRESS OIL & TIRE,11090.0,LEBANON RD,37122,MT JULIET,Mt. Juliet,9503,MT. JULIET,,1536.677826669215,9500,9503,NORMAL,,75.51522405362758,-86.5111075794907,36.2304613801507
CONSTRUCTION ADDRESS FOR DEVONSHIRE,2055.0,DEVONSHIRE DR,37138,OLD HICKORY,Mt. Juliet,9503,MT. JULIET,DAVIDSON,959.412987740393,9500,9503,WATCH,CROSS_COUNTY_POSTAL,17.54629334958041,-86.5711619225592,36.21348866343411
BARN/SECONDARY RESD,6530.0,BRANDY LN,37090,LEBANON,Unincorporated,9500,(Unincorporated),,9156.173612208095,8000,9500,NORMAL,POSTAL_CITY_EXPOSURE,33.78540460163776,-86.1516221081955,36.23838177101419
SEWER TREATMENT FACILITY,212.0,ACMON BLUE RD,37122,MT JULIET,Unincorporated,9500,(Unincorporated),,643.0549736021914,1900,9500,WATCH,POSTAL_CITY_EXPOSURE,54.424914449982936,-86.5236741429918,36.1320653588855
CASSA NASHVILLE MT JULIET WEST,2710.0,S MT JULIET RD,37122,MT JULIET,Unincorporated,9500,(Unincorporated),,1556.7619856097394,1900,9500,NORMAL,POSTAL_CITY_EXPOSURE,185.02172785982697,-86.5198193423869,36.13331965579251
UNITED RENTAL,4017.0,LEBANON RD,37087,LEBANON,Lebanon,9501,LEBANON,,2410.0601755782263,9500,9501,NORMAL,,27.305622066470317,-86.38907680437481,36.23545673289679
JCC,200.0,ROGERS AVE,37087,LEBANON,Lebanon,9501,LEBANON,,4401.171344705006,9500,9501,NORMAL,,38.16531461002217,-86.2880447551568,36.21307394375481
KNOLL CREEK SUBD,1200.0,TUCKER DR,37090,LEBANON,Lebanon,9501,LEBANON,,2185.2303785802887,9500,9501,NORMAL,,163.0962443436304,-86.3411259214688,36.19840080864309
MAIL KIOSK,610.0,E  CASSA WAY,37122,MT JULIET,Unincorporated,9500,(Unincorporated),,2535.7200118128326,1900,9500,NORMAL,POSTAL_CITY_EXPOSURE,29.08606459662847,-86.5171306101502,36.131425415143916
FUTURE SWEETBRIAR PLACE OWNHOMES,127.0,ROSEBUSH LN,37087,LEBANON,Lebanon,9501,LEBANON,,3206.032814627263,9500,9501,NORMAL,,30.07436430162298,-86.2946208487494,36.22566495951659
FUTURE EXXON GAS STATION,3325.0,HIGHWAY 109 N,37090,LEBANON,Lebanon,9501,LEBANON,,322.9596708797155,9500,9501,WATCH,,72.59742218651283,-86.4272072400094,36.2297401630027
PIZZA HUT,3450.0,HIGHWAY 109 N,37122,MT JULIET,Lebanon,9501,LEBANON,,99.24845320905384,9500,9501,HIGH,POSTAL_CITY_EXPOSURE,45.16479771623377,-86.4293672810392,36.23123689283229
ADDISON PARK TOWNHOMES,2071.0,WIDGEON PT,37090,LEBANON,Lebanon,9500,(Unincorporated),,13.263014912860978,9500,9501,CRITICAL,POSTAL_CITY_EXPOSURE,73.11783105466442,-86.4057551631734,36.16875791297881
INTRIGUE GYMNASTICS,300.0,N MAPLE ST,37087,LEBANON,Lebanon,9501,LEBANON,,6079.810149351016,9500,9501,NORMAL,,46.61691862203182,-86.2935539652508,36.211919867884404
MAINTENANCE BUILDING,22.0,HOLLAND AVE,37122,MT JULIET,Lebanon,9501,LEBANON,,241.80985571210093,9500,9501,HIGH,POSTAL_CITY_EXPOSURE,26.361659851167126,-86.4380649265513,36.23730832533439
PET PARK,22.0,HOLLAND AVE,37122,MT JULIET,Lebanon,9501,LEBANON,,284.6929764434484,9500,9501,WATCH,POSTAL_CITY_EXPOSURE,42.329601150865145,-86.4379189562144,36.237308138078106
A- BASEMENT APARTMENT,375.0,LAKESHORE DR,37138,OLD HICKORY,Unincorporated,9500,(Unincorporated),DAVIDSON,4113.209284762898,8305,9500,NORMAL,CROSS_COUNTY_POSTAL,19.295341405091598,-86.5694687690862,36.24320157028962
NO HOME HERE-BUS STOP FOR KIDS FROM 4212 BLUEBIRD RD,2395.0,LOCUST GROVE RD,37090,LEBANON,Unincorporated,9500,(Unincorporated),,11840.63882418306,9500,9501,NORMAL,POSTAL_CITY_EXPOSURE,46.56350191607889,-86.2202801401944,36.19236665769569
ASSURANT RETURNS,255.0,ALDI BLVD,37122,MT JULIET,Unincorporated,9500,(Unincorporated),,3721.2037599884256,7500,9500,NORMAL,POSTAL_CITY_EXPOSURE,92.80865764564864,-86.4338638207465,36.0647777014883
ASSURANT AUTOMATIONS,255.0,ALDI BLVD,37122,MT JULIET,Unincorporated,9500,(Unincorporated),,3553.1983939753154,7500,9500,NORMAL,POSTAL_CITY_EXPOSURE,71.3299745868375,-86.4351651047513,36.064968955392
ASSURANT CPR,255.0,ALDI BLVD,37122,MT JULIET,Unincorporated,9500,(Unincorporated),,3706.6377279363132,7500,9500,NORMAL,POSTAL_CITY_EXPOSURE,90.65418293387779,-86.4352464349806,36.06553075911149
DOLLAR GENERAL,900.0,WEST END STATION DR,37087,LEBANON,Lebanon,9501,LEBANON,,1840.5461876044267,9500,9501,NORMAL,,55.7670650285956,-86.3539130670288,36.2255391155355
AVERITT LANDING,801.0,AVERITT LN,37087,LEBANON,Lebanon,9500,(Unincorporated),,80.35902227670105,9500,9501,HIGH,POSTAL_CITY_EXPOSURE,84.06209685866187,-86.3101988463127,36.2325705925579
DOLLAR GENERAL,8100.0,HIGHWAY 109 N,37087,LEBANON,Unincorporated,9500,(Unincorporated),,10414.529386083954,8300,9500,NORMAL,POSTAL_CITY_EXPOSURE,29.46691495656072,-86.4443920800525,36.29728942497462
HIDDEN VALLEY APTS,711.0,WILLIAMS ST,37087,LEBANON,Lebanon,9501,LEBANON,,3352.6446283075056,9500,9501,NORMAL,,194.28868856565035,-86.277053562492,36.19558184779912
SADLER BROTHERS SASH AND DOOR,610.0,BRIDGESTONE PKWY,37090,LEBANON,Lebanon,9501,LEBANON,,397.28957059310443,9500,9501,WATCH,,38.0012293221051,-86.393727232399,36.140179017253914
NICOLETTO'S,4043.0,N MT JULIET RD,37122,MT JULIET,Mt. Juliet,9503,MT. JULIET,,2995.924290321458,9500,9503,NORMAL,,14.45650138174613,-86.5138097732182,36.22687928722329
ANDY'S FROZEN CUSTARD,4040.0,N MT JULIET RD,37122,MT JULIET,Mt. Juliet,9503,MT. JULIET,,3092.8136521203974,9500,9503,NORMAL,,12.742481494943279,-86.514758307277,36.226625002037984
FUTURE JD SMARTT CT,808.0,AUSTINS WAY,37122,MT JULIET,Unincorporated,9500,(Unincorporated),,2346.4709868803493,1900,9500,NORMAL,POSTAL_CITY_EXPOSURE,431.11521821708953,-86.5303406530299,36.1470720446577
BARTON VILLAGE SALES CENTER,250.0,BARTON VILLAGE BLVD,37090,LEBANON,Lebanon,9500,(Unincorporated),,604.3763264475155,9500,9501,WATCH,POSTAL_CITY_EXPOSURE,92.7798828872354,-86.324589601324,36.17113111558587
CORNERSTONE PLACE SENIOR LIVING,111.0,EMERALD DR,37087,LEBANON,Lebanon,9501,LEBANON,,3924.4357223605307,9500,9501,NORMAL,,65.33189764990402,-86.3260934369002,36.2246626437657
FITNESS GROUP,533.0,W BADDOUR PKWY,37087,LEBANON,Lebanon,9501,LEBANON,,5693.900969781026,9500,9501,NORMAL,,13.179204124512058,-86.3034678218363,36.21657175331012
NASHVILLE METAL ART,533.0,W BADDOUR PKWY,37087,LEBANON,Lebanon,9501,LEBANON,,5631.395676247622,9500,9501,NORMAL,,10.116386375243023,-86.3033792747118,36.21674800712461
WATERFORD PARK,90.0,BROOKCLIFF DR,37122,MT JULIET,Mt. Juliet,9503,MT. JULIET,,65.16062139918344,9500,9503,HIGH,BOUNDARY_RISK,28.783337982241697,-86.4898339278161,36.1591776430405
CAMBRIDGE COMMONS,1733.0,W MAIN ST,37087,LEBANON,Lebanon,9501,LEBANON,,2787.2956097622177,9500,9501,NORMAL,,129.02889315024356,-86.3494773776147,36.223509780667605
HARTMANN CROSSING,1427.0,WRIGHTFORD DR,37087,LEBANON,Lebanon,9501,LEBANON,,699.9969198247461,9500,9501,WATCH,,124.70358694164852,-86.2757386032859,36.2319118366507
MCGREGOR TILGHMAN CEMETARY,,,,,,9501,LEBANON,,808.8221138670299,9500,9501,WATCH,,,-86.4476925198902,36.18673534886181
FUTURE WHISPERING MEADOWS SUBDIVISION,8025.0,RITTER DR,37122,MT JULIET,Unincorporated,9500,(Unincorporated),,267.21863539885356,9500,9503,WATCH,POSTAL_CITY_EXPOSURE,58.15156986549629,-86.546377954542,36.18527220232811
BENDERS COVE SUBD,98.0,MOSS CREEK BLVD,37122,MT JULIET,Mt. Juliet,9500,(Unincorporated),,1134.260874666047,9500,9503,NORMAL,POSTAL_CITY_EXPOSURE,43.92272716261035,-86.492032196363,36.24014784205913
CAMBRIDGE CROSSING SUBD,1700.0,WRENCREST DR,37122,MT JULIET,Unincorporated,9500,(Unincorporated),,1029.664341029817,9500,9503,NORMAL,POSTAL_CITY_EXPOSURE,87.85716443726444,-86.54589407597932,36.24831249606272
FUTURE RESERVE AT MAPLE GROVE TOWNHOUSES,134.0,SADDLE BROOK DR,37087,LEBANON,Lebanon,9501,LEBANON,,5396.236753886778,9500,9501,NORMAL,,326.06334354872814,-86.3333961093774,36.22181536762741
BARTONS MILL SUBDIVISION,202.0,CONGER DR,37087,LEBANON,Lebanon,9501,LEBANON,,204.51727708383476,9500,9501,HIGH,BOUNDARY_RISK,73.04012918665883,-86.3105226830119,36.23139547983419
FUTURE CEDAR CREEK TOWNHOMES,1797.0,HIGHWAY 109 S,37090,LEBANON,Lebanon,9501,LEBANON,,795.8985720171763,9500,9501,WATCH,,494.754303869527,-86.4015669121786,36.156193369602
FUTURE CROSS CREEK VILLAGE DEVELOPMENT,85.0,CROSS CREEK BLVD,37090,LEBANON,Lebanon,9501,LEBANON,,1092.5298986704206,9500,9501,NORMAL,,240.41910115731403,-86.3036469823513,36.1696725966184
CHASE BANK,449.0,HIGHWAY 109 N,37090,LEBANON,Lebanon,9500,(Unincorporated),,71.36714441242927,9500,9501,HIGH,POSTAL_CITY_EXPOSURE,70.62362693675188,-86.4106663930938,36.192739505651396
CHIPOTLE,451.0,HIGHWAY 109 N,37090,LEBANON,Lebanon,9500,(Unincorporated),,72.65561206341638,9500,9501,HIGH,POSTAL_CITY_EXPOSURE,60.54556230601153,-86.4107742876826,36.19295776724402
RED CARPET LIQUOR STORE,2625.0,LEBANON RD,37087,LEBANON,Lebanon,9501,LEBANON,,1695.9714353992163,9500,9501,NORMAL,,34.09112089394633,-86.36644180201891,36.22951781879879
POINTE BARTON TENNIS COURTS,1905.0,POINTE BARTON DR,37087,LEBANON,Unincorporated,9500,(Unincorporated),,7694.375185150418,9500,9501,NORMAL,POSTAL_CITY_EXPOSURE,61.81974991675069,-86.372405817734,36.27648789704841
HOA MAILBOX,1905.0,POINTE BARTON DR,37087,LEBANON,Unincorporated,9500,(Unincorporated),,7633.252804504168,9500,9501,NORMAL,POSTAL_CITY_EXPOSURE,11.246210948003514,-86.3725660149362,36.27633511184982
KOA OFFICE,2100.0,SAFARI CAMP RD,37090,LEBANON,Unincorporated,9500,(Unincorporated),,158.77756204959098,9500,9501,HIGH,POSTAL_CITY_EXPOSURE,14.876862796203,-86.36911383653892,36.1831153790351
KOA PICNIC PAVILION,2100.0,SAFARI CAMP RD,37090,LEBANON,Unincorporated,9500,(Unincorporated),,445.08654908157956,9500,9501,WATCH,POSTAL_CITY_EXPOSURE,75.00620042804626,-86.3692250986191,36.182333633434105
TE2,2100.0,SAFARI CAMP RD,37090,LEBANON,Unincorporated,9500,(Unincorporated),,384.77651123489886,9500,9501,WATCH,POSTAL_CITY_EXPOSURE,18.149635972408337,-86.3697958258481,36.18251031637741
KOA MAINTENANCE RESIDENCE,2050.0,SAFARI CAMP RD,37090,LEBANON,Unincorporated,9500,(Unincorporated),,356.2680141829315,9500,9501,WATCH,POSTAL_CITY_EXPOSURE,17.86150739483639,-86.370615657347,36.182665117816306
KOA MAINTENANCE,2050.0,SAFARI CAMP RD,37090,LEBANON,Unincorporated,9500,(Unincorporated),,468.6895258677569,9500,9501,WATCH,POSTAL_CITY_EXPOSURE,123.70356550095104,-86.3707367921072,36.18236005009952
H1,2100.0,SAFARI CAMP RD,37090,LEBANON,Unincorporated,9500,(Unincorporated),,1296.9053514278487,9500,9501,NORMAL,POSTAL_CITY_EXPOSURE,19.02265651448185,-86.3688546308457,36.17997626687722
H2,2100.0,SAFARI CAMP RD,37090,LEBANON,Unincorporated,9500,(Unincorporated),,1335.5536632209735,9500,9501,NORMAL,POSTAL_CITY_EXPOSURE,17.409558636679208,-86.3689297216021,36.17987171218341
H3,2100.0,SAFARI CAMP RD,37090,LEBANON,Unincorporated,9500,(Unincorporated),,1373.736568215388,9500,9501,NORMAL,POSTAL_CITY_EXPOSURE,18.22572409833513,-86.36901707470992,36.17976877553971
H4,2100.0,SAFARI CAMP RD,37090,LEBANON,Unincorporated,9500,(Unincorporated),,1414.6343909865468,9500,9501,NORMAL,POSTAL_CITY_EXPOSURE,19.506031206064996,-86.369114609511,36.179659184459304
65,2100.0,SAFARI CAMP RD,37090,LEBANON,Unincorporated,9500,(Unincorporated),,885.5528915702035,9500,9501,WATCH,POSTAL_CITY_EXPOSURE,18.080020209998956,-86.3689380049429,36.181108489107196
66,2100.0,SAFARI CAMP RD,37090,LEBANON,Unincorporated,9500,(Unincorporated),,918.9830485448485,9500,9501,WATCH,POSTAL_CITY_EXPOSURE,11.082321381406684,-86.3689245040813,36.18101632688901
67,2100.0,SAFARI CAMP RD,37090,LEBANON,Unincorporated,9500,(Unincorporated),,961.080198190125,9500,9501,WATCH,POSTAL_CITY_EXPOSURE,12.921311567090262,-86.3688886654524,36.18089985700471
68,2100.0,SAFARI CAMP RD,37090,LEBANON,Unincorporated,9500,(Unincorporated),,994.100895124629,9500,9501,WATCH,POSTAL_CITY_EXPOSURE,16.541212613499557,-86.3688725549716,36.180808762612095
69,2100.0,SAFARI CAMP RD,37090,LEBANON,Unincorporated,9500,(Unincorporated),,1033.3678894112377,9500,9501,NORMAL,POSTAL_CITY_EXPOSURE,12.40840298945324,-86.368822371612,36.18069975466599
70,2100.0,SAFARI CAMP RD,37090,LEBANON,Unincorporated,9500,(Unincorporated),,1063.9678808444105,9500,9501,NORMAL,POSTAL_CITY_EXPOSURE,13.444806185822717,-86.3687945249545,36.18061505438519
80,2100.0,SAFARI CAMP RD,37090,LEBANON,Unincorporated,9500,(Unincorporated),,1571.7131500935357,9500,9501,NORMAL,POSTAL_CITY_EXPOSURE,10.136374411590635,-86.3688168016062,36.17922027164201
81,2100.0,SAFARI CAMP RD,37090,LEBANON,Unincorporated,9500,(Unincorporated),,1577.2990122183403,9500,9501,NORMAL,POSTAL_CITY_EXPOSURE,10.051911768643041,-86.3687409031123,36.17920354660762
83,2100.0,SAFARI CAMP RD,37090,LEBANON,Unincorporated,9500,(Unincorporated),,1457.5105664384805,9500,9501,NORMAL,POSTAL_CITY_EXPOSURE,11.520510564290271,-86.368712363216,36.1795321757954
84,2100.0,SAFARI CAMP RD,37090,LEBANON,Unincorporated,9500,(Unincorporated),,1415.9954697291078,9500,9501,NORMAL,POSTAL_CITY_EXPOSURE,12.524436811885822,-86.36868020879142,36.17964567476211
85,2100.0,SAFARI CAMP RD,37090,LEBANON,Unincorporated,9500,(Unincorporated),,1364.46304878527,9500,9501,NORMAL,POSTAL_CITY_EXPOSURE,18.9653577464091,-86.3686494907103,36.17978672304501
86,2100.0,SAFARI CAMP RD,37090,LEBANON,Unincorporated,9500,(Unincorporated),,1332.0661724645738,9500,9501,NORMAL,POSTAL_CITY_EXPOSURE,15.460892906919367,-86.3685989167732,36.17987484243799
87,2100.0,SAFARI CAMP RD,37090,LEBANON,Unincorporated,9500,(Unincorporated),,1296.277319936021,9500,9501,NORMAL,POSTAL_CITY_EXPOSURE,12.112872900180882,-86.3685588443626,36.1799724676045
88,2100.0,SAFARI CAMP RD,37090,LEBANON,Unincorporated,9500,(Unincorporated),,1257.02705383168,9500,9501,NORMAL,POSTAL_CITY_EXPOSURE,10.550141193934596,-86.3685201245766,36.1800796273851
89,2100.0,SAFARI CAMP RD,37090,LEBANON,Unincorporated,9500,(Unincorporated),,1198.0278297059776,9500,9501,NORMAL,POSTAL_CITY_EXPOSURE,12.876859759383885,-86.3685221850198,36.18024177189019
90,2100.0,SAFARI CAMP RD,37090,LEBANON,Unincorporated,9500,(Unincorporated),,1156.9774339943287,9500,9501,NORMAL,POSTAL_CITY_EXPOSURE,13.607714075576363,-86.3685004836111,36.1803541790126
91,2100.0,SAFARI CAMP RD,37090,LEBANON,Unincorporated,9500,(Unincorporated),,1602.4680926134313,9500,9501,NORMAL,POSTAL_CITY_EXPOSURE,13.88926546240314,-86.36865168059,36.179132811935794
93,2100.0,SAFARI CAMP RD,37090,LEBANON,Unincorporated,9500,(Unincorporated),,1528.5962845522465,9500,9501,NORMAL,POSTAL_CITY_EXPOSURE,11.57755167904907,-86.3685741828995,36.179334412520696
94,2100.0,SAFARI CAMP RD,37090,LEBANON,Unincorporated,9500,(Unincorporated),,1489.3657604090192,9500,9501,NORMAL,POSTAL_CITY_EXPOSURE,15.739972849993846,-86.3685380769283,36.17944156434611
95,2100.0,SAFARI CAMP RD,37090,LEBANON,Unincorporated,9500,(Unincorporated),,1447.485042326443,9500,9501,NORMAL,POSTAL_CITY_EXPOSURE,12.55018210116118,-86.3685085418075,36.17955611423381
96,2100.0,SAFARI CAMP RD,37090,LEBANON,Unincorporated,9500,(Unincorporated),,1401.0154287255557,9500,9501,NORMAL,POSTAL_CITY_EXPOSURE,16.262920533982918,-86.3684842948713,36.179683366315984
98,2100.0,SAFARI CAMP RD,37090,LEBANON,Unincorporated,9500,(Unincorporated),,1314.252475446024,9500,9501,NORMAL,POSTAL_CITY_EXPOSURE,15.727684271935145,-86.368382116006,36.179918956768915
38,2100.0,SAFARI CAMP RD,37090,LEBANON,Unincorporated,9500,(Unincorporated),,580.7394561639264,9500,9501,WATCH,POSTAL_CITY_EXPOSURE,25.151756217503184,-86.3700362485298,36.18197629445239
36,2100.0,SAFARI CAMP RD,37090,LEBANON,Unincorporated,9500,(Unincorporated),,581.0665572059155,9500,9501,WATCH,POSTAL_CITY_EXPOSURE,24.020756454322587,-86.3697813000397,36.18197071648551
35,2100.0,SAFARI CAMP RD,37090,LEBANON,Unincorporated,9500,(Unincorporated),,583.3612215546134,9500,9501,WATCH,POSTAL_CITY_EXPOSURE,29.252489658304302,-86.3696283036371,36.18196164717882
34,2100.0,SAFARI CAMP RD,37090,LEBANON,Unincorporated,9500,(Unincorporated),,585.3308426201904,9500,9501,WATCH,POSTAL_CITY_EXPOSURE,24.27788988943505,-86.3694831562319,36.1819536126161
33,2100.0,SAFARI CAMP RD,37090,LEBANON,Unincorporated,9500,(Unincorporated),,586.813900967664,9500,9501,WATCH,POSTAL_CITY_EXPOSURE,22.707563013427595,-86.36932494041,36.18194667862302
32,2100.0,SAFARI CAMP RD,37090,LEBANON,Unincorporated,9500,(Unincorporated),,585.2440701722617,9500,9501,WATCH,POSTAL_CITY_EXPOSURE,20.746162639255378,-86.3691889740212,36.18194497478849
47,2100.0,SAFARI CAMP RD,37090,LEBANON,Unincorporated,9500,(Unincorporated),,645.4874574619997,9500,9501,WATCH,POSTAL_CITY_EXPOSURE,27.301085971005964,-86.3698824516807,36.1817955375374
46,2100.0,SAFARI CAMP RD,37090,LEBANON,Unincorporated,9500,(Unincorporated),,644.5863041432832,9500,9501,WATCH,POSTAL_CITY_EXPOSURE,25.628561307408358,-86.3697151155285,36.181794990269196
44,2100.0,SAFARI CAMP RD,37090,LEBANON,Unincorporated,9500,(Unincorporated),,649.2326233447684,9500,9501,WATCH,POSTAL_CITY_EXPOSURE,21.82231063941866,-86.3694666489256,36.181777734210414
42,2100.0,SAFARI CAMP RD,37090,LEBANON,Unincorporated,9500,(Unincorporated),,648.8615143572669,9500,9501,WATCH,POSTAL_CITY_EXPOSURE,21.19562779565857,-86.3691803113817,36.18176907235442
41,2100.0,SAFARI CAMP RD,37090,LEBANON,Unincorporated,9500,(Unincorporated),,648.4395302283972,9500,9501,WATCH,POSTAL_CITY_EXPOSURE,25.227912947244608,-86.3690417109105,36.18176313696349
40,2100.0,SAFARI CAMP RD,37090,LEBANON,Unincorporated,9500,(Unincorporated),,639.9145095468062,9500,9501,WATCH,POSTAL_CITY_EXPOSURE,17.630461499842685,-86.3688993067182,36.181782648816196
52,2100.0,SAFARI CAMP RD,37090,LEBANON,Unincorporated,9500,(Unincorporated),,726.9641297142236,9500,9501,WATCH,POSTAL_CITY_EXPOSURE,32.85510417247852,-86.3691819249803,36.1815539254032
GRIFFIN MARKET,14280.0,CENTRAL PIKE,37122,MT JULIET,Unincorporated,9500,(Unincorporated),,2367.9822278265,9500,9501,NORMAL,POSTAL_CITY_EXPOSURE,25.883979196451914,-86.4154983704077,36.134263295913115
JETS PIZZA,1705.0,W MAIN ST,37087,LEBANON,Lebanon,9501,LEBANON,,3349.921287381246,9500,9501,NORMAL,,24.550524409875514,-86.3458500674866,36.223520596245606
CHINA ONE,1705.0,W MAIN ST,37087,LEBANON,Lebanon,9501,LEBANON,,3333.528180668895,9500,9501,NORMAL,,24.6380227106749,-86.3459078908,36.22354004957583
BELTONE HEARING AID CENTER,1705.0,W MAIN ST,37087,LEBANON,Lebanon,9501,LEBANON,,3317.4708513499795,9500,9501,NORMAL,,23.098933748329113,-86.3459629234192,36.2235602652024
STARSTRUCK FARM,10471.0,HIGHWAY 109 N,37087,LEBANON,Unincorporated,9500,(Unincorporated),,3489.709667215566,8300,9500,NORMAL,POSTAL_CITY_EXPOSURE,26.569579401582118,-86.4336197412722,36.32997064893178
JAY BOBS COUNTRY KITCHEN,10471.0,HIGHWAY 109 N,37087,LEBANON,Unincorporated,9500,(Unincorporated),,3652.965736083775,8300,9500,NORMAL,POSTAL_CITY_EXPOSURE,23.89075626317994,-86.4334729311711,36.32943622022731
BREEDENS ORCHARD,631.0,BECKWITH RD,37122,MT JULIET,Unincorporated,9500,(Unincorporated),,3311.8881207325044,9500,9503,NORMAL,POSTAL_CITY_EXPOSURE,64.38944820170987,-86.470261654115,36.225401725041706
EAST NASHVILLE BEER WORKS,1688.0,CALLIS RD,37090,LEBANON,Lebanon,9501,LEBANON,,697.8650067801682,9500,9501,WATCH,,77.73707047590806,-86.3983613291463,36.173563805773604
MAYS CHAPEL BAPTIST CHURCH,661.0,MAYS CHAPEL RD,37122,MT JULIET,Unincorporated,9500,(Unincorporated),,4601.575381999366,9500,9503,NORMAL,POSTAL_CITY_EXPOSURE,39.979821363420804,-86.4697006059665,36.24422925998691
WONDERLAND TIRE,917.0,CARTHAGE HWY,37087,LEBANON,Lebanon,9501,LEBANON,,97.00682914525642,9500,9501,HIGH,BOUNDARY_RISK,95.1445525458191,-86.27073658200452,36.21202385602808
HILLS PET NUTRITION,501.0,DARRELL WALTRIP DR,37090,LEBANON,Unincorporated,9500,(Unincorporated),,2675.350989577486,7500,9500,NORMAL,POSTAL_CITY_EXPOSURE,125.37404909532957,-86.4010772500141,36.04223684544859
FSI,1123.0,DARRELL WALTRIP DR,37090,LEBANON,Unincorporated,9500,(Unincorporated),,3814.921869015872,7500,9500,NORMAL,POSTAL_CITY_EXPOSURE,153.3663182600259,-86.4007376670226,36.045704026146
NEW BALANCE,1125.0,DARRELL WALTRIP DR,37090,LEBANON,Unincorporated,9500,(Unincorporated),,4341.088910378098,7500,9500,NORMAL,POSTAL_CITY_EXPOSURE,137.61878305395646,-86.4006268559176,36.047333851725305
MASYAN EXPRESS,101.0,LOGISTICS DR,37090,LEBANON,Unincorporated,9500,(Unincorporated),,6582.6592575390305,7500,9500,NORMAL,POSTAL_CITY_EXPOSURE,113.77349043840825,-86.4276917324029,36.070854239701006
NATIONAL CEMENT COMPANY,2900.0,HIGHWAY 109 N,37122,MT JULIET,Lebanon,9501,LEBANON,,1270.1095805126256,9500,9501,NORMAL,POSTAL_CITY_EXPOSURE,40.129171400037755,-86.4259773028265,36.22252614688599
GEICO,621.0,S  CUMBERLAND ST,37087,LEBANON,Lebanon,9501,LEBANON,,5282.410657946448,9500,9501,NORMAL,,10.420576222615843,-86.2919202785131,36.19031259018131
OLD GUARD SHACK,104.0,HARTMANN DR,37087,LEBANON,Lebanon,9501,LEBANON,,6256.231035187537,9500,9501,NORMAL,,360.0132473253779,-86.32107803837691,36.21711609551801
JUST BOX IT STORAGE,103.0,MARION ST,37087,LEBANON,Lebanon,9501,LEBANON,,3114.434404116257,9500,9501,NORMAL,,244.22849300288345,-86.2784853914251,36.201523885210214
JUST BOX IT STORAGE,553.0,VICTOR AVE,37087,LEBANON,Lebanon,9501,LEBANON,,3011.3012524461064,9500,9501,NORMAL,,238.17398669610193,-86.2780619185895,36.20154213238022
JUST BOX IT STORAGE,553.0,VICTOR AVE,37087,LEBANON,Lebanon,9501,LEBANON,,2925.2749967548016,9500,9501,NORMAL,,213.1515515674387,-86.277672960873,36.201527914615305
JUST BOX IT STORAGE,918.0,E BADDOUR PKWY,37087,LEBANON,Lebanon,9501,LEBANON,,2606.6490742680476,9500,9501,NORMAL,,177.83347834001108,-86.276643383465,36.20189945524193
JUST BOX IT STORAGE,920.0,E BADDOUR PKWY,37087,LEBANON,Lebanon,9501,LEBANON,,2662.4501527457405,9500,9501,NORMAL,,209.1123049285277,-86.276549075462,36.20159094324991
680 TENNESSEE BLVD,103.0,MARION ST,37087,LEBANON,Lebanon,9501,LEBANON,,3053.2426775088943,9500,9501,NORMAL,,239.3882949499884,-86.2782457318903,36.20154602678102
680 TENNESSEE BLVD,553.0,VICTOR AVE,37087,LEBANON,Lebanon,9501,LEBANON,,2965.217283096765,9500,9501,NORMAL,,226.35752526263823,-86.2778755026662,36.201555514960916
680 TENNESSEE BLVD,920.0,E BADDOUR PKWY,37087,LEBANON,Lebanon,9501,LEBANON,,2639.7803467087615,9500,9501,NORMAL,,211.46930640512946,-86.276618859877,36.20174190973129
IGLESIA JESUCRISTO REY DE REYES,311.0,S COLLEGE ST,37087,LEBANON,Lebanon,9501,LEBANON,,6189.341611000366,9500,9501,NORMAL,,19.33697358239957,-86.29036820220472,36.20229325470261
WILSON COUNTY FUNERAL HOME MAINTENANCE SHOP,314.0,W ADAMS AVE,37087,LEBANON,Lebanon,9501,LEBANON,,8400.060576660071,9500,9501,NORMAL,,195.89513514943093,-86.2994132450009,36.1963589902409
WATERTOWN CITY HALL,8630.0,SPARTA PIKE,37184,WATERTOWN,Watertown,9502,WATERTOWN,,720.5457166145429,9500,9502,WATCH,,32.88103010930749,-86.1392607163266,36.09708693051581
WATERTOWN WATER PLANT,8628.0,SPARTA PIKE,37184,WATERTOWN,Watertown,9502,WATERTOWN,,645.9127056264954,9500,9502,WATCH,,15.745737896099621,-86.139739810545,36.09702738900082
Owned by 6015 Trousdale Ferry Pike,6000.0,TROUSDALE FERRY PIKE,37090,LEBANON,Unincorporated,9500,(Unincorporated),,19374.1455132982,8000,9500,NORMAL,POSTAL_CITY_EXPOSURE,127.93164517651212,-86.1740641741444,36.1988538929958
Shop,7538.0,LINWOOD RD,37090,LEBANON,Unincorporated,9500,(Unincorporated),,20106.25214620894,8000,9500,NORMAL,POSTAL_CITY_EXPOSURE,25.60120347320026,-86.1704435474089,36.192053921970505
7538 LINWOOD RD,7538.0,LINWOOD RD,37090,LEBANON,Unincorporated,9500,(Unincorporated),,19969.25591683277,8000,9500,NORMAL,POSTAL_CITY_EXPOSURE,151.39522675026245,-86.17019192708652,36.1923876005971
7538 LINWOOD RD,7538.0,LINWOOD RD,37090,LEBANON,Unincorporated,9500,(Unincorporated),,20972.50208401825,8000,9500,NORMAL,POSTAL_CITY_EXPOSURE,127.33571416298074,-86.1735680675839,36.1913032792385
WILSON COUNTY FUNERAL HOME MAUSOLEUM,906.0,S MAPLE ST,37087,LEBANON,Lebanon,9501,LEBANON,,8364.480387960552,9500,9501,NORMAL,,443.5072763468571,-86.30079855381,36.1950753097261
CU APTS AND MAINTENANCE,233.0,UNIVERSITY AVE,37087,LEBANON,Lebanon,9501,LEBANON,,7612.6782352347645,9500,9501,NORMAL,,29.130634269621105,-86.2961987291388,36.20419220974311
CLINIC,311.0,W SPRING ST,37087,LEBANON,Lebanon,9501,LEBANON,,7856.497444406717,9500,9501,NORMAL,,22.773422218029026,-86.2978327428674,36.20584954510099
BONE HOUSE,516.0,W SPRING ST,37087,LEBANON,Lebanon,9501,LEBANON,,9601.970263625859,9500,9501,NORMAL,,35.966961246950916,-86.3042684128801,36.20577916192409
STERLING WOODS SUBDIVISION,203.0,STERLING WOODS DR,37122,MT JULIET,Mt. Juliet,9503,MT. JULIET,,1535.6739978176367,9500,9503,NORMAL,,95.82207436605275,-86.491274886483,36.16690354048261
BRIDGE MILL VILLAGE SUBDIVISION,1128.0,STAFFORD DR,37122,MT JULIET,Mt. Juliet,9503,MT. JULIET,,1609.479900395198,9500,9503,NORMAL,,121.6288650549848,-86.4913969001633,36.1670874380406
DEL WEBB CLUBHOUSE,1100.0,DEL WEBB BLVD,37122,MT JULIET,Mt. Juliet,9503,MT. JULIET,,1654.9292259118279,9500,9503,NORMAL,,42.558409016893926,-86.4726773113571,36.1645429958265
ELITE WELDING,500.0,E MAIN ST,37087,LEBANON,Lebanon,9501,LEBANON,,3415.335200469928,9500,9501,NORMAL,,42.269407220101144,-86.2823942121322,36.206990362968305
SUNSET HARBOUR,239.0,HIDDEN HARBOUR DR,37122,MT JULIET,Unincorporated,9500,(Unincorporated),,4150.77235987867,9500,9503,NORMAL,POSTAL_CITY_EXPOSURE,361.4632419136902,-86.5581677490967,36.24535354500673
LAUREL VALLEY APTS,1395.0,N MT JULIET RD,37122,MT JULIET,Mt. Juliet,9503,MT. JULIET,,15.21729663136638,9500,9503,CRITICAL,BOUNDARY_RISK,200.21089945797448,-86.51309051721552,36.191293822909394
BRADSHAW FARMS GUARD SHACK,150.0,VANNER RD,37122,MT JULIET,Mt. Juliet,9503,MT. JULIET,,1718.0849150882643,9500,9503,NORMAL,,24.50721478588459,-86.4862631513855,36.209631778418895
305 HARTMANN DR,305.0,HARTMANN DR,37087,LEBANON,Lebanon,9501,LEBANON,,3056.0212681313524,9500,9501,NORMAL,,197.7088213295859,-86.3170046219183,36.22550808254731
307 HARTMANN DR,309.0,HARTMANN DR,37087,LEBANON,Lebanon,9501,LEBANON,,2794.8149577025274,9500,9501,NORMAL,,199.0451479541524,-86.3147869151986,36.22515739182981
MILL BUSINESS OFFICE,300.0,N MAPLE ST,37087,LEBANON,Lebanon,9501,LEBANON,,5940.979851023709,9500,9501,NORMAL,,11.221485465890694,-86.292890511484,36.211112448979094
MILL BLDG 2,300.0,N MAPLE ST,37087,LEBANON,Lebanon,9501,LEBANON,,6127.42690548781,9500,9501,NORMAL,,78.47830923607806,-86.2937164932721,36.2119072943513
MILL BLDG 3,300.0,N MAPLE ST,37087,LEBANON,Lebanon,9501,LEBANON,,6066.561152089171,9500,9501,NORMAL,,102.84747242151688,-86.293424395021,36.211609083418296
MILL BLDG 4,300.0,N MAPLE ST,37087,LEBANON,Lebanon,9501,LEBANON,,6140.448234253417,9500,9501,NORMAL,,20.25490412770025,-86.2935880245005,36.2111707990766
SS GRAHAM FLORAL,300.0,N MAPLE ST,37087,LEBANON,Lebanon,9501,LEBANON,,6157.823625933717,9500,9501,NORMAL,,12.940199126624327,-86.2936856084849,36.21135463057791
EVENT SALES OFFICE,300.0,N MAPLE ST,37087,LEBANON,Lebanon,9501,LEBANON,,6161.294901697122,9500,9501,NORMAL,,13.399861879893452,-86.2936904227977,36.211320093528116
BLACK SHEEP CAFE & GENERAL STORE,300.0,N MAPLE ST,37087,LEBANON,Lebanon,9501,LEBANON,,6165.239035571297,9500,9501,NORMAL,,14.247025592807605,-86.2936967395835,36.21128496161492
ANCHOR ACADEMY,300.0,N MAPLE ST,37087,LEBANON,Lebanon,9501,LEBANON,,6171.979985342396,9500,9501,NORMAL,,14.846458051536644,-86.29370543186522,36.2112147055692
ANCHOR ACADEMY,300.0,N MAPLE ST,37087,LEBANON,Lebanon,9501,LEBANON,,6175.2661888679595,9500,9501,NORMAL,,15.946743052955258,-86.2937099667604,36.2111818995646
DROPS OF HOPE,300.0,N MAPLE ST,37087,LEBANON,Lebanon,9501,LEBANON,,6178.480285156433,9500,9501,NORMAL,,15.804996336461631,-86.2937137757501,36.21114677284691
DRAGONFLY CABINETRY DESIGN,300.0,N MAPLE ST,37087,LEBANON,Lebanon,9501,LEBANON,,6181.333822941196,9500,9501,NORMAL,,16.05509111720955,-86.2937172427659,36.211116000818194
THE VOLUNTEER NETWORK,300.0,N MAPLE ST,37087,LEBANON,Lebanon,9501,LEBANON,,6185.090037939229,9500,9501,NORMAL,,17.19874762744899,-86.2937235713455,36.21108406104099
ANCHOR ACADEMY,300.0,N MAPLE ST,37087,LEBANON,Lebanon,9501,LEBANON,,6188.54330368436,9500,9501,NORMAL,,17.344496119899038,-86.2937273652781,36.21104487159889
615 REAL PROPERTY,300.0,N MAPLE ST,37087,LEBANON,Lebanon,9501,LEBANON,,6072.984084296335,9500,9501,NORMAL,,21.020131283048777,-86.2933887949903,36.211329130636
CHESLEY SUMMAR PHOTOGRAPHY,300.0,N MAPLE ST,37087,LEBANON,Lebanon,9501,LEBANON,,6076.602467526737,9500,9501,NORMAL,,20.004303552813496,-86.2933947575422,36.2112977126802
WILD COLORS CREATIVE DESIGN STUDIO,300.0,N MAPLE ST,37087,LEBANON,Lebanon,9501,LEBANON,,6080.162861530554,9500,9501,NORMAL,,18.953767965520264,-86.2933999502757,36.211263525302094
RAVENFLIGHT WEB & MEDIA,300.0,N MAPLE ST,37087,LEBANON,Lebanon,9501,LEBANON,,6083.505785315398,9500,9501,NORMAL,,17.894425282569372,-86.2934051566709,36.2112330320452
CENTRAL STAR PILATES,300.0,N MAPLE ST,37087,LEBANON,Lebanon,9501,LEBANON,,6087.093183123779,9500,9501,NORMAL,,16.826759623172645,-86.2934122807768,36.211207769392225
FIVE FOURTEEN HOSPITALITY GROUP,300.0,N MAPLE ST,37087,LEBANON,Lebanon,9501,LEBANON,,6090.635485554153,9500,9501,NORMAL,,16.267238431308773,-86.2934174746338,36.211173889330205
BLACK BEARD BARBERSHOP,300.0,N MAPLE ST,37087,LEBANON,Lebanon,9501,LEBANON,,6098.477657783215,9500,9501,NORMAL,,14.544426741992469,-86.2934309085542,36.2111082784544
MOWING AND MORE,300.0,N MAPLE ST,37087,LEBANON,Lebanon,9501,LEBANON,,6105.964522205692,9500,9501,NORMAL,,13.526961366014538,-86.2934420444105,36.21103743969812
STRUCTURAL TECHNOLOGIES SOLUTIONS,300.0,N MAPLE ST,37087,LEBANON,Lebanon,9501,LEBANON,,6110.4657898021915,9500,9501,NORMAL,,11.955971425970471,-86.2934506590969,36.2110041677645
HOUSE IS BEING BUILT AT 1833 IN 2025/2026.,1833.0,HOLLOWAY RD,37090,LEBANON,Unincorporated,9500,(Unincorporated),,9748.335079476881,9500,9501,NORMAL,POSTAL_CITY_EXPOSURE,16.97106256840858,-86.3555982816584,36.1399297441931
ABC HOME MEDICAL SUPPLY INC,12011.0,VOLUNTEER BLVD,37122,MT JULIET,Mt. Juliet,9503,MT. JULIET,,3673.6903329760535,9501,9503,NORMAL,,17.595736413046694,-86.4651268157912,36.17855091500541
ABC HOME MEDICAL SUPPLY INC,12011.0,VOLUNTEER BLVD,37122,MT JULIET,Mt. Juliet,9503,MT. JULIET,,3657.8956213652064,9501,9503,NORMAL,,23.343838456512938,-86.4650768297096,36.17828986838342
WEMA STATION 7,7239.0,GREENVALE RD,37184,NORENE,Unincorporated,9500,(Unincorporated),WILSON,19827.91079391535,0800,9500,NORMAL,,23.08455343857395,-86.1308357416035,36.01791809630722
STATESVILLE GRANGE,7211.0,GREENVALE RD,37184,NORENE,Unincorporated,9500,(Unincorporated),WILSON,19864.838174661098,0800,9500,NORMAL,,27.667754807082467,-86.1312118068426,36.0178135252527
JENNINGS CEMETERY,7211.0,GREENVALE RD,37184,NORENE,Unincorporated,9500,(Unincorporated),WILSON,20291.645652616084,0800,9500,NORMAL,,402.3532691384201,-86.1322095259662,36.018669636928536
FAKES & HOOKER,219.0,W SPRING ST,37087,LEBANON,Lebanon,9501,LEBANON,,6875.754128345676,9500,9501,NORMAL,,86.49665710227848,-86.2940453638792,36.205526361264305
FAKES & HOOKER,150.0,S MAPLE ST,37087,LEBANON,Lebanon,9501,LEBANON,,6663.299711436479,9500,9501,NORMAL,,182.41782353507153,-86.293625598232,36.206183202951095
FAKES & HOOKER,150.0,S MAPLE ST,37087,LEBANON,Lebanon,9501,LEBANON,,6559.170728364803,9500,9501,NORMAL,,195.17807657209696,-86.2932684065316,36.20623659668281
FAKES & HOOKER,216.0,W GAY ST,37087,LEBANON,Lebanon,9501,LEBANON,,6736.776661074001,9500,9501,NORMAL,,202.87755927543958,-86.2938959403866,36.206179544200175
FAKES & HOOKER,121.0,BAIRD ST,37087,LEBANON,Lebanon,9501,LEBANON,,6919.971464755436,9500,9501,NORMAL,,73.09861758698558,-86.2944692666801,36.205986053875684
FAKES & HOOKER,216.0,W GAY ST,37087,LEBANON,Lebanon,9501,LEBANON,,6684.0040542852275,9500,9501,NORMAL,,80.25984948022587,-86.2938842575503,36.2065247409225
FAKES & HOOKER,222.0,W SPRING ST,37087,LEBANON,Lebanon,9501,LEBANON,,7055.255203019241,9500,9501,NORMAL,,69.53807824431115,-86.2944747143267,36.20495953878229
1277 LIBERTY CHAPEL RD BARN,,,,,,9500,(Unincorporated),,1748.4701374945655,9500,9503,NORMAL,,,-86.50841214674212,36.253014337627505
GCP TRUCK STORAGE,201.0,COUCHVILLE INDUSTRIAL BLVD,37122,MT JULIET,Unincorporated,9500,(Unincorporated),,5190.877943022152,7500,9500,NORMAL,POSTAL_CITY_EXPOSURE,66.75783068576823,-86.4267543477387,36.06543461521081
PUBLIC NOTARY,118.0,S GREENWOOD ST,37087,LEBANON,Lebanon,9501,LEBANON,,7397.171966751622,9500,9501,NORMAL,,9.019062252481106,-86.2967555152508,36.2071453045974
FIELD 5,139.0,LINEBERRY BLVD,37122,MT JULIET,Mt. Juliet,9503,MT. JULIET,,183.05545327278793,9500,9503,HIGH,BOUNDARY_RISK,447.3283863384479,-86.508975246403,36.23377487069689
FIELD 6,120.0,LINEBERRY BLVD,37122,MT JULIET,Mt. Juliet,9503,MT. JULIET,,232.15818504129118,9500,9503,HIGH,BOUNDARY_RISK,403.8942165878411,-86.5094812511238,36.2338197983916
FIELD 7,120.0,LINEBERRY BLVD,37122,MT JULIET,Mt. Juliet,9503,MT. JULIET,,289.36881689935046,9500,9503,WATCH,,402.0521588086826,-86.5100589941677,36.23386165249409
FIELD 8,120.0,LINEBERRY BLVD,37122,MT JULIET,Mt. Juliet,9503,MT. JULIET,,343.5275002855516,9500,9503,WATCH,,441.50713201278893,-86.5105169316523,36.233870791560804
FIELD 9,,,,,,9503,MT. JULIET,,392.0137531107879,9500,9503,WATCH,,,-86.511544327314,36.2342263222205
FIELD 10,,,,,,9503,MT. JULIET,,224.63206265836024,9500,9503,HIGH,BOUNDARY_RISK,,-86.5114965197795,36.2347608022782
FIELD 11,,,,,,9503,MT. JULIET,,319.54332393140726,9500,9503,WATCH,,,-86.5121941326186,36.23484366300801
FIELD 12,,,,,,9503,MT. JULIET,,489.44902275136354,9500,9503,WATCH,,,-86.5122521148094,36.2342980660417
FIELD 14,,,,,,9503,MT. JULIET,,335.06454376998636,9500,9503,WATCH,,,-86.51310488348311,36.2345961896081
10835 LEBANON RD,120.0,LINEBERRY BLVD,37122,MT JULIET,Mt. Juliet,9503,MT. JULIET,,187.16444066953434,9500,9503,HIGH,BOUNDARY_RISK,466.19023248076303,-86.509683890315,36.234032585076214
10835 LEBANON RD,,,,,,9503,MT. JULIET,,349.45195602404414,9500,9503,WATCH,,,-86.5118247816902,36.23452561432442
BODOCK TRUCKING & GRADING LLC ,9393.0,HIGHWAY 109 N,37087,LEBANON,Unincorporated,9500,(Unincorporated),,6293.443542420126,8300,9500,NORMAL,POSTAL_CITY_EXPOSURE,85.98445745100541,-86.4383080453452,36.31414638965461
SHOP,5640.0,SE TATER PEELER RD,37090,LEBANON,Unincorporated,9500,(Unincorporated),,9342.331608631086,9500,9501,NORMAL,POSTAL_CITY_EXPOSURE,90.32625847524656,-86.2915902795523,36.128704831287315
CEDAR CITY LANDSCAPING/SUPPLIES,2991.0,HUNTERS POINT PIKE,37087,LEBANON,Unincorporated,9500,(Unincorporated),,2141.3135265365954,9500,9501,NORMAL,POSTAL_CITY_EXPOSURE,58.06967029251411,-86.2869844405675,36.253718417375396
HOUSE NO LONGER HERE,509.0,BURGESS RD,37122,MT JULIET,Unincorporated,9500,(Unincorporated),,5175.730588473362,7500,9500,NORMAL,POSTAL_CITY_EXPOSURE,359.97721609225425,-86.4490689941284,36.0787047089296
FUTURE 3 HOMES TO BE BUILT,6031.0,SPARTA PIKE,37184,WATERTOWN,Unincorporated,9500,(Unincorporated),,6460.924129685258,9500,9502,NORMAL,POSTAL_CITY_EXPOSURE,76.68790470212814,-86.1849575820965,36.101049462714215
DEL WEB AT BARTONS VILLAGE,101.0,BARTON VILLAGE BLVD,37090,LEBANON,Lebanon,9501,LEBANON,,1497.902088091837,9500,9501,NORMAL,,95.07713197950751,-86.3211575287288,36.17655599064741
BARN - 549 ROUND TOP RD,550.0,ROUND TOP RD,37012,ALEXANDRIA,Unincorporated,9500,(Unincorporated),DEKALB,4620.491410281456,2100,9500,NORMAL,CROSS_COUNTY_POSTAL,140.27221415327105,-86.0676990019417,36.03860154802161
CAMPER SITE,549.0,ROUND TOP RD,37012,ALEXANDRIA,Unincorporated,9500,(Unincorporated),DEKALB,4684.4861053415225,2100,9500,NORMAL,CROSS_COUNTY_POSTAL,15.409299663737972,-86.0669894903703,36.03712727060271
CAMPER SITE,795.0,GOOSE CREEK RD,37012,ALEXANDRIA,Unincorporated,9500,(Unincorporated),DEKALB,105.9259083558557,2100,9500,HIGH,CROSS_COUNTY_POSTAL,16.434085270593506,-86.053303413328,36.070945487224
BASEMENT MOTHER IN LAW QUARTERS,1938.0,BURFORD RD,37087,LEBANON,Unincorporated,9500,(Unincorporated),,6992.363798698496,8300,9500,NORMAL,POSTAL_CITY_EXPOSURE,6.564135973537958,-86.2983576706859,36.2932254974692
MAILBOX LOCATION IS WRONG FOR SEQUENCE,12067.0,CENTRAL PIKE,37122,MT JULIET,Unincorporated,9500,(Unincorporated),,4102.443240765778,9500,9503,NORMAL,POSTAL_CITY_EXPOSURE,27.552280802561857,-86.4487612654645,36.147808166117315
DRIVEWAY IS BETWEEN 11985 & 12033,12055.0,CENTRAL PIKE,37122,MT JULIET,Unincorporated,9500,(Unincorporated),,4101.055797214252,9500,9503,NORMAL,POSTAL_CITY_EXPOSURE,24.293647139282957,-86.449781908232,36.14660122028442
TN CORRECTIONS INSTITUTE,1185.0,S HARTMANN DR,37090,LEBANON,Lebanon,9501,LEBANON,,2014.3447951223434,9500,9501,NORMAL,,58.868044281952855,-86.3142554061294,36.17716857899891
OWNER IS CHANGING FROM 55 BLOODWORTH TO 10200 HWY 109 N. STILL 55 FOR NOW.,10200.0,HIGHWAY 109 N,37087,LEBANON,Unincorporated,9500,(Unincorporated),,4427.575232970562,8300,9500,NORMAL,POSTAL_CITY_EXPOSURE,125.71921355971448,-86.4376939356907,36.326129706878795
WIRE GRASS CONSTRUCTION,3550.0,MURFREESBORO RD,37090,LEBANON,Unincorporated,9500,(Unincorporated),,13508.19489444056,9500,9501,NORMAL,POSTAL_CITY_EXPOSURE,69.26268484717777,-86.3296643823142,36.1159481273393
 TRI STAR AUCTION,3550.0,MURFREESBORO RD,37090,LEBANON,Unincorporated,9500,(Unincorporated),,13518.470298649449,9500,9501,NORMAL,POSTAL_CITY_EXPOSURE,59.72321901970821,-86.3286513148827,36.11557894484552
COVENANT CONSTRUCTION,3550.0,MURFREESBORO RD,37090,LEBANON,Unincorporated,9500,(Unincorporated),,13737.032994655823,9500,9501,NORMAL,POSTAL_CITY_EXPOSURE,65.7892226486999,-86.3292631998694,36.115131555641085
KELLER GROUP,3550.0,MURFREESBORO RD,37090,LEBANON,Unincorporated,9500,(Unincorporated),,13790.941797226267,9500,9501,NORMAL,POSTAL_CITY_EXPOSURE,45.770887737462985,-86.3285607327397,36.114746154915416
MAINE DRILLING & BLASTING,3550.0,MURFREESBORO RD,37090,LEBANON,Unincorporated,9500,(Unincorporated),,14044.79791385702,9500,9501,NORMAL,POSTAL_CITY_EXPOSURE,59.71387306991739,-86.3303899465393,36.114596683069706
THE FOOD TRUCK BARN,1600.0,CALLIS RD,37090,LEBANON,Lebanon,9501,LEBANON,,727.7648642793722,9500,9501,WATCH,,29.029531284739345,-86.3989172428253,36.17292931402689
LEBANON FOOD COURT,706.0,E MAIN ST,37087,LEBANON,Lebanon,9501,LEBANON,,2099.700897023571,9500,9501,NORMAL,,8.574356952374142,-86.2781788016884,36.208548890935816
LEBANON YOUTH BASEBALL & SOFTBALL INDOOR BATTING CAGE,413.0,PARK DR,37087,LEBANON,Lebanon,9501,LEBANON,,5346.184437419292,9500,9501,NORMAL,,32.09150027199303,-86.2848258327107,36.19816723417281
RESTROOMS,413.0,PARK DR,37087,LEBANON,Lebanon,9501,LEBANON,,5446.740525159763,9500,9501,NORMAL,,158.04900491857882,-86.2849507879694,36.19783500951381
CONCESSIONS,423.0,BAIRD PARK CIR,37087,LEBANON,Lebanon,9501,LEBANON,,5631.860153186697,9500,9501,NORMAL,,14.421754984039813,-86.2851638475267,36.197217802143605
GARAGE,557.0,AUSTIN AVE,37090,LEBANON,Lebanon,9501,LEBANON,,597.8149570745665,9500,9501,WATCH,,17.974776691537418,-86.3991637765523,36.14892547627821
GARAGE,412.0,AUSTIN AVE,37090,LEBANON,Lebanon,9501,LEBANON,,1067.6989076512205,9500,9501,NORMAL,,8.450352921713499,-86.3974409102318,36.1476764471775
 GARAGE,448.0,AUSTIN AVE,37090,LEBANON,Lebanon,9501,LEBANON,,1137.0104895730988,9500,9501,NORMAL,,36.91057177523081,-86.3969931875892,36.1497340137148
GARAGE,812.0,CAGER DR,37090,LEBANON,Lebanon,9501,LEBANON,,1116.3407688793254,9500,9501,NORMAL,,21.586063428671906,-86.3973882708665,36.15091328794129
GARAGE,577.0,AUSTIN AVE,37090,LEBANON,Lebanon,9501,LEBANON,,580.9797492583062,9500,9501,WATCH,,18.569505588579403,-86.39923511474372,36.147439079112
CLEANING AUTHORITY,1311.0,W MAIN ST,37087,LEBANON,Lebanon,9501,LEBANON,,7080.931251164825,9500,9501,NORMAL,,31.93058590828779,-86.3222569787344,36.21505151984402
LOT 4,8187.0,CAINSVILLE RD,37090,NORENE,Unincorporated,9500,(Unincorporated),WILSON,22467.02388496499,9500,9502,NORMAL,,91.81263571588387,-86.2391746458628,36.098448724158
LOT 3,8099.0,CAINSVILLE RD,37090,NORENE,Unincorporated,9500,(Unincorporated),WILSON,21311.791438722055,9500,9502,NORMAL,,245.34315593185116,-86.2352627941603,36.09842986816419
LOT 5,8285.0,CAINSVILLE RD,37090,NORENE,Unincorporated,9500,(Unincorporated),WILSON,22268.686596455405,9500,9502,NORMAL,,87.77624721043479,-86.238451034919,36.097156775837405
HICKORY HILLS SUBDIVISION,14787.0,LEBANON RD,37138,OLD HICKORY,Mt. Juliet,9503,MT. JULIET,DAVIDSON,470.5395080643105,9500,9503,WATCH,CROSS_COUNTY_POSTAL,153.419278754666,-86.5720829473528,36.2189213822202
GOOD HOPE UNITED METHODIST,1070.0,N COMMERCE RD,37090,LEBANON,Unincorporated,9500,(Unincorporated),,7233.422722954162,8000,9500,NORMAL,POSTAL_CITY_EXPOSURE,30.05652248795786,-86.1194740882487,36.181063733589305
PARKER HANNIFIN WAREHOUSING,104.0,HARTMANN DR,37087,LEBANON,Lebanon,9501,LEBANON,,6515.7715098944145,9500,9501,NORMAL,,21.00467061454861,-86.3223354089379,36.2169066353149
GREENHILL ESTATES,900.0,S GREENHILL RD,37122,MT JULIET,Mt. Juliet,9500,(Unincorporated),,542.5763167244526,9500,9503,WATCH,POSTAL_CITY_EXPOSURE,26.074408668294502,-86.5524865827961,36.2106869444431
BARRY TATUM ACADEMY,415.0,TENNESSEE BLVD,37087,LEBANON,Lebanon,9501,LEBANON,,4483.931255547111,9500,9501,NORMAL,,111.09480936237277,-86.2831216648252,36.200386829695994
TEMPORARY CONSTRUCTION ADDRESS,1585.0,OLD LEBANON DIRT RD,37122,MT JULIET,Mt. Juliet,9503,MT. JULIET,,280.80228357206784,9500,9503,WATCH,,110.55964255101959,-86.5663310728356,36.196261800649886
WATER TREATMENT FACILITY,445.0,WOODS FERRY RD,37087,LEBANON,Unincorporated,9500,(Unincorporated),,10436.50709515244,8300,9500,NORMAL,POSTAL_CITY_EXPOSURE,17.026254994587678,-86.4447331000692,36.29758293968181
LOT 5,225.0,RUTLEDGE LN,37087,LEBANON,Unincorporated,9500,(Unincorporated),,1154.6425744353126,9500,9501,NORMAL,POSTAL_CITY_EXPOSURE,67.68820826863934,-86.2848132110032,36.24360044363768
JONES BROTHERS ASPHALT PLANT,350.0,MADDOX SIMPSON PKWY,37090,LEBANON,Lebanon,9501,LEBANON,,1289.6330444100506,9500,9501,NORMAL,,51.98461789674457,-86.2863973499419,36.1730311548661
GARAGE ONLY,889.0,MISTY LAKE DR,37087,LEBANON,Unincorporated,9500,(Unincorporated),,2032.8460947208764,8300,9500,NORMAL,POSTAL_CITY_EXPOSURE,10.833971497870845,-86.2910551130678,36.31629683136153
MAINTENANCE BUILDING,104.0,UPTON HTS,37087,LEBANON,Lebanon,9501,LEBANON,,3969.886646555287,9500,9501,NORMAL,,33.90981557134444,-86.2870367811903,36.2180032614522
SHOP,6300.0,SIMMONS BLUFF RD,37090,NORENE,Unincorporated,9500,(Unincorporated),WILSON,23525.921374372017,7500,9500,NORMAL,,79.71925471510772,-86.2546452005085,36.034007562633
MAINTENANCE BUILDING,1515.0,MURFREESBORO RD,37090,LEBANON,Lebanon,9501,LEBANON,,506.9939338037508,9500,9501,WATCH,,59.16588210423384,-86.3066098268472,36.15973221850421
CONCESSIONS,1515.0,MURFREESBORO RD,37090,LEBANON,Lebanon,9501,LEBANON,,1026.5187301676408,9500,9501,NORMAL,,36.00412000117129,-86.3047063220684,36.15987784833852
ADDITIONAL HOME TO BE BUILT ON THIS PROPERTY IN THIS AREA,330.0,W ADAMS AVE,37087,LEBANON,Lebanon,9501,LEBANON,,8868.77593619343,9500,9501,NORMAL,,32.51958107101901,-86.3000385018175,36.19764456677479
H&P LEASING,1448.0,TOSHIBA DR,37087,LEBANON,Lebanon,9501,LEBANON,,3185.9162211244125,9500,9501,NORMAL,,58.926576475616294,-86.3320978718515,36.2282583905655
AMI BUILD,632.0,NONAVILLE RD,37122,MT JULIET,Mt. Juliet,9503,MT. JULIET,,818.1154124999791,9500,9503,WATCH,,9.16437763716978,-86.5300428202666,36.239071605639616
ACCESS AND MOBILITY INC,630.0,NONAVILLE RD,37122,MT JULIET,Mt. Juliet,9503,MT. JULIET,,813.7490264560332,9500,9503,WATCH,,10.31279948140313,-86.5301277788865,36.2390933644922
NEIGHBORHOOD HEALTH,217.0,E HIGH ST,37087,LEBANON,Lebanon,9501,LEBANON,,4073.5248116018724,9500,9501,NORMAL,,14.760079804510866,-86.28679250106092,36.21266466954671
GRADE A CONSTRUCTION(STE 200),9857.0,LEBANON RD,37122,MT JULIET,Mt. Juliet,9503,MT. JULIET,,108.36796408476462,9500,9503,HIGH,BOUNDARY_RISK,12.466204937822024,-86.4893183578184,36.232002588352394
615 OUTDOOR LIVING,9857.0,LEBANON RD,37122,MT JULIET,Mt. Juliet,9503,MT. JULIET,,149.05256220743175,9500,9503,HIGH,BOUNDARY_RISK,10.02343301585743,-86.4896368825755,36.231930280359194
ADMINISTRATIVE BUILDING,400.0,VICTORY LANE DR,37090,LEBANON,Unincorporated,9500,(Unincorporated),,2157.5000257224956,7500,9500,NORMAL,POSTAL_CITY_EXPOSURE,51.41383137015928,-86.4125333832873,36.04620597068282
UNITED WAY,216.0,HARTMANN DR,37087,LEBANON,Lebanon,9501,LEBANON,,4342.331548556033,9500,9501,NORMAL,,6.424960489413732,-86.3198357162657,36.222820385468914
RBA,216.0,HARTMANN DR,37087,LEBANON,Lebanon,9501,LEBANON,,4363.276207620401,9500,9501,NORMAL,,8.227142378424933,-86.3199693007417,36.22283688378442
WYGRAM LLC,216.0,HARTMANN DR,37087,LEBANON,Lebanon,9501,LEBANON,,4323.077798066222,9500,9501,NORMAL,,5.184192858566493,-86.319809031594,36.22287135224549
BRAD DICKENS CPA,216.0,HARTMANN DR,37087,LEBANON,Lebanon,9501,LEBANON,,4368.816003557754,9500,9501,NORMAL,,6.217832557321595,-86.3200167870669,36.22284988891551
MONSTER TRUCK WARS,216.0,HARTMANN DR,37087,LEBANON,Lebanon,9501,LEBANON,,4373.99232753099,9500,9501,NORMAL,,7.5306112677534545,-86.32005406983562,36.2228572036561
G&B CARPENTRY,216.0,HARTMANN DR,37087,LEBANON,Lebanon,9501,LEBANON,,4281.946119637074,9500,9501,NORMAL,,8.525200950210742,-86.3198509171224,36.223049133513406
G&B CARPENTRY,216.0,HARTMANN DR,37087,LEBANON,Lebanon,9501,LEBANON,,4263.800607565715,9500,9501,NORMAL,,9.519978334668295,-86.3200043931328,36.22322531148
MAINSTREET MEDIA,216.0,HARTMANN DR,37087,LEBANON,Lebanon,9501,LEBANON,,4231.4641618048345,9500,9501,NORMAL,,11.245892403863127,-86.3198259450186,36.2232155857932
METRO COURIER SHELVING,216.0,HARTMANN DR,37087,LEBANON,Lebanon,9501,LEBANON,,4366.668001152598,9500,9501,NORMAL,,12.584944164944119,-86.3203828569222,36.22312235645061
NOVOLEX,216.0,HARTMANN DR,37087,LEBANON,Lebanon,9501,LEBANON,,4414.497378803548,9500,9501,NORMAL,,9.613908716362165,-86.3205487723753,36.22306783788262
MATTRESS STORE,216.0,HARTMANN DR,37087,LEBANON,Lebanon,9501,LEBANON,,4457.53515678465,9500,9501,NORMAL,,15.666595813976828,-86.3206867538542,36.223010531845496
ATLANTA SUPERSOURCE INC,216.0,HARTMANN DR,37087,LEBANON,Lebanon,9501,LEBANON,,4498.023646167836,9500,9501,NORMAL,,16.266167496122065,-86.3209817601678,36.22308516324581
ROCKWOOD RECYCLING,216.0,HARTMANN DR,37087,LEBANON,Lebanon,9501,LEBANON,,4629.51798671028,9500,9501,NORMAL,,15.993831351788122,-86.3217454949363,36.22312362354519
FUTURE MT JULIET SELF STORAGE,408.0,E DIVISION ST,37122,LEBANON,Mt. Juliet,9503,MT. JULIET,,266.31917660631063,9500,9503,WATCH,POSTAL_CITY_EXPOSURE,24.368301009017678,-86.5130603542318,36.19641600289362
FUTURE HERON HILL SUBDIVISION,8660.0,SAUNDERSVILLE RD,37122,MT JULIET,Unincorporated,9500,(Unincorporated),,851.2266555957896,9500,9503,WATCH,POSTAL_CITY_EXPOSURE,272.8093178656928,-86.51670097506872,36.268776453472015
HICKORY KNOLL SUBDIVISION,3370.0,HICKORY RIDGE RD,37087,LEBANON,Lebanon,9501,LEBANON,,17.99333442338159,9500,9501,CRITICAL,BOUNDARY_RISK,135.91678849900086,-86.3568488766171,36.2028327663843
QUAIL RUN SUBDIVISION,188.0,HUMMINGBIRD LN,37087,LEBANON,Lebanon,9500,(Unincorporated),,96.52277379552572,9500,9501,HIGH,POSTAL_CITY_EXPOSURE,12.305816140546847,-86.3319244857792,36.25150824457809
FUTURE GROVE AT BARTONS CREEK SUBDIVISION,,,,,,9500,(Unincorporated),,6299.666631646094,9500,9501,NORMAL,,,-86.3699067972365,36.27238056365023
BARTON VILLAGE AMENITY CENTER,300.0,BARTON VILLAGE BLVD,37090,LEBANON,Lebanon,9500,(Unincorporated),,961.8847560759293,9500,9501,WATCH,POSTAL_CITY_EXPOSURE,25.794891140845397,-86.321617617991,36.16977977945659
CENTRAL PIKE ELEMENTARY,13755.0,CENTRAL PIKE,37122,MT JULIET,Unincorporated,9500,(Unincorporated),,5031.306780146059,9500,9501,NORMAL,POSTAL_CITY_EXPOSURE,125.84661011185881,-86.4241654372267,36.13747238604762
B & B SERVICES,671.0,LOVERS LN,37087,LEBANON,Unincorporated,9500,(Unincorporated),,958.2664388513736,9500,9501,WATCH,POSTAL_CITY_EXPOSURE,31.689771435993382,-86.2619126284768,36.2293225476048
LOVERS LANE EVENT SPACE,671.0,LOVERS LN,37087,LEBANON,Unincorporated,9500,(Unincorporated),,882.8815393255669,9500,9501,WATCH,POSTAL_CITY_EXPOSURE,28.38978957751938,-86.2619077519835,36.2290989626685
DEAL MAX,671.0,LOVERS LN,37087,LEBANON,Unincorporated,9500,(Unincorporated),,777.8223126026176,9500,9501,WATCH,POSTAL_CITY_EXPOSURE,38.68354354601463,-86.2619308034029,36.22879255920971
IMPERO WINE DISTRIBUTORS,335.0,INDUSTRIAL DR,37122,MT JULIET,Mt. Juliet,9503,MT. JULIET,,1232.8765871903452,9500,9503,NORMAL,,15.321117575981578,-86.5126228788337,36.2000627238899
RUSSEL @ CO,335.0,INDUSTRIAL DR,37122,MT JULIET,Mt. Juliet,9503,MT. JULIET,,1181.3883018295405,9500,9503,NORMAL,,15.35002399917635,-86.5124873010491,36.19996687435779
INFINITE HITTING,335.0,INDUSTRIAL DR,37122,MT JULIET,Mt. Juliet,9503,MT. JULIET,,1228.9706665386618,9500,9503,NORMAL,,21.818880928198602,-86.5124841153396,36.2002425974429
YAP TRAINING,335.0,INDUSTRIAL DR,37122,MT JULIET,Mt. Juliet,9503,MT. JULIET,,982.9287872346557,9500,9503,WATCH,,48.992161830829694,-86.5117731118597,36.19988936734901
FLATS AT MELROSE,521.0,MELROSE ST,37087,LEBANON,Lebanon,9501,LEBANON,,6397.538852053136,9500,9501,NORMAL,,70.27058362212163,-86.2909456870213,36.19473652099509
RACK AND TAP BAR & GRILL,14803.0,LEBANON RD,37138,OLD HICKORY,Mt. Juliet,9503,MT. JULIET,DAVIDSON,202.12088276634742,9500,9503,HIGH,CROSS_COUNTY_POSTAL,33.049692394521514,-86.5725492214682,36.219802623811816
ALL FOR HIM MINISTRIES,319.0,N COLLEGE ST,37087,LEBANON,Lebanon,9501,LEBANON,,4684.075339212183,9500,9501,NORMAL,,45.77607783685946,-86.288666315598,36.2115749856925
1ST FLOOR- CEDAR CITY RESTORATION,317.0,N COLLEGE ST,37087,LEBANON,Lebanon,9501,LEBANON,,4674.118512898168,9500,9501,NORMAL,,21.805887881775817,-86.2885830981465,36.21134410482621
BUCKINGHAM PLACE TOWNHOMES,55.0,MANCHESTER BLVD,37090,LEBANON,Lebanon,9501,LEBANON,,2118.752742756742,9500,9501,NORMAL,,26.529111840181834,-86.3934693211437,36.236061581667904
HICKORY KNOLL AMENITY CENTER,745.0,ASBURY HAWN DR,37087,LEBANON,Lebanon,9501,LEBANON,,1120.099125984099,9500,9501,NORMAL,,33.68189002646592,-86.3599825323859,36.205352038077486
RPT REALTY,401.0,S MT JULIET RD,37122,MT JULIET,Mt. Juliet,9503,MT. JULIET,,2295.4099949426777,9500,9503,NORMAL,,8.788381276183078,-86.5102064543832,36.16631471196148
NIRVANA CANDY COMPANY,108.0,S CUMBERLAND ST,37087,LEBANON,Lebanon,9501,LEBANON,,5951.26446777957,9500,9501,NORMAL,,4.040855319527063,-86.2914582616541,36.207047336001004
FUTURE MT JULIET PUBLIC WORKS,510.0,CLEMMONS RD,37122,MT JULIET,Mt. Juliet,9500,(Unincorporated),,104.05924851141255,9500,9503,HIGH,POSTAL_CITY_EXPOSURE,54.21661663759138,-86.5056400567087,36.19994326399261
LAGUARDO ELEMENTARY,1690.0,DOUBLE LOG CABIN RD,37087,LEBANON,Unincorporated,9500,(Unincorporated),,6998.245528834932,9500,9501,NORMAL,POSTAL_CITY_EXPOSURE,46.764553718294245,-86.413978473365,36.27343248875878
CANEBRAKE AMENITY CENTER,2346.0,DEVONSHIRE DR,37138,OLD HICKORY,Unincorporated,9500,(Unincorporated),DAVIDSON,244.30192918296893,9500,9503,HIGH,CROSS_COUNTY_POSTAL,17.171438088694433,-86.5755140392298,36.20489244007561
4EVER ECIG,704.0,S CUMBERLAND ST,37087,LEBANON,Lebanon,9501,LEBANON,,5863.5969122479555,9500,9501,NORMAL,,12.300193704696952,-86.2966525908766,36.188457967909606
OFFICE FOR GAS STATION,10576.0,LEBANON RD,37122,MT JULIET,Mt. Juliet,9503,MT. JULIET,,745.7933127043101,9500,9503,WATCH,,12.377215483318103,-86.5023325437437,36.23034099549609
TIM HORTONS,10578.0,LEBANON RD,37122,MT JULIET,Mt. Juliet,9503,MT. JULIET,,805.8141604781486,9500,9503,WATCH,,18.57926438304307,-86.50277115862,36.2307632365334
PUBLIC STORAGE,6350.0,GOLDEN BEAR GTWY,37122,MT JULIET,Mt. Juliet,9503,MT. JULIET,,1408.7242942448504,9500,9503,NORMAL,,129.8220162076252,-86.4704053371288,36.187033057464184
JAY TON,75.0,MADDOX RD,37122,MT JULIET,Unincorporated,9500,(Unincorporated),,4063.3016078668047,7500,9500,NORMAL,POSTAL_CITY_EXPOSURE,79.96933719307779,-86.439628645479,36.069194620777424
WILSON COUNTY BOARD OF EDUCATION ADMINISTRATIVE AND TRAINING COMPLEX,415.0,HARDING DR,37087,LEBANON,Lebanon,9501,LEBANON,,4987.189410168927,9500,9501,NORMAL,,112.36435542420114,-86.2858053352334,36.20171380260199
TREYMOR SUBDIVISION,107.0,TREYMOR DR,37122,MT JULIET,Mt. Juliet,9500,(Unincorporated),,4537.217516871572,9500,9503,NORMAL,POSTAL_CITY_EXPOSURE,80.00075992371391,-86.4923978818386,36.261943768336884
WELLS FARM SUBDIVISION,,,,,,9500,(Unincorporated),,3941.751857278929,9500,9503,NORMAL,,,-86.4940306100758,36.27119216532481
BUSINESS SHOP,8385.0,MURFREESBORO RD,37090,LEBANON,Unincorporated,9500,(Unincorporated),,11318.264157234524,7500,9500,NORMAL,POSTAL_CITY_EXPOSURE,85.4177748396929,-86.3471414291232,36.047201591474995
BAKERY,105.0,LEGACY POINTE BLVD,37122,MT JULIET,Mt. Juliet,9503,MT. JULIET,,1907.643241150455,9500,9503,NORMAL,,29.60572595541696,-86.4605690848578,36.1819385732368
OODLE LOLLIES TOY STORE,105.0,LEGACY POINTE BLVD,37122,MT JULIET,Mt. Juliet,9503,MT. JULIET,,1950.2066204757125,9500,9503,NORMAL,,32.076314395615604,-86.4606517283657,36.181841993070215
FURNITURE STORE,1440.0,RUTLAND DR,37122,MT JULIET,Mt. Juliet,9503,MT. JULIET,,1773.3269223925963,9500,9503,NORMAL,,35.52027990804429,-86.4602883348044,36.182234891440984
NAIL SALON,1440.0,RUTLAND DR,37122,MT JULIET,Mt. Juliet,9503,MT. JULIET,,1776.085249153336,9500,9503,NORMAL,,31.27237907657846,-86.4601676606353,36.1821755528911
 DR BERRY,1440.0,RUTLAND DR,37122,MT JULIET,Mt. Juliet,9503,MT. JULIET,,1777.9592509021095,9500,9503,NORMAL,,34.921727573622604,-86.4600495353086,36.18212284218671
SURCHEROS,1454.0,RUTLAND DR,37122,MT JULIET,Mt. Juliet,9503,MT. JULIET,,1784.2498697004303,9500,9503,NORMAL,,42.002571724348215,-86.45961316808021,36.18195248522991
GOLDEN BEAR GAS STATION,1500.0,FRANKLIN RD,37090,LEBANON,Lebanon,9501,LEBANON,,2736.373219585051,9500,9501,NORMAL,,36.51305696846553,-86.3267254353502,36.1805946547336
TIM HORTONS,1500.0,FRANKLIN RD,37090,LEBANON,Lebanon,9501,LEBANON,,2667.9431649363514,9500,9501,NORMAL,,27.256746674003807,-86.3269835569346,36.18062947018899
LIQUOR STORE,1510.0,FRANKLIN RD,37090,LEBANON,Lebanon,9501,LEBANON,,2521.1641803710377,9500,9501,NORMAL,,29.972991076820737,-86.3274818281132,36.18066889621531
VACANT,1510.0,FRANKLIN RD,37090,LEBANON,Lebanon,9501,LEBANON,,2467.2533875223307,9500,9501,NORMAL,,32.1315333985174,-86.3276652771764,36.180694705672494
DOS BROS,1510.0,FRANKLIN RD,37090,LEBANON,Lebanon,9501,LEBANON,,2407.5833956934325,9500,9501,NORMAL,,28.664946573868384,-86.3278681700275,36.1807138856825
STUDIORES BY MARRIOTT,211.0,LEGENDS DR,37087,LEBANON,Lebanon,9501,LEBANON,,4771.111208014292,9500,9501,NORMAL,,43.55481910711348,-86.290942249865,36.18913221597873
WILSON BANK AND TRUST,207.0,LEGENDS DR,37087,LEBANON,Lebanon,9501,LEBANON,,4922.900507783012,9500,9501,NORMAL,,22.319971313658314,-86.2916427804584,36.1891619240555
STUTTS ELECTRIC,603.0,CASTLE HEIGHTS AVE,37090,LEBANON,Lebanon,9501,LEBANON,,9762.541305800814,9500,9501,NORMAL,,27.93919364617947,-86.3086748881266,36.19831003127647
GERI'S MARKET,638.0,LEEVILLE PIKE,37087,LEBANON,Lebanon,9501,LEBANON,,9854.271223099302,9500,9501,NORMAL,,25.03749084917106,-86.3088213792154,36.19857292331079
TWO RIVERS FORD BUILDING,204.0,BELINDA PKWY,37122,MT JULIET,Mt. Juliet,9503,MT. JULIET,,505.70336320156343,9500,9503,WATCH,,55.76849131508349,-86.4897720694523,36.172961016589404
SUBWAY,105.0,LEGACY POINTE BLVD,37122,MT JULIET,Mt. Juliet,9503,MT. JULIET,,2046.4687224788377,9500,9503,NORMAL,,33.02459138982796,-86.4608273590637,36.18161857968321
CHANGED TO PURPLE MARTIN WAY 10/29/2025 FROM SUMMIT BLVD,480.0,BELINDA PKWY,37122,MT JULIET,Mt. Juliet,9503,MT. JULIET,,3312.97754717993,9500,9503,NORMAL,,425.50056128943936,-86.4685345660869,36.17497542102501
TEMPORARY CONSTRUCTION ADDRESS,12438.0,LEBANON RD,37122,MT JULIET,Mt. Juliet,9503,MT. JULIET,,1174.8085285610273,9500,9503,NORMAL,,51.74983889372944,-86.53297067965822,36.22740632937062
TEMPORARY CONSTRUCTION ADDRESS,12440.0,LEBANON RD,37122,MT JULIET,Mt. Juliet,9503,MT. JULIET,,1599.923827871216,9500,9503,NORMAL,,47.51969842015761,-86.5330997007646,36.228644439845
TEMPORARY CONSTRUCTION ADDRESS,12442.0,LEBANON RD,37122,MT JULIET,Mt. Juliet,9503,MT. JULIET,,1437.6045097947467,9500,9503,NORMAL,,54.70214935715502,-86.5339021409584,36.2283149269264
TEMPORARY CONSTRUCTION ADDRESS,12528.0,LEBANON RD,37122,MT JULIET,Mt. Juliet,9503,MT. JULIET,,1179.1234323710778,9500,9503,NORMAL,,59.43856578179196,-86.5351856538052,36.22773181729319
THIS DRIVEWAY WILL BE USED FOR NEW HOME,2005.0,SPARTA PIKE,37090,LEBANON,Unincorporated,9500,(Unincorporated),,5072.521608811901,9500,9501,NORMAL,POSTAL_CITY_EXPOSURE,36.765580859676426,-86.2475685034159,36.16213531451381
CHI TOWN PIZZA,204.0,E MAIN ST,37087,LEBANON,Lebanon,9501,LEBANON,,5350.695441838067,9500,9501,NORMAL,,5.114388918369949,-86.2895210665274,36.2075772991524
EAGLE CREEK REAL ESTATE,204.0,E MAIN ST,37087,LEBANON,Lebanon,9501,LEBANON,,5281.152804850498,9500,9501,NORMAL,,10.770626086447455,-86.289311646393,36.20766563261188
STORAGE BUILDING,6165.0,JOHN HAGAR RD,37122,MT JULIET,Unincorporated,9500,(Unincorporated),,1708.706244147167,9500,9503,NORMAL,POSTAL_CITY_EXPOSURE,37.878405231122095,-86.550377067923,36.16280244779669
CITI STATION,2059.0,N MT JULIET RD,37122,MT JULIET,Mt. Juliet,9503,MT. JULIET,,2084.907240071779,9500,9503,NORMAL,,18.922947968854857,-86.5185112476172,36.19893223864951
MCDONALDS,100.0,GOLDEN BEAR PL,37122,MT JULIET,Mt. Juliet,9503,MT. JULIET,,1222.4257542497999,9500,9503,NORMAL,,93.11824292406091,-86.4572096872588,36.182871916561
WAWA,101.0,GOLDEN BEAR PL,37122,MT JULIET,Mt. Juliet,9503,MT. JULIET,,995.4640841037576,9500,9503,WATCH,,41.481607626354744,-86.4573311246354,36.18360522854619
HYATT HOUSE HOTEL,4400.0,BECKWITH RD,37122,MT JULIET,Mt. Juliet,9503,MT. JULIET,,596.2587914716004,9500,9503,WATCH,,97.04751612796602,-86.4575725165174,36.18481318905419
OLD ADDRESS,502.0,HARTSVILLE PIKE,37087,LEBANON,Lebanon,9501,LEBANON,,3791.246625352463,9500,9501,NORMAL,,2.964213573082974,-86.2860497992824,36.21351573718623
OLD ADDRESS,720.0,HARTSVILLE PIKE,37087,LEBANON,Lebanon,9501,LEBANON,,2699.1801912296473,9500,9501,NORMAL,,2.139093750728775,-86.2826218363241,36.21726430842451
 MI CORONEL TORTILLA FACTORY,212.0,HARTMANN DR,37087,LEBANON,Lebanon,9501,LEBANON,,4499.617709516977,9500,9501,NORMAL,,6.468952214408125,-86.3202107542105,36.2225115303649
MATTRESS BY APPOINTMENT LEBANON,212.0,HARTMANN DR,37087,LEBANON,Lebanon,9501,LEBANON,,4535.752894557769,9500,9501,NORMAL,,4.3167718696944455,-86.3204015478403,36.22251322250471
DISCOUNT APPLIANCE LEBANON,212.0,HARTMANN DR,37087,LEBANON,Lebanon,9501,LEBANON,,4484.249906656324,9500,9501,NORMAL,,9.26423683335487,-86.3204032158307,36.22270224048281
SHOP,1480.0,HOLMES GAP RD,37184,WATERTOWN,Unincorporated,9500,(Unincorporated),,2712.6613508572364,9500,9502,NORMAL,POSTAL_CITY_EXPOSURE,124.18924355843843,-86.1209730262485,36.11708751028721
LOT 6,3060.0,QUARRY RD,37122,MT JULIET,Unincorporated,9500,(Unincorporated),,1354.3319374849327,9500,9501,NORMAL,POSTAL_CITY_EXPOSURE,24.056605072426315,-86.449113112919,36.19557537023659
LOT 5,3060.0,QUARRY RD,37122,MT JULIET,Unincorporated,9500,(Unincorporated),,1334.092340431358,9500,9501,NORMAL,POSTAL_CITY_EXPOSURE,73.86132430545587,-86.4493411662507,36.1955745217518
SHARED DRIVEWAY FOR LOTS 5 AND 6,3055.0,QUARRY RD,37122,MT JULIET,Unincorporated,9500,(Unincorporated),,1224.6767744715385,9500,9501,NORMAL,POSTAL_CITY_EXPOSURE,137.62298828515495,-86.4493780365806,36.195270090771096
CHADA THAI,600.0,S MT JULIET RD,37122,MT JULIET,Mt. Juliet,9503,MT. JULIET,,439.58500611709803,9500,9503,WATCH,,9.433319171304904,-86.515465444244,36.16321744220361
ADVANCED AUTO PARTS SOUTH,600.0,S MT JULIET RD,37122,MT JULIET,Mt. Juliet,9503,MT. JULIET,,464.6752345162169,9500,9503,WATCH,,9.999211483703574,-86.5154166216167,36.16345510127131
MT JULIET MODERN DENTISTRY,600.0,S MT JULIET RD,37122,MT JULIET,Mt. Juliet,9503,MT. JULIET,,477.8919973522891,9500,9503,WATCH,,12.122246537949103,-86.51540084568,36.1635510980613
BARN,165.0,ODUM LN,37090,LEBANON,Unincorporated,9500,(Unincorporated),,1186.4626572350787,9500,9501,NORMAL,POSTAL_CITY_EXPOSURE,16.253052946180205,-86.4053007455725,36.1137376481188
THE SENIOR CENTER,1021.0,CHARLIE DANIELS PKWY,37122,MT JULIET,Mt. Juliet,9503,MT. JULIET,,3998.167800915913,9500,9503,NORMAL,,43.28298784506217,-86.5118859817558,36.22258547570121
BARN,3484.0,MITCHELL RD,37087,LEBANON,Unincorporated,9500,(Unincorporated),,900.485384325479,8500,9500,WATCH,POSTAL_CITY_EXPOSURE,83.55046897437522,-86.153531994444,36.308104189083785
SAGE DENTAL,1913.0,N MT JULIET RD,37122,MT JULIET,Mt. Juliet,9503,MT. JULIET,,1880.9218685950113,9500,9503,NORMAL,,15.49395156630429,-86.5185204262812,36.196746342599795
LOT 7,3027.0,QUARRY RD,37122,MT JULIET,Unincorporated,9500,(Unincorporated),,1279.0915222955152,9500,9501,NORMAL,POSTAL_CITY_EXPOSURE,126.21163746093751,-86.4488775358883,36.195293155141094
CHEWY,1281.0,COUCHVILLE PIKE,37122,MT JULIET,Unincorporated,9500,(Unincorporated),,2309.719469365568,7500,9500,NORMAL,POSTAL_CITY_EXPOSURE,95.9692626454002,-86.4460923698569,36.0669740390356
BRIDGETOWN NATURAL FOODS,8051.0,EASTGATE BLVD,37122,MT JULIET,Lebanon,9501,LEBANON,,785.5012374253461,9500,9501,WATCH,POSTAL_CITY_EXPOSURE,47.35612758204361,-86.4349466356214,36.18698267165581
DUTCH BROS,101.0,SUNSET DR,37122,MT JULIET,Mt. Juliet,9503,MT. JULIET,,3371.3351076218114,9500,9503,NORMAL,,14.149728842337554,-86.514808764531,36.225860994294315
HUNTINGTON LEARNING CENTER,85.0,N MT JULIET RD,37122,MT JULIET,Mt. Juliet,9503,MT. JULIET,,2304.360554718902,9500,9503,NORMAL,,13.69183277333694,-86.5126303157798,36.172705275684294
WEBB RESERVE TOWNHOMES,601.0,MASON WARD PL,37087,LEBANON,Lebanon,9501,LEBANON,,4309.648854663386,9500,9501,NORMAL,,36.78692887621043,-86.3353289238123,36.22436122201711
CARVER STATION,115.0,FLOYD JCT,37087,LEBANON,Lebanon,9501,LEBANON,,4404.091206929017,9500,9501,NORMAL,,84.6625876151497,-86.3372505220753,36.22338996116211
RED CEDAR COURT,973.0,BLUEBIRD RD,37087,LEBANON,Lebanon,9501,LEBANON,,627.724482302454,9500,9501,WATCH,,59.88827084903946,-86.2721443879831,36.206399585295905
BARRIO BURRITO BAR,1025.0,W  MAIN ST,37087,LEBANON,Lebanon,9501,LEBANON,,7482.1570920112845,9500,9501,NORMAL,,20.27233501386703,-86.315889782872,36.21188247650741
VICTORY NISSAN,505.0,PLEASANT GROVE RD,37122,MT JULIET,Mt. Juliet,9503,MT. JULIET,,3502.242809356701,9500,9503,NORMAL,,68.00315016139596,-86.5166404030056,36.17644594213349
ANIMAL SHELTER,355.0,W BADDOUR PKWY,37087,LEBANON,Lebanon,9501,LEBANON,,6793.211091725992,9500,9501,NORMAL,,44.91547065089417,-86.2987834381833,36.2138165908992
THE VILLAGES OF GREENHILL,13508.0,LEBANON RD,37138,OLD HICKORY,Mt. Juliet,9503,MT. JULIET,DAVIDSON,447.7577495615977,9500,9503,WATCH,CROSS_COUNTY_POSTAL,55.66365032420097,-86.5511400890914,36.22151122985007
THE BOAT CLUB,450.0,CHEROKEE DOCK RD,37087,LEBANON,Unincorporated,9500,(Unincorporated),,1183.8891640001666,8300,9500,NORMAL,POSTAL_CITY_EXPOSURE,75.21199411724557,-86.4304599536281,36.3357673313665
HURD & BONE ,680.0,TENNESSEE BLVD,37087,LEBANON,Lebanon,9501,LEBANON,,2738.431677239023,9500,9501,NORMAL,,26.180593500909772,-86.2776318600273,36.202328749327506
CARVER CARE HOME,250.0,CARVER LN,37087,LEBANON,Lebanon,9501,LEBANON,,2134.4572289994153,9500,9501,NORMAL,,13.139758302636608,-86.333130057068,36.231476983609625
ROCKY VALLEY BAPTIST CHURCH,5745.0,E OLD MURFREESBORO RD,37090,LEBANON,Unincorporated,9500,(Unincorporated),,9384.100273393009,9500,9501,NORMAL,POSTAL_CITY_EXPOSURE,18.612161705611793,-86.3207684913467,36.12537011352909
PENN STATION EAST COAST SUBS,348.0,S CUMBERLAND ST,37087,LEBANON,Lebanon,9501,LEBANON,,7048.305028862648,9500,9501,NORMAL,,25.90875262582606,-86.2926487062852,36.200401812752304
NON LIVEABLE,766.0,GWYNN RD,37090,LEBANON,Unincorporated,9500,(Unincorporated),,5059.388883539466,7500,9500,NORMAL,POSTAL_CITY_EXPOSURE,310.65509933493985,-86.3683409806778,36.0431512631949
611 SALEM RD CHANGING TO 475 SALEM RD AS OF 4/21/2026,475.0,SALEM RD,37090,NORENE,Unincorporated,9500,(Unincorporated),WILSON,18903.798009033548,7500,9500,NORMAL,,139.1278928439781,-86.2565869055108,36.021113588814
DAVITA DIALYSIS CLINIC,1050.0,HERSCHEL DR,37122,MT JULIET,Mt. Juliet,9503,MT. JULIET,,2430.81076151345,9500,9503,NORMAL,,11.616188756447704,-86.5157764174456,36.1697892222532
THE HONEY BAKED HAME COMPANY - SUITE 105,1400.0,N  MT JULIET RD,37122,MT JULIET,Mt. Juliet,9503,MT. JULIET,,464.6301608301502,9500,9503,WATCH,,15.150235570086892,-86.5141477557296,36.19031733071629
LOT 35,1888.0,VESTA RD,37090,LEBANON,Unincorporated,9500,(Unincorporated),,9366.301728467195,7500,9500,NORMAL,POSTAL_CITY_EXPOSURE,41.97204255564294,-86.3816580402214,36.06124750683969
LOT 1,263.0,TURNEY RD,37016,AUBURNTOWN,Unincorporated,9500,(Unincorporated),CANNON,5666.9792201305745,0800,9500,NORMAL,CROSS_COUNTY_POSTAL,52.74466953805505,-86.1294278600427,35.97596156467679
GARAGE ONLY,6010.0,VANDERBILT RD,37138,OLD HICKORY,Unincorporated,9500,(Unincorporated),DAVIDSON,564.2020204091621,8305,9500,WATCH,CROSS_COUNTY_POSTAL,5.113437825111446,-86.5662774290925,36.262165566412115
LOT 21,2350.0,VESTA RD,37090,LEBANON,Unincorporated,9500,(Unincorporated),,9383.981223188164,7500,9500,NORMAL,POSTAL_CITY_EXPOSURE,53.17084284556943,-86.3899160686141,36.06203120957731
LOT 18,2400.0,VESTA RD,37090,LEBANON,Unincorporated,9500,(Unincorporated),,9486.65908245538,7500,9500,NORMAL,POSTAL_CITY_EXPOSURE,42.877270349978765,-86.3908143162683,36.062394693377215
LOT 17,2440.0,VESTA RD,37090,LEBANON,Unincorporated,9500,(Unincorporated),,9567.972141670647,7500,9500,NORMAL,POSTAL_CITY_EXPOSURE,35.28184507270661,-86.3913509787201,36.06266360837833
LOT 16,2450.0,VESTA RD,37090,LEBANON,Unincorporated,9500,(Unincorporated),,9581.047570773455,7500,9500,NORMAL,POSTAL_CITY_EXPOSURE,30.437978178587613,-86.39150114711,36.06271072856791
LOT 15,2480.0,VESTA RD,37090,LEBANON,Unincorporated,9500,(Unincorporated),,9651.71951709724,7500,9500,NORMAL,POSTAL_CITY_EXPOSURE,34.35336794926523,-86.3920456981347,36.0629406240599
LOT 14,2490.0,VESTA RD,37090,LEBANON,Unincorporated,9500,(Unincorporated),,9683.091107973809,7500,9500,NORMAL,POSTAL_CITY_EXPOSURE,31.680909677871913,-86.39222035641292,36.06303663966742
LOT 13,2530.0,VESTA RD,37090,LEBANON,Unincorporated,9500,(Unincorporated),,9756.60108787783,7500,9500,NORMAL,POSTAL_CITY_EXPOSURE,37.523356152201686,-86.3927607065522,36.0632637615687
LOT 12,2570.0,VESTA RD,37090,LEBANON,Unincorporated,9500,(Unincorporated),,9794.52745037465,7500,9500,NORMAL,POSTAL_CITY_EXPOSURE,35.564311712823184,-86.3932073813778,36.06338303414311
HUMMUS REPUBLIC,881.0,S HARTMANN DR,37090,LEBANON,Lebanon,9501,LEBANON,,4734.276259546901,9500,9501,NORMAL,,32.34708867967939,-86.3261074324386,36.19074801484971
MOES SOUTHWEST GRILL,881.0,S HARTMANN DR,37090,LEBANON,Lebanon,9501,LEBANON,,4709.142214919301,9500,9501,NORMAL,,37.92149947032052,-86.3260255802611,36.1906070630753
SWIG,889.0,S HARTMANN DR,37090,LEBANON,Lebanon,9501,LEBANON,,4674.380682153313,9500,9501,NORMAL,,47.62922852817342,-86.3258878969688,36.190392381053
Village at Pleasant Grove,2000.0,DUNMORE RD,37122,MT JULIET,Mt. Juliet,9503,MT. JULIET,,3427.747791130221,9500,9503,NORMAL,,36.090718425513245,-86.5224873753407,36.17322436181461
Vintage at the Grove,2000.0,NORE RD,37122,MT JULIET,Mt. Juliet,9503,MT. JULIET,,3117.2718872724795,9500,9503,NORMAL,,12.978349812079074,-86.5254346373297,36.174122014497314
MEADOWSIDE TOWNHOMES,2770.0,TUCKERS GAP RD,37090,LEBANON,Lebanon,9501,LEBANON,,1501.5122497599134,9500,9501,NORMAL,,315.82212900111705,-86.3591231357848,36.18727886938971
CEDAR STREET TOWNHOMES,310.0,CEDAR ST,37087,LEBANON,Lebanon,9501,LEBANON,,3991.4167719598145,9500,9501,NORMAL,,30.787083479018587,-86.2861522503273,36.21108342602381
SUNSET HARBOUR,5234.0,SAUNDERSVILLE RD,37122,OLD HICKORY,Unincorporated,9500,(Unincorporated),DAVIDSON,3767.997510387128,8305,9500,NORMAL,CROSS_COUNTY_POSTAL,246.3952305941069,-86.5607377658733,36.253183165973205
LOT 2,6565.0,BECKWITH RD,37122,MT JULIET,Unincorporated,9500,(Unincorporated),,317.8374104785987,9500,9503,WATCH,POSTAL_CITY_EXPOSURE,58.20435509936772,-86.4601354438858,36.15457285177581
TOA,1035.0,S HARTMANN DR,37090,LEBANON,Lebanon,9501,LEBANON,,2542.073702369866,9500,9501,NORMAL,,131.35782572027503,-86.3253582254466,36.179911763249386
 HOMES ON THIS PARCEL HAVE BEEN DEMOLISHED. BUSINESS BEING BUILT HERE.,1271.0,E DIVISION ST,37122,LEBANON,Unincorporated,9500,(Unincorporated),,259.88819960449484,9500,9503,WATCH,POSTAL_CITY_EXPOSURE,116.14797036158292,-86.498247839787,36.19231603885821
BUILDING 16,2659.0,MARTY ROBBINS DR,37090,LEBANON,Unincorporated,9500,(Unincorporated),,3758.16166770728,7500,9500,NORMAL,POSTAL_CITY_EXPOSURE,132.9303057526347,-86.3927186312267,36.0467334602596
81,1639.0,MURFREESBORO RD,37090,LEBANON,Unincorporated,9500,(Unincorporated),,204.73425995765413,9500,9501,HIGH,POSTAL_CITY_EXPOSURE,226.81025252669951,-86.3079773009731,36.155551418744814
141,,,,,,9500,(Unincorporated),,98.91729116613871,9500,9501,HIGH,BOUNDARY_RISK,,-86.3070886877274,36.15296231420182
142,,,,,,9500,(Unincorporated),,46.58700550459056,9500,9501,CRITICAL,BOUNDARY_RISK,,-86.3069016350637,36.152999291498304
CRUNCH FITNESS,1313.0,W MAIN ST,37087,LEBANON,Lebanon,9501,LEBANON,,7071.310831649037,9500,9501,NORMAL,,20.262522909762225,-86.3228632680025,36.2153729394378
ELECTRONIC EXPRESS,1313.0,W MAIN ST,37087,LEBANON,Lebanon,9501,LEBANON,,7055.365086650718,9500,9501,NORMAL,,21.86224010227553,-86.3225157703697,36.215254644690894
CENTENNIAL RESTORATION,7104.0,LEBANON RD,37122,MT JULIET,Unincorporated,9500,(Unincorporated),,1184.5640709997433,9500,9501,NORMAL,POSTAL_CITY_EXPOSURE,6.169553750128702,-86.4415900028916,36.23321463029251
FLOOR 2 - 1300s,1000.0,DUNMORE RD,37122,MT JULIET,Mt. Juliet,9503,MT. JULIET,,3447.05084007708,9500,9503,NORMAL,,18.553025638143318,-86.521531886075,36.173190939680204
FLOOR 1 - 1200s,1000.0,DUNMORE RD,37122,MT JULIET,Mt. Juliet,9503,MT. JULIET,,3448.222741245161,9500,9503,NORMAL,,17.41163654528179,-86.521532100999,36.17319421209681
FLOOR 3 - 1400s,1000.0,DUNMORE RD,37122,MT JULIET,Mt. Juliet,9503,MT. JULIET,,3446.1357546716413,9500,9503,NORMAL,,19.378189524293788,-86.5215322542758,36.173188443425396
FLOOR 4 - 1500s,1000.0,DUNMORE RD,37122,MT JULIET,Mt. Juliet,9503,MT. JULIET,,3445.4722561699036,9500,9503,NORMAL,,20.016432179746268,-86.5215322455148,36.173186603107915
BASEMENT - 1100s,1000.0,DUNMORE RD,37122,MT JULIET,Mt. Juliet,9503,MT. JULIET,,3449.3023396839376,9500,9503,NORMAL,,16.407049270080215,-86.5215320239065,36.1731971964733
USING LOT TO PARK CARS AND WASH/CLEAN THEM,3365.0,FRANKLIN RD,37090,LEBANON,Unincorporated,9500,(Unincorporated),,1260.0351859313644,9500,9501,NORMAL,POSTAL_CITY_EXPOSURE,58.17846707660695,-86.3556630527365,36.17180960364691
LOT 20,2360.0,VESTA RD,37090,LEBANON,Unincorporated,9500,(Unincorporated),,9384.924508858516,7500,9500,NORMAL,POSTAL_CITY_EXPOSURE,53.170849504418314,-86.39006209078221,36.06204680498802
FLOOR 2 - 2300s,2000.0,DUNMORE RD,37122,MT JULIET,Mt. Juliet,9503,MT. JULIET,,3319.9753091630046,9500,9503,NORMAL,,24.827161653081,-86.5226001368809,36.17293393474971
FLOOR 1 - 2200s,2000.0,DUNMORE RD,37122,MT JULIET,Mt. Juliet,9503,MT. JULIET,,3321.159915019095,9500,9503,NORMAL,,23.63714870302105,-86.5226003518483,36.1729372071646
FLOOR 3 - 2400s,2000.0,DUNMORE RD,37122,MT JULIET,Mt. Juliet,9503,MT. JULIET,,3319.061429130054,9500,9503,NORMAL,,25.716865759796168,-86.522600505047,36.172931438491524
FLOOR 4 - 2500s,2000.0,DUNMORE RD,37122,MT JULIET,Mt. Juliet,9503,MT. JULIET,,3318.393082181928,9500,9503,NORMAL,,26.382901168829473,-86.5226004962612,36.17292959817391
BASEMENT - 2100s,2000.0,DUNMORE RD,37122,MT JULIET,Mt. Juliet,9503,MT. JULIET,,3322.2455087324806,9500,9503,NORMAL,,22.562648383209677,-86.5226002747962,36.172940191542104
FLOOR 2 - 3300s,3000.0,BARROW DR,37122,MT JULIET,Mt. Juliet,9503,MT. JULIET,,3113.505763138972,9500,9503,NORMAL,,24.514709453184917,-86.5227647982856,36.17237373464582
FLOOR 1 - 3200s,3000.0,BARROW DR,37122,MT JULIET,Mt. Juliet,9503,MT. JULIET,,3114.6918869478613,9500,9503,NORMAL,,23.534265035328797,-86.5227650132582,36.172377007060895
FLOOR 3 - 3400s,3000.0,BARROW DR,37122,MT JULIET,Mt. Juliet,9503,MT. JULIET,,3112.592497535338,9500,9503,NORMAL,,25.18329241651574,-86.5227651664438,36.1723712383867
FLOOR 4 - 3500s,3000.0,BARROW DR,37122,MT JULIET,Mt. Juliet,9503,MT. JULIET,,3111.923669963627,9500,9503,NORMAL,,25.7328907445293,-86.5227651576543,36.17236939806881
BASEMENT - 3100s,3000.0,BARROW DR,37122,MT JULIET,Mt. Juliet,9503,MT. JULIET,,3115.7779550086025,9500,9503,NORMAL,,22.710006737699285,-86.5227649362129,36.17237999143891
FLOOR 2 - 2200s,2000.0,NORE RD,37122,MT JULIET,Mt. Juliet,9503,MT. JULIET,,3221.7173938786,9500,9503,NORMAL,,35.373224637192806,-86.5248583657982,36.17415632134238
FLOOR 1 - 2100s,2000.0,NORE RD,37122,MT JULIET,Mt. Juliet,9503,MT. JULIET,,3222.6597922226147,9500,9503,NORMAL,,36.554038783682486,-86.5248585808619,36.174159593752215
FLOOR 3 - 2300s,2000.0,NORE RD,37122,MT JULIET,Mt. Juliet,9503,MT. JULIET,,3220.9090221538827,9500,9503,NORMAL,,34.45836475870508,-86.5248587338988,36.174153825078115
FLOOR 4 - 2400s,2000.0,NORE RD,37122,MT JULIET,Mt. Juliet,9503,MT. JULIET,,3220.360291041192,9500,9503,NORMAL,,33.791509730444126,-86.5248587250605,36.174151984761295
BASEMENT - 2000s,2000.0,NORE RD,37122,MT JULIET,Mt. Juliet,9503,MT. JULIET,,3223.5653324340024,9500,9503,NORMAL,,37.63837450326878,-86.5248585038936,36.174162578130115
FLOOR 2 - 3200s,3000.0,NORE RD,37122,MT JULIET,Mt. Juliet,9503,MT. JULIET,,3057.723980168952,9500,9503,NORMAL,,15.093800416987719,-86.5258207392169,36.174121665256
FLOOR 1 - 3100s,3000.0,NORE RD,37122,MT JULIET,Mt. Juliet,9503,MT. JULIET,,3058.7178873209227,9500,9503,NORMAL,,15.086593867112743,-86.5258209543202,36.174124937664104
FLOOR 3 - 3300s,3000.0,NORE RD,37122,MT JULIET,Mt. Juliet,9503,MT. JULIET,,3056.8860869340797,9500,9503,NORMAL,,15.005686759437024,-86.52582110728711,36.17411916898871
FLOOR 4 - 3400s,3000.0,NORE RD,37122,MT JULIET,Mt. Juliet,9503,MT. JULIET,,3056.310429914165,9500,9503,NORMAL,,15.058562962125883,-86.5258210984265,36.174117328672
BASEMENT - 3000s,3000.0,NORE RD,37122,MT JULIET,Mt. Juliet,9503,MT. JULIET,,3059.665360003565,9500,9503,NORMAL,,15.241676284487188,-86.52582087738821,36.1741279220427
FLOOR 2 - 1200s,1000.0,NORE RD,37122,MT JULIET,Mt. Juliet,9503,MT. JULIET,,3108.623842115353,9500,9503,NORMAL,,14.951159300697618,-86.52597657494981,36.174518242596406
FLOOR 1 - 1100s,1000.0,NORE RD,37122,MT JULIET,Mt. Juliet,9503,MT. JULIET,,3108.4936090381366,9500,9503,NORMAL,,15.932241504686477,-86.5259767900607,36.174521515003896
FLOOR 3 - 1300s,1000.0,NORE RD,37122,MT JULIET,Mt. Juliet,9503,MT. JULIET,,3108.566368326078,9500,9503,NORMAL,,14.328417990687667,-86.5259769430169,36.174515746328915
FLOOR 4 - 1400s,1000.0,NORE RD,37122,MT JULIET,Mt. Juliet,9503,MT. JULIET,,3108.606571451242,9500,9503,NORMAL,,13.833042449326515,-86.52597693415261,36.17451390601241
BASEMENT - 1000s,1000.0,NORE RD,37122,MT JULIET,Mt. Juliet,9503,MT. JULIET,,3108.4553180886273,9500,9503,NORMAL,,16.805358028087806,-86.5259767131341,36.17452449938221
SHARED ACCESS BEFORE THE CREEK BRIDGE,497.0,PUCKETT RD,37184,NORENE,Unincorporated,9500,(Unincorporated),WILSON,26515.03525797538,7500,9500,NORMAL,,52.4886941050655,-86.2322788025686,36.04172836837041
SHARED ACCESS BEFORE THE CREEK BRIDGE,555.0,PUCKETT RD,37184,NORENE,Unincorporated,9500,(Unincorporated),WILSON,26602.926825971255,7500,9500,NORMAL,,41.21698390770173,-86.231180233731,36.0420585858378
SHARED ACCESS BEFORE THE CREEK BRIDGE,625.0,PUCKETT RD,37184,NORENE,Unincorporated,9500,(Unincorporated),WILSON,26381.712488436457,7500,9500,NORMAL,,30.91102056280738,-86.2303395348508,36.041508289956106
SHARED ACCESS BEFORE THE CREEK BRIDGE,677.0,PUCKETT RD,37184,NORENE,Unincorporated,9500,(Unincorporated),WILSON,26721.860137934098,7500,9500,NORMAL,,35.86472032601734,-86.2298878902216,36.04247503072551
SHARED ACCESS BEFORE THE CREEK BRIDGE,699.0,PUCKETT RD,37184,NORENE,Unincorporated,9500,(Unincorporated),WILSON,26771.19543139663,7500,9500,NORMAL,,40.126369062587834,-86.2288780325234,36.042669343624034
SHARED ACCESS BEFORE THE CREEK BRIDGE,717.0,PUCKETT RD,37184,NORENE,Unincorporated,9500,(Unincorporated),WILSON,26535.175555398677,7500,9500,NORMAL,,38.82030791737522,-86.2281124200903,36.042058287322796
SHARED ACCESS BEFORE THE CREEK BRIDGE,741.0,PUCKETT RD,37184,NORENE,Unincorporated,9500,(Unincorporated),WILSON,27225.36143397912,7500,9500,NORMAL,,31.372955633529024,-86.2285854934518,36.04393453991319
SHARED ACCESS BEFORE THE CREEK BRIDGE,785.0,PUCKETT RD,37184,NORENE,Unincorporated,9500,(Unincorporated),WILSON,26757.806939119004,7500,9500,NORMAL,,43.3403857551356,-86.2270845600256,36.04271985326649
SHARED ACCESS BEFORE THE CREEK BRIDGE,685.0,PUCKETT RD,37184,NORENE,Unincorporated,9500,(Unincorporated),WILSON,27283.8177694663,7500,9500,NORMAL,,32.16175150731705,-86.2293848177292,36.0440529044279
SHARED ACCESS BEFORE THE CREEK BRIDGE,829.0,PUCKETT RD,37184,NORENE,Unincorporated,9500,(Unincorporated),WILSON,27099.521685633794,7500,9500,NORMAL,,29.248218643282108,-86.225742763314,36.04371009274621
LOT 3,6585.0,BECKWITH RD,37122,MT JULIET,Unincorporated,9500,(Unincorporated),,224.51987017947602,9500,9503,HIGH,POSTAL_CITY_EXPOSURE,58.20447827779512,-86.4601887296006,36.15429055816818
LOT 4,6611.0,BECKWITH RD,37122,MT JULIET,Unincorporated,9500,(Unincorporated),,154.4292644758135,9500,9503,HIGH,POSTAL_CITY_EXPOSURE,43.430444171727274,-86.46018001162392,36.15364812764481
HOLE 1 & 10 TEE BOX,1300.0,COLES FERRY PIKE,37087,LEBANON,Lebanon,9501,LEBANON,,3559.8231688067617,9500,9501,NORMAL,,198.66953934545285,-86.3080894693086,36.222240271229204
HOLE 1 & 10 GREEN,,,,,,9501,LEBANON,,3175.027217447968,9500,9501,NORMAL,,,-86.3050503837884,36.22342708020551
HOLE 2 & 11 TEE BOX,1269.0,COLES FERRY PIKE,37087,LEBANON,Lebanon,9501,LEBANON,,3043.596014382664,9500,9501,NORMAL,,407.570708766806,-86.3051093970874,36.223785912834224
HOLE 2 & 11 GREEN,1106.0,COLES FERRY PIKE,37087,LEBANON,Lebanon,9501,LEBANON,,3276.2881063130017,9500,9501,NORMAL,,159.091745881995,-86.3036736031046,36.22321457683119
HOLE 3 & 12 TEE BOX,1108.0,FAIRWAYS,37087,LEBANON,Lebanon,9501,LEBANON,,3353.4652054938206,9500,9501,NORMAL,,259.78048402377897,-86.3041373612111,36.22297992549859
HOLE 3 & 12 GREEN,1300.0,COLES FERRY PIKE,37087,LEBANON,Lebanon,9501,LEBANON,,3934.457739532324,9500,9501,NORMAL,,315.2132579138282,-86.307084293888,36.2212505226021
HOLE 4 & 13 TEE BOX,1300.0,COLES FERRY PIKE,37087,LEBANON,Lebanon,9501,LEBANON,,4014.4041473298475,9500,9501,NORMAL,,457.34585090228387,-86.3066728897336,36.221047268716106
HOLE 4 & 13 GREEN,1113.0,FAIRWAYS,37087,LEBANON,Lebanon,9501,LEBANON,,3695.0923590701327,9500,9501,NORMAL,,443.5527435316182,-86.3054770327483,36.22197548117659
HOLE 5 & 14 TEE BOX,1111.0,FAIRWAYS,37087,LEBANON,Lebanon,9501,LEBANON,,3703.8627262463565,9500,9501,NORMAL,,194.76156017790805,-86.3045622153751,36.22199530231689
HOLE 5 & 14 GREEN,1300.0,COLES FERRY PIKE,37087,LEBANON,Lebanon,9501,LEBANON,,4123.683835636143,9500,9501,NORMAL,,494.64363469306113,-86.3090630042385,36.2206500907526
HOLE 6 & 15 TEE BOX,,,,,,9501,LEBANON,,4234.9327180321625,9500,9501,NORMAL,,,-86.3102034531604,36.22030569597769
HOLE 6 & 15 GREEN,1484.0,COLES FERRY PIKE,37087,LEBANON,Lebanon,9501,LEBANON,,2859.418766905718,9500,9501,NORMAL,,440.1269177815297,-86.3112809782427,36.22412039185482
HOLE 7 & 16 TEE BOX,1484.0,COLES FERRY PIKE,37087,LEBANON,Lebanon,9501,LEBANON,,2743.4278011873375,9500,9501,NORMAL,,195.80369683368332,-86.3104500115905,36.22440271128931
HOLE 7 & 16 GREEN,,,,,,9501,LEBANON,,3847.6012868100015,9500,9501,NORMAL,,,-86.3098150377064,36.2213778026184
HOLE 8 & 17 TEE BOX,1300.0,COLES FERRY PIKE,37087,LEBANON,Lebanon,9501,LEBANON,,3868.9792191999804,9500,9501,NORMAL,,404.57267436795956,-86.3092962200297,36.221341190477006
HOLE 8 & 17 GREEN,1484.0,COLES FERRY PIKE,37087,LEBANON,Lebanon,9501,LEBANON,,2748.969914275696,9500,9501,NORMAL,,260.05398162220246,-86.3094090744045,36.22441705677989
HOLE 9 & 18 TEE BOX,1510.0,COLES FERRY PIKE,37087,LEBANON,Lebanon,9501,LEBANON,,2655.6662060907697,9500,9501,NORMAL,,343.7458210431494,-86.3084016563835,36.2247144066604
HOLE 9 & 18 GREEN,1300.0,COLES FERRY PIKE,37087,LEBANON,Lebanon,9501,LEBANON,,3536.5820516347203,9500,9501,NORMAL,,295.40062765911614,-86.3086983525494,36.22227957658861
CART BARNS,1300.0,COLES FERRY PIKE,37087,LEBANON,Lebanon,9501,LEBANON,,3978.194840924262,9500,9501,NORMAL,,350.06144567907205,-86.3088814480428,36.22105757913369
MAINTENANCE,,,,,,9501,LEBANON,,4024.313855080864,9500,9501,NORMAL,,,-86.3096243999177,36.2208990735281
PRACTICE RANGE,,,,,,9501,LEBANON,,4266.050429260222,9500,9501,NORMAL,,,-86.3094241456732,36.22024329027539
CHIPPING GREEN,1835.0,LOGUE RD,37122,MT JULIET,Unincorporated,9500,(Unincorporated),,8827.015936268675,9500,9503,NORMAL,POSTAL_CITY_EXPOSURE,170.6883486384981,-86.4731872216157,36.12285859747531
PUTTING GREEN,1835.0,LOGUE RD,37122,MT JULIET,Unincorporated,9500,(Unincorporated),,9055.657131254606,9500,9503,NORMAL,POSTAL_CITY_EXPOSURE,192.08973082237134,-86.4731834386344,36.12222381262691
PRACTICE RANGE,1835.0,LOGUE RD,37122,MT JULIET,Unincorporated,9500,(Unincorporated),,8988.21367298072,9500,9503,NORMAL,POSTAL_CITY_EXPOSURE,198.3946228663579,-86.47335707457071,36.12243114517711
HOLE 1 TEE BOX,1835.0,LOGUE RD,37122,MT JULIET,Unincorporated,9500,(Unincorporated),,9207.359011382543,9500,9503,NORMAL,POSTAL_CITY_EXPOSURE,361.63186372845547,-86.4735215443317,36.1218423239537
HOLE 1 GREEN,1901.0,LOGUE RD,37122,MT JULIET,Unincorporated,9500,(Unincorporated),,9086.504826706052,9500,9503,NORMAL,POSTAL_CITY_EXPOSURE,437.57742416632914,-86.4771574363736,36.1226854683125
HOLE 2 TEE BOX,1884.0,LOGUE RD,37122,MT JULIET,Unincorporated,9500,(Unincorporated),,9185.067429322204,9500,9503,NORMAL,POSTAL_CITY_EXPOSURE,308.8948172670032,-86.4779154825458,36.12251610448123
HOLE 2 GREEN,1590.0,LOGUE RD,37122,MT JULIET,Unincorporated,9500,(Unincorporated),,8202.938066247276,9500,9503,NORMAL,POSTAL_CITY_EXPOSURE,291.2663642460978,-86.4802264589885,36.12572328047461
HOLE 3 TEE BOX,1525.0,LOGUE RD,37122,MT JULIET,Unincorporated,9500,(Unincorporated),,8041.595567417025,9500,9503,NORMAL,POSTAL_CITY_EXPOSURE,269.62396374592646,-86.4801530110793,36.12616770328768
HOLE 3 GREEN,704.0,MASTERS WAY,37122,MT JULIET,Unincorporated,9500,(Unincorporated),,7748.771005449939,9500,9503,NORMAL,POSTAL_CITY_EXPOSURE,337.9645519288776,-86.4784439286091,36.1266322259254
HOLE 4 TEE BOX,714.0,MASTERS WAY,37122,MT JULIET,Unincorporated,9500,(Unincorporated),,7820.813255097093,9500,9503,NORMAL,POSTAL_CITY_EXPOSURE,405.4037854866596,-86.4774991397371,36.126265300713385
HOLE 4 GREEN,,,,,,9500,(Unincorporated),,8903.31462443555,9500,9503,NORMAL,,,-86.4773045253264,36.1232160807635
HOLE 5 TEE BOX,,,,,,9500,(Unincorporated),,8849.385258599108,9500,9503,NORMAL,,,-86.4766753474489,36.123279860707605
HOLE 5 GREEN,718.0,MASTERS WAY,37122,MT JULIET,Unincorporated,9500,(Unincorporated),,7839.98644592014,9500,9503,NORMAL,POSTAL_CITY_EXPOSURE,424.6021280771938,-86.4766634414447,36.1260905680143
HOLE 6 TEE BOX,716.0,MASTERS WAY,37122,MT JULIET,Unincorporated,9500,(Unincorporated),,7604.860323932983,9500,9503,NORMAL,POSTAL_CITY_EXPOSURE,187.68651734543164,-86.477131873058,36.126812541864886
HOLE 6 GREEN,724.0,MASTERS WAY,37122,MT JULIET,Unincorporated,9500,(Unincorporated),,7632.915385071728,9500,9503,NORMAL,POSTAL_CITY_EXPOSURE,230.3626392934149,-86.4759683899284,36.12657197088141
HOLE 7 TEE BOX,736.0,MASTERS WAY,37122,MT JULIET,Unincorporated,9500,(Unincorporated),,7571.590306833104,9500,9503,NORMAL,POSTAL_CITY_EXPOSURE,186.8368731325864,-86.4745255438196,36.12653971289279
HOLE 7 GREEN,768.0,MASTERS WAY,37122,MT JULIET,Unincorporated,9500,(Unincorporated),,7593.656203036071,9500,9503,NORMAL,POSTAL_CITY_EXPOSURE,239.04612223547716,-86.4710618405651,36.126071711232804
HOLE 8 GREEN,,,,,,9500,(Unincorporated),,7916.693202452883,9500,9503,NORMAL,,,-86.4730867437873,36.12537498543162
HOLE 8 TEE BOX,,,,,,9500,(Unincorporated),,7648.976981365587,9500,9503,NORMAL,,,-86.468020618341,36.125861730374695
HOLE 9 TEE BOX,,,,,,9500,(Unincorporated),,7971.1766763464275,9500,9503,NORMAL,,,-86.4752570151057,36.1255298992497
HOLE 17 GREEN,,,,,,9500,(Unincorporated),,8112.312036133347,9500,9503,NORMAL,,,-86.4712189089142,36.124652633769706
HOLE 10 GREEN,,,,,,9500,(Unincorporated),,8263.465043153268,9500,9503,NORMAL,,,-86.4696726950349,36.124168330255706
HOLE 9 GREEN,1835.0,LOGUE RD,37122,MT JULIET,Unincorporated,9500,(Unincorporated),,8630.569175531573,9500,9503,NORMAL,POSTAL_CITY_EXPOSURE,349.30774954213086,-86.4733089248669,36.12341861784662
HOLE 18 TEE BOX,,,,,,9500,(Unincorporated),,7986.327695616374,9500,9503,NORMAL,,,-86.47389930916032,36.1252929925345
HOLE 18 GREEN,1835.0,LOGUE RD,37122,MT JULIET,Unincorporated,9500,(Unincorporated),,8738.355100220846,9500,9503,NORMAL,POSTAL_CITY_EXPOSURE,309.8541377360236,-86.4717737049469,36.12296640363751
HOLE 10 TEE BOX,1835.0,LOGUE RD,37122,MT JULIET,Unincorporated,9500,(Unincorporated),,9080.999521043672,9500,9503,NORMAL,POSTAL_CITY_EXPOSURE,249.61584619270255,-86.47218558663131,36.122054173179414
HOLE 11 TEE BOX,,,,,,9500,(Unincorporated),,8311.779346152003,9500,9503,NORMAL,,,-86.4690135173711,36.1240278811034
HOLE 11 GREEN,,,,,,9500,(Unincorporated),,8809.472953573206,9500,9503,NORMAL,,,-86.4659950600128,36.12277872270239
HOLE 12 TEE BOX,,,,,,9500,(Unincorporated),,8973.757537569818,9500,9503,NORMAL,,,-86.4634794488402,36.122610376653526
HOLE 12 GREEN,308.0,JEWEL PL,37122,MT JULIET,Unincorporated,9500,(Unincorporated),,9127.471229881005,9500,9503,NORMAL,POSTAL_CITY_EXPOSURE,308.014075874336,-86.4614823796851,36.12252755480541
HOLE 13 TEE BOX,,,,,,9500,(Unincorporated),,8861.775298183507,9500,9503,NORMAL,,,-86.4621730794269,36.12314366460987
HOLE 13 GREEN,,,,,,9500,(Unincorporated),,8182.084305178339,9500,9503,NORMAL,,,-86.4668538750394,36.124447788431304
HOLE 14 TEE BOX,,,,,,9500,(Unincorporated),,8017.619243092299,9500,9503,NORMAL,,,-86.4659036141719,36.12497390035929
HOLE 14 GREEN,,,,,,9500,(Unincorporated),,8294.464727652728,9500,9503,NORMAL,,,-86.462027884328,36.1247757453622
HOLE 15 TEE BOX,407.0,JEWEL PL,37122,MT JULIET,Unincorporated,9500,(Unincorporated),,8362.737216613901,9500,9503,NORMAL,POSTAL_CITY_EXPOSURE,466.5691797022957,-86.4613333001728,36.12473170576962
HOLE 16 GREEN,,,,,,9500,(Unincorporated),,7744.189579652007,9500,9503,NORMAL,,,-86.4655988346715,36.125760193659
HOLE 16 TEE BOX,35.0,LOHMAN RD,37122,MT JULIET,Unincorporated,9500,(Unincorporated),,7696.876836883807,9500,9503,NORMAL,POSTAL_CITY_EXPOSURE,297.53359187458597,-86.4622283266851,36.12642961778419
HOLE 15 GREEN,,,,,,9500,(Unincorporated),,7996.598235802424,9500,9503,NORMAL,,,-86.4612387767824,36.12580029194281
HOLE 17 TEE BOX,,,,,,9500,(Unincorporated),,7745.311039869901,9500,9503,NORMAL,,,-86.4666847359088,36.1256626009254
HOLE 1 TEE BOX,621.0,FIVE OAKS BLVD,37087,LEBANON,Lebanon,9501,LEBANON,,1413.983626849398,9500,9501,NORMAL,,214.91407072728626,-86.376881197534,36.24757084989551
PRACTICE RANGE,621.0,FIVE OAKS BLVD,37087,LEBANON,Lebanon,9501,LEBANON,,1757.9556939023616,9500,9501,NORMAL,,361.5335466714728,-86.3780655322309,36.247342421787394
PUTTING GREEN,110.0,WAVERLY PL,37087,LEBANON,Lebanon,9501,LEBANON,,1850.6014000488735,9500,9501,NORMAL,,234.9886752395329,-86.3784626480715,36.2475046168524
HOLE 1 GREEN,643.0,FIVE OAKS BLVD,37087,LEBANON,Lebanon,9501,LEBANON,,324.40468829046694,9500,9501,WATCH,,211.0338910769439,-86.3735733938838,36.2505505519698
HOLE 18 TEE BOX,703.0,RIDGECREST LN,37087,LEBANON,Lebanon,9501,LEBANON,,392.10618787730596,9500,9501,WATCH,,191.17742977593366,-86.3739229630869,36.2494641399256
HOLE 18 GREEN,146.0,VILLAGE CIR,37087,LEBANON,Lebanon,9501,LEBANON,,1167.2130252271877,9500,9501,NORMAL,,235.9110372242641,-86.3762901316512,36.24644704758181
HOLE 10 TEE BOX,110.0,WAVERLY PL,37087,LEBANON,Lebanon,9501,LEBANON,,1801.101984463758,9500,9501,NORMAL,,315.9127442024778,-86.3786067928175,36.247037199218795
HOLE 2 TEE BOX,644.0,FIVE OAKS BLVD,37087,LEBANON,Lebanon,9501,LEBANON,,463.18874005974317,9500,9501,WATCH,,111.73804581100607,-86.3739376061503,36.251374823464104
HOLE 2 GREEN,1071.0,CALLAWAY DR,37087,LEBANON,Lebanon,9501,LEBANON,,620.0932202493198,9500,9501,WATCH,,179.6498279876232,-86.3761338385444,36.253848762022116
HOLE 4 GREEN,1071.0,CALLAWAY DR,37087,LEBANON,Lebanon,9501,LEBANON,,927.1042582518962,9500,9501,WATCH,,495.43107422493716,-86.3758932164959,36.25297395014989
HOLE 4 TEE BOX,1107.0,CALLAWAY DR,37087,LEBANON,Lebanon,9501,LEBANON,,672.0255029557912,9500,9501,WATCH,,99.8915145939724,-86.3797326893143,36.2540746360552
HOLE 5 TEE BOX,659.0,NICKOLAS DR,37087,LEBANON,Lebanon,9501,LEBANON,,1011.2540117665563,9500,9501,NORMAL,,316.1409810206811,-86.3765004736561,36.25280333217461
HOLE 5 GREEN,1107.0,CALLAWAY DR,37087,LEBANON,Lebanon,9501,LEBANON,,762.8778084307573,9500,9501,WATCH,,319.7736606644114,-86.3797973679297,36.2534724857597
HOLE 3 TEE BOX,1068.0,CALLAWAY DR,37087,LEBANON,Lebanon,9501,LEBANON,,178.19279231973832,9500,9501,HIGH,BOUNDARY_RISK,117.49453156012696,-86.3765348063002,36.255113543568505
HOLE 3 GREEN,36.0,SARAZEN CT,37087,LEBANON,Lebanon,9501,LEBANON,,173.7957362607208,9500,9501,HIGH,BOUNDARY_RISK,201.26585816777242,-86.3781315454603,36.2552897395675
HOLE 6 TEE BOX,1121.0,CALLAWAY DR,37087,LEBANON,Lebanon,9501,LEBANON,,540.837740818235,9500,9501,WATCH,,125.21930052410981,-86.3804735152024,36.2538975554534
HOLE 6 GREEN,1167.0,CALLAWAY DR,37087,LEBANON,Lebanon,9501,LEBANON,,862.8350288182373,9500,9501,WATCH,,254.176595456119,-86.3808966881674,36.2500080790379
HOLE 7 TEE BOX,613.0,NICKOLAS DR,37087,LEBANON,Lebanon,9501,LEBANON,,1106.6018718283096,9500,9501,NORMAL,,256.84703347081876,-86.3800628244777,36.249721186017
HOLE 7 GREEN,122.0,NICKOLAS CIR,37087,LEBANON,Lebanon,9501,LEBANON,,914.5390971780162,9500,9501,WATCH,,227.86294439868757,-86.3795103321395,36.252330459365304
HOLE 8 TEE BOX,124.0,NICKOLAS CIR,37087,LEBANON,Lebanon,9501,LEBANON,,974.3985089875604,9500,9501,WATCH,,257.98307006173246,-86.3792284521008,36.25270118196038
HOLE 8 GREEN,132.0,NICKOLAS CIR,37087,LEBANON,Lebanon,9501,LEBANON,,1192.2468770736384,9500,9501,NORMAL,,144.31569800466272,-86.378074248592,36.25246384465879
HOLE 9 TEE BOX,638.0,FIVE OAKS BLVD,37087,LEBANON,Lebanon,9501,LEBANON,,1048.8532781124777,9500,9501,NORMAL,,170.78025699688493,-86.3759391854375,36.25136547800961
HOLE 9 GREEN,613.0,NICKOLAS DR,37087,LEBANON,Lebanon,9501,LEBANON,,1370.4453246838239,9500,9501,NORMAL,,156.01725184000526,-86.3787202799813,36.24997063323591
HOLE 10 GREEN,105.0,GLENWAY PT,37087,LEBANON,Lebanon,9501,LEBANON,,1279.0355403222925,9500,9501,NORMAL,,345.9722030193709,-86.3782781831618,36.2438771539925
HOLE 11 TEE BOX,105.0,GLENWAY PT,37087,LEBANON,Lebanon,9501,LEBANON,,1407.1984432391885,9500,9501,NORMAL,,187.62509252617616,-86.3787551131328,36.2436222274087
HOLE 11 GREEN,513.0,GLENWAY CV,37087,LEBANON,Lebanon,9501,LEBANON,,1908.1899180392265,9500,9501,NORMAL,,275.89583299660524,-86.3796693689669,36.246245727656685
HOLE 12 TEE BOX,516.0,GLENWAY CV,37087,LEBANON,Lebanon,9501,LEBANON,,2044.3229496139713,9500,9501,NORMAL,,151.93134994448067,-86.3820454579303,36.24625258338041
HOLE 12 GREEN,408.0,GLENWAY CV,37087,LEBANON,Lebanon,9501,LEBANON,,2348.5639783746155,9500,9501,NORMAL,,228.8859123167126,-86.3820817791075,36.24288742964261
HOLE 13 TEE BOX,307.0,FIVE OAKS BLVD,37087,LEBANON,Lebanon,9501,LEBANON,,2595.7529895561797,9500,9501,NORMAL,,141.40244811988615,-86.3833293086311,36.24021218873049
HOLE 13 GREEN,413.0,RIDGECREST LN,37087,LEBANON,Lebanon,9501,LEBANON,,2050.672943158637,9500,9501,NORMAL,,279.99318366039057,-86.3814430751321,36.24037270519291
HOLE 14 TEE BOX,102.0,FIVE OAKS CIR,37087,LEBANON,Lebanon,9501,LEBANON,,1647.7600263203165,9500,9501,NORMAL,,313.254391069557,-86.3800313037198,36.2406074434577
HOLE 14 GREEN,,,,,,9501,LEBANON,,153.27768233103927,9500,9501,HIGH,BOUNDARY_RISK,,-86.3752020009543,36.238743503005296
HOLE 15 TEE BOX,211.0,CHESAPEAKE PT,37087,LEBANON,Lebanon,9501,LEBANON,,64.11378606694088,9500,9501,HIGH,BOUNDARY_RISK,495.6075734188482,-86.3748201957542,36.23928865985172
HOLE 15 GREEN,104.0,CHESAPEAKE CT,37087,LEBANON,Lebanon,9501,LEBANON,,1074.3491977479807,9500,9501,NORMAL,,212.63671761856102,-86.3779903292763,36.24115231220748
HOLE 16 TEE BOX,525.0,RIDGECREST LN,37087,LEBANON,Lebanon,9501,LEBANON,,733.8104083076126,9500,9501,WATCH,,247.4875756192801,-86.3764285180025,36.2437657787654
HOLE 16 GREEN,535.0,RIDGECREST LN,37087,LEBANON,Lebanon,9501,LEBANON,,620.7939659406217,9500,9501,WATCH,,196.3358896556905,-86.37568218587,36.24478541611681
HOLE 17 TEE BOX,539.0,RIDGECREST LN,37087,LEBANON,Lebanon,9501,LEBANON,,355.51411006387883,9500,9501,WATCH,,190.3262230394038,-86.374848426101,36.244485561177186
HOLE 17 GREEN,101.0,VILLAGE CIR,37087,LEBANON,Lebanon,9501,LEBANON,,440.73974627666763,9500,9501,WATCH,,170.44536250539113,-86.3733939266666,36.24829811971531
LOT 1A,990.0,POPLAR HILL RD,37090,LEBANON,Unincorporated,9500,(Unincorporated),,8845.716417431733,9500,9501,NORMAL,POSTAL_CITY_EXPOSURE,12.85044864229705,-86.2339638662452,36.16157183776961
FUTURE TARGET,300.0,WILLARD HAGAN DR,37090,LEBANON,Lebanon,9501,LEBANON,,2215.5669957197038,9500,9501,NORMAL,,48.885801000210805,-86.3303998242281,36.18455707142053
AG VENTURE EXPERIENCE,,,,,,9501,LEBANON,,2010.219332444033,9500,9501,NORMAL,,,-86.2718183389019,36.197511941969104
4H FFA,,,,,,9501,LEBANON,,1890.3989473576507,9500,9501,NORMAL,,,-86.27140346637091,36.19744885770092
HERITAGE BARN,,,,,,9501,LEBANON,,1876.0339770229382,9500,9501,NORMAL,,,-86.2715192977471,36.1971578522008
HAY AND FIELD CROPS BUILDING,,,,,,9501,LEBANON,,1242.4667534811415,9500,9501,NORMAL,,,-86.2687259318677,36.197461681371806
MADE IN TENNESSEE BUILDING,,,,,,9501,LEBANON,,2177.3730667284985,9500,9501,NORMAL,,,-86.2726462294134,36.19709796354409
THE CACTUS GLADE,,,,,,9500,(Unincorporated),,16859.794224671547,7500,9500,NORMAL,,,-86.316878555248,36.039969299358994
DOC JONES TRAIL,,,,,,9500,(Unincorporated),,26075.105258230447,7500,9500,NORMAL,,,-86.277040423367,36.05255703094281
The Do Not Enter Glade,,,,,,9500,(Unincorporated),,27391.765712885375,7500,9500,NORMAL,,,-86.2989990505964,36.068641814250405
Laura Thompson Glade,,,,,,9500,(Unincorporated),,25509.2899663,7500,9500,NORMAL,,,-86.2912769795516,36.0545250424447
LOT 10,1730.0,TRAMMEL LN,37090,LEBANON,Unincorporated,9500,(Unincorporated),,19833.132783065415,9500,9502,NORMAL,POSTAL_CITY_EXPOSURE,85.93794631603262,-86.2300972973465,36.10378725891021
LOT 2,7787.0,CAINSVILLE RD,37090,NORENE,Unincorporated,9500,(Unincorporated),WILSON,23593.430360986556,9500,9502,NORMAL,,26.825170718910044,-86.242918459537,36.10283676703722
MCFARLAND FARMS,,,,,,9503,MT. JULIET,,96.98271301643263,9500,9503,HIGH,BOUNDARY_RISK,,-86.5058643338689,36.18938908836182
BROADSTONE MCFARLAND,,,,,,9503,MT. JULIET,,385.00385935751746,9500,9503,WATCH,,,-86.5089556452903,36.1895035902563
COFFEE SHOP,10085.0,LEBANON RD,37122,MT JULIET,Mt. Juliet,9503,MT. JULIET,,486.25148021004907,9500,9503,WATCH,,487.9289744385559,-86.4933659361409,36.232867117537
